Clothing ID,Age,Rating,Recommended IND,Positive Feedback Count,Division Name,Department Name,Class Name,Review Text,Review Length,Rating Segment,Contradiction Type,Is Contradiction,GMM Cluster,Cluster Confidence,Cluster Uncertainty,Segment Name,Age Group,GMM Log Density,Density Anomaly,Low Confidence Anomaly,Age_Extreme,Positive_Feedback_Count_Extreme,Review_Length_Extreme,Extreme Feature Count,Density Rarity Score,Anomaly Score,Final Anomaly,Anomaly Type
867,56,1,1,12,General Petite,Tops,Knits,"Love this top! it's pretty, unique and well made. i did size down to a small for reference and still have a slightly oversized look.",25,Negative,Low Rating - Recommended,1,7,1.0,0.0,Critical but Recommending,50-59,-19.279044620773938,1,0,0,1,0,1,0.999914842885123,0.7332907547758948,1,Low GMM Density | Rating-Recommendation Contradiction
1059,85,2,1,2,General,Bottoms,Pants,"Unique print but not great execution. the pant legs are very tight, i have average sized calves and i sized up one size. the hook closure was oddly tight and difficult to clasp. when i first saw the color it looked like burnt sienna or a dried blood color. too bad this didn't work out.",55,Negative,Low Rating - Recommended,1,7,1.0,0.0,Critical but Recommending,70+,-9.571707599501766,1,0,1,0,0,1,0.9990632717363536,0.7328649692015101,1,Low GMM Density | Rating-Recommendation Contradiction
864,39,2,1,42,General,Tops,Knits,"I ordered these in both colors. the red is much deeper in person, more like a burgundy than pictured here. these tees are very slouchy. if you wanted a more fitted look, size down. these are very soft and very comfy and will pair well with ponte leggings and skinny jeans. the overall quality seems very good, although they are thinner than i thought they would be (they seemed like they would be thick and stiff to me based on the photos).
----------
overall these are very nice. but there is one is",93,Negative,Low Rating - Recommended,1,7,1.0,0.0,Critical but Recommending,30-39,-9.267655929118659,1,0,0,1,0,1,0.9988929575065997,0.7327798120866332,1,Low GMM Density | Rating-Recommendation Contradiction
939,64,5,0,23,General,Tops,Sweaters,"I've wondered abt this swtr but hesitated to order being it has dolman sleeves. decided to wait for it to come in at the local store. yesterday i spotted it in the store & tried on the orange, labeled 'red' online. i was really looking for the 'cream' but the store did not have it. well, the orange is really much prettier in person. fit is perfect in my usual size s. overall body fit & length is generous, sleeves are wrist length & i'm only 5'3"". most likely the sleeves will be shorter on taller",96,Positive,High Rating - Not Recommended,1,6,1.0,0.0,Dissatisfied Non-Recommenders,60-69,-9.250563499999659,1,0,0,1,0,1,0.9988503789491612,0.732758522807914,1,Low GMM Density | Rating-Recommendation Contradiction
830,47,2,1,8,General,Tops,Blouses,The top red is more like orange. was disappointed and returned it,12,Negative,Low Rating - Recommended,1,7,1.0,0.0,Critical but Recommending,40-49,-9.232392682253556,1,0,0,1,0,1,0.9988078003917227,0.7327372335291947,1,Low GMM Density | Rating-Recommendation Contradiction
895,67,5,0,16,General,Tops,Fine gauge,"This is the cutest sweater. i bought it today in black. i cannot wait to wear it. it is a lovely, distinctive knit & just the right weight to layer as shown with a white blouse or with a turtleneck. i tried both the xs and s; and i decided to go with the s as it still emphasized that i have waist, but i could layer it nicely. i am 5'4"", 130 lb. you can always count on angel of the north for great style.",86,Positive,High Rating - Not Recommended,1,6,1.0,0.0,Dissatisfied Non-Recommenders,60-69,-8.85290144593584,1,0,0,1,0,1,0.9985523290470919,0.7326094978568792,1,Low GMM Density | Rating-Recommendation Contradiction
1035,39,2,1,31,General,Bottoms,Jeans,"I agree with the other reviewer: the snaps at the ankle are a cute idea, but bad in execution. they look and feel odd when on.
----------
these fit tts, and they are soft with decent stretch. but the rise is much lower on me than other 8.5"" rise jeans i have; as a 43 year-old woman they seemed inappropriately low-hanging on me.
----------
as an aside, these will def. color transfer - there is a whole lotta rinse on these. and they have a strange chemical smell to them; not sure if that will diss",96,Negative,Low Rating - Recommended,1,7,1.0,0.0,Critical but Recommending,30-39,-8.187789226476175,1,0,0,1,0,1,0.9981265434727071,0.732396605069687,1,Low GMM Density | Rating-Recommendation Contradiction
1126,82,5,0,0,General Petite,Jackets,Outerwear,"This an absolutely beautiful quality stylish coat but through no fault of the coat, i had to return it because i looked like a bear in it. i'm too short and too round around the middle for this type check and this type material. i wouldn't want to discourage anyone from trying it.",53,Positive,High Rating - Not Recommended,1,2,0.9979131373013087,0.002086862698691294,Dissatisfied Non-Recommenders,70+,-6.704612312851262,1,0,1,0,0,1,0.9966362939623605,0.7320688528542519,1,Low GMM Density | Rating-Recommendation Contradiction
1110,47,4,0,51,General,Dresses,Dresses,I loved this dress. the details in the embroidery are gorgeous and reminds me of another holding horses dress i own. what didn't work out is its a swing design but the fabric is thick and doesn't swing well. it's white and makes one look a bit heavier because of the generous cut. this could work on a tall person but on my short frame it didn't work.,68,Positive,High Rating - Not Recommended,1,6,1.0,0.0,Dissatisfied Non-Recommenders,40-49,-7.054832593489953,1,0,0,1,0,1,0.9970620795367453,0.7318643731017059,1,Low GMM Density | Rating-Recommendation Contradiction
881,58,2,1,10,General,Tops,Knits,"I loved this top but the cut was too short in the waist for my 5'8"" frame. wish it came in a tall size!",24,Negative,Low Rating - Recommended,1,7,1.0,0.0,Critical but Recommending,50-59,-6.9201971850006405,1,0,0,1,0,1,0.9969343438644299,0.7318005052655483,1,Low GMM Density | Rating-Recommendation Contradiction
1077,53,5,0,8,General,Dresses,Dresses,"This dress is absolutely lovely. i couldn't leave the store without it, even though it was full price and i have a million dresses. it's just that great. i am 5' 8"" 130 lbs and bought the small",38,Positive,High Rating - Not Recommended,1,6,1.0,0.0,Dissatisfied Non-Recommenders,50-59,-6.7570750435456794,1,0,0,1,0,1,0.996764029634676,0.7317153481506714,1,Low GMM Density | Rating-Recommendation Contradiction
1008,34,2,1,13,General Petite,Bottoms,Skirts,"The reason for the title above is this skirt doesn't wow me. i felt like i could find this anywhere, and i don't go to retailer for such things. they have definitely mainstreamed more and more over the years....
__________
pros:
- tts. i tried on a large (and i'm normally either a 10 or 12) and it fit well and hung well on my hourglass and wider hips without billowing out.
- flows nicely! it does have a great movement to it.
- a good everyday skirt.
- not sheer at all. it is lined.
- when y",99,Negative,Low Rating - Recommended,1,7,1.0,0.0,Critical but Recommending,30-39,-6.309455705701586,1,0,0,1,0,1,0.995869879928468,0.7312682732975674,1,Low GMM Density | Rating-Recommendation Contradiction
1079,57,4,0,21,General Petite,Dresses,Dresses,A beautiful silk dress - light and cute but not worth the price. this dress is extremely thin and no lined at all. it's very light and i'm afraid would be completely see through.,34,Positive,High Rating - Not Recommended,1,6,1.0,0.0,Dissatisfied Non-Recommenders,50-59,-5.95766916352305,1,0,0,1,0,1,0.9950183087796985,0.7308424877231826,1,Low GMM Density | Rating-Recommendation Contradiction
1104,59,2,1,10,General Petite,Dresses,Dresses,"Very disappointed that i ordered this dress and a large was too big. returned and asked for an exchange to a size medium, it was apparently not available in the medium, i was charged a 5.95 fee for return shopping. so i immediately went to website, medium available and i had to pay another 12.95 for shipping. seems a bit unreasonable, but really liked the dress.",66,Negative,Low Rating - Recommended,1,7,1.0,0.0,Critical but Recommending,50-59,-5.400560889051034,1,0,0,1,0,1,0.9933151664821596,0.7299909165744131,1,Low GMM Density | Rating-Recommendation Contradiction
1072,41,2,1,10,General,Dresses,Dresses,"I'm not really sure what the designer was trying to accomplish with this dress. the fabrics and details are pretty but the shape is really strange. for one thing, the dress has a very straight cut so there is not a lot of room for movement and the thin belt makes the shape even worse. i felt like i was wearing a really fancy garbage bag. also, the way the bottom flares out is just strange considering the cut and length. i really wanted to like this dress but unfortunately it was a complete miss",95,Negative,Low Rating - Recommended,1,7,1.0,0.0,Critical but Recommending,40-49,-5.362705683470278,1,0,0,1,0,1,0.9931022736949672,0.7298844701808169,1,Low GMM Density | Rating-Recommendation Contradiction
1020,57,2,1,8,General Petite,Bottoms,Skirts,"1. i'm 5'6"" tall with a short waist and long legs, and this skirt came all the way down to my ankles. i would have kept it if it had stopped mid-calf like in the photo.

2. i'm 38-32-40 and the size 12 fit me perfectly in the waist hip area, so i would say it runs true to size.

3. the buttons lay nice and flat over the tummy, so that's a plus. at least you don't have to undo them to go to the bathroom.",87,Negative,Low Rating - Recommended,1,7,1.0,0.0,Critical but Recommending,50-59,-5.2296192885685056,1,0,0,1,0,1,0.9925061738908286,0.7295864202787476,1,Low GMM Density | Rating-Recommendation Contradiction
836,35,2,1,8,General,Tops,Blouses,"I really like the look of the top when it is photographed on other people but it just isn't for me. the fabric is stiffer than i would have expected and not very moveable. the fit is not quite right on me. the longer sleeves detract from the look of the shirt. i also generally prefer things a little more form fitting of which this is not. it was not very comfortable for me either, so this was clearly not a win for me.",84,Negative,Low Rating - Recommended,1,7,1.0,0.0,Critical but Recommending,30-39,-5.223075328107303,1,0,0,1,0,1,0.9924635953333901,0.7295651310000284,1,Low GMM Density | Rating-Recommendation Contradiction
1052,33,2,1,8,General Petite,Bottoms,Pants,I was so excited to get these. i paid for two day shipping and ordered medium and large . sadly they did not fit. i usually wear medium but ordered both just in case. i'm very disappointed that they run so small and are not true to size. they are super cute from someone skinny.,55,Negative,Low Rating - Recommended,1,7,1.0,0.0,Critical but Recommending,30-39,-5.130193246159319,1,0,0,1,0,1,0.9920803883164439,0.7293735274915553,1,Low GMM Density | Rating-Recommendation Contradiction
872,34,2,1,8,General Petite,Tops,Knits,"I love the shirt and it runs true to size everywhere but the arm holes. i bought a size small and the length was great, the fit was great, but the arm holes were gappy and big. i had to return it and was bummed because i loved it otherwise.",50,Negative,Low Rating - Recommended,1,7,1.0,0.0,Critical but Recommending,30-39,-5.081732649622813,1,0,0,1,0,1,0.99191007408669,0.7292883703766783,1,Low GMM Density | Rating-Recommendation Contradiction
836,38,2,1,8,General,Tops,Blouses,"I splurged on this top and was sadly disappointed. i'm a 36d, and the l was so tight i couldn't get it over my chest. also the arms were super tight and the length is nearly cropped.  and the fabric is shiny, the picture makes it look like it's matte. if it did fit like the model i would've loved it. the print is beautiful though. bummer",67,Negative,Low Rating - Recommended,1,7,1.0,0.0,Critical but Recommending,30-39,-4.796168053639905,1,0,0,1,0,1,0.9905049816912203,0.7285858241789435,1,Low GMM Density | Rating-Recommendation Contradiction
1078,57,4,0,19,General,Dresses,Dresses,"I was hoping this dress was a bit thicker, but when i tried it on the fabric was very thin and sheer. because of the body skimming design, this dress likely won't work on many without some serious spanx or body trimming hosiery. if you work out and are very fit, you might like it, but i don't so i'm not that brave! lol",64,Positive,High Rating - Not Recommended,1,6,1.0,0.0,Dissatisfied Non-Recommenders,50-59,-4.624239295290227,0,0,0,1,0,1,0.9891424678531892,0.7279045672599279,1,Rating-Recommendation Contradiction
1110,56,4,0,17,General Petite,Dresses,Dresses,"Everything about this dress is beautiful except for the hemline. the color is beautiful; the old-fashioned, wispy femininity is beautiful. the dress probably could use something better at the waistline besides elastic, maybe ribbons to tie, but the hemline is what kills it. it is half a normal-length dress (in the front) and half maxi dress (in the back). the designer should have chosen one or the other, not both, and it would have been much better. for the category of aesthetic/design, i would",84,Positive,High Rating - Not Recommended,1,6,1.0,0.0,Dissatisfied Non-Recommenders,50-59,-4.310632152802636,0,0,0,1,0,1,0.9873541684407732,0.7270104175537199,1,Rating-Recommendation Contradiction
819,53,4,0,18,General,Tops,Blouses,"This was a bit of a disappointment. the colors are beautiful, but the shape was not flattering on my petite frame. it is somewhat wide and boxy in the shoulders and body. the fabric is stiffer that i expected, and therefore it doesn't drape nicely on the shoulders and through the torso. if you look closely at the model, you can see what i am talking about at the shoulder. the shoulders stick out a tad, and the gathering at the neck contributes to the larger, boxy look. this might look nice on th",94,Positive,High Rating - Not Recommended,1,6,1.0,0.0,Dissatisfied Non-Recommenders,50-59,-4.270795277848084,0,0,0,1,0,1,0.9870561185387039,0.7268613926026853,1,Rating-Recommendation Contradiction
1059,23,4,0,9,General,Bottoms,Pants,"I did purchase the pants but ultimately ended up returning because everything such as the print and the length it hits at your ankles is great but there was, at least for me, a lot of extra fabric in the crotch area (and this is not to be crude, there really isn't another word that i can use) and when you sat down, it is extremely apparent. i am 5""6' and run between a size 8 and 10 and 10 fit me, but again, i just think if there was less fabric in the saddle, it wouldn't ride up and look more fl",103,Positive,High Rating - Not Recommended,1,6,1.0,0.0,Dissatisfied Non-Recommenders,18-29,-4.202370935067066,0,0,0,1,0,1,0.9863322830622498,0.7264994748644583,1,Rating-Recommendation Contradiction
912,56,4,0,12,General,Tops,Fine gauge,"I was so disappointed in this top. the fabric blend was too thick for summer. the cut was wide across the shoulders, and very narrow and short through the waist. add in the odd splashes in the print, and it spelled disaster.

size: i tend to run between small and xs. i ordered xs. i'm 5'5"" tall, 135 lbs, 34d, 35-29-37, narrow across shoulders, with short arms and long torso.

fit: the cut was so wide across my narrow shoulders that it looked baggy and felt odd. however, the sleeves didn't sl",92,Positive,High Rating - Not Recommended,1,6,1.0,0.0,Dissatisfied Non-Recommenders,50-59,-3.781763347624164,0,0,0,1,0,1,0.9821595844332794,0.7244131255499731,1,Rating-Recommendation Contradiction
877,59,4,0,8,General Petite,Tops,Knits,I couldn't tell on line this top has gold metallic thread running throughout. i find metallic thread to be itchy. when i first put it on i thought it might be o.k. i can tolerate a fair amount of itch in fabric. after about 5 minutes i suddently couldn't wait to get it off. seemed like the longer it was next to my skin the more irritating it became. it is also a bit thinner fabric than i expected. i was hoping to use it as a layering piece. it would work well for layering if it was comfortable.,99,Positive,High Rating - Not Recommended,1,6,1.0,0.0,Dissatisfied Non-Recommenders,50-59,-3.7443935952093756,0,0,0,1,0,1,0.9818189559737716,0.7242428113202192,1,Rating-Recommendation Contradiction
927,33,4,0,14,General,Tops,Sweaters,"I have a little white dog who i'm convinced sheds hair just as fast as he can grow them. i'm constantly finding white hairs on all of my clothes and have to actively work to keep my pup from lovingly brushing his sweet little head against my favorite black leggings. this sweater is exactly like my puppy. shedding for days and long after the seasons have changed it's gorgeous and the fit is lovely, but unless you're prepared to carry a lint roller with you, i would pass this by. it's very soft an",94,Positive,High Rating - Not Recommended,1,6,1.0,0.0,Dissatisfied Non-Recommenders,30-39,-3.7088772976825126,0,0,0,1,0,1,0.9816060631865793,0.7241363649266229,1,Rating-Recommendation Contradiction
839,52,4,0,13,General,Tops,Blouses,"Beautiful in white, and beautiful to look at, but as the other reviewer mentioned, the fabric is very sheer and see thru. not a deal breaker if worn over a cami; however, the reason i am returning it is the fit. there is too much fabric flaring right at my waist. it looks like a tent on me. in addition, some of the beading is already coming off, and i can't imagine what it will look like after one wash. that's too bad, but i can't justify paying this much money for a sweet top that is beautiful",98,Positive,High Rating - Not Recommended,1,6,1.0,0.0,Dissatisfied Non-Recommenders,50-59,-3.6493262854330606,0,0,0,1,0,1,0.9809673848250021,0.7238170257458344,1,Rating-Recommendation Contradiction
1094,41,4,0,15,General,Dresses,Dresses,"I love simple pull-on jersey dresses and so i had to try this one. unfortunately, it did not work out. fit is tts, i liked the fabric which is soft, silky yet with some weight to it, and i appreciated the thoughtful construction with multiple well placed darts in the chest. the skirt is lovely, swingy but not too full, hangs well. what stopped me from purchasing it is the fit in the shoulders, it was too broad for me and gave the dress an overall awkward shape. the neckline was also a little too",95,Positive,High Rating - Not Recommended,1,6,1.0,0.0,Dissatisfied Non-Recommenders,40-49,-3.5350338010709077,0,0,0,1,0,1,0.9799029208890403,0.7232847937778535,1,Rating-Recommendation Contradiction
1038,55,4,0,10,General Petite,Bottoms,Jeans,"I am a pilcro hyphen fan and have bought nearly every embellished jean they've made in the last few years. these, however, are just not for me. i love the faded wash, and i thought the embellishment would be fun for the fall and holidays. however, there's just so much of it! it's beautifully done, but the jeans actually feel bulky and stiff in the pocket and upper thigh area. i've had other ""beaded"" jeans, but they didn't feel quite so ""crunchy"" when i wore them. one other note: these seem to ru",93,Positive,High Rating - Not Recommended,1,6,1.0,0.0,Dissatisfied Non-Recommenders,50-59,-3.458238261370701,0,0,0,1,0,1,0.9790513497402707,0.7228590082034687,1,Rating-Recommendation Contradiction
862,28,4,0,9,General,Tops,Knits,"I like this top. i received a ton of compliments when i wore it to work, but the material doesn't feel as high-quality as i had expected from the pictures online. it wasn't worth it to me to send it back, but i doubt i would have bought it if i had tried it on first.",56,Positive,High Rating - Not Recommended,1,6,1.0,0.0,Dissatisfied Non-Recommenders,18-29,-3.44359246435163,0,0,0,1,0,1,0.9789661926253939,0.7228164296460303,1,Rating-Recommendation Contradiction
940,35,4,0,13,General,Tops,Sweaters,"This is a lovely cardigan--especially over dresses with leggings, over-the-knee socks, and boots. i was so ecstatic to get it at the black friday price. the description says its white but it's more like a cream. it was for this reason that i initially reconsidered the purchase. i was hoping for more of an off-white or winter white as it appears on the model. except, it looked so great over dresses and suitable for the southern california winter. i didn't care for the wrap belt. it just looked li",89,Positive,High Rating - Not Recommended,1,6,1.0,0.0,Dissatisfied Non-Recommenders,30-39,-3.4101234347849925,0,0,0,1,0,1,0.9782849357063783,0.7224758011865225,1,Rating-Recommendation Contradiction
864,37,4,0,13,General,Tops,Knits,"This top is beautiful and i have received so many compliments on it. the fit is very complimenting, and i would continue to wear it often except that the fabric is unraveling. the bottom of the lace has raw edges so i would expect some fraying there but my top is shedding long streaks of material with each wear throughout the entire top, 1-5"" strands of the lace unraveling isn't exactly a great look.",74,Positive,High Rating - Not Recommended,1,6,1.0,0.0,Dissatisfied Non-Recommenders,30-39,-3.2305303111799404,0,0,0,1,0,1,0.975389593800562,0.7210281302336143,1,Rating-Recommendation Contradiction
1072,46,4,0,12,General Petite,Dresses,Dresses,"This dress is really pretty, but the fit is off. it is not fitted at the waist which made the back look poofy. also, the arm length is not flattering; it needs to be either longer or shorter. additionally, if one was to wear it a lot, the felting might start to fray.",53,Positive,High Rating - Not Recommended,1,6,1.0,0.0,Dissatisfied Non-Recommenders,40-49,-3.1821126219647367,0,0,0,1,0,1,0.9748786511113003,0.7207726588889835,1,Rating-Recommendation Contradiction
1072,47,4,0,9,General,Dresses,Dresses,This is an adorable dress that just didn't work for me! so sad! i wanted to love it because the pattern is super cute. i gave it 4 stars because it is very pretty and i can see it working on others!,42,Positive,High Rating - Not Recommended,1,6,1.0,0.0,Dissatisfied Non-Recommenders,40-49,-3.128398140887647,0,0,0,1,0,1,0.973856765732777,0.7202617161997219,1,Rating-Recommendation Contradiction
1100,38,4,0,9,General,Dresses,Dresses,"This dress is beautiful, but not made for someone with a 36d. i ordered a 12 and i could get my chest in this dress. i really wish it fit. it's well made and very beautiful. belt does not come with the dress.",43,Positive,High Rating - Not Recommended,1,6,1.0,0.0,Dissatisfied Non-Recommenders,30-39,-3.114939385180991,0,0,0,1,0,1,0.9736012943881461,0.7201339805274064,1,Rating-Recommendation Contradiction
865,36,4,0,10,General,Tops,Knits,"First, the product arrived in a very small bag that made for many, many wrinkles - almost impossible to determine what it might look like. shame on retailer for sending their items in this manner. secondly, i don't know how individuals wear this with a bra. the back is cut so low that my bra back band partially showed - not my idea of a good look. third, the front necessitated a cami, and there is no way a cami can be worn due to how it is cut in the back. returning now, and i just received it.",99,Positive,High Rating - Not Recommended,1,6,1.0,0.0,Dissatisfied Non-Recommenders,30-39,-3.095754500438334,0,0,0,1,0,1,0.9731755088137614,0.719921087740214,1,Rating-Recommendation Contradiction
864,37,4,0,10,General,Tops,Knits,"This was a near miss for me. i love the concept of the asymmetrical shoulder cutouts and the contrast of the beadwork to the simple gray crewneck, however, with some of the beads bulging out about 1/4 inch from the shirt, i have to say it almost bordered on gawdy christmas sweater status... but still cool. i actually thought this piece felt fairly sturdy and well-made, but the thing that got me and led me to return it was that even in an xs it was indeed cut wide. if it were a little shorter it",96,Positive,High Rating - Not Recommended,1,6,1.0,0.0,Dissatisfied Non-Recommenders,30-39,-3.0150851685729805,0,0,0,1,0,1,0.9721962019926765,0.7194314343296716,1,Rating-Recommendation Contradiction
1074,33,4,0,8,General,Dresses,Dresses,"I had sized down because i'm usually a petite, but didn't have the option for petite here, and it was still too big. a petite or an additional size down could have helped the fit, but in the end the style wasn't what i was going for. the dress has a little more texture going on than what is revealed in the photo here on the site -- i thought it was a luxurious brocade fabric, but the shininess actually comes from silky threads on a mesh-ish overlay. it's a lovely, quality dress, and the color is",97,Positive,High Rating - Not Recommended,1,6,1.0,0.0,Dissatisfied Non-Recommenders,30-39,-2.9908320179002166,0,0,0,1,0,1,0.9716426807459764,0.7191546737063216,1,Rating-Recommendation Contradiction
1060,48,4,0,10,General Petite,Bottoms,Pants,"I really wanted this. they had two size small in my local retailer, both were damaged. so disappointing. i don't want to pay shipping for one that hopefully isn't damaged:( in the last year i've had multiple quality control issues with retailer. makes me gun shy. not sure i'm getting what i pay for anymore.",55,Positive,High Rating - Not Recommended,1,6,1.0,0.0,Dissatisfied Non-Recommenders,40-49,-2.923206278304802,0,0,0,1,0,1,0.970450481137699,0.7185585739021828,1,Rating-Recommendation Contradiction
904,37,4,0,10,General Petite,Tops,Fine gauge,"I purchased this top in the xs and was so excited to receive it as i love the layered look snd the back of the sweater was so cute online! the sweater itself is lovely, but it was a tent on me! waaaaay too big for my 5'3"" frame. if you're a taller gal or someone who likes more volume in their swing tops, this is for you. unfortunately, i had to return it.",74,Positive,High Rating - Not Recommended,1,6,1.0,0.0,Dissatisfied Non-Recommenders,30-39,-2.8289517304075495,0,0,0,1,0,1,0.9687899173975986,0.7177282920321326,1,Rating-Recommendation Contradiction
828,41,4,0,9,General,Tops,Blouses,"Loved everything about this top except two things: the price (there is a lot of pretty detail though) and the shoulders. what is not depicted in the stock photos is how wide the shoulder ruffles are...i have an athletic build at 5'7"", 140 lbs and 32dd and this top unfortunately made me look like a football player. i ordered a small and the fit was perfect. beware that this top is on the shorter side. it really is very pretty but i would steer away if you have athletic or broad shoulders.",92,Positive,High Rating - Not Recommended,1,6,1.0,0.0,Dissatisfied Non-Recommenders,40-49,-2.7496287441387572,0,0,0,1,0,1,0.9667887251979903,0.7167276959323284,1,Rating-Recommendation Contradiction
1081,68,1,1,1,General Petite,Dresses,Dresses,"This is an extremely flattering dress. i couldn't resist buying it, even though i didn't come into the store looking for a dressier dress, which i feel this is. once i tried it on, i had to purchase it. its one of those things that i know i won't regret because at some point, an occasion will show up that i'll wear it to. its soft, comfy and flowing and accentuates the body's curves without being too tight or clingy. its a classic!",83,Negative,Low Rating - Recommended,1,7,1.0,0.0,Critical but Recommending,60-69,-19.79122154332051,1,0,0,0,0,0,1.0,0.7,1,Low GMM Density | Rating-Recommendation Contradiction
830,64,1,1,0,General,Tops,Blouses,,0,Negative,Low Rating - Recommended,1,4,0.9999858538357593,1.4146164240669279e-05,Highly Satisfied Recommenders,60-69,-19.47443766964252,1,0,0,0,0,0,0.9999574214425615,0.6999815399541289,1,Low GMM Density | Rating-Recommendation Contradiction
984,57,1,1,2,General,Jackets,Jackets,Love the jacket! so versatile! would probably order up a size if you like a loose fit.,17,Negative,Low Rating - Recommended,1,7,1.0,0.0,Critical but Recommending,50-59,-19.2287221270093,1,0,0,0,0,0,0.9998722643276846,0.6999361321638423,1,Low GMM Density | Rating-Recommendation Contradiction
1084,58,1,1,5,General Petite,Dresses,Dresses,"I loved the dress, but just not dressy enough after rethinking what i needed. very easy order and return. thanks!",20,Negative,Low Rating - Recommended,1,7,1.0,0.0,Critical but Recommending,50-59,-18.903011510425625,1,0,0,0,0,0,0.9998296857702461,0.6999148428851231,1,Low GMM Density | Rating-Recommendation Contradiction
455,34,1,1,7,Initmates,Intimate,Lounge,Just wanted to review so people know this hoodie has a zipper. it's very soft and comfy but i was looking for a pullover hoodie and am disappointed that once again retailer's picture doesn't match the actual product. it does fit true to size however.,45,Negative,Low Rating - Recommended,1,7,1.0,0.0,Critical but Recommending,30-39,-17.998816073480533,1,0,0,0,0,0,0.9997871072128076,0.6998935536064038,1,Low GMM Density | Rating-Recommendation Contradiction
956,43,1,1,1,General Petite,Jackets,Jackets,"This is so close to perfect, but there's a seam down the middle of the back and they didn't bother to match the polka dots. you can see the mismatch in the second photo. i was about to buy the jacket, and totally in love, when i turned and saw the error. i hoped it was one bad match, but nope, on every one. couldn't unsee, didn't buy. very disappointed.",70,Negative,Low Rating - Recommended,1,7,1.0,0.0,Critical but Recommending,40-49,-17.99296114876103,1,0,0,0,0,0,0.9997445286553691,0.6998722643276846,1,Low GMM Density | Rating-Recommendation Contradiction
829,51,1,1,1,General Petite,Tops,Blouses,"Very cute top. i went down a size because for me it was a little large in the back, but that was just my taste. i purchased the denim print.",30,Negative,Low Rating - Recommended,1,7,1.0,0.0,Critical but Recommending,50-59,-17.82020162085475,1,0,0,0,0,0,0.9997019500979307,0.6998509750489654,1,Low GMM Density | Rating-Recommendation Contradiction
1104,55,1,1,3,General,Dresses,Dresses,"This is a cute dress, but not for me. 1. i think it runs very small, 2. it is super textured so if you don't want to add bulk (aka pounds) to your frame, this probably isn't for you. it's too bad it's online only because i would have benefitted from trying this on first. i'm sure it's probably adorable on smaller, thinner people. unfortunately, mine is going back.",69,Negative,Low Rating - Recommended,1,7,1.0,0.0,Critical but Recommending,50-59,-17.4523606634684,1,0,0,0,0,0,0.9996593715404922,0.6998296857702462,1,Low GMM Density | Rating-Recommendation Contradiction
867,53,5,0,0,General,Tops,Knits,,0,Positive,High Rating - Not Recommended,1,4,0.9999991511396736,8.488603263634431e-07,Highly Satisfied Recommenders,50-59,-11.959896463400288,1,0,0,0,0,0,0.9994890573107383,0.6997446984274345,1,Low GMM Density | Rating-Recommendation Contradiction
1099,47,5,0,0,General Petite,Dresses,Dresses,,0,Positive,High Rating - Not Recommended,1,4,0.9999990117475173,9.882524827364847e-07,Highly Satisfied Recommenders,40-49,-11.675553196484977,1,0,0,0,0,0,0.9994464787532998,0.6997234370271465,1,Low GMM Density | Rating-Recommendation Contradiction
829,53,1,1,0,General,Tops,Blouses,Love the movement of the blouse and how it falls. great quality material.,13,Negative,Low Rating - Recommended,1,1,0.9999797476832152,2.025231678481898e-05,Highly Satisfied Recommenders,50-59,-10.67866707226301,1,0,0,0,0,0,0.9993187430809845,0.6996634220038491,1,Low GMM Density | Rating-Recommendation Contradiction
861,69,1,1,0,General,Tops,Knits,"I love this t-shirt because it has the combination of elegance and relazation to a ""t"".
it's soft, pretty and covers my wide bottom well.",25,Negative,Low Rating - Recommended,1,1,0.9999715917653224,2.840823467764597e-05,Highly Satisfied Recommenders,60-69,-10.657302983783215,1,0,0,0,0,0,0.999276164523546,0.6996437639087085,1,Low GMM Density | Rating-Recommendation Contradiction
939,39,1,1,0,General,Tops,Sweaters,Beautiful jacket and i got lots of compliments. true to size. it's not thick but it's very warm.,18,Negative,Low Rating - Recommended,1,1,0.9999831000326237,1.6899967376304836e-05,Highly Satisfied Recommenders,30-39,-9.340053189351705,1,0,0,0,0,0,0.9989355360640382,0.6994711480254944,1,Low GMM Density | Rating-Recommendation Contradiction
850,54,1,1,0,General,Tops,Blouses,Love this top! but unfortunately i returned it for exchange coz it was too small for me. hoping there's a sz sm in stock.,24,Negative,Low Rating - Recommended,1,1,0.9999790306337003,2.0969366299694592e-05,Highly Satisfied Recommenders,50-59,-8.862365639572504,1,0,0,0,0,0,0.9985949076045304,0.6993016476755252,1,Low GMM Density | Rating-Recommendation Contradiction
1118,63,5,0,1,General,Jackets,Outerwear,This jacket is high quality leather and will bring you years of wear! i made sure to add a little room to accommodate thick sweaters!,25,Positive,High Rating - Not Recommended,1,6,1.0,0.0,Dissatisfied Non-Recommenders,60-69,-8.823496054427462,1,0,0,0,0,0,0.9984671719322149,0.6992335859661074,1,Low GMM Density | Rating-Recommendation Contradiction
828,47,5,0,1,General,Tops,Blouses,This shirt is like the best worn in flannel with a little feminine flair! super soft and great length.,19,Positive,High Rating - Not Recommended,1,6,1.0,0.0,Dissatisfied Non-Recommenders,40-49,-8.473895217320363,1,0,0,0,0,0,0.998296857702461,0.6991484288512305,1,Low GMM Density | Rating-Recommendation Contradiction
576,73,2,1,1,General,Bottoms,Shorts,"These shorts just didn't work for me. i loved the embroidery and the color, but i just don't have the curves for them. try these if you have an hourglass or fuller figure.",33,Negative,Low Rating - Recommended,1,7,1.0,0.0,Critical but Recommending,70+,-7.660427039070536,1,0,0,0,0,0,0.9978710721280764,0.6989355360640381,1,Low GMM Density | Rating-Recommendation Contradiction
908,51,2,1,2,General,Tops,Fine gauge,"This sweater is very long, could be worn as a dress at 5'3 !",14,Negative,Low Rating - Recommended,1,7,1.0,0.0,Critical but Recommending,50-59,-7.599261584606939,1,0,0,0,0,0,0.9978284935706379,0.6989142467853189,1,Low GMM Density | Rating-Recommendation Contradiction
1075,48,1,1,0,General,Dresses,Dresses,Such a great dress. fit is flattering. the small v cut in the front and beading around the neckline keep it from becoming a boring lbd. classy enough to wear to a funeral but can be dressed up with some killer shoes. thrilled with purchase!,45,Negative,Low Rating - Recommended,1,1,0.999989710429391,1.0289570609001153e-05,Highly Satisfied Recommenders,40-49,-7.433004324086848,1,0,0,0,0,0,0.997573022226007,0.6987885690271253,1,Low GMM Density | Rating-Recommendation Contradiction
832,64,5,0,4,General Petite,Tops,Blouses,"I usually wear a s. the reviews were helpful. looking at the pic this shirt does look a little on the fitted side. i ordered a size m & it fits perfectly! the sleeve length is fine too! the colors are dark, not as in the photo. i do like the frayed edge look too. i have some skinnys like that. i had been looking at this shirt for months but thought it was a bit pricey. at the sale price plus the promo discount it makes it very much worth it. no regrets. hope this isn't tmi.. of note: the dark bl",103,Positive,High Rating - Not Recommended,1,6,1.0,0.0,Dissatisfied Non-Recommenders,60-69,-7.308727538985719,1,0,0,0,0,0,0.9973601294388146,0.6986800647194074,1,Low GMM Density | Rating-Recommendation Contradiction
941,64,5,0,6,General,Tops,Sweaters,"I ordered my usual sz s during the promo. arrived yesterday & the fit is perfect w/ a little room to spare for layering. it's a snap front closure, front patch pockets, & attached hood that is small to med size-not huge or overwhelming. it's 100% acrylic which isn't my 1st choice, but soft, comfy & seems good quality. length falls abt 3"" below my knees. arm length is fine. pretty much looks as in the pic including the marled color. if you are in need of a great functional long swtr w/ good looks",95,Positive,High Rating - Not Recommended,1,6,1.0,0.0,Dissatisfied Non-Recommenders,60-69,-7.275214884978428,1,0,0,0,0,0,0.9972749723239377,0.6986374861619689,1,Low GMM Density | Rating-Recommendation Contradiction
872,44,1,1,0,General,Tops,Knits,"I loved the color and design until i tried it on in the store. i am 5'5"" with a slender build. i tried my usual xs but couldn't manage to put this shirt on me without risking smear my makeup or scratch my face by the elastic band at the neckline. the band is so small even fully stretched out. i have a normal sized head just in case you wonder... i gave up after wrestling with it. i can only imagine how uncomfortable to wear something with a tight elastic band choking me...funny... but not funny.",97,Negative,Low Rating - Recommended,1,1,0.9999980817384233,1.918261576694391e-06,Highly Satisfied Recommenders,40-49,-7.221271967289733,1,0,0,0,0,0,0.9972323937664992,0.698616580535565,1,Low GMM Density | Rating-Recommendation Contradiction
1110,44,1,1,0,General,Dresses,Dresses,"I saw this dress in the catalog and had to have it. when i went to the store it was sold out so i had them order and ship it to me in two sizes - my regular and one size larger. when i got them, i tried on my regular size first and it was just perfect! beautiful pattern and material. light and airy. sexy with the low-cut ""keyhole."" i am sooo happy with my purchase.",77,Negative,Low Rating - Recommended,1,1,0.9999965833262576,3.4166737423735327e-06,Highly Satisfied Recommenders,40-49,-7.114985972135327,1,0,0,0,0,0,0.9971898152090607,0.6985955909392788,1,Low GMM Density | Rating-Recommendation Contradiction
1020,25,5,0,5,General,Bottoms,Skirts,I ordered my usual size; however when it arrived it appeared to fit a 9 year old! the color and style are adorable. i will need to exchange it for 2 sizes larger! i am so shocked at maeve's sizing.,40,Positive,High Rating - Not Recommended,1,6,1.0,0.0,Dissatisfied Non-Recommenders,18-29,-6.922767729127342,1,0,0,0,0,0,0.9969769224218683,0.6984884612109341,1,Low GMM Density | Rating-Recommendation Contradiction
931,58,5,0,1,General,Tops,Sweaters,"This is an absolutely gorgeous sweater. the colors are just as they appear online, but the length stated for the petite version is way off. i suspected as much from the picture, but decided to try it anyway. the petite small went down to my ankles! too bad. i would have loved this sweater if it were an above-the-knee or even at-knee length.",63,Positive,High Rating - Not Recommended,1,6,1.0,0.0,Dissatisfied Non-Recommenders,50-59,-6.623874034681222,1,0,0,0,0,0,0.9965085582900451,0.6982542791450226,1,Low GMM Density | Rating-Recommendation Contradiction
1117,75,4,0,2,General Petite,Jackets,Outerwear,"I tried this jacket on in store, both m & l. both seemed to pull a little at waist/pocket (notice the raised pleat on the closeup. i ordered xl on line. it fits better but still seems to fit like the other two when fastened. snaps seem to be misplaced. on the plus side, the style is cute and there is brown (taupe) mixed in with the grey which is more flattering to brownettes. there isn't much difference in sizing of all three. i am not sure whether this is a keeper. open, it is fine and casual;",98,Positive,High Rating - Not Recommended,1,6,1.0,0.0,Dissatisfied Non-Recommenders,70+,-6.609580462361109,1,0,0,0,0,0,0.9964659797326066,0.6982329898663033,1,Low GMM Density | Rating-Recommendation Contradiction
873,21,2,1,3,General,Tops,Knits,"The front cream panel is completely transparent.i didn't purchase because my bra showed and it would ruin the look with a cami underneath.

i wish the fabric were translucent - not so see through.",34,Negative,Low Rating - Recommended,1,7,1.0,0.0,Critical but Recommending,18-29,-6.501449253944196,1,0,0,0,0,0,0.9962956655028528,0.6981478327514263,1,Low GMM Density | Rating-Recommendation Contradiction
1038,22,2,1,1,General Petite,Bottoms,Jeans,"These jeans are adorable! i'm so sad they didn't fit. my legs are bigger than the rest of my body, but i usually have good luck with wide leg pants. if you are looking for wide legs, these are not the jeans for you!",44,Negative,Low Rating - Recommended,1,7,1.0,0.0,Critical but Recommending,18-29,-6.4065371133902165,1,0,0,0,0,0,0.9961253512730989,0.6980626756365494,1,Low GMM Density | Rating-Recommendation Contradiction
863,66,2,1,2,General,Tops,Knits,"Maybe i shouldn't have sized up to an xl but i'm not sure a smaller size would have solved the weird fit. the vee is quite low and i'm busty. it'll be really low if you're smaller on top. the fit from back to front where it ties looked horrible on me. not tight at all. it's almost balloon like around the hem and from the side view, i looked like a really wide green apple. i hate leaving a bad review because i know someone may love it but i wouldn't recommend it.",94,Negative,Low Rating - Recommended,1,7,1.0,0.0,Critical but Recommending,60-69,-6.250574586364365,1,0,0,0,0,0,0.9958273013710296,0.6979136506855148,1,Low GMM Density | Rating-Recommendation Contradiction
1078,72,4,0,1,General Petite,Dresses,Dresses,For me this had too much material and was a little too tent like. a beautiful dress but not my style. i prefer more a line with not so much material.if you are looking for something roomy this is a good choice.,42,Positive,High Rating - Not Recommended,1,6,1.0,0.0,Dissatisfied Non-Recommenders,70+,-6.0101000594308065,1,0,0,0,0,0,0.9951460444520139,0.697573022226007,1,Low GMM Density | Rating-Recommendation Contradiction
872,52,5,0,2,General,Tops,Knits,This top is one of my retailer faves! it is so comfortable and love the quality and design. i receive many compliments on this top. i usually wear an xs or s in retailer tops and the xs was a little tight in the arms. the dressing room attendant suggested ordering a petite small so i wouldn't lose the shape. so glad i did. it fits perfect! i even ordered when it was on sale!! the gray color is perfect! its not too thick or thin.,86,Positive,High Rating - Not Recommended,1,6,1.0,0.0,Dissatisfied Non-Recommenders,50-59,-5.816089114609159,1,0,0,0,0,0,0.9946351017627523,0.6973175508813761,1,Low GMM Density | Rating-Recommendation Contradiction
1079,62,2,1,1,General,Dresses,Dresses,"I ordered this dress in a size 8, my normal size at retailer. it is a lovely dress and so feminine, but it is incorrectly sized. i couldn't begin to button it. i reordered it in size 12 if that tells you anything. buyer beware. unless you are itsy bitsy, you need to size up. i will say that as pretty as the photos are, the dress is even more lovely in person.",73,Negative,Low Rating - Recommended,1,7,1.0,0.0,Critical but Recommending,60-69,-5.80262658626717,1,0,0,0,0,0,0.9945499446478754,0.6972749723239378,1,Low GMM Density | Rating-Recommendation Contradiction
1095,32,4,0,1,General Petite,Dresses,Dresses,"True to size and lovely dress, except the arm pit area is tight and pinches. had to return.",18,Positive,High Rating - Not Recommended,1,6,1.0,0.0,Dissatisfied Non-Recommenders,30-39,-5.761755911364851,1,0,0,0,0,0,0.9944647875329984,0.6972323937664993,1,Low GMM Density | Rating-Recommendation Contradiction
1070,45,5,0,1,General,Bottoms,Pants,"I love these leggings! the material is a bit thicker than your typical leggings material so it hugs without being too clingy like spandex. the fit i's somewhere between leggings and skinny pants. the suede fabric feels soft and looks to be of good quality. the petite fit works perfectly for me as well, no bunching at the ankles. i can see these being a staple in the upcoming months.",70,Positive,High Rating - Not Recommended,1,6,1.0,0.0,Dissatisfied Non-Recommenders,40-49,-5.713999743775801,1,0,0,0,0,0,0.9943796304181214,0.6971898152090608,1,Low GMM Density | Rating-Recommendation Contradiction
1020,38,2,1,1,General,Bottoms,Skirts,"This a great skirt for someone with a straight or boyish figure. this skirt does not accommodate a curvy figure - small waist, feminine hips.",25,Negative,Low Rating - Recommended,1,7,1.0,0.0,Critical but Recommending,30-39,-5.688405543285066,1,0,0,0,0,0,0.9942093161883675,0.6971046580941838,1,Low GMM Density | Rating-Recommendation Contradiction
1095,27,2,1,1,General Petite,Dresses,Dresses,"As another reviewer pointed out, although the tag inside the dress says that you can machine wash in cold water, the color around the popsicles will bleed! this is extremely disappointing. i'm hoping it can either be fixed with dye remover, or that retailer will take this item back. would only dry clean this item.",55,Negative,Low Rating - Recommended,1,7,1.0,0.0,Critical but Recommending,18-29,-5.685913881867464,1,0,0,0,0,0,0.9941667376309291,0.6970833688154645,1,Low GMM Density | Rating-Recommendation Contradiction
1152,35,2,1,4,General,Dresses,Dresses,"My v-shape figure (broad shoulder, narrow hips, waist not well defined) looked completely square in this. not flattering at all. perhaps better for other figures.",25,Negative,Low Rating - Recommended,1,7,1.0,0.0,Critical but Recommending,30-39,-5.648220578004908,1,0,0,0,0,0,0.9940390019586136,0.6970195009793068,1,Low GMM Density | Rating-Recommendation Contradiction
902,31,2,1,6,General,Tops,Fine gauge,"I got this top to wear with shorts as the color goes with a lot of different prints. the quality is excellent. this top runs very large, as in three (3) sizes too large. for the record i am a 34.25.35 and ordered my regular size the xs and this top makes me like i'm pregnant with twins. also, the layering looks nothing like it does on the model, it looks sloppy, unkept and a general. i think this would still be great for ladies who are bigger in the chest and waist, otherwise it just doesn't wor",98,Negative,Low Rating - Recommended,1,7,1.0,0.0,Critical but Recommending,30-39,-5.6108886387821375,1,0,0,0,0,0,0.9939112662862982,0.6969556331431491,1,Low GMM Density | Rating-Recommendation Contradiction
1080,33,2,1,1,General,Dresses,Dresses,"The dress didn't meet my expectations, specifically the color, the texture, and the cut of the dress. although the dress was very well made, it just wasn't right for me.",30,Negative,Low Rating - Recommended,1,7,1.0,0.0,Critical but Recommending,30-39,-5.578940720588779,1,0,0,0,0,0,0.9938261091714212,0.6969130545857106,1,Low GMM Density | Rating-Recommendation Contradiction
1094,55,4,0,0,General,Dresses,Dresses,,0,Positive,High Rating - Not Recommended,1,4,0.999999963430146,3.656985403388546e-08,Highly Satisfied Recommenders,50-59,-5.5577545341980406,1,0,0,0,0,0,0.9937409520565443,0.696870483342243,1,Low GMM Density | Rating-Recommendation Contradiction
1081,49,2,1,1,General Petite,Dresses,Dresses,"This is a really cute dress, just did not look flattering on me at all. i suppose i could have gone down a size, however i just did not love it. i am 5'3"" 130#, athletic build, 36dd. i read the other reviews and everyone loves this dress. here is what i did not like. there are pockets, which i cannot figure out the purpose, that lay oddly all bunched up right at the hips. due to the shape of the dress, it bunches out. on my short frame, it made me look shorter and wider. the fabric is a lightwei",101,Negative,Low Rating - Recommended,1,7,1.0,0.0,Critical but Recommending,40-49,-5.538225131574878,1,0,0,0,0,0,0.9936557949416673,0.6968278974708337,1,Low GMM Density | Rating-Recommendation Contradiction
1054,33,4,0,0,General,Bottoms,Pants,,0,Positive,High Rating - Not Recommended,1,4,0.9999999435408158,5.645918421670615e-08,Highly Satisfied Recommenders,30-39,-5.536993754604301,1,0,0,0,0,0,0.993613216384229,0.6968066194839513,1,Low GMM Density | Rating-Recommendation Contradiction
1104,66,2,1,4,General,Dresses,Dresses,Usually an retailer dress in a large fits me perfectly however not this one. i am larger busted and this dress was way too tight on top. possibly better on smaller chests. the dress is cute and the rest of the fit was good. not for me could barely pull it down over the boobs. going back :(,58,Negative,Low Rating - Recommended,1,7,1.0,0.0,Critical but Recommending,60-69,-5.47547063237905,1,0,0,0,0,0,0.9935706378267904,0.6967853189133952,1,Low GMM Density | Rating-Recommendation Contradiction
898,46,2,1,1,General,Tops,Fine gauge,"Had to return this for a couple of reasons: 1) was too small! it's made like one of those tiny mittens that stretches to fit any size hand. i didn't bother to order a size up because i wasn't sure whether to go from a small to a medium or to a large. 2) the main color isn't grey, like the picture. it's a black and white checkered pattern. so, it doesn't look at all grey irl.

i'm still recommending because, if you get the right size, and like the colors, it will be a nice, light and comfy swea",100,Negative,Low Rating - Recommended,1,7,1.0,0.0,Critical but Recommending,40-49,-5.463946256567885,1,0,0,0,0,0,0.993528059269352,0.696764029634676,1,Low GMM Density | Rating-Recommendation Contradiction
1078,34,4,0,0,General Petite,Dresses,Dresses,,0,Positive,High Rating - Not Recommended,1,4,0.9999999454459575,5.45540425056501e-08,Highly Satisfied Recommenders,30-39,-5.44591136298885,1,0,0,0,0,0,0.9934854807119134,0.6967427512667652,1,Low GMM Density | Rating-Recommendation Contradiction
1133,59,2,1,7,General Petite,Jackets,Outerwear,"First of all, mine arrived in a regular denim shade, not the dark wash shown. also, the style is more like a blazer, and it was huge. i am 5'2"" and ordered the petite xs but even xxs would have looked like a baggy blazer. as well, the sleeves came barely past my wrists, they are designed to cuff as the model has done? perhaps on someone taller and younger it would look edgy and chic! the quality is excellent with some nice details. this might be one to try in person, if you can.",95,Negative,Low Rating - Recommended,1,7,1.0,0.0,Critical but Recommending,50-59,-5.424963683401566,1,0,0,0,0,0,0.9934429021544751,0.6967214510772375,1,Low GMM Density | Rating-Recommendation Contradiction
1072,32,2,1,3,General,Dresses,Dresses,"The dress is very pretty, but the sequins are dark blue! i imagined they would be silver/gold, given the photo, but the dress is essentially light pink and blue.",29,Negative,Low Rating - Recommended,1,7,1.0,0.0,Critical but Recommending,30-39,-5.40683458500237,1,0,0,0,0,0,0.9933577450395981,0.696678872519799,1,Low GMM Density | Rating-Recommendation Contradiction
949,44,2,1,1,General,Tops,Sweaters,"This is a beautiful sweater with deep rich colors. i purchased the blue motif. the problem is that the model(s) are small busted, which allows the side panels and front panel to lay nicely and swing in a flattering manner. i am 5'6'', 135 pounds and a 36d. i usually wear a small in antro tops. i purchased this online, and was excited upon it's arrival. when i tried it on, i was horrified. it looked like a babydoll maternity sweater on me. the front did not lay well (flat) at all from the chest d",96,Negative,Low Rating - Recommended,1,7,1.0,0.0,Critical but Recommending,40-49,-5.360777291559367,1,0,0,0,0,0,0.9930596951375288,0.6965298475687645,1,Low GMM Density | Rating-Recommendation Contradiction
1086,44,2,1,1,General Petite,Dresses,Dresses,If you have any cleavage this dress will look awful. the ties drop pretty low & look trashy over cleavage. recommend otherwise - good fabric cool look,27,Negative,Low Rating - Recommended,1,7,1.0,0.0,Critical but Recommending,40-49,-5.3395731760195115,1,0,0,0,0,0,0.9929745380226518,0.696487269011326,1,Low GMM Density | Rating-Recommendation Contradiction
254,28,2,1,2,Initmates,Intimate,Swim,Just not cute. i don't know how else to describe this top. i am a 34dd and ordered a large. it fit and was comfortable but the peplum had way too much fabric it actually made me look much bigger than i am. i would possibly have tried a medium but it wasn't in store so i returned.,58,Negative,Low Rating - Recommended,1,7,1.0,0.0,Critical but Recommending,18-29,-5.19908109709697,1,0,0,0,0,0,0.9922932811036362,0.6961466405518182,1,Low GMM Density | Rating-Recommendation Contradiction
1098,35,2,1,6,General,Dresses,Dresses,"Regretfully, this dress is on its way back for an exchange. the dresss is beautiful and fits true to size, i ordered it in both colors, however, the black has a defect in the lace right on the front of the dress, and the white was tearing in a few spots under the arms and on the bottom. again, the dress is so pretty and i am hoping retailer will find me one without bunching, pulls , or tears for an exchange, but i can't pay 130"" for a dress that is already torn.",94,Negative,Low Rating - Recommended,1,7,1.0,0.0,Critical but Recommending,30-39,-5.162990128589959,1,0,0,0,0,0,0.9922081239887592,0.6961040619943797,1,Low GMM Density | Rating-Recommendation Contradiction
1072,35,2,1,2,General,Dresses,Dresses,"After the second wash, the stitching in the armpits completely fell apart. after sewing it back up, wearing it, and washing it a third time, the stitching in the other armpit completely fell apart as well. not sure if this was just a fluke, but it was very disappointing. now that both armpits are sewn and all other stitches are intact, i must say that this is a great dress. i would have returned the dress to retailer, but i've already washed and worn it, so again...very disappointing. i would say",91,Negative,Low Rating - Recommended,1,7,1.0,0.0,Critical but Recommending,30-39,-5.109789554833828,1,0,0,0,0,0,0.9920378097590054,0.6960189048795027,1,Low GMM Density | Rating-Recommendation Contradiction
1078,41,4,0,0,General,Dresses,Dresses,,0,Positive,High Rating - Not Recommended,1,4,0.999999955396894,4.4603105986418257e-08,Highly Satisfied Recommenders,40-49,-5.053737456738948,1,0,0,0,0,0,0.9917397598569361,0.6958698888490893,1,Low GMM Density | Rating-Recommendation Contradiction
877,65,2,1,0,General Petite,Tops,Knits,This shirt runs very large. i will be returning for a smaller size.,13,Negative,Low Rating - Recommended,1,1,0.9970696863669497,0.0029303136330502966,Highly Satisfied Recommenders,60-69,-4.7994027330374935,1,0,0,0,0,0,0.9905475602486588,0.6958598428509395,1,Low GMM Density | Rating-Recommendation Contradiction
834,40,2,1,2,General,Tops,Blouses,"I really wanted to like this top, just got it in mail today, but unfortunately it did not work well for me because i'm 6 ft tall and the blouse was too short. i like the look and how it feels and i haven't completely decided whether to return it, but here are the issues i have encountered with this top. the blouse is very pretty and has a nice refreshing style with good print and color, very soft too, unusual for rayon of this type, feels more like thin delicate cotton. i got my top in red, size",99,Negative,Low Rating - Recommended,1,7,1.0,0.0,Critical but Recommending,40-49,-5.032037269505182,1,0,0,0,0,0,0.9916120241846206,0.6958060120923103,1,Low GMM Density | Rating-Recommendation Contradiction
1078,35,2,1,1,General,Dresses,Dresses,This dress is really nice and lightweight. the slip is snug so the outer part floats nicely. but..it adds a bit too much volume if you have a lot of curves. it disguises in a way but also is a bit less flattering. i really wanted to like it because it's so breezy but a tad matronly on me.,59,Negative,Low Rating - Recommended,1,7,1.0,0.0,Critical but Recommending,30-39,-4.950495120767892,1,0,0,0,0,0,0.9912288171676744,0.6956144085838372,1,Low GMM Density | Rating-Recommendation Contradiction
1104,66,4,0,1,General Petite,Dresses,Dresses,I love the style the lightness and the fit ... but the fabric in the skirt just did not meet my expectations. this might be something to find at a mass retailer. i guess i simply prefer a natural fabric.,40,Positive,High Rating - Not Recommended,1,6,1.0,0.0,Dissatisfied Non-Recommenders,60-69,-4.922028805198499,1,0,0,0,0,0,0.9910585029379204,0.6955292514689602,1,Low GMM Density | Rating-Recommendation Contradiction
1074,42,2,1,2,General,Dresses,Dresses,"I ordered this in a 4 (34b, 140lbs., 5'8"") because it looked like it would run big, and it definitely does! the 4 fit comfortably but the cut of this dress made me look about 10 lbs. heavier than i am. i am pear-shaped and this dress made me look very bottom heavy, so i returned it. that said, the material is gorgeous!, as it is the perfect weight and the colors are much more striking and complementary in person. if i had a straight(er) silhouette and a larger bust, this dress would have been a",96,Negative,Low Rating - Recommended,1,7,1.0,0.0,Critical but Recommending,40-49,-4.895489873917571,1,0,0,0,0,0,0.9908881887081665,0.6954440943540833,1,Low GMM Density | Rating-Recommendation Contradiction
1110,50,2,1,4,General Petite,Dresses,Dresses,"I loved the fact that this dress is cotton. it is a thin cotton, and you can see in the photos that she is wearing a black slip with a thicker strap. mine came with a nude slip. i'm thinking they all come with a nude slip. i'm not sure why they showed the dress with the black thick strap slip unless it was to show the dress as a thicker cotton than what it actually is. the dress is adorable though which makes it hard for me to decide whether to keep it and hope mine won't tear easily or to retur",103,Negative,Low Rating - Recommended,1,7,1.0,0.0,Critical but Recommending,50-59,-4.870688117472067,1,0,0,0,0,0,0.9908030315932896,0.6954015157966449,1,Low GMM Density | Rating-Recommendation Contradiction
862,50,2,1,1,General,Tops,Knits,"This looked so odd on me! i decided to give it to someone with a different body type and she found it really odd too. the sleeve are a bit too long to be short and they are tight at the bottom. the top is really large, as to be unflattering. perhaps it's just that it doesn't work on someone who is petite, but this one is a return.",69,Negative,Low Rating - Recommended,1,7,1.0,0.0,Critical but Recommending,50-59,-4.82943976891856,1,0,0,0,0,0,0.9906327173635358,0.6953163586817679,1,Low GMM Density | Rating-Recommendation Contradiction
836,58,2,1,2,General,Tops,Blouses,"Beautifully made shirt however the sizing is way off. the sleeves and across the chest are really tight while the rest of the shirt fits fine. if you get a size larger then the shirt in the body is to large. would recommend if you have really tiny shoulders, arms and chest. such a shame since i really love the shirt.",61,Negative,Low Rating - Recommended,1,7,1.0,0.0,Critical but Recommending,50-59,-4.744813925490197,1,0,0,0,0,0,0.9900366175593971,0.6950183087796986,1,Low GMM Density | Rating-Recommendation Contradiction
867,28,4,0,3,General,Tops,Knits,"I ordered the grey/yellow ""here comes the sun"" shirt. it's cute, but it runs quite large and isn't special enough for the price. meh.",24,Positive,High Rating - Not Recommended,1,6,1.0,0.0,Dissatisfied Non-Recommenders,18-29,-4.713124659210324,0,0,0,0,0,0,0.9898663033296432,0.6949331516648216,1,Rating-Recommendation Contradiction
99,44,2,1,1,Initmates,Intimate,Intimates,"The bra is comfortable and the design is good. however, the sizing is way off. i am a 34c and the small fits well with minimal support. not sure about quality. this one might have to go back :(",39,Negative,Low Rating - Recommended,1,7,1.0,0.0,Critical but Recommending,40-49,-4.70523257877022,0,0,0,0,0,0,0.9898237247722047,0.6949118623861024,1,Rating-Recommendation Contradiction
1110,37,2,1,5,General Petite,Dresses,Dresses,"I love this dress but i will return it because the sleeves are too tight. i have never had this problem before. i ordered a petite 0 and petite 2. for reference i am 5' 4"" tall and 117 lbs. the length is perfect and i really like the style. if the sleeves had not been so tight i would have kept the petite 0. the petite 2 sleeves were no looser. sorry that this did not work for me.",80,Negative,Low Rating - Recommended,1,7,1.0,0.0,Critical but Recommending,30-39,-4.6529757120268815,0,0,0,0,0,0,0.9893553606403815,0.6946776803201908,1,Rating-Recommendation Contradiction
820,34,2,1,3,General Petite,Tops,Blouses,I wanted to love this shirt. it's not my usual style buy it looked so great online. unfortunately the actual shirt is much more brown in color and design than i thought looking online. i'm fair coloring & it just wasn't flattering. i'm thin but have a larger chest and this style just wasn't right for me. could definitely be cute on someone else but not a good match for me.,71,Negative,Low Rating - Recommended,1,7,1.0,0.0,Critical but Recommending,30-39,-4.644681880238194,0,0,0,0,0,0,0.989312782082943,0.6946563910414716,1,Rating-Recommendation Contradiction
1077,49,2,1,1,General Petite,Dresses,Dresses,"I saw this dress and loved everything about it! i was so sad when i tried it on and it was just too big. they were out of the smaller size, so i had to return it. the dress is well made and the color is just a bit neon compared to the picture.",54,Negative,Low Rating - Recommended,1,7,1.0,0.0,Critical but Recommending,40-49,-4.627254444815728,0,0,0,0,0,0,0.9891850464106277,0.6945925232053138,1,Rating-Recommendation Contradiction
850,36,2,1,2,General Petite,Tops,Blouses,"Very beautiful colors unfortunately the cut is much too tent- like and it looks like a maternity top on me. i like a flowy bohemian top but this one was too much for my tastes, sadly i sent it back.",40,Negative,Low Rating - Recommended,1,7,1.0,0.0,Critical but Recommending,30-39,-4.594100024458511,0,0,0,0,0,0,0.9890147321808737,0.6945073660904368,1,Rating-Recommendation Contradiction
862,45,2,1,1,General,Tops,Knits,"I purchased this shirt in white and black. the white is more ivory-isn, and is a bit thin/see through. the shirts can be worn with jeans, or dressed up with a skirt. i just wish it was a little more form fitting. i do like the hint of stretch in the fabric! very comfortable as well!",56,Negative,Low Rating - Recommended,1,7,1.0,0.0,Critical but Recommending,40-49,-4.582349015153321,0,0,0,0,0,0,0.9889721536234353,0.6944860768117176,1,Rating-Recommendation Contradiction
927,47,2,1,7,General,Tops,Sweaters,"I agree with the reviewer that said this product photo is misleading! you can't possibly wear this sweater off the shoulder as pictured! it does however provide a great fit, i sized down from large to medium...and the brown color is really pretty!",43,Negative,Low Rating - Recommended,1,7,1.0,0.0,Critical but Recommending,40-49,-4.5614510120735705,0,0,0,0,0,0,0.9888869965085583,0.6944434982542791,1,Rating-Recommendation Contradiction
1098,48,4,0,1,General,Dresses,Dresses,"This dress is beautiful, i usually wear a 6 or 8 and i ordered a 4, it is huge, i will be returning.",23,Positive,High Rating - Not Recommended,1,6,1.0,0.0,Dissatisfied Non-Recommenders,40-49,-4.43710561200934,0,0,0,0,0,0,0.9882483181469812,0.6941241590734906,1,Rating-Recommendation Contradiction
829,54,2,1,4,General,Tops,Blouses,If i stopped eating for a couple of months or jumped into a time machine and set the dial for 1990 i would really enjoy this beautifully made delicate blouse. the problem area is evident looking at the photo --the tiny tight fitted gorgeous bodice. i will keep this piece becasue i love it so and the apocolypse is apparently imminent and i have hardly any food in the house.,70,Negative,Low Rating - Recommended,1,7,1.0,0.0,Critical but Recommending,50-59,-4.3960301286912635,0,0,0,0,0,0,0.9880354253597888,0.6940177126798944,1,Rating-Recommendation Contradiction
909,36,2,1,3,General Petite,Tops,Fine gauge,"It's beautiful, lovely quality, gorgeous bird. but the fit just doesn't work for me. i'm usually a medium, which is what i got, it's just too tight in the chest. for ref 36d. as is it already flares out some in the bottom so i'm not gonna bother w a larger size unfortunately",53,Negative,Low Rating - Recommended,1,7,1.0,0.0,Critical but Recommending,30-39,-4.352654314201025,0,0,0,0,0,0,0.9876947969002811,0.6938473984501405,1,Rating-Recommendation Contradiction
479,52,2,1,5,General,Bottoms,Shorts,"Beware. white is not white. white is more cream, off-white, light beige. i was really looking forward to these shorts but was immediately disappointed when i saw the color. they are cute, but not white. i bought them to wear with the nautical look tops for this summer, but unfortunately, creamy colored shorts don't do much for navy/white tops.also, the button is very difficult to open/close.otherwise they are ok.",69,Negative,Low Rating - Recommended,1,7,1.0,0.0,Critical but Recommending,50-59,-4.343907110703254,0,0,0,0,0,0,0.9875244826705272,0.6937622413352635,1,Rating-Recommendation Contradiction
481,59,4,0,1,General Petite,Bottoms,Pants,"Hahaha! as gorgeous as this piece is, i look absolutely ridiculous in it. i am 5'7'' 115 lbs but have a long torso and so the crotch area is, well, a little unflattering to say the least:) i am really sad because i shy away from shorts due to my year round pale skin, but this fabric and color worked really well for me. the length of the shorts is also nice and the back is beautiful! i've never had a romper and i was truly hoping this one would be the one for me. it is all round perfect...if you",101,Positive,High Rating - Not Recommended,1,6,1.0,0.0,Dissatisfied Non-Recommenders,50-59,-4.256965106484174,0,0,0,0,0,0,0.9869283828663885,0.6934641914331943,1,Rating-Recommendation Contradiction
867,46,2,1,5,General,Tops,Knits,This blouse is beautiful and i saw someone wearing it and she looked great. i went and bought this to wear for a holiday party and it is not for people with any sort of chest! it looked ridiculous on me as the pleats started right at the bra line and caused the blouse to tent out in both directions! however - looks super cute on those more on the flat-chested side!,72,Negative,Low Rating - Recommended,1,7,1.0,0.0,Critical but Recommending,40-49,-4.253884957747431,0,0,0,0,0,0,0.9868432257515115,0.6934216128757558,1,Rating-Recommendation Contradiction
1030,44,2,1,4,General,Bottoms,Jeans,These look nothing like the picture! they are super high-waisted & longer than they look in this picture. i felt as if i was wearing a pair of jeans from the 90's that just fit terribly. i thought they were going to be a pair of cropped wide legs & they are far from it. the color was also much lighter than shown in picture. super unflattering & just not for me. they're going back...,75,Negative,Low Rating - Recommended,1,7,1.0,0.0,Critical but Recommending,40-49,-4.247351882214845,0,0,0,0,0,0,0.9867580686366346,0.6933790343183173,1,Rating-Recommendation Contradiction
1094,57,4,0,5,General Petite,Dresses,Dresses,"This dress runs waaaay small. i would have too size up at least 2 sizes. while it is a beautiful color, it is an extremely stiff dress. returning!",28,Positive,High Rating - Not Recommended,1,6,1.0,0.0,Dissatisfied Non-Recommenders,50-59,-4.244210452618532,0,0,0,0,0,0,0.9866729115217576,0.6933364557608788,1,Rating-Recommendation Contradiction
877,38,2,1,3,General,Tops,Knits,"This really was nothing special. for $68 there are much cuter tops at retailer. it wasn't particularly flattering as it was very boxy, so it added volume. it was soft and felt like decent quality which was nice. i agree with another reviewer that the ruffles feel too big. overall, this was just a miss for me.",57,Negative,Low Rating - Recommended,1,7,1.0,0.0,Critical but Recommending,30-39,-4.240545673528533,0,0,0,0,0,0,0.9866303329643191,0.6933151664821595,1,Rating-Recommendation Contradiction
1092,22,4,0,1,General,Dresses,Dresses,I love the style of this dress but felt that it didn't look great on. really sad it didn't work out :( felt like it was too short and the drop waist was awkward and looked childish. beautiful fabric and design if it fits you well though!,47,Positive,High Rating - Not Recommended,1,6,1.0,0.0,Dissatisfied Non-Recommenders,18-29,-4.124831687945916,0,0,0,0,0,0,0.9857787618155497,0.6928893809077749,1,Rating-Recommendation Contradiction
872,30,4,0,3,General,Tops,Knits,This top is very cute. but the middle seam in off center near the bottom and cause the top to twist while wearing it. that is annoying.,27,Positive,High Rating - Not Recommended,1,6,1.0,0.0,Dissatisfied Non-Recommenders,30-39,-4.088895437878115,0,0,0,0,0,0,0.9853529762411649,0.6926764881205825,1,Rating-Recommendation Contradiction
1078,51,4,0,1,General,Dresses,Dresses,I wanted to love this dress but it was too large... and once i washed it (which is recommended) it shrank so i had to return it.,27,Positive,High Rating - Not Recommended,1,6,1.0,0.0,Dissatisfied Non-Recommenders,50-59,-4.056622819469222,0,0,0,0,0,0,0.9850975048965341,0.6925487524482671,1,Rating-Recommendation Contradiction
1020,33,4,0,1,General Petite,Bottoms,Skirts,"This skirt runs small because of the stitching around the hips. the waist fit fine but the hips were very snug, and i'm relatively slim in the hips.",28,Positive,High Rating - Not Recommended,1,6,1.0,0.0,Dissatisfied Non-Recommenders,30-39,-4.018222703876848,0,0,0,0,0,0,0.9849271906667803,0.6924635953333902,1,Rating-Recommendation Contradiction
872,64,4,0,2,General Petite,Tops,Knits,"I received this today and will have to send it back. it is super cute and the quality is great. however, you need to wear a bra or a halter bra due to the style which is not a proble, but my 32d chest looked huge in this top so it is going back.",54,Positive,High Rating - Not Recommended,1,6,1.0,0.0,Dissatisfied Non-Recommenders,60-69,-3.9344464968651813,0,0,0,0,0,0,0.9840756195180107,0.6920378097590054,1,Rating-Recommendation Contradiction
1094,56,4,0,1,General,Dresses,Dresses,"I agree with the other reviewers. i ordered 2 of these but had to return both because the zippers didn't work. when i returned them, the saleslady said many people had problems with them.",34,Positive,High Rating - Not Recommended,1,6,1.0,0.0,Dissatisfied Non-Recommenders,50-59,-3.8662714590288356,0,0,0,0,0,0,0.9833517840415567,0.6916758920207784,1,Rating-Recommendation Contradiction
996,26,4,0,4,General,Bottoms,Skirts,"The skirt has a great cute design and great colors and great shape. but it runs very small and short. this company needs to provide a better fit, and large sizes if they run small.",35,Positive,High Rating - Not Recommended,1,6,1.0,0.0,Dissatisfied Non-Recommenders,18-29,-3.819969772955945,0,0,0,0,0,0,0.9825427914502257,0.6912713957251129,1,Rating-Recommendation Contradiction
1081,24,4,0,7,General Petite,Dresses,Dresses,"I bought the navy version of this dress in the store and thought it looked pretty nice. i am 5'10"" and 145 pounds, and the small fit me great. i think that the dress looks exactly like it does in the pictures, at least for the particular color that i bought; the length comes about mid-thigh, as shown, and i would definitely have worn it to work. after looking in the mirror for a few more days though, i decided to return the dress, because i didn't feel like the shape of it was especially sensati",96,Positive,High Rating - Not Recommended,1,6,1.0,0.0,Dissatisfied Non-Recommenders,18-29,-3.736595998769591,0,0,0,0,0,0,0.9817763774163332,0.6908881887081666,1,Rating-Recommendation Contradiction
829,44,4,0,1,General Petite,Tops,Blouses,I had high hopes for this top. i love the plaid and design but found it too boxy and short. the front was cut too low as well.,28,Positive,High Rating - Not Recommended,1,6,1.0,0.0,Dissatisfied Non-Recommenders,40-49,-3.701884345120673,0,0,0,0,0,0,0.9814783275142638,0.6907391637571318,1,Rating-Recommendation Contradiction
240,25,4,0,1,Initmates,Intimate,Swim,"This was such an adorable print that even though it was a bit pricey i decided to splurge! alas, the fit just wasn't good. it didn't look good on me and bunched up in all the wrong places. sadly, i had to return it. i've bought swimsuits from seafolly before and recommend the brand due to the high quality, unfortunately this particular style just didn't look that good on me.",70,Positive,High Rating - Not Recommended,1,6,1.0,0.0,Dissatisfied Non-Recommenders,18-29,-3.6189718465280087,0,0,0,0,0,0,0.9807544920378097,0.6903772460189048,1,Rating-Recommendation Contradiction
988,25,4,0,2,General,Bottoms,Skirts,"The print of this skirt is so fun. i love how it's styled on the model, and i could see it being very versatile. i decided not to keep it because, mainly, it is pricey and i'm afraid it'll get easily damaged. if i would wear it, i think i'd be worried about sitting on a dirty chair or spilling something on my lap and it being really visible-- and then having to upkeep it through dry cleaning. the fabric's nice and good quality. but honestly, if the skirt were cheaper and the fabric were cotton a",97,Positive,High Rating - Not Recommended,1,6,1.0,0.0,Dissatisfied Non-Recommenders,18-29,-3.5592021090469217,0,0,0,0,0,0,0.9802861279059866,0.6901430639529933,1,Rating-Recommendation Contradiction
1059,67,5,0,0,General,Bottoms,Pants,"Saying that these pants are comfortable would be redundant. they are over & above in comfort. i wear a size 8; and they are right on in sizing. i want to comment on the color/print. to see the green, i had to take the pants by a window with natural light and look closely. that being said, i think the pants take on the color of top one chooses. i walked through my closet with the pants in hand. they match with light grey, periwinkle blue, light sky blue, navy, white, your choice. i do prefer a so",98,Positive,High Rating - Not Recommended,1,2,0.9985308598415237,0.001469140158476323,Dissatisfied Non-Recommenders,60-69,-3.387879678783203,0,0,0,0,0,0,0.977816571574555,0.6892021138189728,1,Rating-Recommendation Contradiction
1086,29,4,0,1,General,Dresses,Dresses,"The pattern and fabric are very nice! i'm usually an 8/m for dresses. it was very narrow across the top (and i have a small chest), but hung very low in the armpit. i guess if you're small up top, this might fit better.",44,Positive,High Rating - Not Recommended,1,6,1.0,0.0,Dissatisfied Non-Recommenders,18-29,-3.375376426802621,0,0,0,0,0,0,0.9776888359022397,0.6888444179511198,1,Rating-Recommendation Contradiction
1077,43,4,0,1,General Petite,Dresses,Dresses,"I hated to send this dress back, but my busty and curvy figure looked bigger and rounder in this dress. sent it back. it is meant for taller and more slender women.",32,Positive,High Rating - Not Recommended,1,6,1.0,0.0,Dissatisfied Non-Recommenders,40-49,-3.340153539019912,0,0,0,0,0,0,0.977177893212978,0.688588946606489,1,Rating-Recommendation Contradiction
1146,56,4,0,1,General Petite,Trend,Trend,"This dress is nice, but it won't do for my purpose. i considered it for a mother of the groom dress, but it's not long enough for me. the dress is pretty, but very sheer and very low cut so it would require opaque undergarments. it's not possible to tell from the pictures how sheer this dress is.",58,Positive,High Rating - Not Recommended,1,6,1.0,0.0,Dissatisfied Non-Recommenders,50-59,-3.3026060105424193,0,0,0,0,0,0,0.9768372647534701,0.6884186323767351,1,Rating-Recommendation Contradiction
1081,38,4,0,2,General Petite,Dresses,Dresses,I found this dress to be shapeless on (even when the belt was tied). i love the tshirt material and the fact it has short sleeves. it's just too boxy.,30,Positive,High Rating - Not Recommended,1,6,1.0,0.0,Dissatisfied Non-Recommenders,30-39,-3.286317749484347,0,0,0,0,0,0,0.9767095290811547,0.6883547645405774,1,Rating-Recommendation Contradiction
1096,38,4,0,1,General Petite,Dresses,Dresses,"I wanted to love this dress - everything about it was so beautiful - except the fit , the length, the neckline ... i tried on a 4, 6 and petite 4. i'm 5'5"" 130 32dd - the top of the dress runs small/tight - so i needed to try it on without a bra.
the length on the regular is to the floor/with the petite to my ankles. the print was beautiful and like in the photo, it flowed nicely but there was just too much fabric - maybe it was just the design for me - it did nothing for my figure at all",106,Positive,High Rating - Not Recommended,1,6,1.0,0.0,Dissatisfied Non-Recommenders,30-39,-3.275604585872779,0,0,0,0,0,0,0.9764540577365239,0.6882270288682619,1,Rating-Recommendation Contradiction
873,38,4,0,1,General,Tops,Knits,This top is perfect for summer. it delivers style without the bulk. the peplum hit perfect for my 5'4 frame. unfortunately it was too low cut in the front. i had to return it.,34,Positive,High Rating - Not Recommended,1,6,1.0,0.0,Dissatisfied Non-Recommenders,30-39,-3.2668068164728243,0,0,0,0,0,0,0.9763689006216469,0.6881844503108234,1,Rating-Recommendation Contradiction
1091,49,4,0,1,General,Dresses,Dresses,"This is a very cute and warm dress. it is flattering, yet appropriate for work. but i had to send it back for two reasons. the zipper didn't work well. it just wouldn't zip without someone helping me and even then it was very difficult to zip. perhaps it was just the zipper on my dress?

the neck felt like it was strangling me was the other reason i sent it back. if i am not comfortable i will not end up wearing it, so even though i loved the style of it the pragmatics were lacking.",97,Positive,High Rating - Not Recommended,1,6,1.0,0.0,Dissatisfied Non-Recommenders,40-49,-3.263040697923353,0,0,0,0,0,0,0.9763263220642084,0.6881631610321042,1,Rating-Recommendation Contradiction
1079,25,4,0,4,General,Dresses,Dresses,"This dress is so well made, but it's a lot of dress. i think i would have liked it if it were shorter. it felt a little too 50s housewife to me, and i was hoping for a flowing material. it wasn't worth the price to me so i sent it back.",52,Positive,High Rating - Not Recommended,1,6,1.0,0.0,Dissatisfied Non-Recommenders,18-29,-3.245075092904081,0,0,0,0,0,0,0.9758579579323853,0.6879289789661927,1,Rating-Recommendation Contradiction
1180,54,4,0,2,General,Tops,Blouses,"I wish there were be fewer asymmetrical tops in the store. i see many tops i like until i discover they have an asymmetrical hem and are longer in the back, which i do not prefer.",36,Positive,High Rating - Not Recommended,1,6,1.0,0.0,Dissatisfied Non-Recommenders,50-59,-3.2328202284901497,0,0,0,0,0,0,0.9754321723580005,0.6877160861790003,1,Rating-Recommendation Contradiction
828,56,4,0,4,General,Tops,Blouses,"I loved this top; it reminded me of one i have from retailer from circa 2008 in black and white; however, on this one, the chest area is too big, in both the 14 and 16, and i even found myself tugging downward on the fabric to keep it in place because the waist is elastic and also too big. i probably need a size 12, but then i fear it would be too short-waisted on me, for i am 5'10"". unfortunately, it is not for me. also, the sleeves are much bigger and flouncier than they appear in the photo on t",103,Positive,High Rating - Not Recommended,1,6,1.0,0.0,Dissatisfied Non-Recommenders,50-59,-3.2168311857133354,0,0,0,0,0,0,0.9753044366856851,0.6876522183428426,1,Rating-Recommendation Contradiction
863,60,4,0,3,General,Tops,Knits,"I really liked this top when i tried it on but as i wore it the bottom of the sleeves stretched out terrible where they looked worn out from wearing over and over, and since this happened with the first wearing and i paid $88.00 i sent it back. if it hadn't been for that it's a comfy and cute casual top",62,Positive,High Rating - Not Recommended,1,6,1.0,0.0,Dissatisfied Non-Recommenders,60-69,-3.20823459513584,0,0,0,0,0,0,0.9751767010133696,0.6875883505066849,1,Rating-Recommendation Contradiction
1065,47,4,0,1,General,Bottoms,Pants,"I received this jumpsuit today in size medium. i am normally a size 4-6. overall, the jumpsuit fit. i am 5' 8.5"" tall and the length was fine if i wore flats. the issue with this jumpsuit is the bottom half. the top jersey wrap part fit great--nice and stretchy, fit nicely on the curves. the problem is that the wrap part stops at your rib cage and the pants begin somewhere way up high, definitely on the rib cage. the gathering of the pants gave me a pooch where i don't have one, but the deal kil",98,Positive,High Rating - Not Recommended,1,6,1.0,0.0,Dissatisfied Non-Recommenders,40-49,-3.1877921269656007,0,0,0,0,0,0,0.9749638082261773,0.6874819041130886,1,Rating-Recommendation Contradiction
830,38,4,0,1,General,Tops,Blouses,"I agree with others that this top runs small. i am usually a 2/4 in retailer tops and the small was very tight around the chest area. however, it looked so cute on! i wanted to buy it so badly, but it just didn't work for me. the design is absolutely adorable but i could not lift my arms without the whole top riding up. they did not have a medium in the store so i couldn't see if a larger size would work. overall, such a cute top, just not appropriate for someone my age or practical for someone ch",101,Positive,High Rating - Not Recommended,1,6,1.0,0.0,Dissatisfied Non-Recommenders,30-39,-3.1705660495715806,0,0,0,0,0,0,0.9747934939964235,0.6873967469982117,1,Rating-Recommendation Contradiction
960,26,4,0,5,General,Jackets,Jackets,"I was skeptical about the contrasting color details on this blazer, and it turns out i was right to be. this blazer just looks like part of a prep school uniform, both in the colors and the fit, which is very boxy. maybe this is someone's style, but i just don't think it looks good.",55,Positive,High Rating - Not Recommended,1,6,1.0,0.0,Dissatisfied Non-Recommenders,18-29,-3.1582350395574768,0,0,0,0,0,0,0.9745380226517926,0.6872690113258964,1,Rating-Recommendation Contradiction
866,41,4,0,1,General,Tops,Knits,"This is an adorable top, but it just wasn't my style. i'm 40 and felt silly wearing a big bow, but if you can rock this look i'd recommend it. the top is a thin sweatshirt material, not a knit sweater or a thick sweatshirt fabric. it is a cotton rayon blend. the sweatshirt part is cropped, but the striped shirt details come to a good length. the shirt trim is 100% cotton. the fit was true to size. it is a bit loose, not overly fitted, but true to size. it nips in a bit at the waist and then flar",102,Positive,High Rating - Not Recommended,1,6,1.0,0.0,Dissatisfied Non-Recommenders,40-49,-3.1538035120696932,0,0,0,0,0,0,0.9744528655369156,0.6872264327684579,1,Rating-Recommendation Contradiction
1055,56,4,0,3,General Petite,Bottoms,Pants,"This was about to be my first retailer splurge item, but i think i'm not there yet. for the rich price tag, these pants weren't going to be versatile enough for me. they're very light weight and even translucent in sunlight. perfect for a small subset of my days but not going to make the cut for casual friday. that light patch near the r knee is also a pocket- tended to flap open and look about as nonsensical as it is. if you're already on this level good for you! i had to send these back.",97,Positive,High Rating - Not Recommended,1,6,1.0,0.0,Dissatisfied Non-Recommenders,50-59,-3.1530163722303737,0,0,0,0,0,0,0.9744102869794772,0.6872051434897386,1,Rating-Recommendation Contradiction
1094,47,4,0,1,General Petite,Dresses,Dresses,"This would be a great dress if it was sized correctly. i ordered my usual xs and was shocked at how large it was. sadly the gray/black color is no longer available in xxs (a size i would never typically order) and is not available in petite sizes. i liked the design, the fabric, and the color. if you are lucky enough to be larger than a size xs, i recommend ordering one size smaller than your usual.

for reference, i'm 5'3"", 111 lbs, 28dddd/30ddd, and usual wear a size 0 in dresses and pants (i",96,Positive,High Rating - Not Recommended,1,6,1.0,0.0,Dissatisfied Non-Recommenders,40-49,-3.1470118733273935,0,0,0,0,0,0,0.9741973941922848,0.6870986970961424,1,Rating-Recommendation Contradiction
1075,53,4,0,2,General,Dresses,Dresses,"I tried hard to make this work because it is beautiful, but ended up returning it. first, it is very delicate material - i was terrified trying it on. second, i just couldn't make the drawstring work for me to achieve the fit i wanted. third, it was too low for me and would need a cami over the slip. while i didn't think the colors were as deep as the picture, it was still pretty. i could have possibly gone down a size to fix some of my concerns, but then i know it would have been too short for",101,Positive,High Rating - Not Recommended,1,6,1.0,0.0,Dissatisfied Non-Recommenders,50-59,-3.1348956747996706,0,0,0,0,0,0,0.9739845014050924,0.6869922507025462,1,Rating-Recommendation Contradiction
1104,38,4,0,1,General Petite,Dresses,Dresses,"This is a very pretty dress. the previous reviewers helped a lot when it came to deciding which size to order. typically i am a 0 or 2, sometimes a 4. in this dress i ordered a 6. that was the perfect size. 

the coloring is cute, unique, and very versatile. for me it wasn't a keeper because the material was soooo heavy, feels like canvas almost. if you're looking for a dress to layer under a chunky sweater on a cold day i imagine this would work. but for me it was a no.",95,Positive,High Rating - Not Recommended,1,6,1.0,0.0,Dissatisfied Non-Recommenders,30-39,-3.0509487580605974,0,0,0,0,0,0,0.9726219875670612,0.6863109937835306,1,Rating-Recommendation Contradiction
862,53,4,0,1,General Petite,Tops,Knits,"This top would be perfect if not for the large gap in the front where it wraps. the hook and loop just do not work to keep the top closed. love the pink color and the fit otherwise. i am almost always a medium but the small was perfect for me. for reference: 5'6"", 145 lbs, 34dd.",57,Positive,High Rating - Not Recommended,1,6,1.0,0.0,Dissatisfied Non-Recommenders,50-59,-3.0318714732639727,0,0,0,0,0,0,0.9724942518947458,0.6862471259473729,1,Rating-Recommendation Contradiction
1051,67,5,0,0,General Petite,Bottoms,Pants,"Based on other reviews, i ordered these trousers in my regular size 8 (dark grey) and up one size10 (black motif). the size 8 fit perfectly; and the size 10 are too big (returning). i am not sure what the other reviewers experienced, but size 8 in this brand fits, regardless of style. i also prefer the solid grey, but that is just a personal choice. i felt the black motif trousers looked like pajama bottoms.",76,Positive,High Rating - Not Recommended,1,2,0.9984803132449392,0.0015196867550607562,Dissatisfied Non-Recommenders,60-69,-2.9912741647147763,0,0,0,0,0,0,0.9716852593034148,0.6861465670027196,1,Rating-Recommendation Contradiction
1070,40,4,0,1,General,Bottoms,Pants,"I'm 5'8 - 38""?30""?38"" - i bought these leggings in a size large (blue motif) to wear under a really cozy organic cotton tunic in an attempt to create a sophisticated-looking, comfortable look. when i first it them on they felt like compression leggings and i wondered if they were too small. i wore them for a day and now they are falling down around the waist and the crotch is hanging. i spend so much time trying to hike them back up - i'm not at all comfortable and i doubt i'm looking sophistica",95,Positive,High Rating - Not Recommended,1,6,1.0,0.0,Dissatisfied Non-Recommenders,40-49,-3.017847303278683,0,0,0,0,0,0,0.9722387805501149,0.6861193902750575,1,Rating-Recommendation Contradiction
862,41,4,0,1,General,Tops,Knits,"I purchased the dusty rose. i thought the picture represented the color accurately. the shirt material had a nice thickness and drape. it felt very luxurious. the opening in the front is cut a little low but workable.

in the end i am disappointed in the care information provided by the site. it listed the garment as machine washable but the care label in the garment states it is dry clean only. i would not have purchased it if i would have know that. i am going to have to return it for this rea",95,Positive,High Rating - Not Recommended,1,6,1.0,0.0,Dissatisfied Non-Recommenders,40-49,-3.012009200807354,0,0,0,0,0,0,0.9721110448777995,0.6860555224388998,1,Rating-Recommendation Contradiction
1110,36,4,0,1,General Petite,Dresses,Dresses,"The print was what attracted me to this dress. and the material is soft and comfortable. however, the fit was all wrong for me. it had a great belt in the back, but hung very loosely in the front. it reminded me a little of some of my maternity dresses. maybe sizing down would have helped, but then i feared it wouldn't fit my hips right. this dress may look better on someone who isn't as curvy. it really looks great on the model, but not on me.",88,Positive,High Rating - Not Recommended,1,6,1.0,0.0,Dissatisfied Non-Recommenders,30-39,-2.985429639587606,0,0,0,0,0,0,0.9715149450736609,0.6857574725368305,1,Rating-Recommendation Contradiction
868,37,4,0,1,General,Tops,Knits,"This top had so much potential! i bought the striped colorway in an xs, which is my normal size. i am a 32d with an athletic build so the sleeves are tighter on my arms than pictured, although they are adjustable. the top of the shirt fits perfectly, but the bottom is very wide and short. i'm only 5'2"" but it's still just a tad shorter than i'd like. i wish it was slightly more fitted and then it would be perfect. unfortunately, this one is going back.",88,Positive,High Rating - Not Recommended,1,6,1.0,0.0,Dissatisfied Non-Recommenders,30-39,-2.9504782956718714,0,0,0,0,0,0,0.9709188452695223,0.6854594226347612,1,Rating-Recommendation Contradiction
818,34,4,0,2,General Petite,Tops,Blouses,"This top does look as pictured, the sleeves hit me the same and the size was true... i just didn't like it... it was shorter than i wanted in length and i just didn't feel like this top was worth the price so it's going back. i feel like i have had shirts with this texture and over time, they just didn't wear as well so i was afraid with 3 kids it wouldn't be a good idea. i paired it with a blazer and it looked great, but on it's on, i don't know, just not for me. for reference, i am 5'8'' 128lb",105,Positive,High Rating - Not Recommended,1,6,1.0,0.0,Dissatisfied Non-Recommenders,30-39,-2.937034031169536,0,0,0,0,0,0,0.9707485310397683,0.6853742655198842,1,Rating-Recommendation Contradiction
1095,33,4,0,6,General Petite,Dresses,Dresses,"I ordered this dress to wear for summer weddings this year. i am both surprised and excited that it fits.

i normally wear an 18, sometimes a 16. stores like retailer are a place i go to admire fun cloths, but not to actually shop. i was concerned that the xl was going to be a fake xl- this happens sometimes. a brand only makes clothing up to a 12, so they're xl is really a 12. but not so! i feel like the xl could fit a 16 - 20. the l would probably fit a 16 as well.

this dress fits in",104,Positive,High Rating - Not Recommended,1,6,1.0,0.0,Dissatisfied Non-Recommenders,30-39,-2.888689689329749,0,0,0,0,0,0,0.9699821170058759,0.684991058502938,1,Rating-Recommendation Contradiction
451,54,4,0,2,General Petite,Intimate,Lounge,"I wanted to love this dress, and i don't. it is soft, it is flattering on the model, and sits comfortably on the shoulders... until you move. the heaviness of the shoulders pulls the fabric back, causing the drape along the bottom to look odd, and unflattering. so sad- i wore it to lunch with my husband, but felt like i was constantly pulling the shoulders/sleeves back into place... i won't pull it from my closet to wear again, very often.",81,Positive,High Rating - Not Recommended,1,6,1.0,0.0,Dissatisfied Non-Recommenders,50-59,-2.868232769147511,0,0,0,0,0,0,0.9695989099889296,0.6847994549944648,1,Rating-Recommendation Contradiction
168,35,4,0,2,Initmates,Intimate,Sleep,"I tried this top on today because i was really hoping i could get the shorts and robe set. the shirt was softer than i was expecting, but when i tried it on it was an uncomfortable fit. there was some tightness in the armpit area, which is not where i would have expected it to be tight. the rest of it was comfortable and reasonable looseness so i don't think a size up would have been a good option for me. i like the design a lot so i was really disappointed it didn't fit. it is between a lightwe",101,Positive,High Rating - Not Recommended,1,6,1.0,0.0,Dissatisfied Non-Recommenders,30-39,-2.810439358050621,0,0,0,0,0,0,0.9683428425444945,0.6841714212722473,1,Rating-Recommendation Contradiction
1081,35,4,0,2,General Petite,Dresses,Dresses,"I tried this on today because when i touched it, it was irresistibly soft. i like the orange, it was a loud orange-and i almost would have preferred some sort of design to it. i did not purchase this because at the end of the day it did not suit my style-it was very plain. i think you could dress it up with the addition of a belt or the right necklace, but i am not usually a fan of buying pieces that do not stand on their own and require an accessory. that said, it was very comfortable and soft",101,Positive,High Rating - Not Recommended,1,6,1.0,0.0,Dissatisfied Non-Recommenders,30-39,-2.810439358050621,0,0,0,0,0,0,0.9683428425444945,0.6841714212722473,1,Rating-Recommendation Contradiction
1083,38,4,0,1,General,Dresses,Dresses,"I was planning to order it online but someone returned it to my local store and i tried it on.............. my regular size is 6. i have another byron lars dress size 6 that fits me like a glove. this dress fits beautifully from the waist down. the top part is very loose and at least a size too big. very disappointing. i am not sure if it is just me or this particular dress, but it was not flattering. :(",81,Positive,High Rating - Not Recommended,1,6,1.0,0.0,Dissatisfied Non-Recommenders,30-39,-2.8102765080606353,0,0,0,0,0,0,0.9682789747083369,0.6841394873541684,1,Rating-Recommendation Contradiction
840,32,4,0,2,General,Tops,Blouses,"I can't often turn down a white blouse, so this caught my eye online and then in person. i love the concept but found the top to be rather large despite it being an xs. i would have to size down to an xxs, which i'm not certain would be long enough on my 5'7"" frame. there was extra space in the armholes and space around the waist, even factoring in its flowy style. it's not worth it to me to order an xxs online since my store doesn't carry it.",91,Positive,High Rating - Not Recommended,1,6,1.0,0.0,Dissatisfied Non-Recommenders,30-39,-2.806760682143855,0,0,0,0,0,0,0.9681512390360214,0.6840756195180107,1,Rating-Recommendation Contradiction
1078,29,4,0,3,General Petite,Dresses,Dresses,"I love this maxi dress. it is fitted up top and very maxi like on the bottom. it was to much fabric for me, the dress made me look heavier than i am. i am 5'9' and 160. i fit in the medium. the dress just didn't do anything for my body type - curvy. i think you need to be fairly lean to look nice in this dress. sadly, i had to return. maeve makes great maxi's, unfortunately they don't fit me correctly.",84,Positive,High Rating - Not Recommended,1,6,1.0,0.0,Dissatisfied Non-Recommenders,18-29,-2.8056648268168,0,0,0,0,0,0,0.968108660478583,0.6840543302392915,1,Rating-Recommendation Contradiction
828,34,4,0,1,General,Tops,Blouses,"Soft, very thin material. perfect for summer but very difficult to wear without a bra because it is so thin it shows quite a bit. the chest is tight but you can adjust the fit by the neck tie. looks exactly like on the model but the cut made me feel wide. had to take it back.",57,Positive,High Rating - Not Recommended,1,6,1.0,0.0,Dissatisfied Non-Recommenders,30-39,-2.804791095256716,0,0,0,0,0,0,0.9680660819211445,0.6840330409605723,1,Rating-Recommendation Contradiction
863,35,4,0,5,General,Tops,Knits,"I never write reviews, but i just purchased this top at full price last week in the store. it's not a have to have top just to look at it, but once i put it on i had to have it. it's extremely comfortable and i am able to wear it while running around with my boys and still feel as though i'm put together. 

i've worn this top now 2 times and after the 2nd wear i have 3 holes in the area where the waist line of my jeans sits. the first time i wore this top it was for only and hour or so. what a",109,Positive,High Rating - Not Recommended,1,6,1.0,0.0,Dissatisfied Non-Recommenders,30-39,-2.7911592952539364,0,0,0,0,0,0,0.9676402963467597,0.6838201481733799,1,Rating-Recommendation Contradiction
1086,43,4,0,1,General,Dresses,Dresses,"I thought this shirt dress was adorable but i am 5'8"" with long legs and the sides of the dress were cut just a little too high. nice soft material and i would have kept it if the sides had been an inch longer.",44,Positive,High Rating - Not Recommended,1,6,1.0,0.0,Dissatisfied Non-Recommenders,40-49,-2.7671815937720234,0,0,0,0,0,0,0.9670441965426211,0.6835220982713106,1,Rating-Recommendation Contradiction
776,56,5,0,0,Initmates,Intimate,Legwear,"Yes,you need these, so comfortable - and wash up perfectly - workout, walking or great to sleep in",18,Positive,High Rating - Not Recommended,1,2,0.9995143144568932,0.00048568554310679524,Dissatisfied Non-Recommenders,50-59,-2.667269492000542,0,0,0,0,0,0,0.9645746402111897,0.6823844572142161,1,Rating-Recommendation Contradiction
1035,33,4,0,5,General,Bottoms,Jeans,"I love pilcro jeans and usually wear the stet fit. this is the first pair that i've owned that had so much stretch. they stretch and do lose their shape slightly, but bounce back after a wash. my main complaint may be stretch-related: after the first wear, the inner thigh area was covered in pills. granted, my inner thighs touch when i walk, but this has never happened with any other pair of pilcro that i've owned. i still have a pair of black stet that i bought 4yrs ago and they've never shown",94,Positive,High Rating - Not Recommended,1,6,1.0,0.0,Dissatisfied Non-Recommenders,30-39,-2.6587227588333606,0,0,0,0,0,0,0.9644469045388743,0.6822234522694371,1,Rating-Recommendation Contradiction
835,55,4,0,4,General,Tops,Blouses,This top is beautiful and i really wanted to be able to keep it - i've tried it on 3 times. it is not for big-chested girls (34ddd) - it hangs like i'm 20 months pregnant because the top area lands on top of my chest. sadly this will be going back. it is beautiful and flowing and a perfect weight.,61,Positive,High Rating - Not Recommended,1,6,1.0,0.0,Dissatisfied Non-Recommenders,50-59,-2.6528163016827477,0,0,0,0,0,0,0.9641062760793664,0.6820531380396833,1,Rating-Recommendation Contradiction
886,34,4,0,6,General Petite,Tops,Knits,"I ordered this in two colors, in my regular size. i washed and laid flat to dry....it shrunk like crazy. i held the one i washed up to the other unworn/unwashed one and it was at least two inches shorter. they may both be going back. i am so sad.",50,Positive,High Rating - Not Recommended,1,6,1.0,0.0,Dissatisfied Non-Recommenders,30-39,-2.6526265923876817,0,0,0,0,0,0,0.964063697521928,0.682031848760964,1,Rating-Recommendation Contradiction
936,42,4,0,1,General Petite,Tops,Sweaters,"This is a gorgeous sweater but huge. and when i say huge, i mean gigantic. i'm usually a size large and i don't even think the small would be small enough. the cowl neck and fabric overall is great (although stretches out, which is why it becomes so overwhelming) but the sweater just hung on me like a short blanket. the armholes are very big - deceiving on the model. returning.",71,Positive,High Rating - Not Recommended,1,6,1.0,0.0,Dissatisfied Non-Recommenders,40-49,-2.642268285807175,0,0,0,0,0,0,0.9637656476198586,0.6818828238099293,1,Rating-Recommendation Contradiction
824,46,4,0,2,General,Tops,Blouses,"I bought this in size xl and it ran small along the waist & bottom hemline. i'm pear-shaped so it's an awkward fit. i'll wear it tucked in or belted. they used a lot of material in the sleeves & through the top portion. i wish they hadn't made it such a narrow cut along the bottom.

the sleeves are very pretty. the embroidery they used for the cutouts is a little rough & scratchy. since i got it on sale & like the color, i'm keeping it. i recommend trying this on if you can.",96,Positive,High Rating - Not Recommended,1,6,1.0,0.0,Dissatisfied Non-Recommenders,40-49,-2.638212048392923,0,0,0,0,0,0,0.9635101762752278,0.681755088137614,1,Rating-Recommendation Contradiction
785,66,2,1,0,Initmates,Intimate,Sleep,"I gulped when i put this in my bag during retailer days because the price was still too much but thought this has to be wonderful to charge so much, right? boy was i wrong. this is a sweater knit with a very deep v-neck that's incredibly boxy and unattractive. the knit shed all over my pants in the few minutes i had it on. i ordered in xl, having never tried this designer and that was a mistake because i generally wear large or medium. it was swimming on me. the stripes aren't as cute in real life",99,Negative,Low Rating - Recommended,1,1,0.9974306186406041,0.0025693813593958836,Highly Satisfied Recommenders,60-69,-2.6030519357064774,0,0,0,0,0,0,0.9624031337818275,0.681715443162793,1,Rating-Recommendation Contradiction
1083,34,4,0,3,General Petite,Dresses,Dresses,I love every other byron lars dress i've bought and this was a no brainer for me. when it arrived i was really disappointed. the fabric is very stretchy which makes it super forgiving and very thick. with all the buttons planted on this dress i was expecting it to open easily from the front as one of my other dresses by his does. nope. only the back buttons open. thick stretchy fabric and back buttons...not an easy thing to navigate. i was also very sad to see that the length was all wrong for m,96,Positive,High Rating - Not Recommended,1,6,1.0,0.0,Dissatisfied Non-Recommenders,30-39,-2.6135251828542225,0,0,0,0,0,0,0.9626160265690198,0.68130801328451,1,Rating-Recommendation Contradiction
872,51,4,0,2,General,Tops,Knits,"Lovely cut, pretty creamy color, great top for strong shoulders, however. the upper section of this top is way more sheer than it appears in the photos. there is no bra that would really work with it--unless you want to embrace the undergarment visibility and go with one that has really pretty straps. just be sure the bra fits especially well, because any back fat will absolutely show. if you go without a bra, though: headlights. so there's that.",79,Positive,High Rating - Not Recommended,1,6,1.0,0.0,Dissatisfied Non-Recommenders,50-59,-2.609681481010819,0,0,0,0,0,0,0.9625308694541429,0.6812654347270715,1,Rating-Recommendation Contradiction
1072,36,4,0,6,General,Dresses,Dresses,"This dress is beautiful and would make an excellent party dress for winter. it is well made and the details are pretty. however the waist is cut in sort of a scallop shape, so it is higher on the sizes and dips down in the middle over the stomach. i wear a size l or 10 in dresses at retailer, and it just did not flatter my body type at all. for a thinner, narrow silhouette, i suppose it would look better, like it does on the model. i had to return it.",93,Positive,High Rating - Not Recommended,1,6,1.0,0.0,Dissatisfied Non-Recommenders,30-39,-2.563078730347387,0,0,0,0,0,0,0.9617644554202504,0.6808822277101252,1,Rating-Recommendation Contradiction
1086,44,4,0,3,General,Dresses,Dresses,"Got the small petite. length is perfect, love the color, super comfy, very pretty. the problem is that you cannot wear a bra because under the armpits is so low that either shows your bra (a lot) or if u wear sans bra you may show your breasts (it's loose all around on top, so very easy to show everything. if i adjust the straps it works but then the waist goes up and it looks like i have a belly. i'm taking to a seamstress to see if she can take in under armpits, if not it's going back. i'm 5',",102,Positive,High Rating - Not Recommended,1,6,1.0,0.0,Dissatisfied Non-Recommenders,40-49,-2.5299231839287497,0,0,0,0,0,0,0.9608277271566039,0.6804138635783019,1,Rating-Recommendation Contradiction
1078,33,4,0,3,General,Dresses,Dresses,"This dress did end up working out for me. however i am very narrow in my chest and shoulders and i can see how it would be too tight on anyone with a med-lrg chest and/or broad shoulders. the fabric is light weight, nice for summer. it will need to be ironed and will wrinkle easily but it still looks well made to me. the slip is smaller than the dress but i feel that the dress is supposed to be ""drapey"". i kept it.",85,Positive,High Rating - Not Recommended,1,6,1.0,0.0,Dissatisfied Non-Recommenders,30-39,-2.509323815718214,0,0,0,0,0,0,0.9602742059099038,0.6801371029549519,1,Rating-Recommendation Contradiction
1078,47,4,0,4,General,Dresses,Dresses,"This dress is so pretty and the fabric is tightly woven so that it won't stretch as much as other sweater dresses. i am disappointed in the sleeves though. the cut is way below the armpit so that when you raise your arms, it pulls tight and is uncomfortable. for the price, and the amount of time i wanted to wear it, it's not worth keeping. another thing is that the fabric is tightly woven so if you are cold natured and ok with the sleeve issue, this is the dress for you. however, if you are hot",98,Positive,High Rating - Not Recommended,1,6,1.0,0.0,Dissatisfied Non-Recommenders,40-49,-2.500414532420491,0,0,0,0,0,0,0.9599761560078345,0.6799880780039173,1,Rating-Recommendation Contradiction
829,48,4,0,7,General,Tops,Blouses,"This top is so pretty but runs small. i have a 34 dd chest and small back and shoulders . the size 10 was too full cut on the bottom and the 8 was better on the bottom but fit the same on top, felt like the seams under the arms with either size would rip. truly an odd fit and cut. this brand tends to run small and narrow. better for a smaller chest .",76,Positive,High Rating - Not Recommended,1,6,1.0,0.0,Dissatisfied Non-Recommenders,40-49,-2.4729149211912365,0,0,0,0,0,0,0.9592523205313804,0.6796261602656902,1,Rating-Recommendation Contradiction
818,35,4,0,3,General,Tops,Blouses,"Normally wear a medium in most retailer tops (5'9"", 150lbs).  would probably need an xl to fit more like a tunic.  right now, in the medium, fits more like a tiny shirt, but more for fitting.  arms are also tighter than i expected.  will be returning.",46,Positive,High Rating - Not Recommended,1,6,1.0,0.0,Dissatisfied Non-Recommenders,30-39,-2.4678196374134735,0,0,0,0,0,0,0.959039427744188,0.6795197138720941,1,Rating-Recommendation Contradiction
1084,19,2,1,0,General,Dresses,Dresses,"I recommend this dress because it is beautiful, stylish and well made even though it did not work for me. i tried the small and extra small. the first - way too big, lengthwise (hit my knees) as well as in the shoulders - the latter to tight across the chest - not for me but worth a try. i am typically a small with usually never have a problem with length.",72,Negative,Low Rating - Recommended,1,1,0.9977911959684255,0.0022088040315745294,Highly Satisfied Recommenders,18-29,-2.4086134993408836,0,0,0,0,0,0,0.9577194924635953,0.6793015070381125,1,Rating-Recommendation Contradiction
836,33,4,0,3,General Petite,Tops,Blouses,I bought this top after seeing it featured on a style blog. i was really excited to wear it until i realized how see thru it was. i had to put a cami underneath which detracted from the beauty of the top. even my flesh toned bra showed thru so i sadly had to return it.,56,Positive,High Rating - Not Recommended,1,6,1.0,0.0,Dissatisfied Non-Recommenders,30-39,-2.4006652890494493,0,0,0,0,0,0,0.9572937068892106,0.6786468534446053,1,Rating-Recommendation Contradiction
864,66,2,1,0,General,Tops,Knits,"Don't get me wrong, this is probably cute on someone else, but not me. i looked in the mirror and just laughed, it was that bad. so if you're considering getting this, size down. ordered mine in large and it looks like i'm wearing a barrel. the pink is pretty but the horizontal striping did nothing for my shape. the fabric is soft. i'm just over trying peplums.",68,Negative,Low Rating - Recommended,1,1,0.99574036877138,0.004259631228620053,Highly Satisfied Recommenders,60-69,-2.326547903585046,0,0,0,0,0,0,0.9549518862300945,0.6783278693607713,1,Rating-Recommendation Contradiction
1072,37,4,0,2,General Petite,Dresses,Dresses,I purchased this based on previous reviews. the quality of the dress and the print is excellent. the dress fit me perfect in the front however there were so much extra fabric in the back that it made me look extremely large. i understand it's a shirt dress however the back would need to be taken in like 6 inches. for someone who is looking for a more boxy full coverage dress this is more for them,77,Positive,High Rating - Not Recommended,1,6,1.0,0.0,Dissatisfied Non-Recommenders,30-39,-2.35924151103368,0,0,0,0,0,0,0.9563144000681257,0.6781572000340629,1,Rating-Recommendation Contradiction
1025,66,2,1,0,General Petite,Bottoms,Jeans,"I generally don't spend this much on jeans but wanted a nice black pair so rolled the dice during the sale. who can wear these? i'm an average size 12 and struggled to get these size 32s over my hips, buttoned and zipped. i looked like a stuffed black sausage. best for thin frames and even then, size up.",59,Negative,Low Rating - Recommended,1,1,0.99513735562252,0.004862644377479963,Highly Satisfied Recommenders,60-69,-2.3091107178686294,0,0,0,0,0,0,0.954185472196202,0.678065264973597,1,Rating-Recommendation Contradiction
1080,41,4,0,2,General Petite,Dresses,Dresses,"I love this dress but the zipper is definitely defective.
its a flatering style and i love the fabric and fit. im normally a 10 but the 8 fit perfectly. 

i'm nervous to wear it because of the zipper. i would return it but dont have the receipt.",48,Positive,High Rating - Not Recommended,1,6,1.0,0.0,Dissatisfied Non-Recommenders,40-49,-2.3178809644874976,0,0,0,0,0,0,0.9546112577705868,0.6773056288852934,1,Rating-Recommendation Contradiction
1066,48,4,0,2,General,Bottoms,Pants,"I ordered these in my usual pilcro petite size 6. they were impossible to button, which is interesting 'cause i also ordered the pilcro wide leg chinos in the same size and they fit perfectly, as usual. but it ended up being ok because i don't care for the speckled, slightly rough material or the contrasting piping. back they go!",60,Positive,High Rating - Not Recommended,1,6,1.0,0.0,Dissatisfied Non-Recommenders,40-49,-2.315495738988661,0,0,0,0,0,0,0.9545261006557098,0.6772630503278549,1,Rating-Recommendation Contradiction
831,46,4,0,2,General,Tops,Blouses,"I want to love this top - it is so pretty, but i find the fit very odd. i think it runs big, but the arm holes seem to be cut really low. i would love to size down, but then i think the sleeves would be off. unfortunately, i will have to return it.",55,Positive,High Rating - Not Recommended,1,6,1.0,0.0,Dissatisfied Non-Recommenders,40-49,-2.2673931538045533,0,0,0,0,0,0,0.9532487439325555,0.6766243719662778,1,Rating-Recommendation Contradiction
1009,35,4,0,3,General,Bottoms,Skirts,I agree with the previous review that this skirt definitely runs small. i am normally a size 4 with rooms but this size 4 was very tight. i decided not to go through the trouble of exchanging and to keep it. my boyfriend seems to like the style more than i do so that's a good thing :),58,Positive,High Rating - Not Recommended,1,6,1.0,0.0,Dissatisfied Non-Recommenders,30-39,-2.2662948337563122,0,0,0,0,0,0,0.9531635868176787,0.6765817934088394,1,Rating-Recommendation Contradiction
825,65,2,1,0,General,Tops,Blouses,"But it runs super small. i wear a medium for everything but couldn't come close to buttoning this. the buttons were about 4 inches apart (horizontally)

probably should have ordered an extra large in order to fit. the quality and styling seemed great but ordering online requires ""truth in sizing""",50,Negative,Low Rating - Recommended,1,1,0.994619865432527,0.005380134567472994,Highly Satisfied Recommenders,60-69,-2.1906705803421134,0,0,0,0,0,0,0.9509069232734395,0.6765294885502144,1,Rating-Recommendation Contradiction
1094,48,4,0,5,General,Dresses,Dresses,This dress you will want to try on in the store. it is very thick and stiff fabric. the whole front is embroidered and the big drawback for me is that waist seam. there is absolutely no give in that waist. this is not stretchy fabric and not easy for just any body type to wear. sad because it is very pretty on the rack!,65,Positive,High Rating - Not Recommended,1,6,1.0,0.0,Dissatisfied Non-Recommenders,40-49,-2.2422555229394163,0,0,0,0,0,0,0.95256748701354,0.67628374350677,1,Rating-Recommendation Contradiction
829,39,4,0,4,General Petite,Tops,Blouses,"I tried this top on with a pair of white shorts, half tucked, and it looked really classy and nice. the fit was loose but flattering, it is a tiny bit sheer, but i was wearing a magenta bra, so perhaps i am biased. overall, i think this is a good basic addition, to a summer wardrobe, can be worn with a nice skirt, or with jeans as shown here. the 0 (or xs, can't remember) fit me at 115 lbs, with 30dd chest.",84,Positive,High Rating - Not Recommended,1,6,1.0,0.0,Dissatisfied Non-Recommenders,30-39,-2.2282216994152364,0,0,0,0,0,0,0.9520991228817167,0.6760495614408584,1,Rating-Recommendation Contradiction
1068,65,2,1,0,General Petite,Bottoms,Pants,"I recommend this product, but with the following reservations. 

the dye from the product colors my skin every time i wear this outfit. i love the fit and make of the jumper, but i hate that my skin looks blue by the end of the day. this is still happening after several washes, which makes me feel disappointed. it will dye your undergarments so choose wisely.",66,Negative,Low Rating - Recommended,1,1,0.995671373100557,0.004328626899443022,Highly Satisfied Recommenders,60-69,-2.1602696183661916,0,0,0,0,0,0,0.9499701950097931,0.6758508228847852,1,Rating-Recommendation Contradiction
937,41,4,0,3,General,Tops,Sweaters,"This sweater is a pretty color and style and is really soft and comfortable - i really wanted it to work. a small fit my 5'7"", 140 lb frame well (32dd) but the ruffles on the hips were not a wanted addition unfortunately. . tried it on three separate times to try to change my mind but in the end, it's going back. i would not suggest it if you have an athletic or hourglass figure with even a little hip.",81,Positive,High Rating - Not Recommended,1,6,1.0,0.0,Dissatisfied Non-Recommenders,40-49,-2.184081950493436,0,0,0,0,0,0,0.9506940304862471,0.6753470152431236,1,Rating-Recommendation Contradiction
877,40,4,0,3,General,Tops,Knits,"I am short waisted and i still thought the pleats started too high on me. also, the whole thing was a little bit big. i always wear a medium, but in this top the shoulders and everything was just a bit large. since i bought it online, i couldn't size down. the fabric was a nice quality.",57,Positive,High Rating - Not Recommended,1,6,1.0,0.0,Dissatisfied Non-Recommenders,40-49,-2.106179821713728,0,0,0,0,0,0,0.9479264242527463,0.6739632121263732,1,Rating-Recommendation Contradiction
850,50,2,1,0,General Petite,Tops,Blouses,"This top is exactly what i was hoping for except it is missing the drawstring. so disappointing, mailing it back.",20,Negative,Low Rating - Recommended,1,1,0.9957691849914015,0.004230815008598454,Highly Satisfied Recommenders,50-59,-2.0459495989873964,0,0,0,0,0,0,0.9456697607085072,0.6736810433559732,1,Rating-Recommendation Contradiction
875,41,4,0,4,General,Tops,Knits,"With a rather large chest, i am always having to size up in tops like this. the l fit well all over but the arm holes were just too low. even if i wore a navy bra (i got the navy version) it would still be cut too low. it's too bad because it is a beautiful and unique piece",60,Positive,High Rating - Not Recommended,1,6,1.0,0.0,Dissatisfied Non-Recommenders,40-49,-2.0832415606618184,0,0,0,0,0,0,0.946904538874223,0.6734522694371115,1,Rating-Recommendation Contradiction
1081,53,5,0,0,General Petite,Dresses,Dresses,"I also have this dress in 3/4 sleeve, tegan tunic. i love this dress. it can be dressed up or down.",21,Positive,High Rating - Not Recommended,1,2,0.9994597210653239,0.0005402789346761194,Dissatisfied Non-Recommenders,50-59,-1.8780433737005835,0,0,0,0,0,0,0.9392403985352976,0.669728255054584,1,Rating-Recommendation Contradiction
865,34,2,1,0,General,Tops,Knits,The top is more of a cream color than an ivory. it's also a bit boxer than anticipated. fit is true to size.,23,Negative,Low Rating - Recommended,1,1,0.995849607603601,0.0041503923963990275,Highly Satisfied Recommenders,30-39,-1.8390875130161082,0,0,0,0,0,0,0.9363450566294814,0.6690026067940205,1,Rating-Recommendation Contradiction
53,29,5,0,0,General,Bottoms,Shorts,"Very cute shorts. sadly, after one wash they became a lint magnet so had to be returned. disappointing quality.",19,Positive,High Rating - Not Recommended,1,2,0.9997136099232146,0.0002863900767854366,Dissatisfied Non-Recommenders,18-29,-1.8568319239253865,0,0,0,0,0,0,0.9372817848931279,0.668698170461921,1,Rating-Recommendation Contradiction
854,45,2,1,0,General Petite,Tops,Knits,"Love the top, but very small to the size. ordered a medium and had to send back in exchange for x-large.",21,Negative,Low Rating - Recommended,1,1,0.9957688598041463,0.004231140195853689,Highly Satisfied Recommenders,40-49,-1.7740803848474325,0,0,0,0,0,0,0.933790343183173,0.6677413996307573,1,Rating-Recommendation Contradiction
844,33,2,1,0,General,Tops,Blouses,It's a beautiful top but not for bigger busts. ordered an xl and the top part would not button. i recommend for those with smaller busts.,26,Negative,Low Rating - Recommended,1,1,0.9956841276148614,0.004315872385138642,Highly Satisfied Recommenders,30-39,-1.644397010192258,0,0,0,0,0,0,0.9277867665843481,0.6647565577692018,1,Rating-Recommendation Contradiction
824,25,2,1,0,General Petite,Tops,Blouses,"And hits below my waist just far enough to make my thighs look enormous. i think how it fits depends alot on body type. the material is nice, color pretty, not cheap looking so i will keep it but must wear a topper to slim down thise ugly thighs of mine.....",51,Negative,Low Rating - Recommended,1,1,0.9965908589690007,0.0034091410309993186,Highly Satisfied Recommenders,18-29,-1.5753061643362327,0,0,0,0,0,0,0.9250617389082858,0.6632126976603427,1,Rating-Recommendation Contradiction
865,53,2,1,0,General,Tops,Knits,"This is a very slimming, well-made, nice fitting top-i just disliked the colors. they did not look good on me. otherwise this is a very nice piece!",27,Negative,Low Rating - Recommended,1,1,0.9949162812706757,0.005083718729324338,Highly Satisfied Recommenders,50-59,-1.5621749208451599,0,0,0,0,0,0,0.9242953248743933,0.6631644061830615,1,Rating-Recommendation Contradiction
836,25,5,0,0,General,Tops,Blouses,The blue lace with the white top underneath is very pretty. unfortunately i did not like how billowy it was below the bra line.,24,Positive,High Rating - Not Recommended,1,2,0.9996443113052991,0.00035568869470092856,Dissatisfied Non-Recommenders,18-29,-1.5802828945754483,0,0,0,0,0,0,0.9254023673677936,0.6627723214228369,1,Rating-Recommendation Contradiction
1094,26,2,1,0,General Petite,Dresses,Dresses,I saw tons of people raving about this piece so i had to check it out for myself. i love the vibrant colors and the design and while the fabric is delicate it feels amazing and light. i sadly had to leave it as the store as i am a girl with a larger chest and big hips. i looked huge and it was not flattering to my shape. if this dress came in a maxi with a high waist like i would be all over it. it is beautiful.,90,Negative,Low Rating - Recommended,1,1,0.9983048706864119,0.0016951293135880618,Highly Satisfied Recommenders,18-29,-1.554181545241839,0,0,0,0,0,0,0.923912117857447,0.6622950847914411,1,Rating-Recommendation Contradiction
818,51,2,1,0,General,Tops,Blouses,"I loved fabric, print and back detail. design, however, was a little too boxy to be flattering on me. even at great price i sent it back.",27,Negative,Low Rating - Recommended,1,1,0.9950029049839866,0.00499709501601342,Highly Satisfied Recommenders,50-59,-1.4376159292829274,0,0,0,0,0,0,0.9165886059780295,0.6592937219922175,1,Rating-Recommendation Contradiction
1028,59,2,1,0,General Petite,Bottoms,Jeans,"So after reading the 2 reviews, decided to just order my usual size (26), thinking they might be a tad snug. wrong! they were huge! i looked at the size to see if they sent me a size 30 by mistake! unfortunately small sizes sold out. quality is excellent as well as style, so bummed!",55,Negative,Low Rating - Recommended,1,1,0.9953221198880315,0.004677880111968458,Highly Satisfied Recommenders,50-59,-1.357075335138913,0,0,0,0,0,0,0.9112237077407818,0.6565474298927846,1,Rating-Recommendation Contradiction
829,34,2,1,0,General Petite,Tops,Blouses,Really wanted to love this top but the proportion was not right for my body type. also the print with the silhouette was a bit too country bumpkin for me.,30,Negative,Low Rating - Recommended,1,1,0.9955456290770439,0.004454370922956086,Highly Satisfied Recommenders,30-39,-1.3141833192273238,0,0,0,0,0,0,0.9086689942944733,0.6552253713318279,1,Rating-Recommendation Contradiction
1094,53,5,0,0,General,Dresses,Dresses,Very pretty but too short for my age. looks well made and green dress is beautiful. it was just too short for me to be comfortable wearing.,27,Positive,High Rating - Not Recommended,1,2,0.9993015680739953,0.0006984319260047167,Dissatisfied Non-Recommenders,50-59,-1.2830169137907512,0,0,0,0,0,0,0.9069658519969344,0.6536226123836681,1,Rating-Recommendation Contradiction
828,30,2,1,0,General Petite,Tops,Blouses,"I didn't really understand the other reviews until i received mine in the mail. i love cloth & stone and this is just not up to their normal quality. i bought the blue and yellow colors of this blouse. it's very soft, but the blue already had strings coming from under the arms and i hadn't even tried them on yet. material is super soft, but thin. cut is weird under the arms and tight. sleeves are also tight! i am usually an xs or s in cloth & stone so i ordered smalls. i just fit the arms, but t",101,Negative,Low Rating - Recommended,1,1,0.9985482094498762,0.0014517905501237882,Highly Satisfied Recommenders,30-39,-1.2621641868494606,0,0,0,0,0,0,0.9054756024865878,0.6530281593533187,1,Rating-Recommendation Contradiction
825,31,2,1,0,General Petite,Tops,Blouses,"I love this shirt, love love love it. i am a curvy girl and it accents all the right features and hides the ones that need to be hidden.
but i've owned it for 6 months and there are already 4 holes in the shirt. and not holes in the fabric but holes on the seam lines. the stitching is not sturdy enough for the shirt to not fall apart. the whole point is to be able to wear it. but now i have to bust out my sewing machine to reinforce the seams that split so that i can wear it again. :(",104,Negative,Low Rating - Recommended,1,1,0.9986078513950326,0.0013921486049673915,Highly Satisfied Recommenders,30-39,-1.2124580574019022,0,0,0,0,0,0,0.9020693178915098,0.6513130886667484,1,Rating-Recommendation Contradiction
1098,29,2,1,0,General,Dresses,Dresses,"This dress was too cute to pass up! i loved it online but when i got it home, it was so tight i couldn't zip up my normal size. the length was perfect on me being 5'7"". the fabric and detail was beautiful. if you have a bust, order a size up. beautiful dress just really snug up top.",59,Negative,Low Rating - Recommended,1,1,0.9968932253466659,0.003106774653334088,Highly Satisfied Recommenders,18-29,-1.0887323549614758,0,0,0,0,0,0,0.8942348633228306,0.6477387865920822,1,Rating-Recommendation Contradiction
1092,35,2,1,0,General,Dresses,Dresses,"I loved this dress. it fit perfectly everywhere except for the sleeves. the dress has an overall relaxed fit, but the sleeves were way too tight. i had to send back because of sleeves.",34,Negative,Low Rating - Recommended,1,1,0.9955255394817094,0.0044744605182905905,Highly Satisfied Recommenders,30-39,-1.0620047638484216,0,0,0,0,0,0,0.8925317210252917,0.6471607526163039,1,Rating-Recommendation Contradiction
193,54,2,1,0,Initmates,Intimate,Sleep,"Just recently purchased and think it's ok for the price. would never pay full on this one & that's from an retailer shopper who's purchased plenty at full price. design is cute but definitely looks like a sleep shirt esp in the lighter color, so-so on construction - the bottom seams pucker slightly, the pockets bunch up weirdly (steaming/laundering don't help) & the shoulders also hunch up oddly. could be because of the thicker fabric sewn to the knit but laundering didn't help that issue either.",86,Negative,Low Rating - Recommended,1,1,0.997345007248976,0.002654992751023988,Highly Satisfied Recommenders,50-59,-1.0072539541632781,0,0,0,0,0,0,0.8885293366260751,0.6447956668632424,1,Rating-Recommendation Contradiction
895,30,2,1,0,General,Tops,Fine gauge,"I ordered the in the emerald green and it was sent to me with a dime size hole in the sleeve. i am very disappointed, because i love the sweater. by the time it arrived, it was sold out in my size. now, i cannot exchange it for one that is not damaged. if the sweater was not damaged, i would recommend this product.",64,Negative,Low Rating - Recommended,1,1,0.9971224297400137,0.0028775702599862507,Highly Satisfied Recommenders,30-39,-0.9926538891700922,0,0,0,0,0,0,0.8873797155752363,0.6442653718396154,1,Rating-Recommendation Contradiction
1077,31,2,1,0,General,Dresses,Dresses,"I loved the design and material of the test, but unfortunately it just did not fit me right. it was tight in the hips and did not have the relaxed look i was hoping for. 
also the pattern did not look good on me. 
unfortunately i had to return.",49,Negative,Low Rating - Recommended,1,1,0.9962835010065865,0.0037164989934135306,Highly Satisfied Recommenders,30-39,-0.9769135895135236,0,0,0,0,0,0,0.886187515966959,0.6438370577821622,1,Rating-Recommendation Contradiction
823,52,2,1,0,General Petite,Tops,Blouses,"I ordered this shirt online and didn't even try it on... it is super see through and i would need to wear a tank underneath and i don't want to have that extra layer in the summer.
it is cute though!",41,Negative,Low Rating - Recommended,1,1,0.9949626306235705,0.0050373693764295124,Highly Satisfied Recommenders,50-59,-0.9103838882087633,0,0,0,0,0,0,0.8809929319594653,0.6415039398550185,1,Rating-Recommendation Contradiction
1078,49,2,1,0,General,Dresses,Dresses,"I loved this dress when i saw it. however the fit was way off. i am 5'7"" 120 lbs and the small was way too big from the waist down. when the xs arrived i was sure it would be perfect. unfortunately the waist hit way too high, above my rib cage and the dress was too short. it was as if it was a petite size. i was very disappointed as this is such a pretty, easy dress to just throw on for school. unfortunately neither size looked right on me and i had to return both. the material is also not the s",105,Negative,Low Rating - Recommended,1,1,0.9982301382578211,0.0017698617421788576,Highly Satisfied Recommenders,40-49,-0.905430344074894,0,0,0,0,0,0,0.8806948820573959,0.6407014133771337,1,Rating-Recommendation Contradiction
295,35,2,1,0,Initmates,Intimate,Layering,"Wow! this sure is close fitting, as in suction cups to your body! yikes, definitely not forgiving for those of us with curves. to me, it seems like the material will wear well. i bought this for a great sales price so i may keep it, not sure. it would work fine as a layering piece but if i gain even 5 lbs, it won't work. i ordered the medium and am usually a small. the large might have worked best but probably still pretty clingy. i do recommend this if you are thin with no problem areas.",98,Negative,Low Rating - Recommended,1,1,0.9983600288338619,0.001639971166138121,Highly Satisfied Recommenders,30-39,-0.8783889675474681,0,0,0,0,0,0,0.8788640040875415,0.6397599962769984,1,Rating-Recommendation Contradiction
1117,34,2,1,0,General,Jackets,Outerwear,"I agree with the other reviewer that the belted part definitely gives some great definition for those with a defined waist and that it's a much lovelier color in person, but that's about it for me. thoughts below:
_____________
pros:
- tts. i ordered the medium for my 36c, 5'9"" frame and found it sufficient.
- the color is much nicer in person, as the other reviewer mentioned. it's a richer brown. think ""mocha latte"" in terms of color.
- the belt really helps tie it all together and keep it",91,Negative,Low Rating - Recommended,1,1,0.9981596136379548,0.0018403863620451988,Highly Satisfied Recommenders,30-39,-0.8616788496548057,0,0,0,0,0,0,0.8781401686110875,0.6394381615779527,1,Rating-Recommendation Contradiction
867,34,2,1,0,General,Tops,Knits,"This top is so lovely, but runs soo big. i ordered it online and was so surprised when i tried it on at home. i'm normally a size 14, and i was positively swimming in this top. hoping to exchange for a petite sm.",44,Negative,Low Rating - Recommended,1,1,0.9959155525350178,0.004084447464982155,Highly Satisfied Recommenders,30-39,-0.8350753758013567,0,0,0,0,0,0,0.876479604870987,0.6390566919284899,1,Rating-Recommendation Contradiction
142,49,2,1,0,Initmates,Intimate,Legwear,I was not a fan of these leggings. these were very unflattering. i could see that after wearing these all day they could start stretch out. i just didn't feel like they would hold up for even one season.,39,Negative,Low Rating - Recommended,1,1,0.9950462326356078,0.004953767364392236,Highly Satisfied Recommenders,40-49,-0.8013507840723599,0,0,0,0,0,0,0.8747338840160095,0.6383576954808832,1,Rating-Recommendation Contradiction
1061,48,2,1,0,General,Bottoms,Pants,"I wanted this romper so bad, after buying (and loving) a shirt from madewell made with the same fabric earlier this year. i wish this romper was just a little bit longer and roomier. i normally wear a size 10 or 12 and bought the large. it fit me ok but i felt like i wanted it to be just a little bit more oversized around my hips and definitely wanted it to be longer in the legs. (retailer please stop with the capri lengths! it's tired!!) if you are narrow-hipped you will fare much better. the fab",98,Negative,Low Rating - Recommended,1,1,0.998028978729768,0.001971021270231965,Highly Satisfied Recommenders,40-49,-0.7816413603716124,0,0,0,0,0,0,0.8735842629651708,0.6371863357366319,1,Rating-Recommendation Contradiction
1047,34,2,1,0,General,Bottoms,Pants,"I am 5'6"", 130 lbs with an athletic body type and i ordered a size small. these were really baggy in the thigh/quadricep area and made my thighs look bulky. the fabric quality is very nice and i like the idea of them for curvier body types. my son commented that they looked like pajama pants and i agreed.",59,Negative,Low Rating - Recommended,1,1,0.9967248850139444,0.003275114986055594,Highly Satisfied Recommenders,30-39,-0.6963955051559358,0,0,0,0,0,0,0.869028357319254,0.6351692016568381,1,Rating-Recommendation Contradiction
1084,50,2,1,0,General,Dresses,Dresses,"I got this dress and the material was super fuzzy and itchy. the prior reviews stated it was ""warm and cozy"" and not itchy at all, but i found it to be uncomfortably so. the dress was true to size for me and the length was good. i loved the plaid in the material just wished the material had been more soft and not rough. the material reminded me of mohair.",71,Negative,Low Rating - Recommended,1,1,0.9967544834151517,0.0032455165848482848,Highly Satisfied Recommenders,50-59,-0.6353675224344052,0,0,0,0,0,0,0.8660904368559993,0.6336943217449693,1,Rating-Recommendation Contradiction
640,40,2,1,0,General Petite,Intimate,Lounge,"I love the look of this dress but it runs very large. i am 5'2 110lbs. i ordered the extra small on sale & got a killer deal on it. i intended to use it as a beach cover up since it's sheer, but when i tried it on i felt like i was wearing a mumu. even for the price & for the beach i am going to return it. i'm sad because it is a beautiful cover-up and for what it is i think the quality is good.",90,Negative,Low Rating - Recommended,1,1,0.9979700643569848,0.002029935643015235,Highly Satisfied Recommenders,40-49,-0.6178126467199301,0,0,0,0,0,0,0.8648982372477221,0.6328551057524641,1,Rating-Recommendation Contradiction
1038,49,2,1,0,General Petite,Bottoms,Jeans,"If these jeans work for you, you're a lucky girl! the fabric is really thick and soft. pocket detail is cool and the hidden multicolored button placket is a nice detail. i ordered down a size. they're tight across my thighs and seem shorter than a 30"" inseam. the fit is boxy and not flattering on me but pants are so cute i may keep them anyway.",67,Negative,Low Rating - Recommended,1,1,0.9965752342195341,0.0034247657804659104,Highly Satisfied Recommenders,40-49,-0.571832149364902,0,0,0,0,0,0,0.8623009452439752,0.6318354257780807,1,Rating-Recommendation Contradiction
878,41,2,1,0,General Petite,Tops,Knits,"I'm a short girl, but i usually wear tops in a small or medium at retailer. for me, i would have needed this shirt in a size at least one notch smaller than even offered. this shirt is adorable. love the details. i wanted it so bad, which is why i paid so much for a basic t-shirt. still, it was large to the point of frumpiness and could have used some sort of scoop or v-neck to break up the dots.",82,Negative,Low Rating - Recommended,1,1,0.9976231175537478,0.0023768824462522264,Highly Satisfied Recommenders,40-49,-0.5308134297314416,0,0,0,0,0,0,0.8605126458315592,0.63073169940503,1,Rating-Recommendation Contradiction
1074,45,2,1,0,General,Dresses,Dresses,The fabric is great. the design is fun. i thought the dress would be perfect for work and also wear for a fun night out. the fit was perfect up top but the bottom part was to full and a lot longer then i expected. so i had to return it.,51,Negative,Low Rating - Recommended,1,1,0.9958236919005068,0.004176308099493209,Highly Satisfied Recommenders,40-49,-0.48579587298225374,0,0,0,0,0,0,0.8587669249765818,0.6302187241081896,1,Rating-Recommendation Contradiction
975,30,5,0,0,General Petite,Jackets,Jackets,"I bought this jacket in a regular and returned it to the store where they had a petite, it is lovely.  i live in ca so it is perfect for an evening out.... remember not to buy this for warmth but a light cover up.  it makes an outfit out of anything else you might want to wear.  looks great with black under it or off white.... also looks great with the beautiful soft pinks that are out this season... or cranberry.... you will love it...",86,Positive,High Rating - Not Recommended,1,2,0.9991649040728066,0.0008350959271934411,Dissatisfied Non-Recommenders,30-39,-0.5209162830345858,0,0,0,0,0,0,0.8600868602571745,0.6302104493140259,1,Rating-Recommendation Contradiction
1125,46,5,0,0,General Petite,Jackets,Outerwear,"I bought a 2p when i should've bought a 0p. i was swimming in the 2p. however, it didn't matter, because everything was itchy, and i'm not even allergic to wool. the beautiful buttons are oddly placed to achieve that cool design, and just like other reviewers commented, you have to twist and contort them to get them to button...which, inevitably, will lead to them popping off. and i didn't see an extra one in case that happened. the coat is stunning, there's no argument about that, and i welcome",90,Positive,High Rating - Not Recommended,1,2,0.998965983315143,0.001034016684857031,Dissatisfied Non-Recommenders,40-49,-0.49426289120570166,0,0,0,0,0,0,0.859235289108405,0.6298244478911739,1,Rating-Recommendation Contradiction
946,40,2,1,0,General,Tops,Sweaters,"It is such a cute design and very soft and comfortable, but the picture for this product is very deceiving! it looks like the sweater is fairly long in the pictured product page, but it is considerably short. i am nearly six foot tall, but thought by this picture it would be lengthy, not at all!
it is a beautiful sweater, might work better for a shorter stature.",68,Negative,Low Rating - Recommended,1,1,0.9969913481178774,0.003008651882122626,Highly Satisfied Recommenders,40-49,-0.4629795683235821,0,0,0,0,0,0,0.8581708251724431,0.629687142962646,1,Rating-Recommendation Contradiction
1146,45,2,1,0,General Petite,Trend,Trend,"This dress runs so large, why did they not make an extra small. the material and detail are great the flow in the back is different but is flattering. i wish wish that they made this in the extra small, i was swimming in it, there was no way to fix it so it went back",56,Negative,Low Rating - Recommended,1,1,0.9961144243092019,0.00388557569079806,Highly Satisfied Recommenders,40-49,-0.45469550021090976,0,0,0,0,0,0,0.85770246104062,0.6296283456584696,1,Rating-Recommendation Contradiction
877,41,2,1,0,General,Tops,Knits,"I bought the xs regular and it was a little too long and wide. i was unable to find a petite version in the store or online. the ruffles were also bigger than how they appear on the model. i am 5'1"" tall and weigh 110 lbs. i believe the petite would have been a much better fit. i regret not discovering this top sooner when more size options were available.",71,Negative,Low Rating - Recommended,1,1,0.9971093897525247,0.002890610247475278,Highly Satisfied Recommenders,40-49,-0.4594142614265832,0,0,0,0,0,0,0.8580005109426893,0.6295783775208397,1,Rating-Recommendation Contradiction
948,40,2,1,0,General Petite,Tops,Sweaters,"Is not a place i want to be, even if the style of a sweater is great.  yes, this sweater is very cropped, but i think it&amp;#39;s definitely intended to be worn off the shoulder to drop the waist a bit.  it&amp;#39;s the itchiness that makes it an immediate &amp;quot;no&amp;quot;, and that&amp;#39;s coming from someone who has serious fiber itch tolerance.",61,Negative,Low Rating - Recommended,1,1,0.9966120823221941,0.003387917677805885,Highly Satisfied Recommenders,40-49,-0.4529654410034122,0,0,0,0,0,0,0.8575321468108661,0.6294436569409942,1,Rating-Recommendation Contradiction
1110,68,4,0,0,General,Dresses,Dresses,"Having read all the reviews, i still (bravely) ordered in a size 2 (i can be a 0 or 2 in this brand)...first reaction? adorable style. second reaction? who was the model for this? i am pear shaped, and not short waisted, but the waist is low, and the top is snug...afraid a 4 would be too much top, but don't relish constantly pulling the dress down to keep the waist where it should be. am going into my local mall store, to see if they do have a 4...perhaps that will be better. really hesitant to",97,Positive,High Rating - Not Recommended,1,2,0.9987759527955851,0.0012240472044149353,Dissatisfied Non-Recommenders,60-69,-0.39300909870022555,0,0,0,0,0,0,0.8552329047091884,0.6278612617954773,1,Rating-Recommendation Contradiction
1086,69,4,0,0,General,Dresses,Dresses,"This is a pretty red dress. the back is beautiful. i ordered it online and was excited when it arrived. however, as soon as i took it out of the package, i saw that it had a snag on the front bodice. i also did not realize the dress material was not as heavy as i was hoping for it to be. given those two details, i decided to return it. maybe if it had arrived in perfect condition, i would have kept it. *sigh*",85,Positive,High Rating - Not Recommended,1,2,0.9987047896026364,0.0012952103973635776,Dissatisfied Non-Recommenders,60-69,-0.3658971916501386,0,0,0,0,0,0,0.8547219620199268,0.6276200230894361,1,Rating-Recommendation Contradiction
865,33,5,0,0,General,Tops,Knits,I didn't realize how much i would love this. wore it to work the other day and got more compliments than i have in a very long time on an outfit! it's comfortable and easy and flattering. bought this totally on a whim and so glad i did!,48,Positive,High Rating - Not Recommended,1,2,0.9992703908974724,0.0007296091025276175,Dissatisfied Non-Recommenders,30-39,-0.027530848238402527,0,0,0,0,0,0,0.8506344205058333,0.6254631320734222,1,Rating-Recommendation Contradiction
1095,33,5,0,0,General,Dresses,Dresses,"This jumpsuit runs large so i sized down perfectly one full size down. i have a size b chest and was very comfortable with no bra, as the built in cups gave me the perfect coverage. it looked like a dress standing, but had such a flattering and fun shape when you move. everyone loved it!",56,Positive,High Rating - Not Recommended,1,2,0.9992145741228587,0.0007854258771412548,Dissatisfied Non-Recommenders,30-39,-0.012699242118110379,0,0,0,0,0,0,0.8505492633909563,0.6254317168709064,1,Rating-Recommendation Contradiction
1077,66,4,0,0,General,Dresses,Dresses,"I ordered this on-line, in a size 8. the fit is ample and fine fine, and the fabric is acceptable, but as much as i wanted to like it, and keep it, i ultimately returned it. it is just too, too conservative for me. i loved the deep olive/khaki colour, and even experimented wearing it open as a duster over a top and slip pants, leggings, or skinny jeans, but the collar and the front pocket styling are just too man-tailored and cargo-like in their styling for me. i tried it with different belts, w",95,Positive,High Rating - Not Recommended,1,2,0.9988008248119544,0.0011991751880455759,Dissatisfied Non-Recommenders,60-69,0.0485055126357376,0,0,0,0,0,0,0.8502937920463255,0.6253867310607719,1,Rating-Recommendation Contradiction
876,26,4,0,0,General,Tops,Knits,The embroidery on this was beautiful but didn't hang well on my athletic/small chested upper body.,16,Positive,High Rating - Not Recommended,1,2,0.9997208720968824,0.00027912790311757085,Dissatisfied Non-Recommenders,18-29,0.3217448264198058,0,0,0,0,0,0,0.8482925998467172,0.6242021255039821,1,Rating-Recommendation Contradiction
1047,20,4,0,0,General,Bottoms,Pants,"I absolutely loved these pants when i tried them on. i am 5'1 and will definitely need it hemmed because they are so so long. but i'm fine with that because these pants are so unique and gorgeous. i'm 130 lbs usually a size small but xs fit me just fine. i will have to say though, i am very upset because my pants shipped with a huge tear in the waistband. the only way i was able to try them on was because the last bit of the waistband was hanging on by a thread. so the quality isn't too great. a",103,Positive,High Rating - Not Recommended,1,2,0.9991970896970302,0.0008029103029697504,Dissatisfied Non-Recommenders,18-29,0.954494875461578,0,0,0,0,0,0,0.8429277016094695,0.6216244328653286,1,Rating-Recommendation Contradiction
830,23,4,0,0,General,Tops,Blouses,I loved the color of the top and the faded look but unfortunately had to return it because it was too boxy and just looked frumpy,26,Positive,High Rating - Not Recommended,1,2,0.999528896139862,0.0004711038601380446,Dissatisfied Non-Recommenders,18-29,1.3212067578405198,0,0,0,0,0,0,0.8385421101933066,0.619365275868681,1,Rating-Recommendation Contradiction
863,46,4,0,0,General,Tops,Knits,Ordered this online and thought it was more of a red than the true orange that it is,18,Positive,High Rating - Not Recommended,1,2,0.9995616826585612,0.00043831734143884304,Dissatisfied Non-Recommenders,40-49,1.3473976899868323,0,0,0,0,0,0,0.8382440602912373,0.6192096936139064,1,Rating-Recommendation Contradiction
1078,53,4,0,0,General,Dresses,Dresses,This dress is good quality but the designers today really need to design their clothing line with the busty woman in mind.,22,Positive,High Rating - Not Recommended,1,2,0.9993875755571586,0.000612424442841375,Dissatisfied Non-Recommenders,50-59,1.4345807656892888,0,0,0,0,0,0,0.8369241250106446,0.6185845473938906,1,Rating-Recommendation Contradiction
621,56,4,0,0,General Petite,Intimate,Lounge,"I automatically knocked off one star because every brand that offers size xs (and many also offer xxs), should also care about us size 14/16/xls as well. i ordered a size large, and of course it shows every bump and love handle in back, but i recreated a look from my local retailer's window. they showed a long unbuttoned cotton weave dress over this crochet dress. (the closest dress pictured online to what i saw is the ""mabli maxi dress"", but imagine it opened if it had buttons, and in blue.) with",92,Positive,High Rating - Not Recommended,1,2,0.9989338120311607,0.0010661879688392828,Dissatisfied Non-Recommenders,50-59,1.6675310178877154,0,0,0,0,0,0,0.8339436259899514,0.6171850505887435,1,Rating-Recommendation Contradiction
1126,52,4,0,0,General Petite,Jackets,Outerwear,"I had my eye on this coat for so long. when i saw it was on sale and an extra 30% off i decided to go for it. i ignored the reviews that said it ran big and took a chance and sadly it did not pay off. this jacket is very heavy so if you are going to get it on sale, it will probably go into the closet for next winter. it was very boxy on me and tied at the waist, made my upper half look huge. it was just not flattering at all. the heaviness of it also made the big open neck a little annoying and",111,Positive,High Rating - Not Recommended,1,2,0.9990415425629529,0.0009584574370471444,Dissatisfied Non-Recommenders,50-59,1.689142934531389,0,0,0,0,0,0,0.8332623690709359,0.6168228760228773,1,Rating-Recommendation Contradiction
902,56,4,0,0,General,Tops,Fine gauge,"This is a beautiful sweater, but if came up weirdly high on me in back, higher than it looks on the model. she must have on high waisted pants.",29,Positive,High Rating - Not Recommended,1,2,0.9991856904600918,0.0008143095399082423,Dissatisfied Non-Recommenders,50-59,1.7038665074708184,0,0,0,0,0,0,0.833006897726305,0.6166663107711341,1,Rating-Recommendation Contradiction
1081,57,4,0,0,General Petite,Dresses,Dresses,"The material and color of the dress were great, but the fit was rather blah. i don't think it was right for my shape. i am disappointed though, i liked design of it.",33,Positive,High Rating - Not Recommended,1,2,0.999097203141401,0.0009027968585989532,Dissatisfied Non-Recommenders,50-59,1.7803911648901127,0,0,0,0,0,0,0.8316443838882739,0.6160027513158568,1,Rating-Recommendation Contradiction
1095,27,4,0,0,General,Dresses,Dresses,"I am 5'7, 115 lbs, and tried on a 0. the dress (red) looked great and i loved how it had a slimming effect, and i could wear this to work and the length is appropriate. it fit great, but it was a pain to get out of for some reason. i tried to get out of it through the bottom, but it kept getting stuck on my hips. i eventually got it out through the head, but it was such a pain that i just got frustrated. the fabric is okay- i expected a slightly better quality fabric for the price.",102,Positive,High Rating - Not Recommended,1,2,0.9991754155555672,0.0008245844444327854,Dissatisfied Non-Recommenders,18-29,1.8183270700494358,0,0,0,0,0,0,0.8308779698543813,0.6156039018160773,1,Rating-Recommendation Contradiction
1080,53,4,0,0,General,Dresses,Dresses,"I saw this dress in the catalog and on-line and it looked so lovely on the models. i took a chance and ordered it in my normal size small. when it arrived i was a little disappointed with the weight of the fabric, it was a bit light in my opinion. it did have an interesting texture, (suede like) so i could overlook the weight of the fabric if the dress fit well. unfortunately it did not, it rather just hung there and was not flattering on me. it looked wonderful on the model but i keep forgettin",98,Positive,High Rating - Not Recommended,1,2,0.9989873651177077,0.001012634882292307,Dissatisfied Non-Recommenders,50-59,1.8704848201991302,0,0,0,0,0,0,0.8295580345737886,0.6149815442633528,1,Rating-Recommendation Contradiction
1037,32,4,0,0,General,Bottoms,Jeans,I on the other hand wore these once and boy did they stretch during the day! i really hope they shrink back up...,23,Positive,High Rating - Not Recommended,1,2,0.999537409660745,0.00046259033925499793,Dissatisfied Non-Recommenders,30-39,1.8895314605740907,0,0,0,0,0,0,0.8292174061142809,0.6147012211249914,1,Rating-Recommendation Contradiction
1110,24,4,0,0,General,Dresses,Dresses,"The waist is a little high and large, and this causes gapping in the small-of-the-back area. very cute dress, if it fit well. would probably work on someone less curvy. 00p, 5'4'',110lbs,32c for reference.",34,Positive,High Rating - Not Recommended,1,2,0.99940100504933,0.000598994950669951,Dissatisfied Non-Recommenders,18-29,1.9025897453905884,0,0,0,0,0,0,0.82896193476965,0.614600766374959,1,Rating-Recommendation Contradiction
1095,27,4,0,0,General Petite,Dresses,Dresses,"I ordered this in my usual size 0 and couldn't finish zipping up the top, but also couldn't fill in the boobs. i am 5'7, 116 lbs, 32a. it is very cute, but the top was pretty stiff and unless it draped on you correctly, could probably be bothersome. i was disappointed in the quality of the skirt- no lining, simple cotton/polyester. i will probably return, try the size up, but was disappointed compared to how excited i was for it. i did like that it had pockets, and would be a fun dress to wear f",97,Positive,High Rating - Not Recommended,1,2,0.9991674966840643,0.000832503315935651,Dissatisfied Non-Recommenders,18-29,1.9189366773751615,0,0,0,0,0,0,0.8286638848675807,0.6144984430969775,1,Rating-Recommendation Contradiction
1072,26,4,0,0,General Petite,Dresses,Dresses,"I am returning this dress as it looks pretty matronly once it's on. the top was also very tight in the arms and chest (i am 5'9"", 140lbs, and 34d).",30,Positive,High Rating - Not Recommended,1,2,0.9994470725440121,0.0005529274559878949,Dissatisfied Non-Recommenders,18-29,1.9392394004428795,0,0,0,0,0,0,0.8281955207357574,0.6142083458590764,1,Rating-Recommendation Contradiction
1081,51,4,0,0,General,Dresses,Dresses,"I love this dress. it's an unusual material and really adorable in person. the problem was that it runs so large that i couldn't make it work. i'm usually an xs regular. the xs swallowed me. so then i ordered it in a pxs and pxxs because i really wanted it to work. only the pxxs fit, but it was so short that there was no way i could make it work. and i'm only 5'1"". i am 51 years old so i am not comfortable wearing ultra short dresses. maybe a person who doesn't mind really short would be able to",102,Positive,High Rating - Not Recommended,1,2,0.9990206179944561,0.0009793820055439273,Dissatisfied Non-Recommenders,50-59,1.96689864575843,0,0,0,0,0,0,0.8279400493911266,0.6141659010966721,1,Rating-Recommendation Contradiction
857,29,4,0,0,General Petite,Tops,Knits,"I ordered this in green when it was on sale and was so excited to get it. i thought the color would compliment my complexion perfectly. i read the other reviews who mentioned this item fit closer to the body than what is shown on the model - i wish i would have listened. while it is a very comfortable piece and stretches, it is a lot tighter than i wanted and because of that it is a bit see through. i didn't want to have to wear a cami underneath and i am pretty curvy. this top does show many of",102,Positive,High Rating - Not Recommended,1,2,0.999167790830293,0.0008322091697070544,Dissatisfied Non-Recommenders,18-29,1.9929591249771572,0,0,0,0,0,0,0.8272587924721111,0.613795838069997,1,Rating-Recommendation Contradiction
1068,50,4,0,0,General,Bottoms,Pants,"I am 5' and 3/4"" tall. too ""tall"" for most petite pants and too short for regular pants. these ran a little big. i weigh @140 lbs. and have been wearing mostly 28s and 29s, which is what i ordered. the 29s were a tad too big around the waist. the 28 fit but were so long that they looked like clown pants on me. i am in the conundrum that i can never find cropped pants that fit because i am in between petite and regular height sizing. these were a perfect example. they both went back. loved the qu",101,Positive,High Rating - Not Recommended,1,2,0.9990271278206866,0.000972872179313411,Dissatisfied Non-Recommenders,50-59,2.066355126092954,0,0,0,0,0,0,0.8250872860427488,0.6127382174572371,1,Rating-Recommendation Contradiction
1028,42,4,0,0,General,Bottoms,Jeans,"Definitely cute and good fit but the distressing at knee is open and will probably get worse, worth it if price lower... maybe",23,Positive,High Rating - Not Recommended,1,2,0.9994675492823518,0.0005324507176481807,Dissatisfied Non-Recommenders,40-49,2.1304024898814937,0,0,0,0,0,0,0.8230860938431406,0.6116495370651,1,Rating-Recommendation Contradiction
1099,54,4,0,0,General,Dresses,Dresses,"Beautiful color, bought a small (i am 5'10 and 145 pounds, the length is the only thing that is usually a problem on size small for me) however the chest area was extremely tight and ill fitting i thought, i am only a 34b. i'm returning it. i did think it was pricey for what you get as well. the color was by far the best thing about this dress, it could have been better quality and fit.",78,Positive,High Rating - Not Recommended,1,2,0.9989257822997287,0.0010742177002712738,Dissatisfied Non-Recommenders,50-59,2.1473921712372595,0,0,0,0,0,0,0.8227880439410713,0.6116088655105899,1,Rating-Recommendation Contradiction
1099,25,4,0,0,General,Dresses,Dresses,"I wanted to love this dress. sadly, the styling was wrong. the stripes on the bottom half did not line up with the top and the pleats didn't help. it just threw everything off and made me look distorted.",39,Positive,High Rating - Not Recommended,1,2,0.9993358334021559,0.0006641665978440736,Dissatisfied Non-Recommenders,18-29,2.169666278552672,0,0,0,0,0,0,0.822319679809248,0.6112926732241928,1,Rating-Recommendation Contradiction
460,25,4,0,0,General,Bottoms,Shorts,"This romper was so cute and with the great reviews i thought i needed to try it...but once trying it on i realized it was an odd fit, there is not enough fabric to make it look as relaxed as it does on the model. also, the sleeves were a bit wider than they look in the picture. would probably work well for someone with a petite figure.",68,Positive,High Rating - Not Recommended,1,2,0.9991741112707109,0.0008258887292891259,Dissatisfied Non-Recommenders,18-29,2.1981001801804765,0,0,0,0,0,0,0.8217235800051095,0.6110269677484126,1,Rating-Recommendation Contradiction
872,39,4,0,0,General,Tops,Knits,Loved the design and legnth but the material was not a light and soft as i expected.  i would get this in another fabric.,24,Positive,High Rating - Not Recommended,1,2,0.9994692825157316,0.0005307174842683615,Dissatisfied Non-Recommenders,30-39,2.235892847326957,0,0,0,0,0,0,0.820701694626586,0.6104569908101467,1,Rating-Recommendation Contradiction
719,25,4,0,0,Initmates,Intimate,Lounge,"Unfortunately, the other reviews were accurate. i thought i could still make it work because i loved the design. but alas the dress is incredibly see-through. i tried using it like a bathing suit cover up, unbuttoned, like one of the models shows - but it looked very strange. would have definitely kept this dress for the beach if it weren't completely see-through.",63,Positive,High Rating - Not Recommended,1,2,0.9991857608136471,0.0008142391863529275,Dissatisfied Non-Recommenders,18-29,2.250605709308819,0,0,0,0,0,0,0.819977859150132,0.6101517774123366,1,Rating-Recommendation Contradiction
121,32,4,0,0,Initmates,Intimate,Layering,The top is a pretty design. it's a low v-neck. but it would be nice for layering. it was just way to tight. runs small. order up a size.,29,Positive,High Rating - Not Recommended,1,2,0.9994259617577574,0.0005740382422425583,Dissatisfied Non-Recommenders,30-39,2.3763164097375764,0,0,0,0,0,0,0.8168270458996849,0.6085283305982909,1,Rating-Recommendation Contradiction
1126,33,4,0,0,General Petite,Jackets,Outerwear,"This jacket is really cute! however, the mesh is really fragile. i've had the jacket for a month and noticed a huge tear down the back shoulder. it doesn't fit me tight so i'm not sure how it happened. every time i wear it i'm super paranoid about snagging it on something. like i mentioned before, the jacket is cute. it's lightweight and the design is unique. but if you want to get more than an occasional wearing out of this then don't bother. i'm hoping i can return it otherwise that's a lot of",95,Positive,High Rating - Not Recommended,1,2,0.9991371059735872,0.0008628940264128193,Dissatisfied Non-Recommenders,30-39,2.3946185536481317,0,0,0,0,0,0,0.8164864174401771,0.6084157875253711,1,Rating-Recommendation Contradiction
871,27,4,0,0,General Petite,Tops,Knits,"Cute top in theory...ended up looking a little sloppy. the sleeves are a bit too ""blousey"" for my taste and i really wanted the lace-up to be cuter, somehow. still a cute top, received several compliments, but not for me.",40,Positive,High Rating - Not Recommended,1,2,0.999313402032919,0.0006865979670810374,Dissatisfied Non-Recommenders,18-29,2.399583558818206,0,0,0,0,0,0,0.8160180533083539,0.6081463462475931,1,Rating-Recommendation Contradiction
1078,27,4,0,0,General Petite,Dresses,Dresses,"I was bummed about this dress! i saw it online and loved both colors. i tried it on in the store, and it did not work for me. i am 5'8"" tall with an hourglass figure, and it was too shot and too loose. it looked like a babydoll nightgown. i wanted to love it, but i think this one only works on smaller frames. onto the next...",68,Positive,High Rating - Not Recommended,1,2,0.9991638749919975,0.0008361250080024529,Dissatisfied Non-Recommenders,18-29,2.4039661953694864,0,0,0,0,0,0,0.8158903176360385,0.6081123838196197,1,Rating-Recommendation Contradiction
868,53,4,0,0,General,Tops,Knits,"A very cute and comfy top that's lightweight and falls nicely... but, it does snag very easily. so far, i've worn this top once and found small snags in multiple areas. the snags might blend into the fabric texture if they did not create dark spots. the yarn/thread is a mixture of a celadon tone and black, which concentrates the black when snagged.",63,Positive,High Rating - Not Recommended,1,2,0.9989355042033272,0.001064495796672782,Dissatisfied Non-Recommenders,50-59,2.452779776699694,0,0,0,0,0,0,0.8144000681256919,0.6074129332221805,1,Rating-Recommendation Contradiction
1112,36,4,0,0,General,Jackets,Outerwear,"I really wanted to love this coat. it is well made and unique. i usually buy the petite versions but they were sold out.
however i went ahead and purchased a regular size because i wanted a second winter coat.
sadly, it looked more like a cocoon coat on me. it stuck out at the back. probably because it was not a petite. it pulled across my chest, like shoulders were too short. for reference, i am 5 feet, 109lbs, and a 32d.
i didn't mind the fluffiness of the top portion and the tie is useful for",98,Positive,High Rating - Not Recommended,1,2,0.9991258634150502,0.0008741365849498361,Dissatisfied Non-Recommenders,30-39,2.4533532877329454,0,0,0,0,0,0,0.8143574895682534,0.6073535721011167,1,Rating-Recommendation Contradiction
1126,27,4,0,0,General,Jackets,Outerwear,"1st, this jacket fits true to size. 2nd, the shoulders are too tight (design--not sizing), as other reviewers have noted. it's such a beautiful design and material, so it's unfortunate that the shoulders are so tight the jacket is a little impractical.

i purchased this jacket with 40% off sale price. i'm not sure it's worth it for such oversight on shoulder mobility.",63,Positive,High Rating - Not Recommended,1,2,0.999175042124883,0.0008249578751170494,Dissatisfied Non-Recommenders,18-29,2.456797078310616,0,0,0,0,0,0,0.814229753895938,0.6072798685229924,1,Rating-Recommendation Contradiction
1092,27,4,0,0,General Petite,Dresses,Dresses,"I was stoked to get this dress, and it is truly beautiful, but the fit is so awful. it was like being swallowed up by a bag. i ordered my usual size 6; i'm 5'7"" 140 lbs, and a bra size 34dd, but the dress just fell on me like a sack. i was so disappointed!! had to return.",59,Positive,High Rating - Not Recommended,1,2,0.9991877969833185,0.0008122030166815009,Dissatisfied Non-Recommenders,18-29,2.4877269571986895,0,0,0,0,0,0,0.8130375542876608,0.6066812177471668,1,Rating-Recommendation Contradiction
854,38,4,0,0,General,Tops,Knits,"I tried this on in store yesterday and didn't buy it due to the dolman style sleeves and the scratchy lace.  dolman sleeves look terrible on me, so this was a no go.  beware the scratchy lace...i had this on for about 2 minutes and was itching.  otherwise, this will wok for plenty of people - the color can be a nice neutral.  it does run large - i usually wear a large and sized down to a medium.  it didn't work for me, but i'm sure some will find it a nice part of their wardrobe.",97,Positive,High Rating - Not Recommended,1,2,0.9991116426310185,0.0008883573689815183,Dissatisfied Non-Recommenders,30-39,2.5155320681009234,0,0,0,0,0,0,0.8124414544835221,0.6063983987155575,1,Rating-Recommendation Contradiction
824,49,4,0,0,General,Tops,Blouses,"Such a cute plaid print, i couldn't resist ordering this but all of the petite sizes were sold out. i went with the xs based on other reviews and it was just too huge. i ended up returning it. i think the xs petite may have worked but it's sold out so i'll never know. it is boxy so you may need to be careful if that fit works for your body or not. the colors are magnificent.",78,Positive,High Rating - Not Recommended,1,2,0.9989854184442897,0.0010145815557103255,Dissatisfied Non-Recommenders,40-49,2.5745037312410504,0,0,0,0,0,0,0.8103125266115984,0.6053591796169413,1,Rating-Recommendation Contradiction
1078,36,4,0,0,General,Dresses,Dresses,"This was a nice dress, but it wasn't quite was i was looking for. the cut made me look too ""hippy"". maybe for someone that has no hips at all?",30,Positive,High Rating - Not Recommended,1,2,0.9993804906463394,0.0006195093536606189,Dissatisfied Non-Recommenders,30-39,2.617097969287264,0,0,0,0,0,0,0.808566805756621,0.6044073047490426,1,Rating-Recommendation Contradiction
1077,49,4,0,0,General,Dresses,Dresses,"Loved the dress. loved the pattern and the cut. unfortunately it did not work for me. it is cut too low under the arm pits and therefore, showed too much breast. it is not made to wear a bra with either so that is not a solution. sticky boobs will not work either because it is the ""side breast"" that shows. i hated to have to send back but.....still looking for something similar and great!",75,Positive,High Rating - Not Recommended,1,2,0.9989826590186033,0.0010173409813967194,Dissatisfied Non-Recommenders,40-49,2.6225191501480056,0,0,0,0,0,0,0.8081835987396747,0.6042952675661167,1,Rating-Recommendation Contradiction
1059,51,4,0,0,General Petite,Bottoms,Pants,"Got these in the red brick color, and unfortunately had to send them back. these are really cute and i loved the color and pattern, but they ran very small, and the cut between the legs and hips was odd. this may not have been a problem had i gone up at least one size. best to try them on if possible.",62,Positive,High Rating - Not Recommended,1,2,0.998963606654173,0.001036393345826947,Dissatisfied Non-Recommenders,50-59,2.6396787940188813,0,0,0,0,0,0,0.807587498935536,0.6040010281369335,1,Rating-Recommendation Contradiction
975,29,4,0,0,General,Jackets,Jackets,"This jacket is soft, a beautiful color, the perfect length, and incredibly versatile (a fleece jacket that doubles as a blazer) but i was swimming in it! i wouldn't have minded the larger size, but the sleeves looked ridiculous. i wish i'd ordered early enough to try a petite size, but i'm not sure that would've helped. sad to send this back!",62,Positive,High Rating - Not Recommended,1,2,0.9991661568752244,0.000833843124775635,Dissatisfied Non-Recommenders,18-29,2.6423300416969306,0,0,0,0,0,0,0.8073746061483437,0.603854071699127,1,Rating-Recommendation Contradiction
1083,41,4,0,0,General,Dresses,Dresses,"I loved this dress as soon as i tried it on, but... it bunched up weird in the front around my hips. i ordered a second size 4, hoping that it would fit better. but same thing. if i tried to go to a size 6 it would be too big every where else. fyi - i'm 5'8"" 129lbs and i'm a runner. it's not like i have a huge backside or anything. my guess is sizing is off. i've tried another of his dresses and it fit perfectly.",89,Positive,High Rating - Not Recommended,1,2,0.9990755429115986,0.000924457088401387,Dissatisfied Non-Recommenders,40-49,2.67978154871848,0,0,0,0,0,0,0.8058417780805587,0.6031057804579596,1,Rating-Recommendation Contradiction
1203,29,4,0,0,Initmates,Intimate,Layering,"Great material, and i like the idea of a scoop / v neck combination. but the hem rolls up, making it impossible to wear not tucked in to pants or a skirt (and even there it's a little bulky). it's possible that ordering a size up would fix the problem.",50,Positive,High Rating - Not Recommended,1,2,0.9992192423383843,0.000780757661615672,Dissatisfied Non-Recommenders,18-29,2.684389812922126,0,0,0,0,0,0,0.8056714638508047,0.6029918834577255,1,Rating-Recommendation Contradiction
872,29,4,0,0,General Petite,Tops,Knits,"I would definitely only recommend this top to girls who are smaller chested. it fits in the shoulders/arms, and then flares out too much at the bottom, almost looks like a maternity top. the material is very nice however - both soft, and feels like it will hold up through multiple washes.",52,Positive,High Rating - Not Recommended,1,2,0.9992074766867934,0.0007925233132065612,Dissatisfied Non-Recommenders,18-29,2.6873449036624266,0,0,0,0,0,0,0.8055011496210508,0.6029090794731667,1,Rating-Recommendation Contradiction
1078,31,4,0,0,General Petite,Dresses,Dresses,"I thought the colors would be brighter and i didn't realize the lace would be see through. i returned it because it was also shorter that i expected. but overall it was a nice dress, just not for me.",39,Positive,High Rating - Not Recommended,1,2,0.999297377377615,0.000702622622384963,Dissatisfied Non-Recommenders,30-39,2.7058326945465123,0,0,0,0,0,0,0.8047347355871584,0.6025078923180562,1,Rating-Recommendation Contradiction
1078,31,4,0,0,General,Dresses,Dresses,"I really loved the pattern and style of this dress! unfortunately, i had to return it because i have broad shoulders and it is a pretty stiff top that cut into the flabby area near my armpits. for most people it's probably perfect! but if you have wide shoulders or any concerns about the armpit flab, this might not be a great choice for you.",65,Positive,High Rating - Not Recommended,1,2,0.999146128858917,0.0008538711410830402,Dissatisfied Non-Recommenders,30-39,2.760984661764324,0,0,0,0,0,0,0.8024354934854807,0.601388520970957,1,Rating-Recommendation Contradiction
927,39,4,0,0,General,Tops,Sweaters,"Also, does run big, though i felt te xs seemed fine (usual size is xs). passed as there were better options, runs big,but mostly, it was scratchy. beautiful color and design, however.",32,Positive,High Rating - Not Recommended,1,2,0.9993241343024969,0.0006758656975031085,Dissatisfied Non-Recommenders,30-39,2.7770426973837012,0,0,0,0,0,0,0.8017968151239036,0.6010335807014524,1,Rating-Recommendation Contradiction
996,48,4,0,0,General Petite,Bottoms,Skirts,"I saw this skirt online and had to have it. as another reviewer mentioned, the color is more of a yellowy ivory. the skirt is very pretty, but also has a very thick/heavy satin polyester lining. i don't feel like i could wear it during the summer because the thick poly lining wouldn't breathe. that was the deciding factor and sadly i'll have to return it.",66,Positive,High Rating - Not Recommended,1,2,0.9989948201759166,0.0010051798240834353,Dissatisfied Non-Recommenders,40-49,2.808634865305552,0,0,0,0,0,0,0.800476879843311,0.6004394758864722,1,Rating-Recommendation Contradiction
1068,37,4,0,0,General,Bottoms,Pants,"Like another reviewer said this was too baggy up top. the bottom length was good but arm holes were big and top was just too large. i'm 5'5"" 110 lbs and got xs. returned.",34,Positive,High Rating - Not Recommended,1,2,0.9993121516944519,0.0006878483055481333,Dissatisfied Non-Recommenders,30-39,2.8283407439290063,0,0,0,0,0,0,0.7989866303329644,0.5996308848275917,1,Rating-Recommendation Contradiction
1100,42,4,0,0,General,Dresses,Dresses,"I understand the style of this dress is ""swing"", but there is just so much fabric, and it looked a bit like a tent on me. i ordered the s and i just found it to be too loose all over. the fabric is great and the colors are rich and lovely. this style would probably look better on someone smaller-chested, because there is no waist, it falls out from the bustline. cute dress, but i would size down.",79,Positive,High Rating - Not Recommended,1,2,0.9990548579100313,0.0009451420899686536,Dissatisfied Non-Recommenders,40-49,2.846272522827326,0,0,0,0,0,0,0.7979221663970024,0.599150111616495,1,Rating-Recommendation Contradiction
1110,35,4,0,0,General,Dresses,Dresses,"Adorable fall dress. but it runs huge -- i'm an hourglass 8 or 10 usually and the 6 fit best in the top and full skirt (36d, 30 waist) but sadly each size the sleeves get like 2 inches shorter. since these are blouses sleeves they look off. so sad bc this dress is adorable otherwise. if you always find sleeves too long for you, snap up this gem, this is for you!",73,Positive,High Rating - Not Recommended,1,2,0.9991088575987154,0.0008911424012846281,Dissatisfied Non-Recommenders,30-39,2.865873053739601,0,0,0,0,0,0,0.7969854381333561,0.598670947546935,1,Rating-Recommendation Contradiction
855,41,4,0,0,General Petite,Tops,Knits,Listed on the package labeling but not in the product description. i am short in the waist and this is still much shorter than pictured. disappointed to send this one back as it's otherwise perfect.,35,Positive,High Rating - Not Recommended,1,2,0.9992627323716687,0.0007372676283312618,Dissatisfied Non-Recommenders,40-49,2.8981857074867015,0,0,0,0,0,0,0.7952397172783786,0.5977673121648556,1,Rating-Recommendation Contradiction
318,46,4,0,0,Initmates,Intimate,Swim,This was such a cute suit but strange how they designed it. top runs super low and it almost did not cover my breast area. runs small. i had to return because fit was way to small for a large suit.,41,Positive,High Rating - Not Recommended,1,2,0.9991395397138684,0.0008604602861316257,Dissatisfied Non-Recommenders,40-49,2.923670627248438,0,0,0,0,0,0,0.7936217320957166,0.5969829581050847,1,Rating-Recommendation Contradiction
1059,36,4,0,0,General Petite,Bottoms,Pants,"I am just over 5'8""and i found that these pants hit me in a weird spot on my torso, almost creating a muffin top that i don't normally have. in addition, they were too short on me to give the chic and modern look of cropped ankle pants. on my frame, they fit more like capris from the late 1990s. both the construction and execution of the pants are otherwise fantastic.",71,Positive,High Rating - Not Recommended,1,2,0.9991028871321826,0.0008971128678173512,Dissatisfied Non-Recommenders,30-39,2.926578353023965,0,0,0,0,0,0,0.7934939964234011,0.596926420785264,1,Rating-Recommendation Contradiction
1059,35,4,0,0,General,Bottoms,Pants,"Material is kind of thick. stretchy. the orange i ordered was just too bright for me. i'm 8/10 and got the 10. i think the 8 would've worked better. sending back, mostly bc the color didn't look good on me.",40,Positive,High Rating - Not Recommended,1,2,0.9992564776704126,0.0007435223295874094,Dissatisfied Non-Recommenders,30-39,2.9370442541266764,0,0,0,0,0,0,0.7928978966192626,0.5965976527755488,1,Rating-Recommendation Contradiction
867,45,4,0,0,General,Tops,Knits,"This top looked really cute. when i received
it the fit was not flattering. it is snug on top and very loose
on the bottom with an excess amount of material. it made me
look very disproportionate. i returned it.",40,Positive,High Rating - Not Recommended,1,2,0.9991612140234257,0.0008387859765742745,Dissatisfied Non-Recommenders,40-49,2.9451181940896585,0,0,0,0,0,0,0.7923443753725624,0.596339944881596,1,Rating-Recommendation Contradiction
900,44,4,0,0,General,Tops,Fine gauge,"I ordered the red in size m. for reference i am 5'8"" with a long-ish torso. i would have been comfortable wearing the sweater with mid or high-rise jeans but it's fairly short. color was gorgeous. the balloon sleeves and seams just seemed too 1980s in a bad way on me. those with small chests may have better luck. i left like a suburban mom in it.",67,Positive,High Rating - Not Recommended,1,2,0.9990368600523896,0.0009631399476104363,Dissatisfied Non-Recommenders,40-49,2.974961514788221,0,0,0,0,0,0,0.790428340287831,0.5954067981334377,1,Rating-Recommendation Contradiction
154,35,4,0,0,Initmates,Intimate,Sleep,I love the design and pattern of this top. it runs big so an xs was roomy on me but still cute. the neck is wide. i returned it bc the material of the top isn't for me. the texture is too soft.,43,Positive,High Rating - Not Recommended,1,2,0.9992275812234008,0.0007724187765991708,Dissatisfied Non-Recommenders,30-39,2.987127395156433,0,0,0,0,0,0,0.7897470833688155,0.5950280254397275,1,Rating-Recommendation Contradiction
1110,39,4,0,0,General Petite,Dresses,Dresses,"I really wanted to like this dress. the material, design, length and fit all over was perfect, except for the armholes- too big and the ruffles came right upto the nipple line. not comfortable with that. sadly, had to return.",40,Positive,High Rating - Not Recommended,1,2,0.9992219252551475,0.000778074744852475,Dissatisfied Non-Recommenders,30-39,3.028773748121605,0,0,0,0,0,0,0.7871923699225071,0.593751799910224,1,Rating-Recommendation Contradiction
1020,40,4,0,0,General,Bottoms,Skirts,"The skirt is not as form fitting as i had hoped. it is a lot of material that is flowy and billowy, not straight and pencil-like as shown as in the pictures. the material and design is just okay- not super wowed by it. i did size down but feel like i might need to size down even more to get more of a fitted look.",66,Positive,High Rating - Not Recommended,1,2,0.9990758538230371,0.0009241461769629034,Dissatisfied Non-Recommenders,40-49,3.0466642460041164,0,0,0,0,0,0,0.7861704845439836,0.5932700715073844,1,Rating-Recommendation Contradiction
1078,40,4,0,0,General Petite,Dresses,Dresses,"On the hanger, this looks like a great lbd. on me, not quite. the bell shape of this dress made it appear that i was carrying extra weight in the middle.  for reference, i tried a 0p, and i'm 5,1"", 102#, and 34a.",43,Positive,High Rating - Not Recommended,1,2,0.9991834366435067,0.0008165633564932717,Dissatisfied Non-Recommenders,40-49,3.08258954600203,0,0,0,0,0,0,0.7841692923443754,0.5922479588434864,1,Rating-Recommendation Contradiction
1078,39,4,0,0,General Petite,Dresses,Dresses,"I found this dress to run large (like the other reviewers have mentioned). the quality is really nice, and the sweater fabric is a nice touch. it hit me right above the knee, and i an 5'5"". it is a purplish pink (as pictured). if it fits you properly, you will be pleased with the quality, color and unique style.",60,Positive,High Rating - Not Recommended,1,2,0.9990975859479867,0.0009024140520133006,Dissatisfied Non-Recommenders,30-39,3.0999622378130947,0,0,0,0,0,0,0.7830622498509751,0.5917116077358902,1,Rating-Recommendation Contradiction
1081,90,2,0,15,General,Dresses,Dresses,"I was really looking forward to this dress. i tried it on and it does not wow like the picture. it came wrinkled, but i think even pressed it would fall weird. the side swoop falls funny, and you can see the seams underneath. and the top front falls funny, not quite sure what to do with it. it almost looks like a mock turtleneck until you fold it down. again, maybe if you get it pressed that would be better. the back is still beautiful though. i'm 5'3"" 115lbs ordered a 0.  maybe on someone talle",97,Negative,Consistent Response,0,6,1.0,0.0,Dissatisfied Non-Recommenders,70+,-9.515811276526023,1,0,1,1,0,2,0.9989781146214767,0.566155723977405,1,Low GMM Density | Multiple Numerical Extremes
828,83,1,0,16,General,Tops,Blouses,"I saw this top online and ordered immediately!
i loved the color, lace, and unique details.
sadly it just arrived and it is a disaster!
the lace is stiff and doesn't lay softly, and is very rough against your skin.
the style ( and i like shorter style tops) is extremely boxy and the sleeves protrude outwards in a funny way.,.....
that although i am so in love with this color, i would be embarrassed to wear this top in public.
it could have been fantastic, if the lace was softer, and some a",94,Negative,Consistent Response,0,6,1.0,0.0,Dissatisfied Non-Recommenders,70+,-8.456509866712585,1,0,1,1,0,2,0.9982542791450225,0.565793806239178,1,Low GMM Density | Multiple Numerical Extremes
872,83,3,1,11,General,Tops,Knits,"This top is beautiful, however it runs beyond big!
i ordered my usual size and i could have fit 2 of me in this top.
i am reordering and going 2 sizes down!
the tie back and embroidery is beautiful.",40,Neutral,Consistent Response,0,7,1.0,0.0,Critical but Recommending,70+,-7.077041050992181,1,0,1,1,0,2,0.9971472366516222,0.5652402849924778,1,Low GMM Density | Multiple Numerical Extremes
871,91,5,1,15,General,Tops,Knits,"From the website picture (in particular, the gray one) this may appear to be ""over-sized."" i can assure you, it is not. i have to return the small i ordered on the over-size assumption, and hope the medium (my usual size) fits because it's a really nice top. the sleeves and the pattern of the weave give it good pizzazz.",60,Positive,Consistent Response,0,5,0.9999999999998543,1.4566126083082054e-13,Highly Satisfied Recommenders,70+,-1.8153569346696248,0,0,1,1,0,2,0.935323171250958,0.5343282522921748,1,Multiple Numerical Extremes
1097,35,2,0,15,General Petite,Dresses,Dresses,Unforgiving to even your smallest imperfections.,6,Negative,Consistent Response,0,6,1.0,0.0,Dissatisfied Non-Recommenders,30-39,-11.960308100873373,1,0,0,1,0,1,0.9995316358681768,0.5330991512674218,1,Low GMM Density
1092,34,3,1,122,General,Dresses,Dresses,"I loved the lace detailing all over this dress and the fact it had pockets and was mostly cotton. it just looked so inviting, so i grabbed two sizes to try on (10 & 12) that 99% of the time fit me with retailer clothes. here are my thoughts:
__________
pros:
- lace detailing is lovely all over.
- everything runs tts except at the bust (see below).
- breathable fabric, comfortable.
_________
cons:
- i'm a 36c and could not button the top two buttons of this dress in a size 10 (i'm 5'9, hourglass, a",97,Neutral,Consistent Response,0,7,1.0,0.0,Critical but Recommending,30-39,-11.03309969049178,1,0,0,1,0,1,0.9993613216384228,0.5330139941525448,1,Low GMM Density
1103,91,1,0,3,General,Dresses,Dresses,"I have been continually disappointed in retailer's clothing for the past year. i feel like their prices have soared and the quality has remained so-so, but dresses like these somehow make the cut. it does not make sense. since when did retailer exclusively market to older women? no, retailer's market has always been young adults. this dress is extremely matronly. although the bottom print is nice, the hot pink belt?? is completely mismatched and gaudy. i really hope retailer starts curating better dress",83,Negative,Consistent Response,0,6,1.0,0.0,Dissatisfied Non-Recommenders,70+,-9.903130022090599,1,0,1,0,0,1,0.9991484288512306,0.5329075477589487,1,Low GMM Density
1095,66,4,1,10,General Petite,Dresses,Dresses,Super cute and flattering!,4,Positive,Consistent Response,0,3,0.9999996822791876,3.177208124371944e-07,Satisfied Recommenders,60-69,-9.66529213776652,1,0,0,1,0,1,0.9991058502937921,0.5328863220243919,1,Low GMM Density
986,43,1,0,108,General,Jackets,Jackets,"I generally don't write bad reviews, but there is a real discrepancy between the quality of this kimono and the cost. the design and colors are great, but the fabric is ripping on all the kimonos on the rack in my store where the manufacturer's tag is at the back of the neck. the material is very thin, so there are other small holes beginning throughout the garment. i shop at retailer all the time, and this is not a $98 item of clothing.",84,Negative,Consistent Response,0,6,1.0,0.0,Dissatisfied Non-Recommenders,40-49,-9.189339428052662,1,0,0,1,0,1,0.9987652218342843,0.5327159442504755,1,Low GMM Density
862,64,1,0,36,General Petite,Tops,Knits,"Loved the look, fit and styling of this turtleneck. but dry clean only, you have to be kidding?",18,Negative,Consistent Response,0,6,1.0,0.0,Dissatisfied Non-Recommenders,60-69,-9.090261398686696,1,0,0,1,0,1,0.9986800647194073,0.532673365693037,1,Low GMM Density
862,23,3,0,38,General Petite,Tops,Knits,I am wearing a medium in the photos and for reference my measurements are 38-30-40. i did not purchase this top.,21,Neutral,Consistent Response,0,6,1.0,0.0,Dissatisfied Non-Recommenders,18-29,-8.871025825799515,1,0,0,1,0,1,0.9986374861619688,0.5326520764143178,1,Low GMM Density
1028,91,2,0,3,General,Bottoms,Jeans,"I love the coh fleetwood jeans, and since i was looking for a pair of not-so-skinny skinny jeans, i thought these would be great. but unlike the fleetwoods, which are a substantial weight denim, these are very soft -- too soft -- and bag out in the first 5 minutes. the style is okay but the fabric makes them unflattering. maybe if you're looking for jeans you can lounge in, these will be for you because they do have the comfort equivalent of sweats.",84,Negative,Consistent Response,0,6,1.0,0.0,Dissatisfied Non-Recommenders,70+,-8.824496497434545,1,0,1,0,0,1,0.9985097504896534,0.53258820857816,1,Low GMM Density
1091,63,3,0,82,General,Dresses,Dresses,"I bought this for an upcoming conference and was grateful that it shipped very promptly.

it runs quite large, in my opinion. i'm 5'7"" and about 130-135lbs. the small was huge on me in the chest and shoulders/arms. the stomach also wasn't very fitted. the material is thinner than i expected (you can see through the dress to some extent when you hold it up to the light), but i don't think this is a problem, necessarily. had it been thicker, it probably would be too warm. but you might need a slip",93,Neutral,Consistent Response,0,6,1.0,0.0,Dissatisfied Non-Recommenders,60-69,-8.58904614659484,1,0,0,1,0,1,0.998382014817338,0.5325243407420024,1,Low GMM Density
1077,32,5,1,19,General,Dresses,Dresses,Beautiful design and fit.,4,Positive,Consistent Response,0,5,0.9999999999999947,5.329070518200751e-15,Highly Satisfied Recommenders,30-39,-8.330864302666598,1,0,0,1,0,1,0.9982117005875841,0.5324391836271265,1,Low GMM Density
949,99,4,1,4,General,Tops,Sweaters,"Great quality, i didn't expect the neck to be so wide but it still looks nice.",16,Positive,Consistent Response,0,3,0.9999989474277464,1.0525722535792426e-06,Satisfied Recommenders,70+,-8.180195384423563,1,0,1,0,0,1,0.9980839649152686,0.5323755263054184,1,Low GMM Density
868,60,3,1,12,General,Tops,Knits,This is a super cute tunic - it is simply way too big.,13,Neutral,Consistent Response,0,7,1.0,0.0,Critical but Recommending,60-69,-7.744704418247057,1,0,0,1,0,1,0.9979136506855147,0.5322901586760908,1,Low GMM Density
862,37,1,0,14,General,Tops,Knits,"I second that above review who states ""worst blouse i've ever ordered""",12,Negative,Consistent Response,0,6,1.0,0.0,Dissatisfied Non-Recommenders,30-39,-7.47850768060156,1,0,0,1,0,1,0.9977433364557609,0.5322050015612138,1,Low GMM Density
1110,56,3,0,77,General,Dresses,Dresses,"This dress arrived today in such a crumpled and wrinkled state that i was reluctant to even try it on. it is on the large size, but fine if you are looking for a very flowing look. longer at the front than shown in the photograph and i am 5'9"". i am sending it back. it is a pretty fabric, although shinier than expected. i am just not prepared to spend so much time pressing and steam ironing this item every time i want to wear it.",87,Neutral,Consistent Response,0,6,1.0,0.0,Dissatisfied Non-Recommenders,50-59,-7.473167368718467,1,0,0,1,0,1,0.9977007578983224,0.5321837122824945,1,Low GMM Density
975,60,3,0,16,General,Jackets,Jackets,"When i tried it on it looked like a stiff bathrobe. straight, too boxy.",14,Neutral,Consistent Response,0,6,1.0,0.0,Dissatisfied Non-Recommenders,60-69,-7.4333259551356505,1,0,0,1,0,1,0.9976156007834455,0.5321411337250561,1,Low GMM Density
1115,71,3,0,44,General,Jackets,Outerwear,"I thought this would be so clean looking, in a theory/vince. menswear way, but unfortunately the cut of the coat is super unflattering. i waiver between a 2 and a 4 at retailer and erred on the side of caution and went with the 4. the shoulders are way off the mark, sleeves are too long, and the button hits about 3 inches too low. it's just...baggy...in a way that the size itself is not the issue. alas, this is going back, and my search for the perfect coat continues!",90,Neutral,Consistent Response,0,6,1.0,0.0,Dissatisfied Non-Recommenders,70+,-7.414039690963543,1,0,0,1,0,1,0.9974878651111301,0.5320772658888984,1,Low GMM Density
862,27,2,0,20,General,Tops,Knits,This shirt is thin and shapeless. the quality is h&m esque. unflattering. not a fan,15,Negative,Consistent Response,0,6,1.0,0.0,Dissatisfied Non-Recommenders,18-29,-7.29056986707597,1,0,0,1,0,1,0.9973175508813762,0.5319921087740215,1,Low GMM Density
1082,42,3,1,8,General,Dresses,Dresses,"Very well made, wonderful fabric. fit perfectly everywhere but the bust.",11,Neutral,Consistent Response,0,7,1.0,0.0,Critical but Recommending,40-49,-7.066847102877434,1,0,0,1,0,1,0.9971046580941838,0.5318856623804252,1,Low GMM Density
634,65,2,0,55,General Petite,Intimate,Lounge,"So i recognized the fact that this dress was likely intended more for lounging than for wearing out and about, but i once had a lot of luck with dresses of this price point (and intent) at retailer, so i had hopes. i was just wanting it to be a great addition for vacations and beach days, but it's honestly so thin i couldn't even see it working that well for that. it's also cut smaller than i was anticipating judging by the way it fits the model; my usual small was way more bodycon than i was anti",99,Negative,Consistent Response,0,6,1.0,0.0,Dissatisfied Non-Recommenders,60-69,-6.908720629108073,1,0,0,1,0,1,0.9968917653069914,0.5317792159868291,1,Low GMM Density
862,84,3,1,1,General,Tops,Knits,"I wanted to love this top. the color is wonderful in the pink and the material is silky soft. it is huge though, i am a 34 dd and bought my usual small! i am going to exchange for an xs and am hoping it fits.",46,Neutral,Consistent Response,0,7,1.0,0.0,Critical but Recommending,70+,-6.790638514024607,1,0,1,0,0,1,0.9968066081921144,0.5317366374293906,1,Low GMM Density
1095,70,2,0,42,General,Dresses,Dresses,"Runs small. i'm usually a size sm for retailer clothing (for reference, i'm 5'4, 129lbs, 36b). the tie around the waist of this dress is not a functional tie that you can relax a bit to give yourself more room around the waist. i could not fasten the buttons to close the dress on the size 8. the size 10 fit enough to fasten the buttons but there was a lot of extra fabric and the arm holes were very large. pretty, vibrant colors but size up and be warned of the large armholes.",94,Negative,Consistent Response,0,6,1.0,0.0,Dissatisfied Non-Recommenders,70+,-6.733364946270937,1,0,0,1,0,1,0.9967214510772375,0.5316940588719521,1,Low GMM Density
1060,41,3,0,71,General Petite,Bottoms,Pants,"This would be perfect if only it were lined!!!! i have a high waist and hourglass shape so jumpers are very hard to find that fit my body type. this is a perfect fit for my body shape and when on, it looks like a lovely dress. however, it is not lined and the material is very light and ivory so you see everything. you can't wear a slip so that leaves the option of some sort of bodysuit if you don't want to show the world what you have. i am very tired of all of the light colored clothing not bei",103,Neutral,Consistent Response,0,6,1.0,0.0,Dissatisfied Non-Recommenders,40-49,-6.7184013883839135,1,0,0,1,0,1,0.996678872519799,0.5316727695932328,1,Low GMM Density
1082,31,3,1,19,General,Dresses,Dresses,The xxs petite fit great except in bust and shoulder area. i'm a 32a and it was really tight.,19,Neutral,Consistent Response,0,7,1.0,0.0,Critical but Recommending,30-39,-6.587093224922553,1,0,0,1,0,1,0.9964234011751681,0.5315450339209175,1,Low GMM Density
1094,21,3,1,36,General,Dresses,Dresses,"Such quality went in to this dress - it is beautiful. the torso is lined and the tulle is not super poofy at the waist. it is, however, not made for the busty gal. i am a 32 dd, the fabric comes in at the arm pits making for narrow coverage around the chest. also this dress is short waisted, it is almost an empire on me. i wish it worked, as it is lovely. perhaps it will work on the someone super thin? so sad about it!",88,Neutral,Consistent Response,0,7,1.0,0.0,Critical but Recommending,18-29,-6.575291509292661,1,0,0,1,0,1,0.9963808226177298,0.5315237446421982,1,Low GMM Density
839,25,3,1,23,General,Tops,Blouses,"This is a gorgeous top; however, it is very sheer and see through. maybe the fabric would have been better if it was a bit thicker?",26,Neutral,Consistent Response,0,7,1.0,0.0,Critical but Recommending,18-29,-6.478799860187191,1,0,0,1,0,1,0.9962530869454143,0.5314598768060405,1,Low GMM Density
1094,37,2,0,12,General,Dresses,Dresses,Super cute dress but the waist band is very large and bulky.,12,Negative,Consistent Response,0,6,1.0,0.0,Dissatisfied Non-Recommenders,30-39,-6.394625008918716,1,0,0,1,0,1,0.9960827727156604,0.5313747196911636,1,Low GMM Density
1002,91,5,1,0,General,Bottoms,Skirts,,0,Positive,Consistent Response,0,4,0.9999938561046822,6.143895317833881e-06,Highly Satisfied Recommenders,70+,-6.379651668008738,1,0,1,0,0,1,0.9959976156007835,0.5313333699127887,1,Low GMM Density
838,73,1,0,19,General,Tops,Blouses,"I was so excited for this to arrive. at the end of last summer, my favorite shirt (you know the kind - dresses up or down with ease - it's your go to for work or a night out with friends) was ruined and i have been searching for the perfect replacement. i thought that this would be a good contender, but i was ever so disppaointed when i opened the bag...

firstly, the base color is not accurately represented in the photograph - in person its more of a peachy off-whte instead of white. still pr",97,Negative,Consistent Response,0,6,1.0,0.0,Dissatisfied Non-Recommenders,70+,-6.356818254757343,1,0,0,1,0,1,0.995955037043345,0.5313108518550058,1,Low GMM Density
923,39,3,1,53,General,Tops,Sweaters,"I typically take a m or a l in retailer tops/sweaters, so i ordered one of each, as this has been on back-order for forever. the medium was swimming on me - and i have a very athletic frame, with huge traps and biceps. i could have easily taken this in a small and still had plenty of length in the sleeves - and i have very long arms. 
---------
this sweater is thick and heavy. there's no way here in atlanta it can be worn anytime other than spring and the occasional very, very cool summer night.",98,Neutral,Consistent Response,0,7,1.0,0.0,Critical but Recommending,30-39,-6.341892267023923,1,0,0,1,0,1,0.9959124584859065,0.5312895625762866,1,Low GMM Density
902,47,1,0,13,General,Tops,Fine gauge,This sweater is a dull off white color. it looks old fashioned. don't get.,14,Negative,Consistent Response,0,6,1.0,0.0,Dissatisfied Non-Recommenders,40-49,-6.21302642261843,1,0,0,1,0,1,0.9957847228135911,0.5312256947401289,1,Low GMM Density
864,55,3,0,39,General,Tops,Knits,This top has nice quality lace but the layout is strange! it wouldn't stay under my boobs but kept creeping up and looked strange! not for girls with a chest!,30,Neutral,Consistent Response,0,6,1.0,0.0,Dissatisfied Non-Recommenders,50-59,-6.207404047047856,1,0,0,1,0,1,0.9957421442561526,0.5312044054614097,1,Low GMM Density
820,78,3,0,13,General Petite,Tops,Blouses,"I wanted to love this top. i wanted to love it so badly i bought it twice. the design and beading are beautiful, but the sizing is off. as another person mentioned it does run short, but that was not the issue for me. i ordered my usual size in this brand and the arm holes were too tight. because i really love it, i decided to exchange it for a larger size. i did not try it on in the store because i never wear that size, and just assumed the arm holes would be larger. sadly they were not. still",102,Neutral,Consistent Response,0,6,1.0,0.0,Dissatisfied Non-Recommenders,70+,-6.198384807081965,1,0,0,1,0,1,0.9956995656987141,0.5311831161826904,1,Low GMM Density
833,81,2,0,2,General Petite,Tops,Blouses,"Like other reviewers have said, this is very sheer, look at the sleeve in the picture and you'll get an idea of how sheer the body is as well. the material posed challenges for it's creater because one top i tried on in the store had a sleeve that was smaller than the other, tight enough that it would have ripped if i weren't careful. tried on another identical top and the sleeves were a normal somewhat loose fit. bodice portion is much more intense pink in real life. loose, billowy, and perhaps",93,Negative,Consistent Response,0,6,1.0,0.0,Dissatisfied Non-Recommenders,70+,-6.15214127769781,1,0,1,0,0,1,0.9956569871412757,0.5311618269039712,1,Low GMM Density
1081,52,2,0,57,General Petite,Dresses,Dresses,I'm 5 feet 120 and hourglass figure. i literally burst out laughing when i opened the package. i ordered my usual small petite. the dress is so short and small you would have to be 4 feet 90 pounds. returning.,40,Negative,Consistent Response,0,6,1.0,0.0,Dissatisfied Non-Recommenders,50-59,-6.140644968010417,1,0,0,1,0,1,0.9955718300263987,0.5311192483465327,1,Low GMM Density
1080,42,3,0,8,General,Dresses,Dresses,Not sure what to think! i had great plans for this dress,12,Neutral,Consistent Response,0,6,1.0,0.0,Dissatisfied Non-Recommenders,40-49,-6.1354674525692445,1,0,0,1,0,1,0.9955292514689602,0.5310979590678134,1,Low GMM Density
829,64,3,0,44,General,Tops,Blouses,"I bought the orange in xxs petite, and the cream in the xsp as it did not come in xxs.

i like a swing style, but this is a tent. the material in the cream is fairly sheer, and i found hanging threads that came from suspect seams. the overall effects was being lost in all the fabric. they rather skew old school maternity in summation. mine are going back.",70,Neutral,Consistent Response,0,6,1.0,0.0,Dissatisfied Non-Recommenders,60-69,-6.115805031956043,1,0,0,1,0,1,0.9954440943540833,0.531055380510375,1,Low GMM Density
833,42,3,0,42,General,Tops,Blouses,"Pretty tank, embroidered flowers just as pictured. slightly see through so that a cami would be a must. for the price, should be more of a show stopper...unfortunately just average.",30,Neutral,Consistent Response,0,6,1.0,0.0,Dissatisfied Non-Recommenders,40-49,-6.10859193255965,1,0,0,1,0,1,0.9954015157966448,0.5310340912316558,1,Low GMM Density
1077,35,1,0,28,General,Dresses,Dresses,This dress comes with a built in fupa. literally there is extra material at the lower abdomen that sticks out and is very unflattering.,24,Negative,Consistent Response,0,6,1.0,0.0,Dissatisfied Non-Recommenders,30-39,-6.100842421599399,1,0,0,1,0,1,0.9953589372392063,0.5310128019529365,1,Low GMM Density
1078,42,1,0,26,General Petite,Dresses,Dresses,Horrible fit. i do not understand why they but a aline dress with a skin non aline camisole under the dress.,21,Negative,Consistent Response,0,6,1.0,0.0,Dissatisfied Non-Recommenders,40-49,-6.081616670639159,1,0,0,1,0,1,0.9952737801243294,0.530970223395498,1,Low GMM Density
1077,32,3,1,8,General Petite,Dresses,Dresses,Dress runs very large. quality is great and the pockets are a great addition.,14,Neutral,Consistent Response,0,7,1.0,0.0,Critical but Recommending,30-39,-6.032394016072887,1,0,0,1,0,1,0.9952312015668909,0.5309489341167788,1,Low GMM Density
854,42,2,0,65,General Petite,Tops,Knits,"What drew me to this shirt was the beautiful silver and gold embroidery on the front. the shirt was folded at the store, which makes sense because if it were hung it up, fewer people would try it on. this shirt is sheer from the front and more sheer in the back. this is what bugs me about so many ""clothes"" that are made these days: they are so cheaply made, so thin with cloth, that you are forced to layer with a camisole or something else in order to wear it in public. i can't wear sheer clothes",99,Negative,Consistent Response,0,6,1.0,0.0,Dissatisfied Non-Recommenders,40-49,-5.963050755178882,1,0,0,1,0,1,0.995060887337137,0.5308637770019019,1,Low GMM Density
878,40,2,0,10,General,Tops,Knits,C'mon. the accent is wrong! a simple google search would prevent this.,12,Negative,Consistent Response,0,6,1.0,0.0,Dissatisfied Non-Recommenders,40-49,-5.8998980749938745,1,0,0,1,0,1,0.9949331516648215,0.5307999091657442,1,Low GMM Density
883,43,3,0,14,General Petite,Tops,Knits,"Lovely color and sweet top, but the fabric was so itchy i couldn't wear it.",15,Neutral,Consistent Response,0,6,1.0,0.0,Dissatisfied Non-Recommenders,40-49,-5.8808400438938015,1,0,0,1,0,1,0.9948905731073832,0.5307786198870249,1,Low GMM Density
1094,94,1,0,0,General,Dresses,Dresses,Dress just did not fit will around the hips.  also the string belt was defective - basically about to come off.  looks like someone may have wore it and returned it.  was not flattering at all.,36,Negative,Consistent Response,0,2,0.9990697410228164,0.0009302589771835734,Dissatisfied Non-Recommenders,70+,-5.712379381878141,1,0,1,0,0,1,0.994337051860683,0.5306879110591116,1,Low GMM Density
1081,40,1,0,48,General,Dresses,Dresses,"Do not buy this dress for full price. the design looks great but after receiving the dress, the material is made of extremely cheap slinky-ish polyester that you would find at a f21 store. the stitching is horrific and created an uneven ""hump"" on the back seam. just absolutely poor poor quality.",52,Negative,Consistent Response,0,6,1.0,0.0,Dissatisfied Non-Recommenders,40-49,-5.809824431670354,1,0,0,1,0,1,0.9945925232053138,0.5306295949359903,1,Low GMM Density
872,59,1,0,15,General Petite,Tops,Knits,Very unflattering and no shape or flair. lots of extra material but no swing or shape. do not recommend.,19,Negative,Consistent Response,0,6,1.0,0.0,Dissatisfied Non-Recommenders,50-59,-5.722846002619516,1,0,0,1,0,1,0.9944222089755599,0.5305444378211133,1,Low GMM Density
1094,39,3,0,55,General Petite,Dresses,Dresses,I fell in love with this dress the instant i saw it. but was disappointed when i received it. first was the color. i chose the green and it wasn't what i thought. it was a very unnatural shade of artificial grass. when my husband saw it in the package he thought i had ordered a cheap grass hula skirt. the color was that bad. the fit was the next problem. this dress would have fit nicely if they had just added a side zip and made the top more fitted. the top was loose and that added to the flowy,101,Neutral,Consistent Response,0,6,1.0,0.0,Dissatisfied Non-Recommenders,30-39,-5.691820630349991,1,0,0,1,0,1,0.994251894745806,0.5304592807062364,1,Low GMM Density
1081,52,1,0,43,General,Dresses,Dresses,"I also returned this dress after waiting weeks to received it.  i had high hopes for this dress as i really loved it online but what a disappointment when i got it.  the fabric is made of cheap poly that's shiny, thin, and clingy.  it shows every lump and bump you have.  the zipper at the back won't lay flat and keeps bunching up creating an ugly bump.  the sewing and hemline is uneven.  there wasn't a lot of thought put in in the print placement where the seams was sewn together in the midline",95,Negative,Consistent Response,0,6,1.0,0.0,Dissatisfied Non-Recommenders,50-59,-5.66778551170248,1,0,0,1,0,1,0.9941241590734906,0.5303954128700786,1,Low GMM Density
1110,69,1,0,24,General,Dresses,Dresses,"This dress is just very unattractive. it is quite short-waisted, almost empire and so the pockets hit in an odd place. also it is very long - midi length - and the skirt is very wide. the effect is matronly, not cute at all. size-wise it fit true to size and it is a nice medium weight denim and the construction is good.",63,Negative,Consistent Response,0,6,1.0,0.0,Dissatisfied Non-Recommenders,60-69,-5.649921758694493,1,0,0,1,0,1,0.9940815805160521,0.5303741235913594,1,Low GMM Density
862,36,1,0,43,General,Tops,Knits,"There were no reviews, it's an ""online exclusive"" and thought it might look good with a nice skirt at an upcoming wedding. the spandex jersey back looks like sweat shirt material. on the white version of this, it is mismatched with an oatmeal color and white that just looks awful. as a busty 36d i was stunned to find myself swimming in a medium. it does not look like the photograph and the sleeve billow out. i feel like this had to have been clipped and tucked in for this photograph. i'm an anth",94,Negative,Consistent Response,0,6,1.0,0.0,Dissatisfied Non-Recommenders,30-39,-5.639639976328905,1,0,0,1,0,1,0.9939964234011752,0.530331545033921,1,Low GMM Density
1099,37,3,0,35,General,Dresses,Dresses,"Giving 3.5 stars due to how big this dress runs. i am 5' 118lbs and i was swimming in the xs. it is a beautiful dress, just beware it runs very large.",32,Neutral,Consistent Response,0,6,1.0,0.0,Dissatisfied Non-Recommenders,30-39,-5.378952849045412,1,0,0,1,0,1,0.9931874308098442,0.5299270487382555,1,Low GMM Density
1110,44,3,0,51,General Petite,Dresses,Dresses,I purchased the 0p online and it was so incredibly short on me it wouldn't even serve as a tunic!! it was also so tight in the bust area that i could not pull it down because there is absolutely no give in the material. the berry color was not as bright as it had appeared online but in fact was a very muddled color that seemed to make the material look even more cheap. i would need to size up considerably to have good fit without give in the bust and arms and judging by the structure of the dres,101,Neutral,Consistent Response,0,6,1.0,0.0,Dissatisfied Non-Recommenders,40-49,-5.335540569721358,1,0,0,1,0,1,0.9929319594652133,0.52979931306594,1,Low GMM Density
1094,81,2,0,3,General Petite,Dresses,Dresses,"I really wanted to love this dress. it is absolutely beautiful - the color, design and details. however, whether it is the high neckline or the sleeves, it did nothing for me and made me look kinda frumpy. though i am slender, i have a chest. maybe that was the problem.",51,Negative,Consistent Response,0,6,1.0,0.0,Dissatisfied Non-Recommenders,70+,-5.302924354848923,1,0,1,0,0,1,0.9928893809077749,0.5297780237872208,1,Low GMM Density
1092,42,1,0,15,General,Dresses,Dresses,Horrible fit not true to size again aline outside of the dress and a very tight camisole underneath,18,Negative,Consistent Response,0,6,1.0,0.0,Dissatisfied Non-Recommenders,40-49,-5.288744842777451,1,0,0,1,0,1,0.9928042237928979,0.5297354452297823,1,Low GMM Density
1028,91,3,0,0,General Petite,Bottoms,Jeans,"These are the very stretchy, almost spongy, type fabric.  i ordered my usual size and they fit me like a sausage skin.  crazy small!!!",24,Neutral,Consistent Response,0,2,0.9987125802385726,0.001287419761427433,Dissatisfied Non-Recommenders,70+,-5.168569962661995,1,0,1,0,0,1,0.9922507025461977,0.5297161685587177,1,Low GMM Density
1077,64,3,1,31,General,Dresses,Dresses,"Very attractive pattern and color. the black is so soft that it seems close to sepia. the length was fine. the fabric, meaning the dress, is quite heavy for not having a lining except just around the bra area---even though the facing didn't successfully substitute for a bra in my opinion. the arm holes are cut in quite a bit so one would have to find the appropriate bra.
the dress runs very large. i ordered an xs petite. it was about 2 inches too large (4 inches total) on either side across the",94,Neutral,Consistent Response,0,7,1.0,0.0,Critical but Recommending,60-69,-5.259136458902233,1,0,0,1,0,1,0.9926764881205825,0.5296715773936246,1,Low GMM Density
1038,29,3,0,42,General Petite,Bottoms,Jeans,"I think you have to have stick legs/legs for days for this style to fit as pictured. i thought i had found the perfect boyfriend jean, but once these babies arrived i was really disappointed. the color is slightly brighter than the picture, which is fine, though i was digging the slightly greyed look.

anyway, these were loose in the waist and crotch and fit snugly everywhere else. i have a fairly athletic build, so it's not uncommon for me to have issues with fit around the calves and thighs,",90,Neutral,Consistent Response,0,6,1.0,0.0,Dissatisfied Non-Recommenders,18-29,-5.253245179674796,1,0,0,1,0,1,0.992633909563144,0.5296502881149053,1,Low GMM Density
1077,42,1,0,13,General,Dresses,Dresses,Nice and colorful dress but runs very oversized. material mutes the colors not as vibrant in person.,17,Negative,Consistent Response,0,6,1.0,0.0,Dissatisfied Non-Recommenders,40-49,-5.247697875826846,1,0,0,1,0,1,0.9925913310057055,0.5296289988361861,1,Low GMM Density
986,42,3,0,49,General,Jackets,Jackets,This is super cute and the colors are so vibrant and its thin enough to wear with tanks for the summer but it already had a hole forming in the upper back shoulder.  i guess the material was a little too thin....$98 is a little too much money for something that gets holes so easily!,55,Neutral,Consistent Response,0,6,1.0,0.0,Dissatisfied Non-Recommenders,40-49,-5.239690131931848,1,0,0,1,0,1,0.992548752448267,0.5296077095574668,1,Low GMM Density
1081,28,2,0,42,General,Dresses,Dresses,I purchased this dress for my graduation. the colors are much more intense and bright then they appear online. i'm kind of concerned that i look like a carnival tent. i like the style but the fabric feels cheap for the cost of the dress. the fabric is 100% synthetic.the fit is great. the dress is true to size,59,Negative,Consistent Response,0,6,1.0,0.0,Dissatisfied Non-Recommenders,18-29,-5.068701542847414,1,0,0,1,0,1,0.9918674955292515,0.5292670810979591,1,Low GMM Density
1095,57,3,0,38,General,Dresses,Dresses,"1. i'm 5'5"" tall, 140 lbs and 38 (36d) - 32- 40. i'm normally a size 10 in most brands, and in maeve in the past. this dress was too tight across my waist and hips in a size 12, so it runs very slim.

2. this dress is very long waisted, so the top bunched up funny.

3. the horizontal bar in the back is in the wrong place, and will not hide your bra strap.

4. there are bra strap keep loops in the shoulders, but this is an off the shoulder top.

5. the underarms bunched funny.

6. the dress has h",105,Neutral,Consistent Response,0,6,1.0,0.0,Dissatisfied Non-Recommenders,50-59,-5.032506507400527,1,0,0,1,0,1,0.9916546027420591,0.5291606347043629,1,Low GMM Density
1110,61,3,1,14,General,Dresses,Dresses,This is a lovely dress that i would consider to purchase if the dress is lined and the key hole is not deep. tts,24,Neutral,Consistent Response,0,7,1.0,0.0,Critical but Recommending,60-69,-5.023006210918071,1,0,0,1,0,1,0.9915694456271822,0.5291180561469244,1,Low GMM Density
862,46,1,0,37,General,Tops,Knits,"I ordered this top based on the photos. this looked unique and beautiful, plus i've loved past designs by this brand. i thought this would be nice for summer. there isn't a straight-on view of the front of the top for a reason. the model is turned to the side and there is one black flower that stands out below her chest, away from the border of the rest of the flowers. the flower looks kind of like a bee. i believe she is either wearing a size larger or pulling down the top to mask the problem.",98,Negative,Consistent Response,0,6,1.0,0.0,Dissatisfied Non-Recommenders,40-49,-5.002637940824194,1,0,0,1,0,1,0.9914417099548667,0.5290541883107667,1,Low GMM Density
818,40,1,0,31,General,Tops,Blouses,"One of the worst shirts i've tried in a long time. i don't know how they managed to give it a little shape on the model. in person it is sleeveless, huge, short and wide.",35,Negative,Consistent Response,0,6,1.0,0.0,Dissatisfied Non-Recommenders,40-49,-4.971382368379452,1,0,0,1,0,1,0.9913565528399898,0.5290116097533283,1,Low GMM Density
936,72,3,0,15,General,Tops,Sweaters,"I tried this sweater on in the store. i love the design and was hoping it would look as good on me as it does on the model. first off i should point out that the navy color in the featured photo looks much lighter than the sweater does in person. some of the photos accurately represent how dark the blue is (it almost looks black) but the featured photo shows it more like a medium navy. secondly, anyone looking to purchase should know it is very warm. if you are buying to wear mostly indoors you",97,Neutral,Consistent Response,0,6,1.0,0.0,Dissatisfied Non-Recommenders,70+,-4.9469360897142565,1,0,0,1,0,1,0.9911862386102359,0.5289264526384513,1,Low GMM Density
997,36,2,0,42,General Petite,Bottoms,Skirts,So you're thinking this is a red and black skirt right? nope. it's an obnoxious cherry red netting with cranberry crushed velvet insets overlaid on bright red actual spandex. spandex that shows every wrinkle and panty line. it's really god awful.,41,Negative,Consistent Response,0,6,1.0,0.0,Dissatisfied Non-Recommenders,30-39,-4.925486747434011,1,0,0,1,0,1,0.9911010814953589,0.5288838740810128,1,Low GMM Density
1110,57,1,0,31,General Petite,Dresses,Dresses,"I loved the print and fabric of this dress when i first saw it, but trying it on was a very different story! the photo seems to show a wider, more well-defined waist, with just a small amount of ""blousing"" on top, but this was not the case. yes, the waist fit, but it is a narrow band that was covered completely by the hanging over of the ill-fitting top, turning the entire look into a shapeless and very unattractive fit. sadly, this is going right back!",87,Negative,Consistent Response,0,6,1.0,0.0,Dissatisfied Non-Recommenders,50-59,-4.913160371873197,1,0,0,1,0,1,0.991015924380482,0.5288412955235744,1,Low GMM Density
1104,35,3,0,43,General,Dresses,Dresses,"I thought this was so cute online, sweet and feminine, but when it arrived and i tried it on in my usual 12p i felt like i had just stepped back into freshman year of highschool - it is very early 90s - not the bohemian i was going for. it is also very high waisted, even for my little 5'1 frame. i truly felt like they pulled this out of someone's closet, dusted it off and said, ta da! as much as i love rachel and monica i have moved on from their clothing :)",96,Neutral,Consistent Response,0,6,1.0,0.0,Dissatisfied Non-Recommenders,30-39,-4.902657173184245,1,0,0,1,0,1,0.990930767265605,0.5287987169661359,1,Low GMM Density
838,74,2,0,14,General,Tops,Blouses,"Beautiful print, however as the previous reviewer mentioned it is very sheer, much sheerer than the product shot shows. i was expecting to be able to wear a nude bra under this without a cami, however my nude bra was completely visible.
the top also ended at the middle of the zipper of my jeans, so much shorter than the tunic length shown, and the bottom half of the sleeves ballooned out much more noticeably in person (the top half of the sleeves are slim, and the bottom half are looser).
over",92,Negative,Consistent Response,0,6,1.0,0.0,Dissatisfied Non-Recommenders,70+,-4.85948449727406,1,0,0,1,0,1,0.9907604530358511,0.5287135598512589,1,Low GMM Density
559,73,2,0,14,General,Trend,Trend,"Love the look of this and the fabric, but runs way small. i usually wear a 0. ordered the 0, then 2. just got the 4 and it's still too small. will be returning all 3.",36,Negative,Consistent Response,0,6,1.0,0.0,Dissatisfied Non-Recommenders,70+,-4.855271194275229,1,0,0,1,0,1,0.9907178744784126,0.5286922705725396,1,Low GMM Density
1094,56,3,1,33,General Petite,Dresses,Dresses,If you look closely at the pictures this dress is shown 2 different ways. one with a lace covered v-neck and one with a rounded neck. which is it retailer? don't know about the size but i had to answer the question. i won't order the dress until i know exactly which style i'm ordering.,55,Neutral,Consistent Response,0,7,1.0,0.0,Critical but Recommending,50-59,-4.8316135672979446,1,0,0,1,0,1,0.9906752959209743,0.5286709812938205,1,Low GMM Density
996,29,5,1,9,General,Bottoms,Skirts,Made my wedding outfit perfect!,5,Positive,Consistent Response,0,5,0.9999999999999893,1.0658141036401503e-14,Highly Satisfied Recommenders,18-29,-4.816103365913369,1,0,0,1,0,1,0.9905901388060973,0.5286284027363841,1,Low GMM Density
1095,23,2,0,32,General Petite,Dresses,Dresses,"This dress is very cute and well made. unfortunately it was too short waisted for me and runs small in the bust. the arm holes were too big yet the bust small, very weird fit on me. i am six feet tall with 38c bust, maybe if you are shorter with smaller chest this dress will work for you. it has a thin lining and is not see through even though it is white fabric. i love the dress it just wasn't made for my tall figure.",87,Negative,Consistent Response,0,6,1.0,0.0,Dissatisfied Non-Recommenders,18-29,-4.789865636949351,1,0,0,1,0,1,0.9903772460189049,0.5285219563427858,1,Low GMM Density
864,23,4,1,93,General,Tops,Knits,"This top is beautiful, the lace is sturdy and intricate and the top drapes perfectly, slimming. but, a word to the wise, the lace does not stretch at all even though the rest of the material does and that coupled with where it is on the bust and back means very limited movement unless you are a size 0 with an narrow back/chest and shoulders. i can't imagine anyone with a cup size larger than a b wearing this. i am 5'5"", 145 lbs and a 34b and always a small or medium and a size 6 for reference. i",100,Positive,Consistent Response,0,3,0.9999862570399471,1.3742960052853803e-05,Satisfied Recommenders,18-29,-4.758388193703098,1,0,0,1,0,1,0.9901217746742741,0.5283969692624809,1,Low GMM Density
895,83,4,1,12,General,Tops,Fine gauge,"I ordered this top in all 3 colors, love the peplum.look..
returned the green, which is actually my fav color but it wasn't a pretty shade of green and i don't think that it was a flattering contrast with the cream,, especially going into spring/summer..
kept the yellow and the navy and love..
the navy is classic and the yellow is soft and flattering.
it's a very cute top, runs a little large, but is very pretty.",77,Positive,Consistent Response,0,3,0.9999898928619583,1.0107138041726138e-05,Satisfied Recommenders,70+,-1.1029078990240213,0,0,1,1,0,2,0.8954270629311079,0.514382219559829,1,Multiple Numerical Extremes
414,61,3,0,3,Initmates,Intimate,Sleep,"Very pretty, romantic",3,Neutral,Consistent Response,0,6,1.0,0.0,Dissatisfied Non-Recommenders,60-69,-16.46474827007425,1,0,0,0,0,0,0.9996167929830537,0.49980839649152686,1,Low GMM Density
279,48,1,0,1,General Petite,Intimate,Lounge,Totally see through.,3,Negative,Consistent Response,0,6,1.0,0.0,Dissatisfied Non-Recommenders,40-49,-15.192806243166153,1,0,0,0,0,0,0.9995742144256152,0.4997871072128076,1,Low GMM Density
850,63,2,0,7,General,Tops,Blouses,So much right but then....too short.,6,Negative,Consistent Response,0,6,1.0,0.0,Dissatisfied Non-Recommenders,60-69,-11.11031940582012,1,0,0,0,0,0,0.9994039001958613,0.49970195009793067,1,Low GMM Density
815,24,3,1,1,General,Tops,Blouses,Runs a little small in the shoulders/bust,7,Neutral,Consistent Response,0,7,1.0,0.0,Critical but Recommending,18-29,-10.265169556944498,1,0,0,0,0,0,0.9992335859661075,0.4996167929830537,1,Low GMM Density
937,37,3,0,1,General,Tops,Sweaters,"The sweater is cute, but scratchy.",6,Neutral,Consistent Response,0,6,1.0,0.0,Dissatisfied Non-Recommenders,30-39,-10.163259214398641,1,0,0,0,0,0,0.999191007408669,0.4995955037043345,1,Low GMM Density
824,70,3,0,4,General,Tops,Blouses,Too pricey for the quality of this imported product.,9,Neutral,Consistent Response,0,6,1.0,0.0,Dissatisfied Non-Recommenders,70+,-9.564922377459242,1,0,0,0,0,0,0.9990206931789151,0.49951034658945753,1,Low GMM Density
1094,67,1,0,1,General,Dresses,Dresses,Very cheap looking material. looks cheap to cost $158.,9,Negative,Consistent Response,0,6,1.0,0.0,Dissatisfied Non-Recommenders,60-69,-9.12103776210753,1,0,0,0,0,0,0.9987226432768458,0.4993613216384229,1,Low GMM Density
861,58,1,0,1,General,Tops,Knits,Material is too thin and quality is poor,8,Negative,Consistent Response,0,6,1.0,0.0,Dissatisfied Non-Recommenders,50-59,-8.681935082521154,1,0,0,0,0,0,0.9984245933747765,0.49921229668738826,1,Low GMM Density
1083,55,2,0,1,General Petite,Dresses,Dresses,"Pretty fabric, nice style, took it back.",7,Negative,Consistent Response,0,6,1.0,0.0,Dissatisfied Non-Recommenders,50-59,-8.579873355016465,1,0,0,0,0,0,0.9983394362598995,0.49916971812994976,1,Low GMM Density
886,27,5,1,1,General Petite,Tops,Knits,Great style!,2,Positive,Consistent Response,0,5,1.0,0.0,Highly Satisfied Recommenders,18-29,-8.294808072285251,1,0,0,0,0,0,0.9981691220301456,0.4990845610150728,1,Low GMM Density
865,23,2,0,1,General,Tops,Knits,Tried this on in store. was ill-fitting and sheer.,9,Negative,Consistent Response,0,6,1.0,0.0,Dissatisfied Non-Recommenders,18-29,-8.136361791349628,1,0,0,0,0,0,0.9980413863578302,0.4990206931789151,1,Low GMM Density
992,53,5,1,2,General Petite,Bottoms,Skirts,Beautiful colors,2,Positive,Consistent Response,0,5,1.0,0.0,Highly Satisfied Recommenders,50-59,-8.022420059905327,1,0,0,0,0,0,0.9979988078003917,0.49899940390019587,1,Low GMM Density
871,61,1,0,7,General,Tops,Knits,"Poor quality, material looks much thinner and cheaper than pictured.",10,Negative,Consistent Response,0,6,1.0,0.0,Dissatisfied Non-Recommenders,60-69,-8.009874482679914,1,0,0,0,0,0,0.9979562292429532,0.4989781146214766,1,Low GMM Density
863,52,1,0,1,General,Tops,Knits,"What a disappointment and for the price, it's outrageous!",9,Negative,Consistent Response,0,6,1.0,0.0,Dissatisfied Non-Recommenders,50-59,-7.5122806642080135,1,0,0,0,0,0,0.9977859150131994,0.4988929575065997,1,Low GMM Density
868,33,3,0,2,General,Tops,Knits,"Cute top, not great on me. beautiful, bright color.",9,Neutral,Consistent Response,0,6,1.0,0.0,Dissatisfied Non-Recommenders,30-39,-7.461909894584782,1,0,0,0,0,0,0.997658179340884,0.498829089670442,1,Low GMM Density
343,66,3,0,6,Initmates,Intimate,Layering,So comfortable and soft but starting pilling after one wear! sending back.,12,Neutral,Consistent Response,0,6,1.0,0.0,Dissatisfied Non-Recommenders,60-69,-7.41917651610364,1,0,0,0,0,0,0.9975304436685685,0.49876522183428423,1,Low GMM Density
1104,39,3,1,3,General,Dresses,Dresses,"Love the color and style, but material snags easily",9,Neutral,Consistent Response,0,7,1.0,0.0,Critical but Recommending,30-39,-7.406062659901293,1,0,0,0,0,0,0.9974452865536916,0.4987226432768458,1,Low GMM Density
945,68,1,0,1,General,Tops,Sweaters,Ordered this vest on line and returned it due too poor quality .,13,Negative,Consistent Response,0,6,1.0,0.0,Dissatisfied Non-Recommenders,60-69,-7.317583094965926,1,0,0,0,0,0,0.9974027079962531,0.49870135399812654,1,Low GMM Density
927,54,3,1,2,General Petite,Tops,Sweaters,Bells out to much i had to send it back,10,Neutral,Consistent Response,0,7,1.0,0.0,Critical but Recommending,50-59,-7.023398646418512,1,0,0,0,0,0,0.9970195009793068,0.4985097504896534,1,Low GMM Density
1077,28,3,1,1,General,Dresses,Dresses,"Really liked this dress, but it ran too big for me.",11,Neutral,Consistent Response,0,7,1.0,0.0,Critical but Recommending,18-29,-6.8436400108881035,1,0,0,0,0,0,0.9968491867495529,0.49842459337477646,1,Low GMM Density
1094,38,1,0,3,General Petite,Dresses,Dresses,The title says it all. looks very pretty online though.,10,Negative,Consistent Response,0,6,1.0,0.0,Dissatisfied Non-Recommenders,30-39,-6.6650038929742905,1,0,0,0,0,0,0.996593715404922,0.498296857702461,1,Low GMM Density
1110,39,2,0,1,General,Dresses,Dresses,"Awful color, horribly wrinkled and just a mess...so disappointed",9,Negative,Consistent Response,0,6,1.0,0.0,Dissatisfied Non-Recommenders,30-39,-6.629260049224754,1,0,0,0,0,0,0.9965511368474836,0.4982755684237418,1,Low GMM Density
255,46,3,0,1,Initmates,Intimate,Lounge,"The body is huge, while the arms fit. being returned!",10,Neutral,Consistent Response,0,6,1.0,0.0,Dissatisfied Non-Recommenders,40-49,-6.52348840050859,1,0,0,0,0,0,0.9963382440602913,0.49816912203014563,1,Low GMM Density
815,37,3,0,6,General Petite,Tops,Blouses,Beautiful victorian look blouse. runs large and overly blousy on me.,11,Neutral,Consistent Response,0,6,1.0,0.0,Dissatisfied Non-Recommenders,30-39,-6.470224069399524,1,0,0,0,0,0,0.9962105083879759,0.49810525419398793,1,Low GMM Density
926,78,2,0,4,General,Tops,Sweaters,Unique jacket..... but when i put it on i felt and looked like charlie brown. this will be going back.,20,Negative,Consistent Response,0,6,1.0,0.0,Dissatisfied Non-Recommenders,70+,-6.416561295887584,1,0,0,0,0,0,0.9961679298305374,0.4980839649152687,1,Low GMM Density
868,77,1,0,2,General,Tops,Knits,I ordered the shirt bc it looked soo cute despite the fact many said this shirt was see thru. it's true.. had to return it,25,Negative,Consistent Response,0,6,1.0,0.0,Dissatisfied Non-Recommenders,70+,-6.381654486109188,1,0,0,0,0,0,0.9960401941582219,0.49802009707911093,1,Low GMM Density
1066,29,2,0,1,General,Bottoms,Pants,Too small... too flare... nice thick fabric. not my favorite pant.,11,Negative,Consistent Response,0,6,1.0,0.0,Dissatisfied Non-Recommenders,18-29,-6.142557975619686,1,0,0,0,0,0,0.9956144085838372,0.4978072042919186,1,Low GMM Density
1078,77,3,0,1,General,Dresses,Dresses,"I just got this dress in the mail and tried it on. i loved it the fit was perfect tts, and it is very soft and comfortable. however, it appears that the black striped area has bled onto the off white portion and there are stripes of gray across the chest and blotches on the sides of the dress. i am sending it back and ordering another and hoping for the best. i am very concerned that when it is cleaned it will bleed again. i love the dress so much i am willing to risk it, but i am doubtful. so b",103,Neutral,Consistent Response,0,6,1.0,0.0,Dissatisfied Non-Recommenders,70+,-6.129460641076101,1,0,0,0,0,0,0.9954866729115217,0.49774333645576085,1,Low GMM Density
986,71,1,0,3,General,Jackets,Jackets,"This fell apart after wearing it once. for the price, it should hold up better. it's too delicate.",18,Negative,Consistent Response,0,6,1.0,0.0,Dissatisfied Non-Recommenders,70+,-6.082117693448668,1,0,0,0,0,0,0.9953163586817678,0.4976581793408839,1,Low GMM Density
1081,39,4,1,2,General Petite,Dresses,Dresses,Order a size down,4,Positive,Consistent Response,0,3,0.9999994836242171,5.163757829107496e-07,Satisfied Recommenders,30-39,-6.0226145337164585,1,0,0,0,0,0,0.9951886230094524,0.4975944147798828,1,Low GMM Density
1060,32,3,1,1,General Petite,Bottoms,Pants,They were too small for me. i loved them other than that.,12,Neutral,Consistent Response,0,7,1.0,0.0,Critical but Recommending,30-39,-5.995442783226451,1,0,0,0,0,0,0.9951034658945755,0.4975517329472878,1,Low GMM Density
875,46,2,0,1,General,Tops,Knits,Fits very strange. odd cut. does not look well on.,10,Negative,Consistent Response,0,6,1.0,0.0,Dissatisfied Non-Recommenders,40-49,-5.9047153241986905,1,0,0,0,0,0,0.99497573022226,0.49748786511113,1,Low GMM Density
840,73,1,0,1,General,Tops,Blouses,The print is very pretty but the fabric is stiff and it runs way too big.  looks great on the model but awful on me.,25,Negative,Consistent Response,0,6,1.0,0.0,Dissatisfied Non-Recommenders,70+,-5.870095763991545,1,0,0,0,0,0,0.9948479945499447,0.49742399727497233,1,Low GMM Density
943,75,3,0,0,General,Tops,Sweaters,,0,Neutral,Consistent Response,0,4,0.9999999862464906,1.3753509442437917e-08,Highly Satisfied Recommenders,70+,-5.865993660155231,1,0,0,0,0,0,0.9948054159925062,0.49740271074695497,1,Low GMM Density
862,55,5,1,3,General,Tops,Knits,Beautiful and delicate!!,3,Positive,Consistent Response,0,5,0.9999999999999991,8.881784197001252e-16,Highly Satisfied Recommenders,50-59,-5.8474776714011805,1,0,0,0,0,0,0.9947628374350677,0.497381418717534,1,Low GMM Density
927,55,1,0,3,General,Tops,Sweaters,Fits and lots nothing like picture. very wide like a tent dress!,12,Negative,Consistent Response,0,6,1.0,0.0,Dissatisfied Non-Recommenders,50-59,-5.84745044367909,1,0,0,0,0,0,0.9947202588776293,0.49736012943881464,1,Low GMM Density
1094,33,3,0,1,General,Dresses,Dresses,Nice cut but 6 inches too long and no petite sizes available.,12,Neutral,Consistent Response,0,6,1.0,0.0,Dissatisfied Non-Recommenders,30-39,-5.838651715592775,1,0,0,0,0,0,0.9946776803201908,0.4973388401600954,1,Low GMM Density
833,65,1,0,0,General,Tops,Blouses,,0,Negative,Consistent Response,0,4,0.9999998915774052,1.0842259479115768e-07,Highly Satisfied Recommenders,60-69,-5.767995903941448,1,0,0,0,0,0,0.9945073660904369,0.4972537047297374,1,Low GMM Density
860,55,1,0,1,General,Tops,Knits,The shirt is very big. it would be cute as a maternity shirt.,13,Negative,Consistent Response,0,6,1.0,0.0,Dissatisfied Non-Recommenders,50-59,-5.706083136914035,1,0,0,0,0,0,0.9942944733032445,0.49714723665162225,1,Low GMM Density
835,75,3,0,1,General,Tops,Blouses,"Color is beautiful but looks like a maternity top on. i found i could tuck it in slacks and it looked fine. now for the cons:  it is supposed to be peacock design but i had only one peacock,under my arm, which could be seen, i guess, if i waved. the rest were parts of the bird. i would love to have the one in the photos!  next, who thought cheap white buttons on the back was a good idea?  if i had gotten a nice patterned top, i would have replaced the buttons. blouses that i like never seem to b",102,Neutral,Consistent Response,0,6,1.0,0.0,Dissatisfied Non-Recommenders,70+,-5.611607790073805,1,0,0,0,0,0,0.9939538448437367,0.49697692242186836,1,Low GMM Density
836,50,3,0,1,General,Tops,Blouses,I lived the front and back designs but didn't like the fit.,12,Neutral,Consistent Response,0,6,1.0,0.0,Dissatisfied Non-Recommenders,50-59,-5.57996184537452,1,0,0,0,0,0,0.9938686877288597,0.49693434386442986,1,Low GMM Density
214,70,3,0,1,Initmates,Intimate,Sleep,Did not notice small hole and stain on the bottoms until i had the tags removed the return label shredded.,20,Neutral,Consistent Response,0,6,1.0,0.0,Dissatisfied Non-Recommenders,70+,-5.568201470267788,1,0,0,0,0,0,0.9937835306139828,0.4968917653069914,1,Low GMM Density
996,74,3,0,1,General,Bottoms,Skirts,"I wanted to love this skirt it was good quality, but the front is a loose flap that is exposing so i had to return it",26,Neutral,Consistent Response,0,6,1.0,0.0,Dissatisfied Non-Recommenders,70+,-5.543867868625004,1,0,0,0,0,0,0.9936983734991058,0.4968491867495529,1,Low GMM Density
875,71,3,0,1,General,Tops,Knits,"Was not flattering on my body - i have a fuller figure, and this just made me look like i was pregnant.",22,Neutral,Consistent Response,0,6,1.0,0.0,Dissatisfied Non-Recommenders,70+,-5.42458233251139,1,0,0,0,0,0,0.9934003235970366,0.4967001617985183,1,Low GMM Density
330,23,3,1,1,Initmates,Intimate,Sleep,"I ordered a large and it was skin tight, if that's the look you're going for..",16,Neutral,Consistent Response,0,7,1.0,0.0,Critical but Recommending,18-29,-5.400184877879472,1,0,0,0,0,0,0.9932725879247211,0.49663629396236053,1,Low GMM Density
687,30,5,1,1,Initmates,Intimate,Intimates,Overall very pretty.,3,Positive,Consistent Response,0,5,0.9999999999999991,8.881784197001252e-16,Highly Satisfied Recommenders,30-39,-5.399242961487222,1,0,0,0,0,0,0.9932300093672827,0.4966150046836415,1,Low GMM Density
860,63,1,0,0,General Petite,Tops,Knits,,0,Negative,Consistent Response,0,4,0.999999901864775,9.813522494628302e-08,Highly Satisfied Recommenders,60-69,-5.378696255954691,1,0,0,0,0,0,0.9931448522524057,0.4965724457532478,1,Low GMM Density
1078,75,2,0,1,General Petite,Dresses,Dresses,"The material is adorable and if it was available in a blouse with sleeves, i would buy in a minute. we have a pool and i thought it would be cute to wear while entertaining. now the cons, i am long waisted and this strange tie knotted high under the bustline giving an odd lumpy look. it runs short and i can't imagine who thought this design was a good idea. there were no reviews when i ordered. i am learning to try it on in the store and/or read the reviews before investing. i would say go up a",100,Negative,Consistent Response,0,6,1.0,0.0,Dissatisfied Non-Recommenders,70+,-5.359717570218574,1,0,0,0,0,0,0.9930171165800903,0.49650855829004514,1,Low GMM Density
863,63,3,1,2,General,Tops,Knits,A little boxy but will be a go to basic. the off set ruffle gives interest,16,Neutral,Consistent Response,0,7,1.0,0.0,Critical but Recommending,60-69,-5.294921061836215,1,0,0,0,0,0,0.9928468023503364,0.4964234011751682,1,Low GMM Density
860,40,1,0,7,General,Tops,Knits,It's short and wide. not a good combo for anyone who isn't stick thin.,14,Negative,Consistent Response,0,6,1.0,0.0,Dissatisfied Non-Recommenders,40-49,-5.273220942856481,1,0,0,0,0,0,0.9927616452354594,0.4963808226177297,1,Low GMM Density
886,63,3,1,1,General Petite,Tops,Knits,Way to v necked- other than that would be a nice go to top. needs a cami.,17,Neutral,Consistent Response,0,7,1.0,0.0,Critical but Recommending,60-69,-5.262329688998149,1,0,0,0,0,0,0.9927190666780209,0.49635953333901045,1,Low GMM Density
903,53,1,0,1,General,Tops,Fine gauge,I'm returning this cardigan. it doesn't fit me at all. it's shapeless and loose.,14,Negative,Consistent Response,0,6,1.0,0.0,Dissatisfied Non-Recommenders,50-59,-5.211516450683199,1,0,0,0,0,0,0.9924210167759516,0.4962105083879758,1,Low GMM Density
921,74,2,0,6,General,Tops,Sweaters,This top is well made and would be cute but huge. this top has no shape and is way big. back this goes.j,23,Negative,Consistent Response,0,6,1.0,0.0,Dissatisfied Non-Recommenders,70+,-5.2045605885629875,1,0,0,0,0,0,0.9923784382185131,0.49618921910925656,1,Low GMM Density
226,20,1,0,2,Initmates,Intimate,Sleep,"A truly unwearable slip: scratchy fabric, bunchy skirt, teeny bodice. it feels like you are wearing wrapping paper--the foil kind.",20,Negative,Consistent Response,0,6,1.0,0.0,Dissatisfied Non-Recommenders,18-29,-5.203765818355141,1,0,0,0,0,0,0.9923358596610747,0.49616792983053737,1,Low GMM Density
857,55,5,1,1,General,Tops,Knits,Love this top!,3,Positive,Consistent Response,0,5,1.0,0.0,Highly Satisfied Recommenders,50-59,-5.152721925331756,1,0,0,0,0,0,0.9921655454313207,0.49608277271566037,1,Low GMM Density
921,75,2,0,1,General,Tops,Sweaters,"I love the ethnic colors & the creative woven design of this garment. that's what attracted me in the first place. however, some of the metallic threads had snagged & i thought the loose weave & acrylic yarns would lead to more snags & it would eventually stretch out of shape. also, it's very big. too bad it doesn't come smaller. in the online picture, it must have been gathered & clipped behind the model because it really doesn't fit close like that & the long armholes are not visible online as",92,Negative,Consistent Response,0,6,1.0,0.0,Dissatisfied Non-Recommenders,70+,-5.146289580564787,1,0,0,0,0,0,0.9921229668738824,0.4960614834369412,1,Low GMM Density
909,38,3,0,1,General Petite,Tops,Fine gauge,"This is a thick sweater. it is pretty, but has a short length.",13,Neutral,Consistent Response,0,6,1.0,0.0,Dissatisfied Non-Recommenders,30-39,-5.106643626385823,1,0,0,0,0,0,0.9919952312015669,0.4959976156007834,1,Low GMM Density
862,77,2,0,2,General Petite,Tops,Knits,"Sizing is just getting unreasonable, and nothing fits unless it's a crew neck nowadays. this v-neckline would have been perfect if pictured as on the model, but on my 5' 4"" 115 lb frame, the xxs petite neckline came down so low my bra was exposed along the eyelet trim. additionally, the shirt looked like it shrunk in length, and wouldn't have covered a belt on my pants. it also did not match the product description and measured 22"" from the hps to hem. i'm unsure of how when pattern grading an i",93,Negative,Consistent Response,0,6,1.0,0.0,Dissatisfied Non-Recommenders,70+,-5.099316358054992,1,0,0,0,0,0,0.9919526526441285,0.49597632632206423,1,Low GMM Density
1116,63,2,0,1,General,Jackets,Outerwear,This sweater coat is very bulky and has an odd and unflattering shape when on.,15,Negative,Consistent Response,0,6,1.0,0.0,Dissatisfied Non-Recommenders,60-69,-5.057850562375647,1,0,0,0,0,0,0.991824916971813,0.4959124584859065,1,Low GMM Density
862,47,1,0,3,General Petite,Tops,Knits,"Boxy, short & wide! luv this brand but super disappointed with this design...",13,Negative,Consistent Response,0,6,1.0,0.0,Dissatisfied Non-Recommenders,40-49,-5.057399520862475,1,0,0,0,0,0,0.9917823384143746,0.4958911692071873,1,Low GMM Density
929,34,1,0,2,General,Tops,Sweaters,Really well made. beautiful. sadly it is very short. not a tunic at all.,14,Negative,Consistent Response,0,6,1.0,0.0,Dissatisfied Non-Recommenders,30-39,-5.052012693911767,1,0,0,0,0,0,0.9916971812994976,0.4958485906497488,1,Low GMM Density
1035,34,3,1,1,General,Bottoms,Jeans,"I love these jeans, but they run small. i recommend ordering one size up.",14,Neutral,Consistent Response,0,7,1.0,0.0,Critical but Recommending,30-39,-5.019684841958336,1,0,0,0,0,0,0.9915268670697437,0.49576343353487184,1,Low GMM Density
947,77,2,0,1,General,Tops,Sweaters,"I ordered a small and it is enormous; i usually wear a size 10. it is short but the fullness in the body and the sleeves made me look like a sumo wrestler. also, it is a very heavy knit which would be great for up north but too bulky for atlanta unless the temps are in the 40s. i'm sending it back.",63,Negative,Consistent Response,0,6,1.0,0.0,Dissatisfied Non-Recommenders,70+,-5.009505213660953,1,0,0,0,0,0,0.9914842885123052,0.4957421442561526,1,Low GMM Density
1083,31,3,0,2,General,Dresses,Dresses,"Dress cut was great, but the collar was so oblong that it looked space-age.",14,Neutral,Consistent Response,0,6,1.0,0.0,Dissatisfied Non-Recommenders,30-39,-4.976462383310709,1,0,0,0,0,0,0.9913991313974283,0.49569956569871415,1,Low GMM Density
872,69,3,1,1,General Petite,Tops,Knits,"This is a very cute shirt with great details. however, it runs a little bit small. not as full cut as it seems.",23,Neutral,Consistent Response,0,7,1.0,0.0,Critical but Recommending,60-69,-4.967423449377437,1,0,0,0,0,0,0.9913139742825513,0.49565698714127565,1,Low GMM Density
944,47,1,0,1,General Petite,Tops,Sweaters,"The fabric is very nice on this wrap, but it wears like a blanket.",14,Negative,Consistent Response,0,6,1.0,0.0,Dissatisfied Non-Recommenders,40-49,-4.957541388792684,1,0,0,0,0,0,0.9912713957251128,0.4956356978625564,1,Low GMM Density
900,45,3,0,4,General Petite,Tops,Fine gauge,"Looks great on the model, but if you're curvy it looks very frumpy.",13,Neutral,Consistent Response,0,6,1.0,0.0,Dissatisfied Non-Recommenders,40-49,-4.941061811656937,1,0,0,0,0,0,0.9911436600527974,0.4955718300263987,1,Low GMM Density
855,49,1,0,7,General Petite,Tops,Knits,This is adorable but if it truly has to be dry-cleaned that is deal killer,15,Negative,Consistent Response,0,6,1.0,0.0,Dissatisfied Non-Recommenders,40-49,-4.903870682178013,1,0,0,0,0,0,0.9909733458230435,0.49548667291152176,1,Low GMM Density
1032,52,3,1,2,General,Bottoms,Jeans,I love these overalls  but they run very small?i had to return and reorder.,14,Neutral,Consistent Response,0,7,1.0,0.0,Critical but Recommending,50-59,-4.87869872190147,1,0,0,0,0,0,0.9908456101507281,0.49542280507536407,1,Low GMM Density
873,24,1,0,0,General,Tops,Knits,,0,Negative,Consistent Response,0,4,0.9999999573523297,4.264767028416827e-08,Highly Satisfied Recommenders,18-29,-4.794480451362702,1,0,0,0,0,0,0.9904411138550626,0.4952205654570654,1,Low GMM Density
1094,24,1,0,0,General,Dresses,Dresses,,0,Negative,Consistent Response,0,4,0.9999999573523297,4.264767028416827e-08,Highly Satisfied Recommenders,18-29,-4.794480451362702,1,0,0,0,0,0,0.9904411138550626,0.4952205654570654,1,Low GMM Density
509,35,2,0,5,Initmates,Intimate,Sleep,Length too long and waist to high. these are not sized for petites.,13,Negative,Consistent Response,0,6,1.0,0.0,Dissatisfied Non-Recommenders,30-39,-4.788095600066155,1,0,0,0,0,0,0.9903346674614664,0.4951673337307332,1,Low GMM Density
977,54,3,0,2,General Petite,Jackets,Jackets,"Well made but strange fit. the medium was long and narrow, waaay too small.",14,Neutral,Consistent Response,0,6,1.0,0.0,Dissatisfied Non-Recommenders,50-59,-4.778365049482215,1,0,0,0,0,0,0.990292088904028,0.495146044452014,1,Low GMM Density
1078,42,3,1,1,General,Dresses,Dresses,This dress is beautiful but the bottom half was too tight for my shape.,14,Neutral,Consistent Response,0,7,1.0,0.0,Critical but Recommending,40-49,-4.777951844304253,1,0,0,0,0,0,0.9902282210678702,0.4951141105339351,1,Low GMM Density
832,42,3,1,1,General,Tops,Blouses,Sheer and lightweight. perfect for summer. great detail could not justify paying full price.,14,Neutral,Consistent Response,0,7,1.0,0.0,Critical but Recommending,40-49,-4.777951844304253,1,0,0,0,0,0,0.9902282210678702,0.4951141105339351,1,Low GMM Density
1068,57,3,0,0,General,Bottoms,Pants,"Low waisted, weird liner.",4,Neutral,Consistent Response,0,2,0.9999342481393552,6.575186064483596e-05,Dissatisfied Non-Recommenders,50-59,-4.760431813333034,1,0,0,0,0,0,0.9901643532317125,0.4950953269879852,1,Low GMM Density
819,69,1,0,1,General,Tops,Blouses,This was a very odd fitting top. i should have read the description more closely. the colors are beautiful but the cut hit me in all the wrong places.,29,Negative,Consistent Response,0,6,1.0,0.0,Dissatisfied Non-Recommenders,60-69,-4.751684255699759,1,0,0,0,0,0,0.9900791961168356,0.4950395980584178,1,Low GMM Density
863,83,5,1,14,General,Tops,Knits,"Purchased this top online, and when i received it was very pleased.
it has and elegant cut and yet is a casual fabric.
love that the sleeves run longer......ads to the overall look.
also loved the v neckline.........enhances the feel of the overall style.
with various necklaces this top has limitless options!
the color states moss....which i usually think of as greenish brown......i found it to be more of a taupe.
would have liked it to have a green tones, however it is still a fantastic f",87,Positive,Consistent Response,0,5,0.9999999999995504,4.496403249731884e-13,Highly Satisfied Recommenders,70+,0.25272939492597696,0,0,1,1,0,2,0.8486758068636635,0.49100457009858833,1,Multiple Numerical Extremes
1089,83,5,1,13,General,Dresses,Dresses,"It was love at first sight when i saw this dress online. the color, cut and delicate details are perfectly balanced with a moderately sexy neckline! ladylike with a little attitude. the fabric is gorgeous and is a stunning shade of midnight blue. this dress is perfect for a summer beach party or to attend a wedding. cut is extremely flattering, and the halter tie top allows for adjustment for a perfect fit. 
i just received it today, and it is a must have for any closet. 
tried it on with a be",93,Positive,Consistent Response,0,5,0.9999999999995043,4.957145804951324e-13,Highly Satisfied Recommenders,70+,0.3228669871940647,0,0,1,1,0,2,0.8482500212892787,0.49079167731140516,1,Multiple Numerical Extremes
868,86,5,1,8,General,Tops,Knits,"I saw online and bought in white and moss! moss is darker in person. i am 106, 5'1 but a 30f and the top fits very well. it actually minimized my chest which i love! not sure how well this would fit on small-chested ladies. not super clingy in the midsection but will look nice with pants or skirts. super happy!",61,Positive,Consistent Response,0,5,0.9999999999997876,2.1238566461079245e-13,Highly Satisfied Recommenders,70+,0.5324611252511612,0,0,1,1,0,2,0.847015243123563,0.49017428822849063,1,Multiple Numerical Extremes
365,83,5,1,11,Initmates,Intimate,Lounge,"This sweater jacket is perfect.
it is gorgeous, casual, unique and a closet must have!
i wore it for the first time to an nhl game with black jeans and a red tee and got tons of compliments.
it is a medium weight knit and so works well under a jacket in the cold winter months, will be perfect for early spring
as a stand alone jacket, and also in early fall!
a beautiful basic with a pretty accent ruffle that is sophisticated and adds just that little something special!
it runs true to size, with",96,Positive,Consistent Response,0,5,0.9999999999994788,5.21249710061511e-13,Highly Satisfied Recommenders,70+,0.5561031141068388,0,0,1,1,0,2,0.846844928893809,0.4900891311136754,1,Multiple Numerical Extremes
921,83,5,1,10,General,Tops,Sweaters,"This sweater is beautiful!
the lace is gorgeous and the sweater is soft and cozy.....rare to find a top that is stunning and comfortable at the same time!
the lace is very high quality, and enhances the sweater in a very sophisticated way.....adding that little something special.
the color keeps the overall look elegant and appropriate for any age.
runs true to size.",63,Positive,Consistent Response,0,5,0.9999999999997206,2.794431352981519e-13,Highly Satisfied Recommenders,70+,0.9392847874443616,0,0,1,1,0,2,0.8430554372817849,0.488194385307615,1,Multiple Numerical Extremes
1081,83,5,1,8,General,Dresses,Dresses,"The pics online for this dress are horrible in comparison how stunning this dress is in person.
just received it and far exceeded my wildest expectations!
it is elegant, classy, and an understated sexy!
the colors are rich and vibrant.......gorgeous shades of plum and blue....a unique color combination that is gorgeous!
the open mess dress with the solid under layer is a wow!
beautiful and flattering fit.
it is a 10 !!!!
i ordered my usual size and i would say it is true to size, but slig",88,Positive,Consistent Response,0,5,0.999999999999543,4.569677969357144e-13,Highly Satisfied Recommenders,70+,1.0724850095767278,0,0,1,1,0,2,0.8414800306565614,0.4874066819950387,1,Multiple Numerical Extremes
872,83,5,1,9,General Petite,Tops,Knits,"Love this top, just received it today.
it is a very artistic interpretation for a casual top.
the blue is gorgeous!
the unique style of the peplm and the details on the front set this apart!
runs a little shorter, but i feel the length enhances it;s beauty, and is appropriate for the overall design.
love !!!!!!!!!!!!!!!!!!!!!!!!!!!!!!!!!!!!!!!
ordered my usual size and it fits perfectly.",65,Positive,Consistent Response,0,5,0.9999999999997078,2.922107000813412e-13,Highly Satisfied Recommenders,70+,1.0934834220861829,0,0,1,1,0,2,0.8412245593119305,0.48727894632269037,1,Multiple Numerical Extremes
1094,80,5,1,8,General Petite,Dresses,Dresses,"This arrived today and i am thrilled with it. the material is soft but not at all clingy. it drapes perfectly, falling just above the knee. there is a matching slip that is as nicely made as the dress itself. what a find!",43,Positive,Consistent Response,0,5,0.9999999999998286,1.7141843500212417e-13,Highly Satisfied Recommenders,70+,1.6683014653287698,0,0,1,1,0,2,0.833901047432513,0.4836171903829575,1,Multiple Numerical Extremes
