Original DataFrame Index,Unnamed: 0
0,0
1,1
2,2
3,2
4,2
5,3
6,3
7,4
8,5
9,6
10,7
11,8
12,8
13,9
14,10
15,11
16,12
17,13
18,14
19,15
20,16
21,17
22,18
23,19
24,20
25,21
26,22
27,23
28,24
29,25
30,26
31,27
32,28
33,29
34,30
35,31
36,32
37,33
38,34
39,35
40,36
41,37
42,38
43,39
44,40
45,41
46,42
47,43
48,44
49,45
50,46
51,47
52,48
53,49
54,50
55,51
56,52
57,53
58,54
59,55
60,56
61,57
62,58
63,59
64,60
65,61
66,62
67,63
68,64
69,65
70,66
71,67
72,68
73,69
74,70
75,71
76,72
77,73
78,74
79,75
80,76
81,77
82,78
83,79
84,80
85,81
86,82
87,83
88,84
89,85
90,86
91,87
92,88
93,89
94,90
95,91
96,92
97,93
98,94
99,95
100,96
101,97
102,98
103,99
104,100
105,101
106,102
107,103
108,104
109,105
110,106
111,107
112,108
113,109
114,110
115,111
116,112
117,113
118,114
119,115
120,116
121,117
122,118
123,119
124,120
125,121
126,122
127,123
128,124
129,125
130,126
131,127
132,128
133,129
134,130
135,131
136,132
137,133
138,134
139,135
140,136
141,137
142,138
143,139
144,140
145,141
146,142
147,143
148,144
149,145
150,146
151,147
152,148
153,149
154,150
155,151
156,152
157,153
158,154
159,155
160,156
161,157
162,158
163,159
164,160
165,161
166,162
167,163
168,164
169,165
170,166
171,167
172,168
173,169
174,170
175,171
176,172
177,173
178,174
179,175
180,176
181,177
182,178
183,179
184,180
185,181
186,182
187,183
188,184
189,185
190,186
191,187
192,188
193,189
194,190
195,191
196,192
197,193
198,194
199,195
200,196
201,197
202,198
203,199
204,200
205,201
206,202
207,203
208,204
209,205
210,206
211,207
212,208
213,209
214,210
215,211
216,212
217,213
218,214
219,215
220,216
221,217
222,218
223,219
224,220
225,221
226,222
227,223
228,224
229,225
230,226
231,227
232,228
233,229
234,230
235,231
236,232
237,233
238,234
239,235
240,236
241,237
242,238
243,239
244,240
245,241
246,242
247,243
248,244
249,245
250,246
251,247
252,248
253,249
254,250
255,251
256,252
257,253
258,254
259,255
260,256
261,257
262,258
263,259
264,260
265,261
266,262
267,263
268,264
269,265
270,266
271,267
272,268
273,269
274,270
275,271
276,272
277,273
278,274
279,275
280,276
281,277
282,278
283,279
284,280
285,281
286,282
287,283
288,284
289,285
290,286
291,287
292,288
293,289
294,290
295,291
296,292
297,293
298,294
299,295
300,296
301,297
302,298
303,299
304,300
305,301
306,302
307,303
308,304
309,305
310,306
311,307
312,308
313,309
314,310
315,311
316,312
317,313
318,314
319,315
320,316
321,317
322,318
323,319
324,320
325,321
326,322
327,323
328,324
329,325
330,326
331,327
332,328
333,329
334,330
335,331
336,332
337,333
338,334
339,335
340,336
341,337
342,338
343,339
344,340
345,341
346,342
347,343
348,344
349,345
350,346
351,347
352,348
353,349
354,350
355,351
356,352
357,353
358,354
359,355
360,356
361,357
362,358
363,359
364,360
365,361
366,362
367,363
368,364
369,365
370,366
371,367
372,368
373,369
374,370
375,371
376,372
377,373
378,374
379,375
380,376
381,377
382,378
383,379
384,380
385,381
386,382
387,383
388,384
389,385
390,386
391,387
392,388
393,389
394,390
395,391
396,392
397,393
398,394
399,395
400,396
401,397
402,398
403,399
404,400
405,401
406,402
407,403
408,404
409,405
410,406
411,407
412,408
413,409
414,410
415,411
416,412
417,413
418,414
419,415
420,416
421,417
422,418
423,419
424,420
425,421
426,422
427,423
428,424
429,425
430,426
431,427
432,428
433,429
434,430
435,431
436,432
437,433
438,434
439,435
440,436
441,437
442,438
443,439
444,440
445,441
446,442
447,443
448,444
449,445
450,446
451,447
452,448
453,449
454,450
455,451
456,452
457,453
458,454
459,455
460,456
461,457
462,458
463,459
464,460
465,461
466,462
467,463
468,464
469,465
470,466
471,467
472,468
473,469
474,470
475,471
476,472
477,473
478,474
479,475
480,476
481,477
482,478
483,479
484,480
485,481
486,482
487,483
488,484
489,485
490,486
491,487
492,488
493,489
494,490
495,491
496,492
497,493
498,494
499,495
500,496
501,497
502,498
503,499
504,500
505,501
506,502
507,503
508,504
509,505
510,506
511,507
512,508
513,509
514,510
515,511
516,512
517,513
518,514
519,515
520,516
521,517
522,518
523,519
524,520
525,521
526,522
527,523
528,524
529,525
530,526
531,527
532,528
533,529
534,530
535,531
536,532
537,533
538,534
539,535
540,536
541,537
542,538
543,539
544,540
545,541
546,542
547,543
548,544
549,545
550,546
551,547
552,548
553,549
554,550
555,551
556,552
557,553
558,554
559,555
560,556
561,557
562,558
563,559
564,560
565,561
566,562
567,563
568,564
569,565
570,566
571,567
572,568
573,569
574,570
575,571
576,572
577,573
578,574
579,575
580,576
581,577
582,578
583,579
584,580
585,581
586,582
587,583
588,584
589,585
590,586
591,587
592,588
593,589
594,590
595,591
596,592
597,593
598,594
599,595
600,596
601,597
602,598
603,599
604,600
605,601
606,602
607,603
608,604
609,605
610,606
611,607
612,608
613,609
614,610
615,611
616,612
617,613
618,614
619,615
620,616
621,617
622,618
623,619
624,620
625,621
626,622
627,623
628,624
629,625
630,626
631,627
632,628
633,629
634,630
635,631
636,632
637,633
638,634
639,635
640,636
641,637
642,638
643,639
644,640
645,641
646,642
647,643
648,644
649,645
650,646
651,647
652,648
653,649
654,650
655,651
656,652
657,653
658,654
659,655
660,656
661,657
662,658
663,659
664,660
665,661
666,662
667,663
668,664
669,665
670,666
671,667
672,668
673,669
674,670
675,671
676,672
677,673
678,674
679,675
680,676
681,677
682,678
683,679
684,680
685,681
686,682
687,683
688,684
689,685
690,686
691,687
692,688
693,689
694,690
695,691
696,692
697,693
698,694
699,695
700,696
701,697
702,698
703,699
704,700
705,701
706,702
707,703
708,704
709,705
710,706
711,707
712,708
713,709
714,710
715,711
716,712
717,713
718,714
719,715
720,716
721,717
722,718
723,719
724,720
725,721
726,722
727,723
728,724
729,725
730,726
731,727
732,728
733,729
734,730
735,731
736,732
737,733
738,734
739,735
740,736
741,737
742,738
743,739
744,740
745,741
746,742
747,743
748,744
749,745
750,746
751,747
752,748
753,749
754,750
755,751
756,752
757,753
758,754
759,755
760,756
761,757
762,758
763,759
764,760
765,761
766,762
767,763
768,764
769,765
770,766
771,767
772,768
773,769
774,770
775,771
776,772
777,773
778,774
779,775
780,776
781,777
782,778
783,779
784,780
785,781
786,782
787,783
788,784
789,785
790,786
791,787
792,788
793,789
794,790
795,791
796,792
797,793
798,794
799,795
800,796
801,797
802,798
803,799
804,800
805,801
806,802
807,803
808,804
809,805
810,806
811,807
812,808
813,809
814,810
815,811
816,812
817,813
818,814
819,815
820,816
821,817
822,818
823,819
824,820
825,821
826,822
827,823
828,824
829,825
830,826
831,827
832,828
833,829
834,830
835,831
836,832
837,833
838,834
839,835
840,836
841,837
842,838
843,839
844,840
845,841
846,842
847,843
848,844
849,845
850,846
851,847
852,848
853,849
854,850
855,851
856,852
857,853
858,854
859,855
860,856
861,857
862,858
863,859
864,860
865,861
866,862
867,863
868,864
869,865
870,866
871,867
872,868
873,869
874,870
875,871
876,872
877,873
878,874
879,875
880,876
881,877
882,878
883,879
884,880
885,881
886,882
887,883
888,884
889,885
890,886
891,887
892,888
893,889
894,890
895,891
896,892
897,893
898,894
899,895
900,896
901,897
902,898
903,899
904,900
905,901
906,902
907,903
908,904
909,905
910,906
911,907
912,908
913,909
914,910
915,911
916,912
917,913
918,914
919,915
920,916
921,917
922,918
923,919
924,920
925,921
926,922
927,923
928,924
929,925
930,926
931,927
932,928
933,929
934,930
935,931
936,932
937,933
938,934
939,935
940,936
941,937
942,938
943,939
944,940
945,941
946,942
947,943
948,944
949,945
950,946
951,947
952,948
953,949
954,950
955,951
956,952
957,953
958,954
959,955
960,956
961,957
962,958
963,959
964,960
965,961
966,962
967,963
968,964
969,965
970,966
971,967
972,968
973,969
974,970
975,971
976,972
977,973
978,974
979,975
980,976
981,977
982,978
983,979
984,980
985,981
986,982
987,983
988,984
989,985
990,986
991,987
992,988
993,989
994,990
995,991
996,992
997,993
998,994
999,995
1000,996
1001,997
1002,998
1003,999
1004,1000
1005,1001
1006,1002
1007,1003
1008,1004
1009,1005
1010,1006
1011,1007
1012,1008
1013,1009
1014,1010
1015,1011
1016,1012
1017,1013
1018,1014
1019,1015
1020,1016
1021,1017
1022,1018
1023,1019
1024,1020
1025,1021
1026,1022
1027,1023
1028,1024
1029,1025
1030,1026
1031,1027
1032,1028
1033,1029
1034,1030
1035,1031
1036,1032
1037,1033
1038,1034
1039,1035
1040,1036
1041,1037
1042,1038
1043,1039
1044,1040
1045,1041
1046,1042
1047,1043
1048,1044
1049,1045
1050,1046
1051,1047
1052,1048
1053,1049
1054,1050
1055,1051
1056,1052
1057,1053
1058,1054
1059,1055
1060,1056
1061,1057
1062,1058
1063,1059
1064,1060
1065,1061
1066,1062
1067,1063
1068,1064
1069,1065
1070,1066
1071,1067
1072,1068
1073,1069
1074,1070
1075,1071
1076,1072
1077,1073
1078,1074
1079,1075
1080,1076
1081,1077
1082,1078
1083,1079
1084,1080
1085,1081
1086,1082
1087,1083
1088,1084
1089,1085
1090,1086
1091,1087
1092,1088
1093,1089
1094,1090
1095,1091
1096,1092
1097,1093
1098,1094
1099,1095
1100,1096
1101,1097
1102,1098
1103,1099
1104,1100
1105,1101
1106,1102
1107,1103
1108,1104
1109,1105
1110,1106
1111,1107
1112,1108
1113,1109
1114,1110
1115,1111
1116,1112
1117,1113
1118,1114
1119,1115
1120,1116
1121,1117
1122,1118
1123,1119
1124,1120
1125,1121
1126,1122
1127,1123
1128,1124
1129,1125
1130,1126
1131,1127
1132,1128
1133,1129
1134,1130
1135,1131
1136,1132
1137,1133
1138,1134
1139,1135
1140,1136
1141,1137
1142,1138
1143,1139
1144,1140
1145,1141
1146,1142
1147,1143
1148,1144
1149,1145
1150,1146
1151,1147
1152,1148
1153,1149
1154,1150
1155,1151
1156,1152
1157,1153
1158,1154
1159,1155
1160,1156
1161,1157
1162,1158
1163,1159
1164,1160
1165,1161
1166,1162
1167,1163
1168,1164
1169,1165
1170,1166
1171,1167
1172,1168
1173,1169
1174,1170
1175,1171
1176,1172
1177,1173
1178,1174
1179,1175
1180,1176
1181,1177
1182,1178
1183,1179
1184,1180
1185,1181
1186,1182
1187,1183
1188,1184
1189,1185
1190,1186
1191,1187
1192,1188
1193,1189
1194,1190
1195,1191
1196,1192
1197,1193
1198,1194
1199,1195
1200,1196
1201,1197
1202,1198
1203,1199
1204,1200
1205,1201
1206,1202
1207,1203
1208,1204
1209,1205
1210,1206
1211,1207
1212,1208
1213,1209
1214,1210
1215,1211
1216,1212
1217,1213
1218,1214
1219,1215
1220,1216
1221,1217
1222,1218
1223,1219
1224,1220
1225,1221
1226,1222
1227,1223
1228,1224
1229,1225
1230,1226
1231,1227
1232,1228
1233,1229
1234,1230
1235,1231
1236,1232
1237,1233
1238,1234
1239,1235
1240,1236
1241,1237
1242,1238
1243,1239
1244,1240
1245,1241
1246,1242
1247,1243
1248,1244
1249,1245
1250,1246
1251,1247
1252,1248
1253,1249
1254,1250
1255,1251
1256,1252
1257,1253
1258,1254
1259,1255
1260,1256
1261,1257
1262,1258
1263,1259
1264,1260
1265,1261
1266,1262
1267,1263
1268,1264
1269,1265
1270,1266
1271,1267
1272,1268
1273,1269
1274,1270
1275,1271
1276,1272
1277,1273
1278,1274
1279,1275
1280,1276
1281,1277
1282,1278
1283,1279
1284,1280
1285,1281
1286,1282
1287,1283
1288,1284
1289,1285
1290,1286
1291,1287
1292,1288
1293,1289
1294,1290
1295,1291
1296,1292
1297,1293
1298,1294
1299,1295
1300,1296
1301,1297
1302,1298
1303,1299
1304,1300
1305,1301
1306,1302
1307,1303
1308,1304
1309,1305
1310,1306
1311,1307
1312,1308
1313,1309
1314,1310
1315,1311
1316,1312
1317,1313
1318,1314
1319,1315
1320,1316
1321,1317
1322,1318
1323,1319
1324,1320
1325,1321
1326,1322
1327,1323
1328,1324
1329,1325
1330,1326
1331,1327
1332,1328
1333,1329
1334,1330
1335,1331
1336,1332
1337,1333
1338,1334
1339,1335
1340,1336
1341,1337
1342,1338
1343,1339
1344,1340
1345,1341
1346,1342
1347,1343
1348,1344
1349,1345
1350,1346
1351,1347
1352,1348
1353,1349
1354,1350
1355,1351
1356,1352
1357,1353
1358,1354
1359,1355
1360,1356
1361,1357
1362,1358
1363,1359
1364,1360
1365,1361
1366,1362
1367,1363
1368,1364
1369,1365
1370,1366
1371,1367
1372,1368
1373,1369
1374,1370
1375,1371
1376,1372
1377,1373
1378,1374
1379,1375
1380,1376
1381,1377
1382,1378
1383,1379
1384,1380
1385,1381
1386,1382
1387,1383
1388,1384
1389,1385
1390,1386
1391,1387
1392,1388
1393,1389
1394,1390
1395,1391
1396,1392
1397,1393
1398,1394
1399,1395
1400,1396
1401,1397
1402,1398
1403,1399
1404,1400
1405,1401
1406,1402
1407,1403
1408,1404
1409,1405
1410,1406
1411,1407
1412,1408
1413,1409
1414,1410
1415,1411
1416,1412
1417,1413
1418,1414
1419,1415
1420,1416
1421,1417
1422,1418
1423,1419
1424,1420
1425,1421
1426,1422
1427,1423
1428,1424
1429,1425
1430,1426
1431,1427
1432,1428
1433,1429
1434,1430
1435,1431
1436,1432
1437,1433
1438,1434
1439,1435
1440,1436
1441,1437
1442,1438
1443,1439
1444,1440
1445,1441
1446,1442
1447,1443
1448,1444
1449,1445
1450,1446
1451,1447
1452,1448
1453,1449
1454,1450
1455,1451
1456,1452
1457,1453
1458,1454
1459,1455
1460,1456
1461,1457
1462,1458
1463,1459
1464,1460
1465,1461
1466,1462
1467,1463
1468,1464
1469,1465
1470,1466
1471,1467
1472,1468
1473,1469
1474,1470
1475,1471
1476,1472
1477,1473
1478,1474
1479,1475
1480,1476
1481,1477
1482,1478
1483,1479
1484,1480
1485,1481
1486,1482
1487,1483
1488,1484
1489,1485
1490,1486
1491,1487
1492,1488
1493,1489
1494,1490
1495,1491
1496,1492
1497,1493
1498,1494
1499,1495
1500,1496
1501,1497
1502,1498
1503,1499
1504,1500
1505,1501
1506,1502
1507,1503
1508,1504
1509,1505
1510,1506
1511,1507
1512,1508
1513,1509
1514,1510
1515,1511
1516,1512
1517,1513
1518,1514
1519,1515
1520,1516
1521,1517
1522,1518
1523,1519
1524,1520
1525,1521
1526,1522
1527,1523
1528,1524
1529,1525
1530,1526
1531,1527
1532,1528
1533,1529
1534,1530
1535,1531
1536,1532
1537,1533
1538,1534
1539,1535
1540,1536
1541,1537
1542,1538
1543,1539
1544,1540
1545,1541
1546,1542
1547,1543
1548,1544
1549,1545
1550,1546
1551,1547
1552,1548
1553,1549
1554,1550
1555,1551
1556,1552
1557,1553
1558,1554
1559,1555
1560,1556
1561,1557
1562,1558
1563,1559
1564,1560
1565,1561
1566,1562
1567,1563
1568,1564
1569,1565
1570,1566
1571,1567
1572,1568
1573,1569
1574,1570
1575,1571
1576,1572
1577,1573
1578,1574
1579,1575
1580,1576
1581,1577
1582,1578
1583,1579
1584,1580
1585,1581
1586,1582
1587,1583
1588,1584
1589,1585
1590,1586
1591,1587
1592,1588
1593,1589
1594,1590
1595,1591
1596,1592
1597,1593
1598,1594
1599,1595
1600,1596
1601,1597
1602,1598
1603,1599
1604,1600
1605,1601
1606,1602
1607,1603
1608,1604
1609,1605
1610,1606
1611,1607
1612,1608
1613,1609
1614,1610
1615,1611
1616,1612
1617,1613
1618,1614
1619,1615
1620,1616
1621,1617
1622,1618
1623,1619
1624,1620
1625,1621
1626,1622
1627,1623
1628,1624
1629,1625
1630,1626
1631,1627
1632,1628
1633,1629
1634,1630
1635,1631
1636,1632
1637,1633
1638,1634
1639,1635
1640,1636
1641,1637
1642,1638
1643,1639
1644,1640
1645,1641
1646,1642
1647,1643
1648,1644
1649,1645
1650,1646
1651,1647
1652,1648
1653,1649
1654,1650
1655,1651
1656,1652
1657,1653
1658,1654
1659,1655
1660,1656
1661,1657
1662,1658
1663,1659
1664,1660
1665,1661
1666,1662
1667,1663
1668,1664
1669,1665
1670,1666
1671,1667
1672,1668
1673,1669
1674,1670
1675,1671
1676,1672
1677,1673
1678,1674
1679,1675
1680,1676
1681,1677
1682,1678
1683,1679
1684,1680
1685,1681
1686,1682
1687,1683
1688,1684
1689,1685
1690,1686
1691,1687
1692,1688
1693,1689
1694,1690
1695,1691
1696,1692
1697,1693
1698,1694
1699,1695
1700,1696
1701,1697
1702,1698
1703,1699
1704,1700
1705,1701
1706,1702
1707,1703
1708,1704
1709,1705
1710,1706
1711,1707
1712,1708
1713,1709
1714,1710
1715,1711
1716,1712
1717,1713
1718,1714
1719,1715
1720,1716
1721,1717
1722,1718
1723,1719
1724,1720
1725,1721
1726,1722
1727,1723
1728,1724
1729,1725
1730,1726
1731,1727
1732,1728
1733,1729
1734,1730
1735,1731
1736,1732
1737,1733
1738,1734
1739,1735
1740,1736
1741,1737
1742,1738
1743,1739
1744,1740
1745,1741
1746,1742
1747,1743
1748,1744
1749,1745
1750,1746
1751,1747
1752,1748
1753,1749
1754,1750
1755,1751
1756,1752
1757,1753
1758,1754
1759,1755
1760,1756
1761,1757
1762,1758
1763,1759
1764,1760
1765,1761
1766,1762
1767,1763
1768,1764
1769,1765
1770,1766
1771,1767
1772,1768
1773,1769
1774,1770
1775,1771
1776,1772
1777,1773
1778,1774
1779,1775
1780,1776
1781,1777
1782,1778
1783,1779
1784,1780
1785,1781
1786,1782
1787,1783
1788,1784
1789,1785
1790,1786
1791,1787
1792,1788
1793,1789
1794,1790
1795,1791
1796,1792
1797,1793
1798,1794
1799,1795
1800,1796
1801,1797
1802,1798
1803,1799
1804,1800
1805,1801
1806,1802
1807,1803
1808,1804
1809,1805
1810,1806
1811,1807
1812,1808
1813,1809
1814,1810
1815,1811
1816,1812
1817,1813
1818,1814
1819,1815
1820,1816
1821,1817
1822,1818
1823,1819
1824,1820
1825,1821
1826,1822
1827,1823
1828,1824
1829,1825
1830,1826
1831,1827
1832,1828
1833,1829
1834,1830
1835,1831
1836,1832
1837,1833
1838,1834
1839,1835
1840,1836
1841,1837
1842,1838
1843,1839
1844,1840
1845,1841
1846,1842
1847,1843
1848,1844
1849,1845
1850,1846
1851,1847
1852,1848
1853,1849
1854,1850
1855,1851
1856,1852
1857,1853
1858,1854
1859,1855
1860,1856
1861,1857
1862,1858
1863,1859
1864,1860
1865,1861
1866,1862
1867,1863
1868,1864
1869,1865
1870,1866
1871,1867
1872,1868
1873,1869
1874,1870
1875,1871
1876,1872
1877,1873
1878,1874
1879,1875
1880,1876
1881,1877
1882,1878
1883,1879
1884,1880
1885,1881
1886,1882
1887,1883
1888,1884
1889,1885
1890,1886
1891,1887
1892,1888
1893,1889
1894,1890
1895,1891
1896,1892
1897,1893
1898,1894
1899,1895
1900,1896
1901,1897
1902,1898
1903,1899
1904,1900
1905,1901
1906,1902
1907,1903
1908,1904
1909,1905
1910,1906
1911,1907
1912,1908
1913,1909
1914,1910
1915,1911
1916,1912
1917,1913
1918,1914
1919,1915
1920,1916
1921,1917
1922,1918
1923,1919
1924,1920
1925,1921
1926,1922
1927,1923
1928,1924
1929,1925
1930,1926
1931,1927
1932,1928
1933,1929
1934,1930
1935,1931
1936,1932
1937,1933
1938,1934
1939,1935
1940,1936
1941,1937
1942,1938
1943,1939
1944,1940
1945,1941
1946,1942
1947,1943
1948,1944
1949,1945
1950,1946
1951,1947
1952,1948
1953,1949
1954,1950
1955,1951
1956,1952
1957,1953
1958,1954
1959,1955
1960,1956
1961,1957
1962,1958
1963,1959
1964,1960
1965,1961
1966,1962
1967,1963
1968,1964
1969,1965
1970,1966
1971,1967
1972,1968
1973,1969
1974,1970
1975,1971
1976,1972
1977,1973
1978,1974
1979,1975
1980,1976
1981,1977
1982,1978
1983,1979
1984,1980
1985,1981
1986,1982
1987,1983
1988,1984
1989,1985
1990,1986
1991,1987
1992,1988
1993,1989
1994,1990
1995,1991
1996,1992
1997,1993
1998,1994
1999,1995
2000,1996
2001,1997
2002,1998
2003,1999
2004,2000
2005,2001
2006,2002
2007,2003
2008,2004
2009,2005
2010,2006
2011,2007
2012,2008
2013,2009
2014,2010
2015,2011
2016,2012
2017,2013
2018,2014
2019,2015
2020,2016
2021,2017
2022,2018
2023,2019
2024,2020
2025,2021
2026,2022
2027,2023
2028,2024
2029,2025
2030,2026
2031,2027
2032,2028
2033,2029
2034,2030
2035,2031
2036,2032
2037,2033
2038,2034
2039,2035
2040,2036
2041,2037
2042,2038
2043,2039
2044,2040
2045,2041
2046,2042
2047,2043
2048,2044
2049,2045
2050,2046
2051,2047
2052,2048
2053,2049
2054,2050
2055,2051
2056,2052
2057,2053
2058,2054
2059,2055
2060,2056
2061,2057
2062,2058
2063,2059
2064,2060
2065,2061
2066,2062
2067,2063
2068,2064
2069,2065
2070,2066
2071,2067
2072,2068
2073,2069
2074,2070
2075,2071
2076,2072
2077,2073
2078,2074
2079,2075
2080,2076
2081,2077
2082,2078
2083,2079
2084,2080
2085,2081
2086,2082
2087,2083
2088,2084
2089,2085
2090,2086
2091,2087
2092,2088
2093,2089
2094,2090
2095,2091
2096,2092
2097,2093
2098,2094
2099,2095
2100,2096
2101,2097
2102,2098
2103,2099
2104,2100
2105,2101
2106,2102
2107,2103
2108,2104
2109,2105
2110,2106
2111,2107
2112,2108
2113,2109
2114,2110
2115,2111
2116,2112
2117,2113
2118,2114
2119,2115
2120,2116
2121,2117
2122,2118
2123,2119
2124,2120
2125,2121
2126,2122
2127,2123
2128,2124
2129,2125
2130,2126
2131,2127
2132,2128
2133,2129
2134,2130
2135,2131
2136,2132
2137,2133
2138,2134
2139,2135
2140,2136
2141,2137
2142,2138
2143,2139
2144,2140
2145,2141
2146,2142
2147,2143
2148,2144
2149,2145
2150,2146
2151,2147
2152,2148
2153,2149
2154,2150
2155,2151
2156,2152
2157,2153
2158,2154
2159,2155
2160,2156
2161,2157
2162,2158
2163,2159
2164,2160
2165,2161
2166,2162
2167,2163
2168,2164
2169,2165
2170,2166
2171,2167
2172,2168
2173,2169
2174,2170
2175,2171
2176,2172
2177,2173
2178,2174
2179,2175
2180,2176
2181,2177
2182,2178
2183,2179
2184,2180
2185,2181
2186,2182
2187,2183
2188,2184
2189,2185
2190,2186
2191,2187
2192,2188
2193,2189
2194,2190
2195,2191
2196,2192
2197,2193
2198,2194
2199,2195
2200,2196
2201,2197
2202,2198
2203,2199
2204,2200
2205,2201
2206,2202
2207,2203
2208,2204
2209,2205
2210,2206
2211,2207
2212,2208
2213,2209
2214,2210
2215,2211
2216,2212
2217,2213
2218,2214
2219,2215
2220,2216
2221,2217
2222,2218
2223,2219
2224,2220
2225,2221
2226,2222
2227,2223
2228,2224
2229,2225
2230,2226
2231,2227
2232,2228
2233,2229
2234,2230
2235,2231
2236,2232
2237,2233
2238,2234
2239,2235
2240,2236
2241,2237
2242,2238
2243,2239
2244,2240
2245,2241
2246,2242
2247,2243
2248,2244
2249,2245
2250,2246
2251,2247
2252,2248
2253,2249
2254,2250
2255,2251
2256,2252
2257,2253
2258,2254
2259,2255
2260,2256
2261,2257
2262,2258
2263,2259
2264,2260
2265,2261
2266,2262
2267,2263
2268,2264
2269,2265
2270,2266
2271,2267
2272,2268
2273,2269
2274,2270
2275,2271
2276,2272
2277,2273
2278,2274
2279,2275
2280,2276
2281,2277
2282,2278
2283,2279
2284,2280
2285,2281
2286,2282
2287,2283
2288,2284
2289,2285
2290,2286
2291,2287
2292,2288
2293,2289
2294,2290
2295,2291
2296,2292
2297,2293
2298,2294
2299,2295
2300,2296
2301,2297
2302,2298
2303,2299
2304,2300
2305,2301
2306,2302
2307,2303
2308,2304
2309,2305
2310,2306
2311,2307
2312,2308
2313,2309
2314,2310
2315,2311
2316,2312
2317,2313
2318,2314
2319,2315
2320,2316
2321,2317
2322,2318
2323,2319
2324,2320
2325,2321
2326,2322
2327,2323
2328,2324
2329,2325
2330,2326
2331,2327
2332,2328
2333,2329
2334,2330
2335,2331
2336,2332
2337,2333
2338,2334
2339,2335
2340,2336
2341,2337
2342,2338
2343,2339
2344,2340
2345,2341
2346,2342
2347,2343
2348,2344
2349,2345
2350,2346
2351,2347
2352,2348
2353,2349
2354,2350
2355,2351
2356,2352
2357,2353
2358,2354
2359,2355
2360,2356
2361,2357
2362,2358
2363,2359
2364,2360
2365,2361
2366,2362
2367,2363
2368,2364
2369,2365
2370,2366
2371,2367
2372,2368
2373,2369
2374,2370
2375,2371
2376,2372
2377,2373
2378,2374
2379,2375
2380,2376
2381,2377
2382,2378
2383,2379
2384,2380
2385,2381
2386,2382
2387,2383
2388,2384
2389,2385
2390,2386
2391,2387
2392,2388
2393,2389
2394,2390
2395,2391
2396,2392
2397,2393
2398,2394
2399,2395
2400,2396
2401,2397
2402,2398
2403,2399
2404,2400
2405,2401
2406,2402
2407,2403
2408,2404
2409,2405
2410,2406
2411,2407
2412,2408
2413,2409
2414,2410
2415,2411
2416,2412
2417,2413
2418,2414
2419,2415
2420,2416
2421,2417
2422,2418
2423,2419
2424,2420
2425,2421
2426,2422
2427,2423
2428,2424
2429,2425
2430,2426
2431,2427
2432,2428
2433,2429
2434,2430
2435,2431
2436,2432
2437,2433
2438,2434
2439,2435
2440,2436
2441,2437
2442,2438
2443,2439
2444,2440
2445,2441
2446,2442
2447,2443
2448,2444
2449,2445
2450,2446
2451,2447
2452,2448
2453,2449
2454,2450
2455,2451
2456,2452
2457,2453
2458,2454
2459,2455
2460,2456
2461,2457
2462,2458
2463,2459
2464,2460
2465,2461
2466,2462
2467,2463
2468,2464
2469,2465
2470,2466
2471,2467
2472,2468
2473,2469
2474,2470
2475,2471
2476,2472
2477,2473
2478,2474
2479,2475
2480,2476
2481,2477
2482,2478
2483,2479
2484,2480
2485,2481
2486,2482
2487,2483
2488,2484
2489,2485
2490,2486
2491,2487
2492,2488
2493,2489
2494,2490
2495,2491
2496,2492
2497,2493
2498,2494
2499,2495
2500,2496
2501,2497
2502,2498
2503,2499
2504,2500
2505,2501
2506,2502
2507,2503
2508,2504
2509,2505
2510,2506
2511,2507
2512,2508
2513,2509
2514,2510
2515,2511
2516,2512
2517,2513
2518,2514
2519,2515
2520,2516
2521,2517
2522,2518
2523,2519
2524,2520
2525,2521
2526,2522
2527,2523
2528,2524
2529,2525
2530,2526
2531,2527
2532,2528
2533,2529
2534,2530
2535,2531
2536,2532
2537,2533
2538,2534
2539,2535
2540,2536
2541,2537
2542,2538
2543,2539
2544,2540
2545,2541
2546,2542
2547,2543
2548,2544
2549,2545
2550,2546
2551,2547
2552,2548
2553,2549
2554,2550
2555,2551
2556,2552
2557,2553
2558,2554
2559,2555
2560,2556
2561,2557
2562,2558
2563,2559
2564,2560
2565,2561
2566,2562
2567,2563
2568,2564
2569,2565
2570,2566
2571,2567
2572,2568
2573,2569
2574,2570
2575,2571
2576,2572
2577,2573
2578,2574
2579,2575
2580,2576
2581,2577
2582,2578
2583,2579
2584,2580
2585,2581
2586,2582
2587,2583
2588,2584
2589,2585
2590,2586
2591,2587
2592,2588
2593,2589
2594,2590
2595,2591
2596,2592
2597,2593
2598,2594
2599,2595
2600,2596
2601,2597
2602,2598
2603,2599
2604,2600
2605,2601
2606,2602
2607,2603
2608,2604
2609,2605
2610,2606
2611,2607
2612,2608
2613,2609
2614,2610
2615,2611
2616,2612
2617,2613
2618,2614
2619,2615
2620,2616
2621,2617
2622,2618
2623,2619
2624,2620
2625,2621
2626,2622
2627,2623
2628,2624
2629,2625
2630,2626
2631,2627
2632,2628
2633,2629
2634,2630
2635,2631
2636,2632
2637,2633
2638,2634
2639,2635
2640,2636
2641,2637
2642,2638
2643,2639
2644,2640
2645,2641
2646,2642
2647,2643
2648,2644
2649,2645
2650,2646
2651,2647
2652,2648
2653,2649
2654,2650
2655,2651
2656,2652
2657,2653
2658,2654
2659,2655
2660,2656
2661,2657
2662,2658
2663,2659
2664,2660
2665,2661
2666,2662
2667,2663
2668,2664
2669,2665
2670,2666
2671,2667
2672,2668
2673,2669
2674,2670
2675,2671
2676,2672
2677,2673
2678,2674
2679,2675
2680,2676
2681,2677
2682,2678
2683,2679
2684,2680
2685,2681
2686,2682
2687,2683
2688,2684
2689,2685
2690,2686
2691,2687
2692,2688
2693,2689
2694,2690
2695,2691
2696,2692
2697,2693
2698,2694
2699,2695
2700,2696
2701,2697
2702,2698
2703,2699
2704,2700
2705,2701
2706,2702
2707,2703
2708,2704
2709,2705
2710,2706
2711,2707
2712,2708
2713,2709
2714,2710
2715,2711
2716,2712
2717,2713
2718,2714
2719,2715
2720,2716
2721,2717
2722,2718
2723,2719
2724,2720
2725,2721
2726,2722
2727,2723
2728,2724
2729,2725
2730,2726
2731,2727
2732,2728
2733,2729
2734,2730
2735,2731
2736,2732
2737,2733
2738,2734
2739,2735
2740,2736
2741,2737
2742,2738
2743,2739
2744,2740
2745,2741
2746,2742
2747,2743
2748,2744
2749,2745
2750,2746
2751,2747
2752,2748
2753,2749
2754,2750
2755,2751
2756,2752
2757,2753
2758,2754
2759,2755
2760,2756
2761,2757
2762,2758
2763,2759
2764,2760
2765,2761
2766,2762
2767,2763
2768,2764
2769,2765
2770,2766
2771,2767
2772,2768
2773,2769
2774,2770
2775,2771
2776,2772
2777,2773
2778,2774
2779,2775
2780,2776
2781,2777
2782,2778
2783,2779
2784,2780
2785,2781
2786,2782
2787,2783
2788,2784
2789,2785
2790,2786
2791,2787
2792,2788
2793,2789
2794,2790
2795,2791
2796,2792
2797,2793
2798,2794
2799,2795
2800,2796
2801,2797
2802,2798
2803,2799
2804,2800
2805,2801
2806,2802
2807,2803
2808,2804
2809,2805
2810,2806
2811,2807
2812,2808
2813,2809
2814,2810
2815,2811
2816,2812
2817,2813
2818,2814
2819,2815
2820,2816
2821,2817
2822,2818
2823,2819
2824,2820
2825,2821
2826,2822
2827,2823
2828,2824
2829,2825
2830,2826
2831,2827
2832,2828
2833,2829
2834,2830
2835,2831
2836,2832
2837,2833
2838,2834
2839,2835
2840,2836
2841,2837
2842,2838
2843,2839
2844,2840
2845,2841
2846,2842
2847,2843
2848,2844
2849,2845
2850,2846
2851,2847
2852,2848
2853,2849
2854,2850
2855,2851
2856,2852
2857,2853
2858,2854
2859,2855
2860,2856
2861,2857
2862,2858
2863,2859
2864,2860
2865,2861
2866,2862
2867,2863
2868,2864
2869,2865
2870,2866
2871,2867
2872,2868
2873,2869
2874,2870
2875,2871
2876,2872
2877,2873
2878,2874
2879,2875
2880,2876
2881,2877
2882,2878
2883,2879
2884,2880
2885,2881
2886,2882
2887,2883
2888,2884
2889,2885
2890,2886
2891,2887
2892,2888
2893,2889
2894,2890
2895,2891
2896,2892
2897,2893
2898,2894
2899,2895
2900,2896
2901,2897
2902,2898
2903,2899
2904,2900
2905,2901
2906,2902
2907,2903
2908,2904
2909,2905
2910,2906
2911,2907
2912,2908
2913,2909
2914,2910
2915,2911
2916,2912
2917,2913
2918,2914
2919,2915
2920,2916
2921,2917
2922,2918
2923,2919
2924,2920
2925,2921
2926,2922
2927,2923
2928,2924
2929,2925
2930,2926
2931,2927
2932,2928
2933,2929
2934,2930
2935,2931
2936,2932
2937,2933
2938,2934
2939,2935
2940,2936
2941,2937
2942,2938
2943,2939
2944,2940
2945,2941
2946,2942
2947,2943
2948,2944
2949,2945
2950,2946
2951,2947
2952,2948
2953,2949
2954,2950
2955,2951
2956,2952
2957,2953
2958,2954
2959,2955
2960,2956
2961,2957
2962,2958
2963,2959
2964,2960
2965,2961
2966,2962
2967,2963
2968,2964
2969,2965
2970,2966
2971,2967
2972,2968
2973,2969
2974,2970
2975,2971
2976,2972
2977,2973
2978,2974
2979,2975
2980,2976
2981,2977
2982,2978
2983,2979
2984,2980
2985,2981
2986,2982
2987,2983
2988,2984
2989,2985
2990,2986
2991,2987
2992,2988
2993,2989
2994,2990
2995,2991
2996,2992
2997,2993
2998,2994
2999,2995
3000,2996
3001,2997
3002,2998
3003,2999
3004,3000
3005,3001
3006,3002
3007,3003
3008,3004
3009,3005
3010,3006
3011,3007
3012,3008
3013,3009
3014,3010
3015,3011
3016,3012
3017,3013
3018,3014
3019,3015
3020,3016
3021,3017
3022,3018
3023,3019
3024,3020
3025,3021
3026,3022
3027,3023
3028,3024
3029,3025
3030,3026
3031,3027
3032,3028
3033,3029
3034,3030
3035,3031
3036,3032
3037,3033
3038,3034
3039,3035
3040,3036
3041,3037
3042,3038
3043,3039
3044,3040
3045,3041
3046,3042
3047,3043
3048,3044
3049,3045
3050,3046
3051,3047
3052,3048
3053,3049
3054,3050
3055,3051
3056,3052
3057,3053
3058,3054
3059,3055
3060,3056
3061,3057
3062,3058
3063,3059
3064,3060
3065,3061
3066,3062
3067,3063
3068,3064
3069,3065
3070,3066
3071,3067
3072,3068
3073,3069
3074,3070
3075,3071
3076,3072
3077,3073
3078,3074
3079,3075
3080,3076
3081,3077
3082,3078
3083,3079
3084,3080
3085,3081
3086,3082
3087,3083
3088,3084
3089,3085
3090,3086
3091,3087
3092,3088
3093,3089
3094,3090
3095,3091
3096,3092
3097,3093
3098,3094
3099,3095
3100,3096
3101,3097
3102,3098
3103,3099
3104,3100
3105,3101
3106,3102
3107,3103
3108,3104
3109,3105
3110,3106
3111,3107
3112,3108
3113,3109
3114,3110
3115,3111
3116,3112
3117,3113
3118,3114
3119,3115
3120,3116
3121,3117
3122,3118
3123,3119
3124,3120
3125,3121
3126,3122
3127,3123
3128,3124
3129,3125
3130,3126
3131,3127
3132,3128
3133,3129
3134,3130
3135,3131
3136,3132
3137,3133
3138,3134
3139,3135
3140,3136
3141,3137
3142,3138
3143,3139
3144,3140
3145,3141
3146,3142
3147,3143
3148,3144
3149,3145
3150,3146
3151,3147
3152,3148
3153,3149
3154,3150
3155,3151
3156,3152
3157,3153
3158,3154
3159,3155
3160,3156
3161,3157
3162,3158
3163,3159
3164,3160
3165,3161
3166,3162
3167,3163
3168,3164
3169,3165
3170,3166
3171,3167
3172,3168
3173,3169
3174,3170
3175,3171
3176,3172
3177,3173
3178,3174
3179,3175
3180,3176
3181,3177
3182,3178
3183,3179
3184,3180
3185,3181
3186,3182
3187,3183
3188,3184
3189,3185
3190,3186
3191,3187
3192,3188
3193,3189
3194,3190
3195,3191
3196,3192
3197,3193
3198,3194
3199,3195
3200,3196
3201,3197
3202,3198
3203,3199
3204,3200
3205,3201
3206,3202
3207,3203
3208,3204
3209,3205
3210,3206
3211,3207
3212,3208
3213,3209
3214,3210
3215,3211
3216,3212
3217,3213
3218,3214
3219,3215
3220,3216
3221,3217
3222,3218
3223,3219
3224,3220
3225,3221
3226,3222
3227,3223
3228,3224
3229,3225
3230,3226
3231,3227
3232,3228
3233,3229
3234,3230
3235,3231
3236,3232
3237,3233
3238,3234
3239,3235
3240,3236
3241,3237
3242,3238
3243,3239
3244,3240
3245,3241
3246,3242
3247,3243
3248,3244
3249,3245
3250,3246
3251,3247
3252,3248
3253,3249
3254,3250
3255,3251
3256,3252
3257,3253
3258,3254
3259,3255
3260,3256
3261,3257
3262,3258
3263,3259
3264,3260
3265,3261
3266,3262
3267,3263
3268,3264
3269,3265
3270,3266
3271,3267
3272,3268
3273,3269
3274,3270
3275,3271
3276,3272
3277,3273
3278,3274
3279,3275
3280,3276
3281,3277
3282,3278
3283,3279
3284,3280
3285,3281
3286,3282
3287,3283
3288,3284
3289,3285
3290,3286
3291,3287
3292,3288
3293,3289
3294,3290
3295,3291
3296,3292
3297,3293
3298,3294
3299,3295
3300,3296
3301,3297
3302,3298
3303,3299
3304,3300
3305,3301
3306,3302
3307,3303
3308,3304
3309,3305
3310,3306
3311,3307
3312,3308
3313,3309
3314,3310
3315,3311
3316,3312
3317,3313
3318,3314
3319,3315
3320,3316
3321,3317
3322,3318
3323,3319
3324,3320
3325,3321
3326,3322
3327,3323
3328,3324
3329,3325
3330,3326
3331,3327
3332,3328
3333,3329
3334,3330
3335,3331
3336,3332
3337,3333
3338,3334
3339,3335
3340,3336
3341,3337
3342,3338
3343,3339
3344,3340
3345,3341
3346,3342
3347,3343
3348,3344
3349,3345
3350,3346
3351,3347
3352,3348
3353,3349
3354,3350
3355,3351
3356,3352
3357,3353
3358,3354
3359,3355
3360,3356
3361,3357
3362,3358
3363,3359
3364,3360
3365,3361
3366,3362
3367,3363
3368,3364
3369,3365
3370,3366
3371,3367
3372,3368
3373,3369
3374,3370
3375,3371
3376,3372
3377,3373
3378,3374
3379,3375
3380,3376
3381,3377
3382,3378
3383,3379
3384,3380
3385,3381
3386,3382
3387,3383
3388,3384
3389,3385
3390,3386
3391,3387
3392,3388
3393,3389
3394,3390
3395,3391
3396,3392
3397,3393
3398,3394
3399,3395
3400,3396
3401,3397
3402,3398
3403,3399
3404,3400
3405,3401
3406,3402
3407,3403
3408,3404
3409,3405
3410,3406
3411,3407
3412,3408
3413,3409
3414,3410
3415,3411
3416,3412
3417,3413
3418,3414
3419,3415
3420,3416
3421,3417
3422,3418
3423,3419
3424,3420
3425,3421
3426,3422
3427,3423
3428,3424
3429,3425
3430,3426
3431,3427
3432,3428
3433,3429
3434,3430
3435,3431
3436,3432
3437,3433
3438,3434
3439,3435
3440,3436
3441,3437
3442,3438
3443,3439
3444,3440
3445,3441
3446,3442
3447,3443
3448,3444
3449,3445
3450,3446
3451,3447
3452,3448
3453,3449
3454,3450
3455,3451
3456,3452
3457,3453
3458,3454
3459,3455
3460,3456
3461,3457
3462,3458
3463,3459
3464,3460
3465,3461
3466,3462
3467,3463
3468,3464
3469,3465
3470,3466
3471,3467
3472,3468
3473,3469
3474,3470
3475,3471
3476,3472
3477,3473
3478,3474
3479,3475
3480,3476
3481,3477
3482,3478
3483,3479
3484,3480
3485,3481
3486,3482
3487,3483
3488,3484
3489,3485
3490,3486
3491,3487
3492,3488
3493,3489
3494,3490
3495,3491
3496,3492
3497,3493
3498,3494
3499,3495
3500,3496
3501,3497
3502,3498
3503,3499
3504,3500
3505,3501
3506,3502
3507,3503
3508,3504
3509,3505
3510,3506
3511,3507
3512,3508
3513,3509
3514,3510
3515,3511
3516,3512
3517,3513
3518,3514
3519,3515
3520,3516
3521,3517
3522,3518
3523,3519
3524,3520
3525,3521
3526,3522
3527,3523
3528,3524
3529,3525
3530,3526
3531,3527
3532,3528
3533,3529
3534,3530
3535,3531
3536,3532
3537,3533
3538,3534
3539,3535
3540,3536
3541,3537
3542,3538
3543,3539
3544,3540
3545,3541
3546,3542
3547,3543
3548,3544
3549,3545
3550,3546
3551,3547
3552,3548
3553,3549
3554,3550
3555,3551
3556,3552
3557,3553
3558,3554
3559,3555
3560,3556
3561,3557
3562,3558
3563,3559
3564,3560
3565,3561
3566,3562
3567,3563
3568,3564
3569,3565
3570,3566
3571,3567
3572,3568
3573,3569
3574,3570
3575,3571
3576,3572
3577,3573
3578,3574
3579,3575
3580,3576
3581,3577
3582,3578
3583,3579
3584,3580
3585,3581
3586,3582
3587,3583
3588,3584
3589,3585
3590,3586
3591,3587
3592,3588
3593,3589
3594,3590
3595,3591
3596,3592
3597,3593
3598,3594
3599,3595
3600,3596
3601,3597
3602,3598
3603,3599
3604,3600
3605,3601
3606,3602
3607,3603
3608,3604
3609,3605
3610,3606
3611,3607
3612,3608
3613,3609
3614,3610
3615,3611
3616,3612
3617,3613
3618,3614
3619,3615
3620,3616
3621,3617
3622,3618
3623,3619
3624,3620
3625,3621
3626,3622
3627,3623
3628,3624
3629,3625
3630,3626
3631,3627
3632,3628
3633,3629
3634,3630
3635,3631
3636,3632
3637,3633
3638,3634
3639,3635
3640,3636
3641,3637
3642,3638
3643,3639
3644,3640
3645,3641
3646,3642
3647,3643
3648,3644
3649,3645
3650,3646
3651,3647
3652,3648
3653,3649
3654,3650
3655,3651
3656,3652
3657,3653
3658,3654
3659,3655
3660,3656
3661,3657
3662,3658
3663,3659
3664,3660
3665,3661
3666,3662
3667,3663
3668,3664
3669,3665
3670,3666
3671,3667
3672,3668
3673,3669
3674,3670
3675,3671
3676,3672
3677,3673
3678,3674
3679,3675
3680,3676
3681,3677
3682,3678
3683,3679
3684,3680
3685,3681
3686,3682
3687,3683
3688,3684
3689,3685
3690,3686
3691,3687
3692,3688
3693,3689
3694,3690
3695,3691
3696,3692
3697,3693
3698,3694
3699,3695
3700,3696
3701,3697
3702,3698
3703,3699
3704,3700
3705,3701
3706,3702
3707,3703
3708,3704
3709,3705
3710,3706
3711,3707
3712,3708
3713,3709
3714,3710
3715,3711
3716,3712
3717,3713
3718,3714
3719,3715
3720,3716
3721,3717
3722,3718
3723,3719
3724,3720
3725,3721
3726,3722
3727,3723
3728,3724
3729,3725
3730,3726
3731,3727
3732,3728
3733,3729
3734,3730
3735,3731
3736,3732
3737,3733
3738,3734
3739,3735
3740,3736
3741,3737
3742,3738
3743,3739
3744,3740
3745,3741
3746,3742
3747,3743
3748,3744
3749,3745
3750,3746
3751,3747
3752,3748
3753,3749
3754,3750
3755,3751
3756,3752
3757,3753
3758,3754
3759,3755
3760,3756
3761,3757
3762,3758
3763,3759
3764,3760
3765,3761
3766,3762
3767,3763
3768,3764
3769,3765
3770,3766
3771,3767
3772,3768
3773,3769
3774,3770
3775,3771
3776,3772
3777,3773
3778,3774
3779,3775
3780,3776
3781,3777
3782,3778
3783,3779
3784,3780
3785,3781
3786,3782
3787,3783
3788,3784
3789,3785
3790,3786
3791,3787
3792,3788
3793,3789
3794,3790
3795,3791
3796,3792
3797,3793
3798,3794
3799,3795
3800,3796
3801,3797
3802,3798
3803,3799
3804,3800
3805,3801
3806,3802
3807,3803
3808,3804
3809,3805
3810,3806
3811,3807
3812,3808
3813,3809
3814,3810
3815,3811
3816,3812
3817,3813
3818,3814
3819,3815
3820,3816
3821,3817
3822,3818
3823,3819
3824,3820
3825,3821
3826,3822
3827,3823
3828,3824
3829,3825
3830,3826
3831,3827
3832,3828
3833,3829
3834,3830
3835,3831
3836,3832
3837,3833
3838,3834
3839,3835
3840,3836
3841,3837
3842,3838
3843,3839
3844,3840
3845,3841
3846,3842
3847,3843
3848,3844
3849,3845
3850,3846
3851,3847
3852,3848
3853,3849
3854,3850
3855,3851
3856,3852
3857,3853
3858,3854
3859,3855
3860,3856
3861,3857
3862,3858
3863,3859
3864,3860
3865,3861
3866,3862
3867,3863
3868,3864
3869,3865
3870,3866
3871,3867
3872,3868
3873,3869
3874,3870
3875,3871
3876,3872
3877,3873
3878,3874
3879,3875
3880,3876
3881,3877
3882,3878
3883,3879
3884,3880
3885,3881
3886,3882
3887,3883
3888,3884
3889,3885
3890,3886
3891,3887
3892,3888
3893,3889
3894,3890
3895,3891
3896,3892
3897,3893
3898,3894
3899,3895
3900,3896
3901,3897
3902,3898
3903,3899
3904,3900
3905,3901
3906,3902
3907,3903
3908,3904
3909,3905
3910,3906
3911,3907
3912,3908
3913,3909
3914,3910
3915,3911
3916,3912
3917,3913
3918,3914
3919,3915
3920,3916
3921,3917
3922,3918
3923,3919
3924,3920
3925,3921
3926,3922
3927,3923
3928,3924
3929,3925
3930,3926
3931,3927
3932,3928
3933,3929
3934,3930
3935,3931
3936,3932
3937,3933
3938,3934
3939,3935
3940,3936
3941,3937
3942,3938
3943,3939
3944,3940
3945,3941
3946,3942
3947,3943
3948,3944
3949,3945
3950,3946
3951,3947
3952,3948
3953,3949
3954,3950
3955,3951
3956,3952
3957,3953
3958,3954
3959,3955
3960,3956
3961,3957
3962,3958
3963,3959
3964,3960
3965,3961
3966,3962
3967,3963
3968,3964
3969,3965
3970,3966
3971,3967
3972,3968
3973,3969
3974,3970
3975,3971
3976,3972
3977,3973
3978,3974
3979,3975
3980,3976
3981,3977
3982,3978
3983,3979
3984,3980
3985,3981
3986,3982
3987,3983
3988,3984
3989,3985
3990,3986
3991,3987
3992,3988
3993,3989
3994,3990
3995,3991
3996,3992
3997,3993
3998,3994
3999,3995
4000,3996
4001,3997
4002,3998
4003,3999
4004,4000
4005,4001
4006,4002
4007,4003
4008,4004
4009,4005
4010,4006
4011,4007
4012,4008
4013,4009
4014,4010
4015,4011
4016,4012
4017,4013
4018,4014
4019,4015
4020,4016
4021,4017
4022,4018
4023,4019
4024,4020
4025,4021
4026,4022
4027,4023
4028,4024
4029,4025
4030,4026
4031,4027
4032,4028
4033,4029
4034,4030
4035,4031
4036,4032
4037,4033
4038,4034
4039,4035
4040,4036
4041,4037
4042,4038
4043,4039
4044,4040
4045,4041
4046,4042
4047,4043
4048,4044
4049,4045
4050,4046
4051,4047
4052,4048
4053,4049
4054,4050
4055,4051
4056,4052
4057,4053
4058,4054
4059,4055
4060,4056
4061,4057
4062,4058
4063,4059
4064,4060
4065,4061
4066,4062
4067,4063
4068,4064
4069,4065
4070,4066
4071,4067
4072,4068
4073,4069
4074,4070
4075,4071
4076,4072
4077,4073
4078,4074
4079,4075
4080,4076
4081,4077
4082,4078
4083,4079
4084,4080
4085,4081
4086,4082
4087,4083
4088,4084
4089,4085
4090,4086
4091,4087
4092,4088
4093,4089
4094,4090
4095,4091
4096,4092
4097,4093
4098,4094
4099,4095
4100,4096
4101,4097
4102,4098
4103,4099
4104,4100
4105,4101
4106,4102
4107,4103
4108,4104
4109,4105
4110,4106
4111,4107
4112,4108
4113,4109
4114,4110
4115,4111
4116,4112
4117,4113
4118,4114
4119,4115
4120,4116
4121,4117
4122,4118
4123,4119
4124,4120
4125,4121
4126,4122
4127,4123
4128,4124
4129,4125
4130,4126
4131,4127
4132,4128
4133,4129
4134,4130
4135,4131
4136,4132
4137,4133
4138,4134
4139,4135
4140,4136
4141,4137
4142,4138
4143,4139
4144,4140
4145,4141
4146,4142
4147,4143
4148,4144
4149,4145
4150,4146
4151,4147
4152,4148
4153,4149
4154,4150
4155,4151
4156,4152
4157,4153
4158,4154
4159,4155
4160,4156
4161,4157
4162,4158
4163,4159
4164,4160
4165,4161
4166,4162
4167,4163
4168,4164
4169,4165
4170,4166
4171,4167
4172,4168
4173,4169
4174,4170
4175,4171
4176,4172
4177,4173
4178,4174
4179,4175
4180,4176
4181,4177
4182,4178
4183,4179
4184,4180
4185,4181
4186,4182
4187,4183
4188,4184
4189,4185
4190,4186
4191,4187
4192,4188
4193,4189
4194,4190
4195,4191
4196,4192
4197,4193
4198,4194
4199,4195
4200,4196
4201,4197
4202,4198
4203,4199
4204,4200
4205,4201
4206,4202
4207,4203
4208,4204
4209,4205
4210,4206
4211,4207
4212,4208
4213,4209
4214,4210
4215,4211
4216,4212
4217,4213
4218,4214
4219,4215
4220,4216
4221,4217
4222,4218
4223,4219
4224,4220
4225,4221
4226,4222
4227,4223
4228,4224
4229,4225
4230,4226
4231,4227
4232,4228
4233,4229
4234,4230
4235,4231
4236,4232
4237,4233
4238,4234
4239,4235
4240,4236
4241,4237
4242,4238
4243,4239
4244,4240
4245,4241
4246,4242
4247,4243
4248,4244
4249,4245
4250,4246
4251,4247
4252,4248
4253,4249
4254,4250
4255,4251
4256,4252
4257,4253
4258,4254
4259,4255
4260,4256
4261,4257
4262,4258
4263,4259
4264,4260
4265,4261
4266,4262
4267,4263
4268,4264
4269,4265
4270,4266
4271,4267
4272,4268
4273,4269
4274,4270
4275,4271
4276,4272
4277,4273
4278,4274
4279,4275
4280,4276
4281,4277
4282,4278
4283,4279
4284,4280
4285,4281
4286,4282
4287,4283
4288,4284
4289,4285
4290,4286
4291,4287
4292,4288
4293,4289
4294,4290
4295,4291
4296,4292
4297,4293
4298,4294
4299,4295
4300,4296
4301,4297
4302,4298
4303,4299
4304,4300
4305,4301
4306,4302
4307,4303
4308,4304
4309,4305
4310,4306
4311,4307
4312,4308
4313,4309
4314,4310
4315,4311
4316,4312
4317,4313
4318,4314
4319,4315
4320,4316
4321,4317
4322,4318
4323,4319
4324,4320
4325,4321
4326,4322
4327,4323
4328,4324
4329,4325
4330,4326
4331,4327
4332,4328
4333,4329
4334,4330
4335,4331
4336,4332
4337,4333
4338,4334
4339,4335
4340,4336
4341,4337
4342,4338
4343,4339
4344,4340
4345,4341
4346,4342
4347,4343
4348,4344
4349,4345
4350,4346
4351,4347
4352,4348
4353,4349
4354,4350
4355,4351
4356,4352
4357,4353
4358,4354
4359,4355
4360,4356
4361,4357
4362,4358
4363,4359
4364,4360
4365,4361
4366,4362
4367,4363
4368,4364
4369,4365
4370,4366
4371,4367
4372,4368
4373,4369
4374,4370
4375,4371
4376,4372
4377,4373
4378,4374
4379,4375
4380,4376
4381,4377
4382,4378
4383,4379
4384,4380
4385,4381
4386,4382
4387,4383
4388,4384
4389,4385
4390,4386
4391,4387
4392,4388
4393,4389
4394,4390
4395,4391
4396,4392
4397,4393
4398,4394
4399,4395
4400,4396
4401,4397
4402,4398
4403,4399
4404,4400
4405,4401
4406,4402
4407,4403
4408,4404
4409,4405
4410,4406
4411,4407
4412,4408
4413,4409
4414,4410
4415,4411
4416,4412
4417,4413
4418,4414
4419,4415
4420,4416
4421,4417
4422,4418
4423,4419
4424,4420
4425,4421
4426,4422
4427,4423
4428,4424
4429,4425
4430,4426
4431,4427
4432,4428
4433,4429
4434,4430
4435,4431
4436,4432
4437,4433
4438,4434
4439,4435
4440,4436
4441,4437
4442,4438
4443,4439
4444,4440
4445,4441
4446,4442
4447,4443
4448,4444
4449,4445
4450,4446
4451,4447
4452,4448
4453,4449
4454,4450
4455,4451
4456,4452
4457,4453
4458,4454
4459,4455
4460,4456
4461,4457
4462,4458
4463,4459
4464,4460
4465,4461
4466,4462
4467,4463
4468,4464
4469,4465
4470,4466
4471,4467
4472,4468
4473,4469
4474,4470
4475,4471
4476,4472
4477,4473
4478,4474
4479,4475
4480,4476
4481,4477
4482,4478
4483,4479
4484,4480
4485,4481
4486,4482
4487,4483
4488,4484
4489,4485
4490,4486
4491,4487
4492,4488
4493,4489
4494,4490
4495,4491
4496,4492
4497,4493
4498,4494
4499,4495
4500,4496
4501,4497
4502,4498
4503,4499
4504,4500
4505,4501
4506,4502
4507,4503
4508,4504
4509,4505
4510,4506
4511,4507
4512,4508
4513,4509
4514,4510
4515,4511
4516,4512
4517,4513
4518,4514
4519,4515
4520,4516
4521,4517
4522,4518
4523,4519
4524,4520
4525,4521
4526,4522
4527,4523
4528,4524
4529,4525
4530,4526
4531,4527
4532,4528
4533,4529
4534,4530
4535,4531
4536,4532
4537,4533
4538,4534
4539,4535
4540,4536
4541,4537
4542,4538
4543,4539
4544,4540
4545,4541
4546,4542
4547,4543
4548,4544
4549,4545
4550,4546
4551,4547
4552,4548
4553,4549
4554,4550
4555,4551
4556,4552
4557,4553
4558,4554
4559,4555
4560,4556
4561,4557
4562,4558
4563,4559
4564,4560
4565,4561
4566,4562
4567,4563
4568,4564
4569,4565
4570,4566
4571,4567
4572,4568
4573,4569
4574,4570
4575,4571
4576,4572
4577,4573
4578,4574
4579,4575
4580,4576
4581,4577
4582,4578
4583,4579
4584,4580
4585,4581
4586,4582
4587,4583
4588,4584
4589,4585
4590,4586
4591,4587
4592,4588
4593,4589
4594,4590
4595,4591
4596,4592
4597,4593
4598,4594
4599,4595
4600,4596
4601,4597
4602,4598
4603,4599
4604,4600
4605,4601
4606,4602
4607,4603
4608,4604
4609,4605
4610,4606
4611,4607
4612,4608
4613,4609
4614,4610
4615,4611
4616,4612
4617,4613
4618,4614
4619,4615
4620,4616
4621,4617
4622,4618
4623,4619
4624,4620
4625,4621
4626,4622
4627,4623
4628,4624
4629,4625
4630,4626
4631,4627
4632,4628
4633,4629
4634,4630
4635,4631
4636,4632
4637,4633
4638,4634
4639,4635
4640,4636
4641,4637
4642,4638
4643,4639
4644,4640
4645,4641
4646,4642
4647,4643
4648,4644
4649,4645
4650,4646
4651,4647
4652,4648
4653,4649
4654,4650
4655,4651
4656,4652
4657,4653
4658,4654
4659,4655
4660,4656
4661,4657
4662,4658
4663,4659
4664,4660
4665,4661
4666,4662
4667,4663
4668,4664
4669,4665
4670,4666
4671,4667
4672,4668
4673,4669
4674,4670
4675,4671
4676,4672
4677,4673
4678,4674
4679,4675
4680,4676
4681,4677
4682,4678
4683,4679
4684,4680
4685,4681
4686,4682
4687,4683
4688,4684
4689,4685
4690,4686
4691,4687
4692,4688
4693,4689
4694,4690
4695,4691
4696,4692
4697,4693
4698,4694
4699,4695
4700,4696
4701,4697
4702,4698
4703,4699
4704,4700
4705,4701
4706,4702
4707,4703
4708,4704
4709,4705
4710,4706
4711,4707
4712,4708
4713,4709
4714,4710
4715,4711
4716,4712
4717,4713
4718,4714
4719,4715
4720,4716
4721,4717
4722,4718
4723,4719
4724,4720
4725,4721
4726,4722
4727,4723
4728,4724
4729,4725
4730,4726
4731,4727
4732,4728
4733,4729
4734,4730
4735,4731
4736,4732
4737,4733
4738,4734
4739,4735
4740,4736
4741,4737
4742,4738
4743,4739
4744,4740
4745,4741
4746,4742
4747,4743
4748,4744
4749,4745
4750,4746
4751,4747
4752,4748
4753,4749
4754,4750
4755,4751
4756,4752
4757,4753
4758,4754
4759,4755
4760,4756
4761,4757
4762,4758
4763,4759
4764,4760
4765,4761
4766,4762
4767,4763
4768,4764
4769,4765
4770,4766
4771,4767
4772,4768
4773,4769
4774,4770
4775,4771
4776,4772
4777,4773
4778,4774
4779,4775
4780,4776
4781,4777
4782,4778
4783,4779
4784,4780
4785,4781
4786,4782
4787,4783
4788,4784
4789,4785
4790,4786
4791,4787
4792,4788
4793,4789
4794,4790
4795,4791
4796,4792
4797,4793
4798,4794
4799,4795
4800,4796
4801,4797
4802,4798
4803,4799
4804,4800
4805,4801
4806,4802
4807,4803
4808,4804
4809,4805
4810,4806
4811,4807
4812,4808
4813,4809
4814,4810
4815,4811
4816,4812
4817,4813
4818,4814
4819,4815
4820,4816
4821,4817
4822,4818
4823,4819
4824,4820
4825,4821
4826,4822
4827,4823
4828,4824
4829,4825
4830,4826
4831,4827
4832,4828
4833,4829
4834,4830
4835,4831
4836,4832
4837,4833
4838,4834
4839,4835
4840,4836
4841,4837
4842,4838
4843,4839
4844,4840
4845,4841
4846,4842
4847,4843
4848,4844
4849,4845
4850,4846
4851,4847
4852,4848
4853,4849
4854,4850
4855,4851
4856,4852
4857,4853
4858,4854
4859,4855
4860,4856
4861,4857
4862,4858
4863,4859
4864,4860
4865,4861
4866,4862
4867,4863
4868,4864
4869,4865
4870,4866
4871,4867
4872,4868
4873,4869
4874,4870
4875,4871
4876,4872
4877,4873
4878,4874
4879,4875
4880,4876
4881,4877
4882,4878
4883,4879
4884,4880
4885,4881
4886,4882
4887,4883
4888,4884
4889,4885
4890,4886
4891,4887
4892,4888
4893,4889
4894,4890
4895,4891
4896,4892
4897,4893
4898,4894
4899,4895
4900,4896
4901,4897
4902,4898
4903,4899
4904,4900
4905,4901
4906,4902
4907,4903
4908,4904
4909,4905
4910,4906
4911,4907
4912,4908
4913,4909
4914,4910
4915,4911
4916,4912
4917,4913
4918,4914
4919,4915
4920,4916
4921,4917
4922,4918
4923,4919
4924,4920
4925,4921
4926,4922
4927,4923
4928,4924
4929,4925
4930,4926
4931,4927
4932,4928
4933,4929
4934,4930
4935,4931
4936,4932
4937,4933
4938,4934
4939,4935
4940,4936
4941,4937
4942,4938
4943,4939
4944,4940
4945,4941
4946,4942
4947,4943
4948,4944
4949,4945
4950,4946
4951,4947
4952,4948
4953,4949
4954,4950
4955,4951
4956,4952
4957,4953
4958,4954
4959,4955
4960,4956
4961,4957
4962,4958
4963,4959
4964,4960
4965,4961
4966,4962
4967,4963
4968,4964
4969,4965
4970,4966
4971,4967
4972,4968
4973,4969
4974,4970
4975,4971
4976,4972
4977,4973
4978,4974
4979,4975
4980,4976
4981,4977
4982,4978
4983,4979
4984,4980
4985,4981
4986,4982
4987,4983
4988,4984
4989,4985
4990,4986
4991,4987
4992,4988
4993,4989
4994,4990
4995,4991
4996,4992
4997,4993
4998,4994
4999,4995
5000,4996
5001,4997
5002,4998
5003,4999
5004,5000
5005,5001
5006,5002
5007,5003
5008,5004
5009,5005
5010,5006
5011,5007
5012,5008
5013,5009
5014,5010
5015,5011
5016,5012
5017,5013
5018,5014
5019,5015
5020,5016
5021,5017
5022,5018
5023,5019
5024,5020
5025,5021
5026,5022
5027,5023
5028,5024
5029,5025
5030,5026
5031,5027
5032,5028
5033,5029
5034,5030
5035,5031
5036,5032
5037,5033
5038,5034
5039,5035
5040,5036
5041,5037
5042,5038
5043,5039
5044,5040
5045,5041
5046,5042
5047,5043
5048,5044
5049,5045
5050,5046
5051,5047
5052,5048
5053,5049
5054,5050
5055,5051
5056,5052
5057,5053
5058,5054
5059,5055
5060,5056
5061,5057
5062,5058
5063,5059
5064,5060
5065,5061
5066,5062
5067,5063
5068,5064
5069,5065
5070,5066
5071,5067
5072,5068
5073,5069
5074,5070
5075,5071
5076,5072
5077,5073
5078,5074
5079,5075
5080,5076
5081,5077
5082,5078
5083,5079
5084,5080
5085,5081
5086,5082
5087,5083
5088,5084
5089,5085
5090,5086
5091,5087
5092,5088
5093,5089
5094,5090
5095,5091
5096,5092
5097,5093
5098,5094
5099,5095
5100,5096
5101,5097
5102,5098
5103,5099
5104,5100
5105,5101
5106,5102
5107,5103
5108,5104
5109,5105
5110,5106
5111,5107
5112,5108
5113,5109
5114,5110
5115,5111
5116,5112
5117,5113
5118,5114
5119,5115
5120,5116
5121,5117
5122,5118
5123,5119
5124,5120
5125,5121
5126,5122
5127,5123
5128,5124
5129,5125
5130,5126
5131,5127
5132,5128
5133,5129
5134,5130
5135,5131
5136,5132
5137,5133
5138,5134
5139,5135
5140,5136
5141,5137
5142,5138
5143,5139
5144,5140
5145,5141
5146,5142
5147,5143
5148,5144
5149,5145
5150,5146
5151,5147
5152,5148
5153,5149
5154,5150
5155,5151
5156,5152
5157,5153
5158,5154
5159,5155
5160,5156
5161,5157
5162,5158
5163,5159
5164,5160
5165,5161
5166,5162
5167,5163
5168,5164
5169,5165
5170,5166
5171,5167
5172,5168
5173,5169
5174,5170
5175,5171
5176,5172
5177,5173
5178,5174
5179,5175
5180,5176
5181,5177
5182,5178
5183,5179
5184,5180
5185,5181
5186,5182
5187,5183
5188,5184
5189,5185
5190,5186
5191,5187
5192,5188
5193,5189
5194,5190
5195,5191
5196,5192
5197,5193
5198,5194
5199,5195
5200,5196
5201,5197
5202,5198
5203,5199
5204,5200
5205,5201
5206,5202
5207,5203
5208,5204
5209,5205
5210,5206
5211,5207
5212,5208
5213,5209
5214,5210
5215,5211
5216,5212
5217,5213
5218,5214
5219,5215
5220,5216
5221,5217
5222,5218
5223,5219
5224,5220
5225,5221
5226,5222
5227,5223
5228,5224
5229,5225
5230,5226
5231,5227
5232,5228
5233,5229
5234,5230
5235,5231
5236,5232
5237,5233
5238,5234
5239,5235
5240,5236
5241,5237
5242,5238
5243,5239
5244,5240
5245,5241
5246,5242
5247,5243
5248,5244
5249,5245
5250,5246
5251,5247
5252,5248
5253,5249
5254,5250
5255,5251
5256,5252
5257,5253
5258,5254
5259,5255
5260,5256
5261,5257
5262,5258
5263,5259
5264,5260
5265,5261
5266,5262
5267,5263
5268,5264
5269,5265
5270,5266
5271,5267
5272,5268
5273,5269
5274,5270
5275,5271
5276,5272
5277,5273
5278,5274
5279,5275
5280,5276
5281,5277
5282,5278
5283,5279
5284,5280
5285,5281
5286,5282
5287,5283
5288,5284
5289,5285
5290,5286
5291,5287
5292,5288
5293,5289
5294,5290
5295,5291
5296,5292
5297,5293
5298,5294
5299,5295
5300,5296
5301,5297
5302,5298
5303,5299
5304,5300
5305,5301
5306,5302
5307,5303
5308,5304
5309,5305
5310,5306
5311,5307
5312,5308
5313,5309
5314,5310
5315,5311
5316,5312
5317,5313
5318,5314
5319,5315
5320,5316
5321,5317
5322,5318
5323,5319
5324,5320
5325,5321
5326,5322
5327,5323
5328,5324
5329,5325
5330,5326
5331,5327
5332,5328
5333,5329
5334,5330
5335,5331
5336,5332
5337,5333
5338,5334
5339,5335
5340,5336
5341,5337
5342,5338
5343,5339
5344,5340
5345,5341
5346,5342
5347,5343
5348,5344
5349,5345
5350,5346
5351,5347
5352,5348
5353,5349
5354,5350
5355,5351
5356,5352
5357,5353
5358,5354
5359,5355
5360,5356
5361,5357
5362,5358
5363,5359
5364,5360
5365,5361
5366,5362
5367,5363
5368,5364
5369,5365
5370,5366
5371,5367
5372,5368
5373,5369
5374,5370
5375,5371
5376,5372
5377,5373
5378,5374
5379,5375
5380,5376
5381,5377
5382,5378
5383,5379
5384,5380
5385,5381
5386,5382
5387,5383
5388,5384
5389,5385
5390,5386
5391,5387
5392,5388
5393,5389
5394,5390
5395,5391
5396,5392
5397,5393
5398,5394
5399,5395
5400,5396
5401,5397
5402,5398
5403,5399
5404,5400
5405,5401
5406,5402
5407,5403
5408,5404
5409,5405
5410,5406
5411,5407
5412,5408
5413,5409
5414,5410
5415,5411
5416,5412
5417,5413
5418,5414
5419,5415
5420,5416
5421,5417
5422,5418
5423,5419
5424,5420
5425,5421
5426,5422
5427,5423
5428,5424
5429,5425
5430,5426
5431,5427
5432,5428
5433,5429
5434,5430
5435,5431
5436,5432
5437,5433
5438,5434
5439,5435
5440,5436
5441,5437
5442,5438
5443,5439
5444,5440
5445,5441
5446,5442
5447,5443
5448,5444
5449,5445
5450,5446
5451,5447
5452,5448
5453,5449
5454,5450
5455,5451
5456,5452
5457,5453
5458,5454
5459,5455
5460,5456
5461,5457
5462,5458
5463,5459
5464,5460
5465,5461
5466,5462
5467,5463
5468,5464
5469,5465
5470,5466
5471,5467
5472,5468
5473,5469
5474,5470
5475,5471
5476,5472
5477,5473
5478,5474
5479,5475
5480,5476
5481,5477
5482,5478
5483,5479
5484,5480
5485,5481
5486,5482
5487,5483
5488,5484
5489,5485
5490,5486
5491,5487
5492,5488
5493,5489
5494,5490
5495,5491
5496,5492
5497,5493
5498,5494
5499,5495
5500,5496
5501,5497
5502,5498
5503,5499
5504,5500
5505,5501
5506,5502
5507,5503
5508,5504
5509,5505
5510,5506
5511,5507
5512,5508
5513,5509
5514,5510
5515,5511
5516,5512
5517,5513
5518,5514
5519,5515
5520,5516
5521,5517
5522,5518
5523,5519
5524,5520
5525,5521
5526,5522
5527,5523
5528,5524
5529,5525
5530,5526
5531,5527
5532,5528
5533,5529
5534,5530
5535,5531
5536,5532
5537,5533
5538,5534
5539,5535
5540,5536
5541,5537
5542,5538
5543,5539
5544,5540
5545,5541
5546,5542
5547,5543
5548,5544
5549,5545
5550,5546
5551,5547
5552,5548
5553,5549
5554,5550
5555,5551
5556,5552
5557,5553
5558,5554
5559,5555
5560,5556
5561,5557
5562,5558
5563,5559
5564,5560
5565,5561
5566,5562
5567,5563
5568,5564
5569,5565
5570,5566
5571,5567
5572,5568
5573,5569
5574,5570
5575,5571
5576,5572
5577,5573
5578,5574
5579,5575
5580,5576
5581,5577
5582,5578
5583,5579
5584,5580
5585,5581
5586,5582
5587,5583
5588,5584
5589,5585
5590,5586
5591,5587
5592,5588
5593,5589
5594,5590
5595,5591
5596,5592
5597,5593
5598,5594
5599,5595
5600,5596
5601,5597
5602,5598
5603,5599
5604,5600
5605,5601
5606,5602
5607,5603
5608,5604
5609,5605
5610,5606
5611,5607
5612,5608
5613,5609
5614,5610
5615,5611
5616,5612
5617,5613
5618,5614
5619,5615
5620,5616
5621,5617
5622,5618
5623,5619
5624,5620
5625,5621
5626,5622
5627,5623
5628,5624
5629,5625
5630,5626
5631,5627
5632,5628
5633,5629
5634,5630
5635,5631
5636,5632
5637,5633
5638,5634
5639,5635
5640,5636
5641,5637
5642,5638
5643,5639
5644,5640
5645,5641
5646,5642
5647,5643
5648,5644
5649,5645
5650,5646
5651,5647
5652,5648
5653,5649
5654,5650
5655,5651
5656,5652
5657,5653
5658,5654
5659,5655
5660,5656
5661,5657
5662,5658
5663,5659
5664,5660
5665,5661
5666,5662
5667,5663
5668,5664
5669,5665
5670,5666
5671,5667
5672,5668
5673,5669
5674,5670
5675,5671
5676,5672
5677,5673
5678,5674
5679,5675
5680,5676
5681,5677
5682,5678
5683,5679
5684,5680
5685,5681
5686,5682
5687,5683
5688,5684
5689,5685
5690,5686
5691,5687
5692,5688
5693,5689
5694,5690
5695,5691
5696,5692
5697,5693
5698,5694
5699,5695
5700,5696
5701,5697
5702,5698
5703,5699
5704,5700
5705,5701
5706,5702
5707,5703
5708,5704
5709,5705
5710,5706
5711,5707
5712,5708
5713,5709
5714,5710
5715,5711
5716,5712
5717,5713
5718,5714
5719,5715
5720,5716
5721,5717
5722,5718
5723,5719
5724,5720
5725,5721
5726,5722
5727,5723
5728,5724
5729,5725
5730,5726
5731,5727
5732,5728
5733,5729
5734,5730
5735,5731
5736,5732
5737,5733
5738,5734
5739,5735
5740,5736
5741,5737
5742,5738
5743,5739
5744,5740
5745,5741
5746,5742
5747,5743
5748,5744
5749,5745
5750,5746
5751,5747
5752,5748
5753,5749
5754,5750
5755,5751
5756,5752
5757,5753
5758,5754
5759,5755
5760,5756
5761,5757
5762,5758
5763,5759
5764,5760
5765,5761
5766,5762
5767,5763
5768,5764
5769,5765
5770,5766
5771,5767
5772,5768
5773,5769
5774,5770
5775,5771
5776,5772
5777,5773
5778,5774
5779,5775
5780,5776
5781,5777
5782,5778
5783,5779
5784,5780
5785,5781
5786,5782
5787,5783
5788,5784
5789,5785
5790,5786
5791,5787
5792,5788
5793,5789
5794,5790
5795,5791
5796,5792
5797,5793
5798,5794
5799,5795
5800,5796
5801,5797
5802,5798
5803,5799
5804,5800
5805,5801
5806,5802
5807,5803
5808,5804
5809,5805
5810,5806
5811,5807
5812,5808
5813,5809
5814,5810
5815,5811
5816,5812
5817,5813
5818,5814
5819,5815
5820,5816
5821,5817
5822,5818
5823,5819
5824,5820
5825,5821
5826,5822
5827,5823
5828,5824
5829,5825
5830,5826
5831,5827
5832,5828
5833,5829
5834,5830
5835,5831
5836,5832
5837,5833
5838,5834
5839,5835
5840,5836
5841,5837
5842,5838
5843,5839
5844,5840
5845,5841
5846,5842
5847,5843
5848,5844
5849,5845
5850,5846
5851,5847
5852,5848
5853,5849
5854,5850
5855,5851
5856,5852
5857,5853
5858,5854
5859,5855
5860,5856
5861,5857
5862,5858
5863,5859
5864,5860
5865,5861
5866,5862
5867,5863
5868,5864
5869,5865
5870,5866
5871,5867
5872,5868
5873,5869
5874,5870
5875,5871
5876,5872
5877,5873
5878,5874
5879,5875
5880,5876
5881,5877
5882,5878
5883,5879
5884,5880
5885,5881
5886,5882
5887,5883
5888,5884
5889,5885
5890,5886
5891,5887
5892,5888
5893,5889
5894,5890
5895,5891
5896,5892
5897,5893
5898,5894
5899,5895
5900,5896
5901,5897
5902,5898
5903,5899
5904,5900
5905,5901
5906,5902
5907,5903
5908,5904
5909,5905
5910,5906
5911,5907
5912,5908
5913,5909
5914,5910
5915,5911
5916,5912
5917,5913
5918,5914
5919,5915
5920,5916
5921,5917
5922,5918
5923,5919
5924,5920
5925,5921
5926,5922
5927,5923
5928,5924
5929,5925
5930,5926
5931,5927
5932,5928
5933,5929
5934,5930
5935,5931
5936,5932
5937,5933
5938,5934
5939,5935
5940,5936
5941,5937
5942,5938
5943,5939
5944,5940
5945,5941
5946,5942
5947,5943
5948,5944
5949,5945
5950,5946
5951,5947
5952,5948
5953,5949
5954,5950
5955,5951
5956,5952
5957,5953
5958,5954
5959,5955
5960,5956
5961,5957
5962,5958
5963,5959
5964,5960
5965,5961
5966,5962
5967,5963
5968,5964
5969,5965
5970,5966
5971,5967
5972,5968
5973,5969
5974,5970
5975,5971
5976,5972
5977,5973
5978,5974
5979,5975
5980,5976
5981,5977
5982,5978
5983,5979
5984,5980
5985,5981
5986,5982
5987,5983
5988,5984
5989,5985
5990,5986
5991,5987
5992,5988
5993,5989
5994,5990
5995,5991
5996,5992
5997,5993
5998,5994
5999,5995
6000,5996
6001,5997
6002,5998
6003,5999
6004,6000
6005,6001
6006,6002
6007,6003
6008,6004
6009,6005
6010,6006
6011,6007
6012,6008
6013,6009
6014,6010
6015,6011
6016,6012
6017,6013
6018,6014
6019,6015
6020,6016
6021,6017
6022,6018
6023,6019
6024,6020
6025,6021
6026,6022
6027,6023
6028,6024
6029,6025
6030,6026
6031,6027
6032,6028
6033,6029
6034,6030
6035,6031
6036,6032
6037,6033
6038,6034
6039,6035
6040,6036
6041,6037
6042,6038
6043,6039
6044,6040
6045,6041
6046,6042
6047,6043
6048,6044
6049,6045
6050,6046
6051,6047
6052,6048
6053,6049
6054,6050
6055,6051
6056,6052
6057,6053
6058,6054
6059,6055
6060,6056
6061,6057
6062,6058
6063,6059
6064,6060
6065,6061
6066,6062
6067,6063
6068,6064
6069,6065
6070,6066
6071,6067
6072,6068
6073,6069
6074,6070
6075,6071
6076,6072
6077,6073
6078,6074
6079,6075
6080,6076
6081,6077
6082,6078
6083,6079
6084,6080
6085,6081
6086,6082
6087,6083
6088,6084
6089,6085
6090,6086
6091,6087
6092,6088
6093,6089
6094,6090
6095,6091
6096,6092
6097,6093
6098,6094
6099,6095
6100,6096
6101,6097
6102,6098
6103,6099
6104,6100
6105,6101
6106,6102
6107,6103
6108,6104
6109,6105
6110,6106
6111,6107
6112,6108
6113,6109
6114,6110
6115,6111
6116,6112
6117,6113
6118,6114
6119,6115
6120,6116
6121,6117
6122,6118
6123,6119
6124,6120
6125,6121
6126,6122
6127,6123
6128,6124
6129,6125
6130,6126
6131,6127
6132,6128
6133,6129
6134,6130
6135,6131
6136,6132
6137,6133
6138,6134
6139,6135
6140,6136
6141,6137
6142,6138
6143,6139
6144,6140
6145,6141
6146,6142
6147,6143
6148,6144
6149,6145
6150,6146
6151,6147
6152,6148
6153,6149
6154,6150
6155,6151
6156,6152
6157,6153
6158,6154
6159,6155
6160,6156
6161,6157
6162,6158
6163,6159
6164,6160
6165,6161
6166,6162
6167,6163
6168,6164
6169,6165
6170,6166
6171,6167
6172,6168
6173,6169
6174,6170
6175,6171
6176,6172
6177,6173
6178,6174
6179,6175
6180,6176
6181,6177
6182,6178
6183,6179
6184,6180
6185,6181
6186,6182
6187,6183
6188,6184
6189,6185
6190,6186
6191,6187
6192,6188
6193,6189
6194,6190
6195,6191
6196,6192
6197,6193
6198,6194
6199,6195
6200,6196
6201,6197
6202,6198
6203,6199
6204,6200
6205,6201
6206,6202
6207,6203
6208,6204
6209,6205
6210,6206
6211,6207
6212,6208
6213,6209
6214,6210
6215,6211
6216,6212
6217,6213
6218,6214
6219,6215
6220,6216
6221,6217
6222,6218
6223,6219
6224,6220
6225,6221
6226,6222
6227,6223
6228,6224
6229,6225
6230,6226
6231,6227
6232,6228
6233,6229
6234,6230
6235,6231
6236,6232
6237,6233
6238,6234
6239,6235
6240,6236
6241,6237
6242,6238
6243,6239
6244,6240
6245,6241
6246,6242
6247,6243
6248,6244
6249,6245
6250,6246
6251,6247
6252,6248
6253,6249
6254,6250
6255,6251
6256,6252
6257,6253
6258,6254
6259,6255
6260,6256
6261,6257
6262,6258
6263,6259
6264,6260
6265,6261
6266,6262
6267,6263
6268,6264
6269,6265
6270,6266
6271,6267
6272,6268
6273,6269
6274,6270
6275,6271
6276,6272
6277,6273
6278,6274
6279,6275
6280,6276
6281,6277
6282,6278
6283,6279
6284,6280
6285,6281
6286,6282
6287,6283
6288,6284
6289,6285
6290,6286
6291,6287
6292,6288
6293,6289
6294,6290
6295,6291
6296,6292
6297,6293
6298,6294
6299,6295
6300,6296
6301,6297
6302,6298
6303,6299
6304,6300
6305,6301
6306,6302
6307,6303
6308,6304
6309,6305
6310,6306
6311,6307
6312,6308
6313,6309
6314,6310
6315,6311
6316,6312
6317,6313
6318,6314
6319,6315
6320,6316
6321,6317
6322,6318
6323,6319
6324,6320
6325,6321
6326,6322
6327,6323
6328,6324
6329,6325
6330,6326
6331,6327
6332,6328
6333,6329
6334,6330
6335,6331
6336,6332
6337,6333
6338,6334
6339,6335
6340,6336
6341,6337
6342,6338
6343,6339
6344,6340
6345,6341
6346,6342
6347,6343
6348,6344
6349,6345
6350,6346
6351,6347
6352,6348
6353,6349
6354,6350
6355,6351
6356,6352
6357,6353
6358,6354
6359,6355
6360,6356
6361,6357
6362,6358
6363,6359
6364,6360
6365,6361
6366,6362
6367,6363
6368,6364
6369,6365
6370,6366
6371,6367
6372,6368
6373,6369
6374,6370
6375,6371
6376,6372
6377,6373
6378,6374
6379,6375
6380,6376
6381,6377
6382,6378
6383,6379
6384,6380
6385,6381
6386,6382
6387,6383
6388,6384
6389,6385
6390,6386
6391,6387
6392,6388
6393,6389
6394,6390
6395,6391
6396,6392
6397,6393
6398,6394
6399,6395
6400,6396
6401,6397
6402,6398
6403,6399
6404,6400
6405,6401
6406,6402
6407,6403
6408,6404
6409,6405
6410,6406
6411,6407
6412,6408
6413,6409
6414,6410
6415,6411
6416,6412
6417,6413
6418,6414
6419,6415
6420,6416
6421,6417
6422,6418
6423,6419
6424,6420
6425,6421
6426,6422
6427,6423
6428,6424
6429,6425
6430,6426
6431,6427
6432,6428
6433,6429
6434,6430
6435,6431
6436,6432
6437,6433
6438,6434
6439,6435
6440,6436
6441,6437
6442,6438
6443,6439
6444,6440
6445,6441
6446,6442
6447,6443
6448,6444
6449,6445
6450,6446
6451,6447
6452,6448
6453,6449
6454,6450
6455,6451
6456,6452
6457,6453
6458,6454
6459,6455
6460,6456
6461,6457
6462,6458
6463,6459
6464,6460
6465,6461
6466,6462
6467,6463
6468,6464
6469,6465
6470,6466
6471,6467
6472,6468
6473,6469
6474,6470
6475,6471
6476,6472
6477,6473
6478,6474
6479,6475
6480,6476
6481,6477
6482,6478
6483,6479
6484,6480
6485,6481
6486,6482
6487,6483
6488,6484
6489,6485
6490,6486
6491,6487
6492,6488
6493,6489
6494,6490
6495,6491
6496,6492
6497,6493
6498,6494
6499,6495
6500,6496
6501,6497
6502,6498
6503,6499
6504,6500
6505,6501
6506,6502
6507,6503
6508,6504
6509,6505
6510,6506
6511,6507
6512,6508
6513,6509
6514,6510
6515,6511
6516,6512
6517,6513
6518,6514
6519,6515
6520,6516
6521,6517
6522,6518
6523,6519
6524,6520
6525,6521
6526,6522
6527,6523
6528,6524
6529,6525
6530,6526
6531,6527
6532,6528
6533,6529
6534,6530
6535,6531
6536,6532
6537,6533
6538,6534
6539,6535
6540,6536
6541,6537
6542,6538
6543,6539
6544,6540
6545,6541
6546,6542
6547,6543
6548,6544
6549,6545
6550,6546
6551,6547
6552,6548
6553,6549
6554,6550
6555,6551
6556,6552
6557,6553
6558,6554
6559,6555
6560,6556
6561,6557
6562,6558
6563,6559
6564,6560
6565,6561
6566,6562
6567,6563
6568,6564
6569,6565
6570,6566
6571,6567
6572,6568
6573,6569
6574,6570
6575,6571
6576,6572
6577,6573
6578,6574
6579,6575
6580,6576
6581,6577
6582,6578
6583,6579
6584,6580
6585,6581
6586,6582
6587,6583
6588,6584
6589,6585
6590,6586
6591,6587
6592,6588
6593,6589
6594,6590
6595,6591
6596,6592
6597,6593
6598,6594
6599,6595
6600,6596
6601,6597
6602,6598
6603,6599
6604,6600
6605,6601
6606,6602
6607,6603
6608,6604
6609,6605
6610,6606
6611,6607
6612,6608
6613,6609
6614,6610
6615,6611
6616,6612
6617,6613
6618,6614
6619,6615
6620,6616
6621,6617
6622,6618
6623,6619
6624,6620
6625,6621
6626,6622
6627,6623
6628,6624
6629,6625
6630,6626
6631,6627
6632,6628
6633,6629
6634,6630
6635,6631
6636,6632
6637,6633
6638,6634
6639,6635
6640,6636
6641,6637
6642,6638
6643,6639
6644,6640
6645,6641
6646,6642
6647,6643
6648,6644
6649,6645
6650,6646
6651,6647
6652,6648
6653,6649
6654,6650
6655,6651
6656,6652
6657,6653
6658,6654
6659,6655
6660,6656
6661,6657
6662,6658
6663,6659
6664,6660
6665,6661
6666,6662
6667,6663
6668,6664
6669,6665
6670,6666
6671,6667
6672,6668
6673,6669
6674,6670
6675,6671
6676,6672
6677,6673
6678,6674
6679,6675
6680,6676
6681,6677
6682,6678
6683,6679
6684,6680
6685,6681
6686,6682
6687,6683
6688,6684
6689,6685
6690,6686
6691,6687
6692,6688
6693,6689
6694,6690
6695,6691
6696,6692
6697,6693
6698,6694
6699,6695
6700,6696
6701,6697
6702,6698
6703,6699
6704,6700
6705,6701
6706,6702
6707,6703
6708,6704
6709,6705
6710,6706
6711,6707
6712,6708
6713,6709
6714,6710
6715,6711
6716,6712
6717,6713
6718,6714
6719,6715
6720,6716
6721,6717
6722,6718
6723,6719
6724,6720
6725,6721
6726,6722
6727,6723
6728,6724
6729,6725
6730,6726
6731,6727
6732,6728
6733,6729
6734,6730
6735,6731
6736,6732
6737,6733
6738,6734
6739,6735
6740,6736
6741,6737
6742,6738
6743,6739
6744,6740
6745,6741
6746,6742
6747,6743
6748,6744
6749,6745
6750,6746
6751,6747
6752,6748
6753,6749
6754,6750
6755,6751
6756,6752
6757,6753
6758,6754
6759,6755
6760,6756
6761,6757
6762,6758
6763,6759
6764,6760
6765,6761
6766,6762
6767,6763
6768,6764
6769,6765
6770,6766
6771,6767
6772,6768
6773,6769
6774,6770
6775,6771
6776,6772
6777,6773
6778,6774
6779,6775
6780,6776
6781,6777
6782,6778
6783,6779
6784,6780
6785,6781
6786,6782
6787,6783
6788,6784
6789,6785
6790,6786
6791,6787
6792,6788
6793,6789
6794,6790
6795,6791
6796,6792
6797,6793
6798,6794
6799,6795
6800,6796
6801,6797
6802,6798
6803,6799
6804,6800
6805,6801
6806,6802
6807,6803
6808,6804
6809,6805
6810,6806
6811,6807
6812,6808
6813,6809
6814,6810
6815,6811
6816,6812
6817,6813
6818,6814
6819,6815
6820,6816
6821,6817
6822,6818
6823,6819
6824,6820
6825,6821
6826,6822
6827,6823
6828,6824
6829,6825
6830,6826
6831,6827
6832,6828
6833,6829
6834,6830
6835,6831
6836,6832
6837,6833
6838,6834
6839,6835
6840,6836
6841,6837
6842,6838
6843,6839
6844,6840
6845,6841
6846,6842
6847,6843
6848,6844
6849,6845
6850,6846
6851,6847
6852,6848
6853,6849
6854,6850
6855,6851
6856,6852
6857,6853
6858,6854
6859,6855
6860,6856
6861,6857
6862,6858
6863,6859
6864,6860
6865,6861
6866,6862
6867,6863
6868,6864
6869,6865
6870,6866
6871,6867
6872,6868
6873,6869
6874,6870
6875,6871
6876,6872
6877,6873
6878,6874
6879,6875
6880,6876
6881,6877
6882,6878
6883,6879
6884,6880
6885,6881
6886,6882
6887,6883
6888,6884
6889,6885
6890,6886
6891,6887
6892,6888
6893,6889
6894,6890
6895,6891
6896,6892
6897,6893
6898,6894
6899,6895
6900,6896
6901,6897
6902,6898
6903,6899
6904,6900
6905,6901
6906,6902
6907,6903
6908,6904
6909,6905
6910,6906
6911,6907
6912,6908
6913,6909
6914,6910
6915,6911
6916,6912
6917,6913
6918,6914
6919,6915
6920,6916
6921,6917
6922,6918
6923,6919
6924,6920
6925,6921
6926,6922
6927,6923
6928,6924
6929,6925
6930,6926
6931,6927
6932,6928
6933,6929
6934,6930
6935,6931
6936,6932
6937,6933
6938,6934
6939,6935
6940,6936
6941,6937
6942,6938
6943,6939
6944,6940
6945,6941
6946,6942
6947,6943
6948,6944
6949,6945
6950,6946
6951,6947
6952,6948
6953,6949
6954,6950
6955,6951
6956,6952
6957,6953
6958,6954
6959,6955
6960,6956
6961,6957
6962,6958
6963,6959
6964,6960
6965,6961
6966,6962
6967,6963
6968,6964
6969,6965
6970,6966
6971,6967
6972,6968
6973,6969
6974,6970
6975,6971
6976,6972
6977,6973
6978,6974
6979,6975
6980,6976
6981,6977
6982,6978
6983,6979
6984,6980
6985,6981
6986,6982
6987,6983
6988,6984
6989,6985
6990,6986
6991,6987
6992,6988
6993,6989
6994,6990
6995,6991
6996,6992
6997,6993
6998,6994
6999,6995
7000,6996
7001,6997
7002,6998
7003,6999
7004,7000
7005,7001
7006,7002
7007,7003
7008,7004
7009,7005
7010,7006
7011,7007
7012,7008
7013,7009
7014,7010
7015,7011
7016,7012
7017,7013
7018,7014
7019,7015
7020,7016
7021,7017
7022,7018
7023,7019
7024,7020
7025,7021
7026,7022
7027,7023
7028,7024
7029,7025
7030,7026
7031,7027
7032,7028
7033,7029
7034,7030
7035,7031
7036,7032
7037,7033
7038,7034
7039,7035
7040,7036
7041,7037
7042,7038
7043,7039
7044,7040
7045,7041
7046,7042
7047,7043
7048,7044
7049,7045
7050,7046
7051,7047
7052,7048
7053,7049
7054,7050
7055,7051
7056,7052
7057,7053
7058,7054
7059,7055
7060,7056
7061,7057
7062,7058
7063,7059
7064,7060
7065,7061
7066,7062
7067,7063
7068,7064
7069,7065
7070,7066
7071,7067
7072,7068
7073,7069
7074,7070
7075,7071
7076,7072
7077,7073
7078,7074
7079,7075
7080,7076
7081,7077
7082,7078
7083,7079
7084,7080
7085,7081
7086,7082
7087,7083
7088,7084
7089,7085
7090,7086
7091,7087
7092,7088
7093,7089
7094,7090
7095,7091
7096,7092
7097,7093
7098,7094
7099,7095
7100,7096
7101,7097
7102,7098
7103,7099
7104,7100
7105,7101
7106,7102
7107,7103
7108,7104
7109,7105
7110,7106
7111,7107
7112,7108
7113,7109
7114,7110
7115,7111
7116,7112
7117,7113
7118,7114
7119,7115
7120,7116
7121,7117
7122,7118
7123,7119
7124,7120
7125,7121
7126,7122
7127,7123
7128,7124
7129,7125
7130,7126
7131,7127
7132,7128
7133,7129
7134,7130
7135,7131
7136,7132
7137,7133
7138,7134
7139,7135
7140,7136
7141,7137
7142,7138
7143,7139
7144,7140
7145,7141
7146,7142
7147,7143
7148,7144
7149,7145
7150,7146
7151,7147
7152,7148
7153,7149
7154,7150
7155,7151
7156,7152
7157,7153
7158,7154
7159,7155
7160,7156
7161,7157
7162,7158
7163,7159
7164,7160
7165,7161
7166,7162
7167,7163
7168,7164
7169,7165
7170,7166
7171,7167
7172,7168
7173,7169
7174,7170
7175,7171
7176,7172
7177,7173
7178,7174
7179,7175
7180,7176
7181,7177
7182,7178
7183,7179
7184,7180
7185,7181
7186,7182
7187,7183
7188,7184
7189,7185
7190,7186
7191,7187
7192,7188
7193,7189
7194,7190
7195,7191
7196,7192
7197,7193
7198,7194
7199,7195
7200,7196
7201,7197
7202,7198
7203,7199
7204,7200
7205,7201
7206,7202
7207,7203
7208,7204
7209,7205
7210,7206
7211,7207
7212,7208
7213,7209
7214,7210
7215,7211
7216,7212
7217,7213
7218,7214
7219,7215
7220,7216
7221,7217
7222,7218
7223,7219
7224,7220
7225,7221
7226,7222
7227,7223
7228,7224
7229,7225
7230,7226
7231,7227
7232,7228
7233,7229
7234,7230
7235,7231
7236,7232
7237,7233
7238,7234
7239,7235
7240,7236
7241,7237
7242,7238
7243,7239
7244,7240
7245,7241
7246,7242
7247,7243
7248,7244
7249,7245
7250,7246
7251,7247
7252,7248
7253,7249
7254,7250
7255,7251
7256,7252
7257,7253
7258,7254
7259,7255
7260,7256
7261,7257
7262,7258
7263,7259
7264,7260
7265,7261
7266,7262
7267,7263
7268,7264
7269,7265
7270,7266
7271,7267
7272,7268
7273,7269
7274,7270
7275,7271
7276,7272
7277,7273
7278,7274
7279,7275
7280,7276
7281,7277
7282,7278
7283,7279
7284,7280
7285,7281
7286,7282
7287,7283
7288,7284
7289,7285
7290,7286
7291,7287
7292,7288
7293,7289
7294,7290
7295,7291
7296,7292
7297,7293
7298,7294
7299,7295
7300,7296
7301,7297
7302,7298
7303,7299
7304,7300
7305,7301
7306,7302
7307,7303
7308,7304
7309,7305
7310,7306
7311,7307
7312,7308
7313,7309
7314,7310
7315,7311
7316,7312
7317,7313
7318,7314
7319,7315
7320,7316
7321,7317
7322,7318
7323,7319
7324,7320
7325,7321
7326,7322
7327,7323
7328,7324
7329,7325
7330,7326
7331,7327
7332,7328
7333,7329
7334,7330
7335,7331
7336,7332
7337,7333
7338,7334
7339,7335
7340,7336
7341,7337
7342,7338
7343,7339
7344,7340
7345,7341
7346,7342
7347,7343
7348,7344
7349,7345
7350,7346
7351,7347
7352,7348
7353,7349
7354,7350
7355,7351
7356,7352
7357,7353
7358,7354
7359,7355
7360,7356
7361,7357
7362,7358
7363,7359
7364,7360
7365,7361
7366,7362
7367,7363
7368,7364
7369,7365
7370,7366
7371,7367
7372,7368
7373,7369
7374,7370
7375,7371
7376,7372
7377,7373
7378,7374
7379,7375
7380,7376
7381,7377
7382,7378
7383,7379
7384,7380
7385,7381
7386,7382
7387,7383
7388,7384
7389,7385
7390,7386
7391,7387
7392,7388
7393,7389
7394,7390
7395,7391
7396,7392
7397,7393
7398,7394
7399,7395
7400,7396
7401,7397
7402,7398
7403,7399
7404,7400
7405,7401
7406,7402
7407,7403
7408,7404
7409,7405
7410,7406
7411,7407
7412,7408
7413,7409
7414,7410
7415,7411
7416,7412
7417,7413
7418,7414
7419,7415
7420,7416
7421,7417
7422,7418
7423,7419
7424,7420
7425,7421
7426,7422
7427,7423
7428,7424
7429,7425
7430,7426
7431,7427
7432,7428
7433,7429
7434,7430
7435,7431
7436,7432
7437,7433
7438,7434
7439,7435
7440,7436
7441,7437
7442,7438
7443,7439
7444,7440
7445,7441
7446,7442
7447,7443
7448,7444
7449,7445
7450,7446
7451,7447
7452,7448
7453,7449
7454,7450
7455,7451
7456,7452
7457,7453
7458,7454
7459,7455
7460,7456
7461,7457
7462,7458
7463,7459
7464,7460
7465,7461
7466,7462
7467,7463
7468,7464
7469,7465
7470,7466
7471,7467
7472,7468
7473,7469
7474,7470
7475,7471
7476,7472
7477,7473
7478,7474
7479,7475
7480,7476
7481,7477
7482,7478
7483,7479
7484,7480
7485,7481
7486,7482
7487,7483
7488,7484
7489,7485
7490,7486
7491,7487
7492,7488
7493,7489
7494,7490
7495,7491
7496,7492
7497,7493
7498,7494
7499,7495
7500,7496
7501,7497
7502,7498
7503,7499
7504,7500
7505,7501
7506,7502
7507,7503
7508,7504
7509,7505
7510,7506
7511,7507
7512,7508
7513,7509
7514,7510
7515,7511
7516,7512
7517,7513
7518,7514
7519,7515
7520,7516
7521,7517
7522,7518
7523,7519
7524,7520
7525,7521
7526,7522
7527,7523
7528,7524
7529,7525
7530,7526
7531,7527
7532,7528
7533,7529
7534,7530
7535,7531
7536,7532
7537,7533
7538,7534
7539,7535
7540,7536
7541,7537
7542,7538
7543,7539
7544,7540
7545,7541
7546,7542
7547,7543
7548,7544
7549,7545
7550,7546
7551,7547
7552,7548
7553,7549
7554,7550
7555,7551
7556,7552
7557,7553
7558,7554
7559,7555
7560,7556
7561,7557
7562,7558
7563,7559
7564,7560
7565,7561
7566,7562
7567,7563
7568,7564
7569,7565
7570,7566
7571,7567
7572,7568
7573,7569
7574,7570
7575,7571
7576,7572
7577,7573
7578,7574
7579,7575
7580,7576
7581,7577
7582,7578
7583,7579
7584,7580
7585,7581
7586,7582
7587,7583
7588,7584
7589,7585
7590,7586
7591,7587
7592,7588
7593,7589
7594,7590
7595,7591
7596,7592
7597,7593
7598,7594
7599,7595
7600,7596
7601,7597
7602,7598
7603,7599
7604,7600
7605,7601
7606,7602
7607,7603
7608,7604
7609,7605
7610,7606
7611,7607
7612,7608
7613,7609
7614,7610
7615,7611
7616,7612
7617,7613
7618,7614
7619,7615
7620,7616
7621,7617
7622,7618
7623,7619
7624,7620
7625,7621
7626,7622
7627,7623
7628,7624
7629,7625
7630,7626
7631,7627
7632,7628
7633,7629
7634,7630
7635,7631
7636,7632
7637,7633
7638,7634
7639,7635
7640,7636
7641,7637
7642,7638
7643,7639
7644,7640
7645,7641
7646,7642
7647,7643
7648,7644
7649,7645
7650,7646
7651,7647
7652,7648
7653,7649
7654,7650
7655,7651
7656,7652
7657,7653
7658,7654
7659,7655
7660,7656
7661,7657
7662,7658
7663,7659
7664,7660
7665,7661
7666,7662
7667,7663
7668,7664
7669,7665
7670,7666
7671,7667
7672,7668
7673,7669
7674,7670
7675,7671
7676,7672
7677,7673
7678,7674
7679,7675
7680,7676
7681,7677
7682,7678
7683,7679
7684,7680
7685,7681
7686,7682
7687,7683
7688,7684
7689,7685
7690,7686
7691,7687
7692,7688
7693,7689
7694,7690
7695,7691
7696,7692
7697,7693
7698,7694
7699,7695
7700,7696
7701,7697
7702,7698
7703,7699
7704,7700
7705,7701
7706,7702
7707,7703
7708,7704
7709,7705
7710,7706
7711,7707
7712,7708
7713,7709
7714,7710
7715,7711
7716,7712
7717,7713
7718,7714
7719,7715
7720,7716
7721,7717
7722,7718
7723,7719
7724,7720
7725,7721
7726,7722
7727,7723
7728,7724
7729,7725
7730,7726
7731,7727
7732,7728
7733,7729
7734,7730
7735,7731
7736,7732
7737,7733
7738,7734
7739,7735
7740,7736
7741,7737
7742,7738
7743,7739
7744,7740
7745,7741
7746,7742
7747,7743
7748,7744
7749,7745
7750,7746
7751,7747
7752,7748
7753,7749
7754,7750
7755,7751
7756,7752
7757,7753
7758,7754
7759,7755
7760,7756
7761,7757
7762,7758
7763,7759
7764,7760
7765,7761
7766,7762
7767,7763
7768,7764
7769,7765
7770,7766
7771,7767
7772,7768
7773,7769
7774,7770
7775,7771
7776,7772
7777,7773
7778,7774
7779,7775
7780,7776
7781,7777
7782,7778
7783,7779
7784,7780
7785,7781
7786,7782
7787,7783
7788,7784
7789,7785
7790,7786
7791,7787
7792,7788
7793,7789
7794,7790
7795,7791
7796,7792
7797,7793
7798,7794
7799,7795
7800,7796
7801,7797
7802,7798
7803,7799
7804,7800
7805,7801
7806,7802
7807,7803
7808,7804
7809,7805
7810,7806
7811,7807
7812,7808
7813,7809
7814,7810
7815,7811
7816,7812
7817,7813
7818,7814
7819,7815
7820,7816
7821,7817
7822,7818
7823,7819
7824,7820
7825,7821
7826,7822
7827,7823
7828,7824
7829,7825
7830,7826
7831,7827
7832,7828
7833,7829
7834,7830
7835,7831
7836,7832
7837,7833
7838,7834
7839,7835
7840,7836
7841,7837
7842,7838
7843,7839
7844,7840
7845,7841
7846,7842
7847,7843
7848,7844
7849,7845
7850,7846
7851,7847
7852,7848
7853,7849
7854,7850
7855,7851
7856,7852
7857,7853
7858,7854
7859,7855
7860,7856
7861,7857
7862,7858
7863,7859
7864,7860
7865,7861
7866,7862
7867,7863
7868,7864
7869,7865
7870,7866
7871,7867
7872,7868
7873,7869
7874,7870
7875,7871
7876,7872
7877,7873
7878,7874
7879,7875
7880,7876
7881,7877
7882,7878
7883,7879
7884,7880
7885,7881
7886,7882
7887,7883
7888,7884
7889,7885
7890,7886
7891,7887
7892,7888
7893,7889
7894,7890
7895,7891
7896,7892
7897,7893
7898,7894
7899,7895
7900,7896
7901,7897
7902,7898
7903,7899
7904,7900
7905,7901
7906,7902
7907,7903
7908,7904
7909,7905
7910,7906
7911,7907
7912,7908
7913,7909
7914,7910
7915,7911
7916,7912
7917,7913
7918,7914
7919,7915
7920,7916
7921,7917
7922,7918
7923,7919
7924,7920
7925,7921
7926,7922
7927,7923
7928,7924
7929,7925
7930,7926
7931,7927
7932,7928
7933,7929
7934,7930
7935,7931
7936,7932
7937,7933
7938,7934
7939,7935
7940,7936
7941,7937
7942,7938
7943,7939
7944,7940
7945,7941
7946,7942
7947,7943
7948,7944
7949,7945
7950,7946
7951,7947
7952,7948
7953,7949
7954,7950
7955,7951
7956,7952
7957,7953
7958,7954
7959,7955
7960,7956
7961,7957
7962,7958
7963,7959
7964,7960
7965,7961
7966,7962
7967,7963
7968,7964
7969,7965
7970,7966
7971,7967
7972,7968
7973,7969
7974,7970
7975,7971
7976,7972
7977,7973
7978,7974
7979,7975
7980,7976
7981,7977
7982,7978
7983,7979
7984,7980
7985,7981
7986,7982
7987,7983
7988,7984
7989,7985
7990,7986
7991,7987
7992,7988
7993,7989
7994,7990
7995,7991
7996,7992
7997,7993
7998,7994
7999,7995
8000,7996
8001,7997
8002,7998
8003,7999
8004,8000
8005,8001
8006,8002
8007,8003
8008,8004
8009,8005
8010,8006
8011,8007
8012,8008
8013,8009
8014,8010
8015,8011
8016,8012
8017,8013
8018,8014
8019,8015
8020,8016
8021,8017
8022,8018
8023,8019
8024,8020
8025,8021
8026,8022
8027,8023
8028,8024
8029,8025
8030,8026
8031,8027
8032,8028
8033,8029
8034,8030
8035,8031
8036,8032
8037,8033
8038,8034
8039,8035
8040,8036
8041,8037
8042,8038
8043,8039
8044,8040
8045,8041
8046,8042
8047,8043
8048,8044
8049,8045
8050,8046
8051,8047
8052,8048
8053,8049
8054,8050
8055,8051
8056,8052
8057,8053
8058,8054
8059,8055
8060,8056
8061,8057
8062,8058
8063,8059
8064,8060
8065,8061
8066,8062
8067,8063
8068,8064
8069,8065
8070,8066
8071,8067
8072,8068
8073,8069
8074,8070
8075,8071
8076,8072
8077,8073
8078,8074
8079,8075
8080,8076
8081,8077
8082,8078
8083,8079
8084,8080
8085,8081
8086,8082
8087,8083
8088,8084
8089,8085
8090,8086
8091,8087
8092,8088
8093,8089
8094,8090
8095,8091
8096,8092
8097,8093
8098,8094
8099,8095
8100,8096
8101,8097
8102,8098
8103,8099
8104,8100
8105,8101
8106,8102
8107,8103
8108,8104
8109,8105
8110,8106
8111,8107
8112,8108
8113,8109
8114,8110
8115,8111
8116,8112
8117,8113
8118,8114
8119,8115
8120,8116
8121,8117
8122,8118
8123,8119
8124,8120
8125,8121
8126,8122
8127,8123
8128,8124
8129,8125
8130,8126
8131,8127
8132,8128
8133,8129
8134,8130
8135,8131
8136,8132
8137,8133
8138,8134
8139,8135
8140,8136
8141,8137
8142,8138
8143,8139
8144,8140
8145,8141
8146,8142
8147,8143
8148,8144
8149,8145
8150,8146
8151,8147
8152,8148
8153,8149
8154,8150
8155,8151
8156,8152
8157,8153
8158,8154
8159,8155
8160,8156
8161,8157
8162,8158
8163,8159
8164,8160
8165,8161
8166,8162
8167,8163
8168,8164
8169,8165
8170,8166
8171,8167
8172,8168
8173,8169
8174,8170
8175,8171
8176,8172
8177,8173
8178,8174
8179,8175
8180,8176
8181,8177
8182,8178
8183,8179
8184,8180
8185,8181
8186,8182
8187,8183
8188,8184
8189,8185
8190,8186
8191,8187
8192,8188
8193,8189
8194,8190
8195,8191
8196,8192
8197,8193
8198,8194
8199,8195
8200,8196
8201,8197
8202,8198
8203,8199
8204,8200
8205,8201
8206,8202
8207,8203
8208,8204
8209,8205
8210,8206
8211,8207
8212,8208
8213,8209
8214,8210
8215,8211
8216,8212
8217,8213
8218,8214
8219,8215
8220,8216
8221,8217
8222,8218
8223,8219
8224,8220
8225,8221
8226,8222
8227,8223
8228,8224
8229,8225
8230,8226
8231,8227
8232,8228
8233,8229
8234,8230
8235,8231
8236,8232
8237,8233
8238,8234
8239,8235
8240,8236
8241,8237
8242,8238
8243,8239
8244,8240
8245,8241
8246,8242
8247,8243
8248,8244
8249,8245
8250,8246
8251,8247
8252,8248
8253,8249
8254,8250
8255,8251
8256,8252
8257,8253
8258,8254
8259,8255
8260,8256
8261,8257
8262,8258
8263,8259
8264,8260
8265,8261
8266,8262
8267,8263
8268,8264
8269,8265
8270,8266
8271,8267
8272,8268
8273,8269
8274,8270
8275,8271
8276,8272
8277,8273
8278,8274
8279,8275
8280,8276
8281,8277
8282,8278
8283,8279
8284,8280
8285,8281
8286,8282
8287,8283
8288,8284
8289,8285
8290,8286
8291,8287
8292,8288
8293,8289
8294,8290
8295,8291
8296,8292
8297,8293
8298,8294
8299,8295
8300,8296
8301,8297
8302,8298
8303,8299
8304,8300
8305,8301
8306,8302
8307,8303
8308,8304
8309,8305
8310,8306
8311,8307
8312,8308
8313,8309
8314,8310
8315,8311
8316,8312
8317,8313
8318,8314
8319,8315
8320,8316
8321,8317
8322,8318
8323,8319
8324,8320
8325,8321
8326,8322
8327,8323
8328,8324
8329,8325
8330,8326
8331,8327
8332,8328
8333,8329
8334,8330
8335,8331
8336,8332
8337,8333
8338,8334
8339,8335
8340,8336
8341,8337
8342,8338
8343,8339
8344,8340
8345,8341
8346,8342
8347,8343
8348,8344
8349,8345
8350,8346
8351,8347
8352,8348
8353,8349
8354,8350
8355,8351
8356,8352
8357,8353
8358,8354
8359,8355
8360,8356
8361,8357
8362,8358
8363,8359
8364,8360
8365,8361
8366,8362
8367,8363
8368,8364
8369,8365
8370,8366
8371,8367
8372,8368
8373,8369
8374,8370
8375,8371
8376,8372
8377,8373
8378,8374
8379,8375
8380,8376
8381,8377
8382,8378
8383,8379
8384,8380
8385,8381
8386,8382
8387,8383
8388,8384
8389,8385
8390,8386
8391,8387
8392,8388
8393,8389
8394,8390
8395,8391
8396,8392
8397,8393
8398,8394
8399,8395
8400,8396
8401,8397
8402,8398
8403,8399
8404,8400
8405,8401
8406,8402
8407,8403
8408,8404
8409,8405
8410,8406
8411,8407
8412,8408
8413,8409
8414,8410
8415,8411
8416,8412
8417,8413
8418,8414
8419,8415
8420,8416
8421,8417
8422,8418
8423,8419
8424,8420
8425,8421
8426,8422
8427,8423
8428,8424
8429,8425
8430,8426
8431,8427
8432,8428
8433,8429
8434,8430
8435,8431
8436,8432
8437,8433
8438,8434
8439,8435
8440,8436
8441,8437
8442,8438
8443,8439
8444,8440
8445,8441
8446,8442
8447,8443
8448,8444
8449,8445
8450,8446
8451,8447
8452,8448
8453,8449
8454,8450
8455,8451
8456,8452
8457,8453
8458,8454
8459,8455
8460,8456
8461,8457
8462,8458
8463,8459
8464,8460
8465,8461
8466,8462
8467,8463
8468,8464
8469,8465
8470,8466
8471,8467
8472,8468
8473,8469
8474,8470
8475,8471
8476,8472
8477,8473
8478,8474
8479,8475
8480,8476
8481,8477
8482,8478
8483,8479
8484,8480
8485,8481
8486,8482
8487,8483
8488,8484
8489,8485
8490,8486
8491,8487
8492,8488
8493,8489
8494,8490
8495,8491
8496,8492
8497,8493
8498,8494
8499,8495
8500,8496
8501,8497
8502,8498
8503,8499
8504,8500
8505,8501
8506,8502
8507,8503
8508,8504
8509,8505
8510,8506
8511,8507
8512,8508
8513,8509
8514,8510
8515,8511
8516,8512
8517,8513
8518,8514
8519,8515
8520,8516
8521,8517
8522,8518
8523,8519
8524,8520
8525,8521
8526,8522
8527,8523
8528,8524
8529,8525
8530,8526
8531,8527
8532,8528
8533,8529
8534,8530
8535,8531
8536,8532
8537,8533
8538,8534
8539,8535
8540,8536
8541,8537
8542,8538
8543,8539
8544,8540
8545,8541
8546,8542
8547,8543
8548,8544
8549,8545
8550,8546
8551,8547
8552,8548
8553,8549
8554,8550
8555,8551
8556,8552
8557,8553
8558,8554
8559,8555
8560,8556
8561,8557
8562,8558
8563,8559
8564,8560
8565,8561
8566,8562
8567,8563
8568,8564
8569,8565
8570,8566
8571,8567
8572,8568
8573,8569
8574,8570
8575,8571
8576,8572
8577,8573
8578,8574
8579,8575
8580,8576
8581,8577
8582,8578
8583,8579
8584,8580
8585,8581
8586,8582
8587,8583
8588,8584
8589,8585
8590,8586
8591,8587
8592,8588
8593,8589
8594,8590
8595,8591
8596,8592
8597,8593
8598,8594
8599,8595
8600,8596
8601,8597
8602,8598
8603,8599
8604,8600
8605,8601
8606,8602
8607,8603
8608,8604
8609,8605
8610,8606
8611,8607
8612,8608
8613,8609
8614,8610
8615,8611
8616,8612
8617,8613
8618,8614
8619,8615
8620,8616
8621,8617
8622,8618
8623,8619
8624,8620
8625,8621
8626,8622
8627,8623
8628,8624
8629,8625
8630,8626
8631,8627
8632,8628
8633,8629
8634,8630
8635,8631
8636,8632
8637,8633
8638,8634
8639,8635
8640,8636
8641,8637
8642,8638
8643,8639
8644,8640
8645,8641
8646,8642
8647,8643
8648,8644
8649,8645
8650,8646
8651,8647
8652,8648
8653,8649
8654,8650
8655,8651
8656,8652
8657,8653
8658,8654
8659,8655
8660,8656
8661,8657
8662,8658
8663,8659
8664,8660
8665,8661
8666,8662
8667,8663
8668,8664
8669,8665
8670,8666
8671,8667
8672,8668
8673,8669
8674,8670
8675,8671
8676,8672
8677,8673
8678,8674
8679,8675
8680,8676
8681,8677
8682,8678
8683,8679
8684,8680
8685,8681
8686,8682
8687,8683
8688,8684
8689,8685
8690,8686
8691,8687
8692,8688
8693,8689
8694,8690
8695,8691
8696,8692
8697,8693
8698,8694
8699,8695
8700,8696
8701,8697
8702,8698
8703,8699
8704,8700
8705,8701
8706,8702
8707,8703
8708,8704
8709,8705
8710,8706
8711,8707
8712,8708
8713,8709
8714,8710
8715,8711
8716,8712
8717,8713
8718,8714
8719,8715
8720,8716
8721,8717
8722,8718
8723,8719
8724,8720
8725,8721
8726,8722
8727,8723
8728,8724
8729,8725
8730,8726
8731,8727
8732,8728
8733,8729
8734,8730
8735,8731
8736,8732
8737,8733
8738,8734
8739,8735
8740,8736
8741,8737
8742,8738
8743,8739
8744,8740
8745,8741
8746,8742
8747,8743
8748,8744
8749,8745
8750,8746
8751,8747
8752,8748
8753,8749
8754,8750
8755,8751
8756,8752
8757,8753
8758,8754
8759,8755
8760,8756
8761,8757
8762,8758
8763,8759
8764,8760
8765,8761
8766,8762
8767,8763
8768,8764
8769,8765
8770,8766
8771,8767
8772,8768
8773,8769
8774,8770
8775,8771
8776,8772
8777,8773
8778,8774
8779,8775
8780,8776
8781,8777
8782,8778
8783,8779
8784,8780
8785,8781
8786,8782
8787,8783
8788,8784
8789,8785
8790,8786
8791,8787
8792,8788
8793,8789
8794,8790
8795,8791
8796,8792
8797,8793
8798,8794
8799,8795
8800,8796
8801,8797
8802,8798
8803,8799
8804,8800
8805,8801
8806,8802
8807,8803
8808,8804
8809,8805
8810,8806
8811,8807
8812,8808
8813,8809
8814,8810
8815,8811
8816,8812
8817,8813
8818,8814
8819,8815
8820,8816
8821,8817
8822,8818
8823,8819
8824,8820
8825,8821
8826,8822
8827,8823
8828,8824
8829,8825
8830,8826
8831,8827
8832,8828
8833,8829
8834,8830
8835,8831
8836,8832
8837,8833
8838,8834
8839,8835
8840,8836
8841,8837
8842,8838
8843,8839
8844,8840
8845,8841
8846,8842
8847,8843
8848,8844
8849,8845
8850,8846
8851,8847
8852,8848
8853,8849
8854,8850
8855,8851
8856,8852
8857,8853
8858,8854
8859,8855
8860,8856
8861,8857
8862,8858
8863,8859
8864,8860
8865,8861
8866,8862
8867,8863
8868,8864
8869,8865
8870,8866
8871,8867
8872,8868
8873,8869
8874,8870
8875,8871
8876,8872
8877,8873
8878,8874
8879,8875
8880,8876
8881,8877
8882,8878
8883,8879
8884,8880
8885,8881
8886,8882
8887,8883
8888,8884
8889,8885
8890,8886
8891,8887
8892,8888
8893,8889
8894,8890
8895,8891
8896,8892
8897,8893
8898,8894
8899,8895
8900,8896
8901,8897
8902,8898
8903,8899
8904,8900
8905,8901
8906,8902
8907,8903
8908,8904
8909,8905
8910,8906
8911,8907
8912,8908
8913,8909
8914,8910
8915,8911
8916,8912
8917,8913
8918,8914
8919,8915
8920,8916
8921,8917
8922,8918
8923,8919
8924,8920
8925,8921
8926,8922
8927,8923
8928,8924
8929,8925
8930,8926
8931,8927
8932,8928
8933,8929
8934,8930
8935,8931
8936,8932
8937,8933
8938,8934
8939,8935
8940,8936
8941,8937
8942,8938
8943,8939
8944,8940
8945,8941
8946,8942
8947,8943
8948,8944
8949,8945
8950,8946
8951,8947
8952,8948
8953,8949
8954,8950
8955,8951
8956,8952
8957,8953
8958,8954
8959,8955
8960,8956
8961,8957
8962,8958
8963,8959
8964,8960
8965,8961
8966,8962
8967,8963
8968,8964
8969,8965
8970,8966
8971,8967
8972,8968
8973,8969
8974,8970
8975,8971
8976,8972
8977,8973
8978,8974
8979,8975
8980,8976
8981,8977
8982,8978
8983,8979
8984,8980
8985,8981
8986,8982
8987,8983
8988,8984
8989,8985
8990,8986
8991,8987
8992,8988
8993,8989
8994,8990
8995,8991
8996,8992
8997,8993
8998,8994
8999,8995
9000,8996
9001,8997
9002,8998
9003,8999
9004,9000
9005,9001
9006,9002
9007,9003
9008,9004
9009,9005
9010,9006
9011,9007
9012,9008
9013,9009
9014,9010
9015,9011
9016,9012
9017,9013
9018,9014
9019,9015
9020,9016
9021,9017
9022,9018
9023,9019
9024,9020
9025,9021
9026,9022
9027,9023
9028,9024
9029,9025
9030,9026
9031,9027
9032,9028
9033,9029
9034,9030
9035,9031
9036,9032
9037,9033
9038,9034
9039,9035
9040,9036
9041,9037
9042,9038
9043,9039
9044,9040
9045,9041
9046,9042
9047,9043
9048,9044
9049,9045
9050,9046
9051,9047
9052,9048
9053,9049
9054,9050
9055,9051
9056,9052
9057,9053
9058,9054
9059,9055
9060,9056
9061,9057
9062,9058
9063,9059
9064,9060
9065,9061
9066,9062
9067,9063
9068,9064
9069,9065
9070,9066
9071,9067
9072,9068
9073,9069
9074,9070
9075,9071
9076,9072
9077,9073
9078,9074
9079,9075
9080,9076
9081,9077
9082,9078
9083,9079
9084,9080
9085,9081
9086,9082
9087,9083
9088,9084
9089,9085
9090,9086
9091,9087
9092,9088
9093,9089
9094,9090
9095,9091
9096,9092
9097,9093
9098,9094
9099,9095
9100,9096
9101,9097
9102,9098
9103,9099
9104,9100
9105,9101
9106,9102
9107,9103
9108,9104
9109,9105
9110,9106
9111,9107
9112,9108
9113,9109
9114,9110
9115,9111
9116,9112
9117,9113
9118,9114
9119,9115
9120,9116
9121,9117
9122,9118
9123,9119
9124,9120
9125,9121
9126,9122
9127,9123
9128,9124
9129,9125
9130,9126
9131,9127
9132,9128
9133,9129
9134,9130
9135,9131
9136,9132
9137,9133
9138,9134
9139,9135
9140,9136
9141,9137
9142,9138
9143,9139
9144,9140
9145,9141
9146,9142
9147,9143
9148,9144
9149,9145
9150,9146
9151,9147
9152,9148
9153,9149
9154,9150
9155,9151
9156,9152
9157,9153
9158,9154
9159,9155
9160,9156
9161,9157
9162,9158
9163,9159
9164,9160
9165,9161
9166,9162
9167,9163
9168,9164
9169,9165
9170,9166
9171,9167
9172,9168
9173,9169
9174,9170
9175,9171
9176,9172
9177,9173
9178,9174
9179,9175
9180,9176
9181,9177
9182,9178
9183,9179
9184,9180
9185,9181
9186,9182
9187,9183
9188,9184
9189,9185
9190,9186
9191,9187
9192,9188
9193,9189
9194,9190
9195,9191
9196,9192
9197,9193
9198,9194
9199,9195
9200,9196
9201,9197
9202,9198
9203,9199
9204,9200
9205,9201
9206,9202
9207,9203
9208,9204
9209,9205
9210,9206
9211,9207
9212,9208
9213,9209
9214,9210
9215,9211
9216,9212
9217,9213
9218,9214
9219,9215
9220,9216
9221,9217
9222,9218
9223,9219
9224,9220
9225,9221
9226,9222
9227,9223
9228,9224
9229,9225
9230,9226
9231,9227
9232,9228
9233,9229
9234,9230
9235,9231
9236,9232
9237,9233
9238,9234
9239,9235
9240,9236
9241,9237
9242,9238
9243,9239
9244,9240
9245,9241
9246,9242
9247,9243
9248,9244
9249,9245
9250,9246
9251,9247
9252,9248
9253,9249
9254,9250
9255,9251
9256,9252
9257,9253
9258,9254
9259,9255
9260,9256
9261,9257
9262,9258
9263,9259
9264,9260
9265,9261
9266,9262
9267,9263
9268,9264
9269,9265
9270,9266
9271,9267
9272,9268
9273,9269
9274,9270
9275,9271
9276,9272
9277,9273
9278,9274
9279,9275
9280,9276
9281,9277
9282,9278
9283,9279
9284,9280
9285,9281
9286,9282
9287,9283
9288,9284
9289,9285
9290,9286
9291,9287
9292,9288
9293,9289
9294,9290
9295,9291
9296,9292
9297,9293
9298,9294
9299,9295
9300,9296
9301,9297
9302,9298
9303,9299
9304,9300
9305,9301
9306,9302
9307,9303
9308,9304
9309,9305
9310,9306
9311,9307
9312,9308
9313,9309
9314,9310
9315,9311
9316,9312
9317,9313
9318,9314
9319,9315
9320,9316
9321,9317
9322,9318
9323,9319
9324,9320
9325,9321
9326,9322
9327,9323
9328,9324
9329,9325
9330,9326
9331,9327
9332,9328
9333,9329
9334,9330
9335,9331
9336,9332
9337,9333
9338,9334
9339,9335
9340,9336
9341,9337
9342,9338
9343,9339
9344,9340
9345,9341
9346,9342
9347,9343
9348,9344
9349,9345
9350,9346
9351,9347
9352,9348
9353,9349
9354,9350
9355,9351
9356,9352
9357,9353
9358,9354
9359,9355
9360,9356
9361,9357
9362,9358
9363,9359
9364,9360
9365,9361
9366,9362
9367,9363
9368,9364
9369,9365
9370,9366
9371,9367
9372,9368
9373,9369
9374,9370
9375,9371
9376,9372
9377,9373
9378,9374
9379,9375
9380,9376
9381,9377
9382,9378
9383,9379
9384,9380
9385,9381
9386,9382
9387,9383
9388,9384
9389,9385
9390,9386
9391,9387
9392,9388
9393,9389
9394,9390
9395,9391
9396,9392
9397,9393
9398,9394
9399,9395
9400,9396
9401,9397
9402,9398
9403,9399
9404,9400
9405,9401
9406,9402
9407,9403
9408,9404
9409,9405
9410,9406
9411,9407
9412,9408
9413,9409
9414,9410
9415,9411
9416,9412
9417,9413
9418,9414
9419,9415
9420,9416
9421,9417
9422,9418
9423,9419
9424,9420
9425,9421
9426,9422
9427,9423
9428,9424
9429,9425
9430,9426
9431,9427
9432,9428
9433,9429
9434,9430
9435,9431
9436,9432
9437,9433
9438,9434
9439,9435
9440,9436
9441,9437
9442,9438
9443,9439
9444,9440
9445,9441
9446,9442
9447,9443
9448,9444
9449,9445
9450,9446
9451,9447
9452,9448
9453,9449
9454,9450
9455,9451
9456,9452
9457,9453
9458,9454
9459,9455
9460,9456
9461,9457
9462,9458
9463,9459
9464,9460
9465,9461
9466,9462
9467,9463
9468,9464
9469,9465
9470,9466
9471,9467
9472,9468
9473,9469
9474,9470
9475,9471
9476,9472
9477,9473
9478,9474
9479,9475
9480,9476
9481,9477
9482,9478
9483,9479
9484,9480
9485,9481
9486,9482
9487,9483
9488,9484
9489,9485
9490,9486
9491,9487
9492,9488
9493,9489
9494,9490
9495,9491
9496,9492
9497,9493
9498,9494
9499,9495
9500,9496
9501,9497
9502,9498
9503,9499
9504,9500
9505,9501
9506,9502
9507,9503
9508,9504
9509,9505
9510,9506
9511,9507
9512,9508
9513,9509
9514,9510
9515,9511
9516,9512
9517,9513
9518,9514
9519,9515
9520,9516
9521,9517
9522,9518
9523,9519
9524,9520
9525,9521
9526,9522
9527,9523
9528,9524
9529,9525
9530,9526
9531,9527
9532,9528
9533,9529
9534,9530
9535,9531
9536,9532
9537,9533
9538,9534
9539,9535
9540,9536
9541,9537
9542,9538
9543,9539
9544,9540
9545,9541
9546,9542
9547,9543
9548,9544
9549,9545
9550,9546
9551,9547
9552,9548
9553,9549
9554,9550
9555,9551
9556,9552
9557,9553
9558,9554
9559,9555
9560,9556
9561,9557
9562,9558
9563,9559
9564,9560
9565,9561
9566,9562
9567,9563
9568,9564
9569,9565
9570,9566
9571,9567
9572,9568
9573,9569
9574,9570
9575,9571
9576,9572
9577,9573
9578,9574
9579,9575
9580,9576
9581,9577
9582,9578
9583,9579
9584,9580
9585,9581
9586,9582
9587,9583
9588,9584
9589,9585
9590,9586
9591,9587
9592,9588
9593,9589
9594,9590
9595,9591
9596,9592
9597,9593
9598,9594
9599,9595
9600,9596
9601,9597
9602,9598
9603,9599
9604,9600
9605,9601
9606,9602
9607,9603
9608,9604
9609,9605
9610,9606
9611,9607
9612,9608
9613,9609
9614,9610
9615,9611
9616,9612
9617,9613
9618,9614
9619,9615
9620,9616
9621,9617
9622,9618
9623,9619
9624,9620
9625,9621
9626,9622
9627,9623
9628,9624
9629,9625
9630,9626
9631,9627
9632,9628
9633,9629
9634,9630
9635,9631
9636,9632
9637,9633
9638,9634
9639,9635
9640,9636
9641,9637
9642,9638
9643,9639
9644,9640
9645,9641
9646,9642
9647,9643
9648,9644
9649,9645
9650,9646
9651,9647
9652,9648
9653,9649
9654,9650
9655,9651
9656,9652
9657,9653
9658,9654
9659,9655
9660,9656
9661,9657
9662,9658
9663,9659
9664,9660
9665,9661
9666,9662
9667,9663
9668,9664
9669,9665
9670,9666
9671,9667
9672,9668
9673,9669
9674,9670
9675,9671
9676,9672
9677,9673
9678,9674
9679,9675
9680,9676
9681,9677
9682,9678
9683,9679
9684,9680
9685,9681
9686,9682
9687,9683
9688,9684
9689,9685
9690,9686
9691,9687
9692,9688
9693,9689
9694,9690
9695,9691
9696,9692
9697,9693
9698,9694
9699,9695
9700,9696
9701,9697
9702,9698
9703,9699
9704,9700
9705,9701
9706,9702
9707,9703
9708,9704
9709,9705
9710,9706
9711,9707
9712,9708
9713,9709
9714,9710
9715,9711
9716,9712
9717,9713
9718,9714
9719,9715
9720,9716
9721,9717
9722,9718
9723,9719
9724,9720
9725,9721
9726,9722
9727,9723
9728,9724
9729,9725
9730,9726
9731,9727
9732,9728
9733,9729
9734,9730
9735,9731
9736,9732
9737,9733
9738,9734
9739,9735
9740,9736
9741,9737
9742,9738
9743,9739
9744,9740
9745,9741
9746,9742
9747,9743
9748,9744
9749,9745
9750,9746
9751,9747
9752,9748
9753,9749
9754,9750
9755,9751
9756,9752
9757,9753
9758,9754
9759,9755
9760,9756
9761,9757
9762,9758
9763,9759
9764,9760
9765,9761
9766,9762
9767,9763
9768,9764
9769,9765
9770,9766
9771,9767
9772,9768
9773,9769
9774,9770
9775,9771
9776,9772
9777,9773
9778,9774
9779,9775
9780,9776
9781,9777
9782,9778
9783,9779
9784,9780
9785,9781
9786,9782
9787,9783
9788,9784
9789,9785
9790,9786
9791,9787
9792,9788
9793,9789
9794,9790
9795,9791
9796,9792
9797,9793
9798,9794
9799,9795
9800,9796
9801,9797
9802,9798
9803,9799
9804,9800
9805,9801
9806,9802
9807,9803
9808,9804
9809,9805
9810,9806
9811,9807
9812,9808
9813,9809
9814,9810
9815,9811
9816,9812
9817,9813
9818,9814
9819,9815
9820,9816
9821,9817
9822,9818
9823,9819
9824,9820
9825,9821
9826,9822
9827,9823
9828,9824
9829,9825
9830,9826
9831,9827
9832,9828
9833,9829
9834,9830
9835,9831
9836,9832
9837,9833
9838,9834
9839,9835
9840,9836
9841,9837
9842,9838
9843,9839
9844,9840
9845,9841
9846,9842
9847,9843
9848,9844
9849,9845
9850,9846
9851,9847
9852,9848
9853,9849
9854,9850
9855,9851
9856,9852
9857,9853
9858,9854
9859,9855
9860,9856
9861,9857
9862,9858
9863,9859
9864,9860
9865,9861
9866,9862
9867,9863
9868,9864
9869,9865
9870,9866
9871,9867
9872,9868
9873,9869
9874,9870
9875,9871
9876,9872
9877,9873
9878,9874
9879,9875
9880,9876
9881,9877
9882,9878
9883,9879
9884,9880
9885,9881
9886,9882
9887,9883
9888,9884
9889,9885
9890,9886
9891,9887
9892,9888
9893,9889
9894,9890
9895,9891
9896,9892
9897,9893
9898,9894
9899,9895
9900,9896
9901,9897
9902,9898
9903,9899
9904,9900
9905,9901
9906,9902
9907,9903
9908,9904
9909,9905
9910,9906
9911,9907
9912,9908
9913,9909
9914,9910
9915,9911
9916,9912
9917,9913
9918,9914
9919,9915
9920,9916
9921,9917
9922,9918
9923,9919
9924,9920
9925,9921
9926,9922
9927,9923
9928,9924
9929,9925
9930,9926
9931,9927
9932,9928
9933,9929
9934,9930
9935,9931
9936,9932
9937,9933
9938,9934
9939,9935
9940,9936
9941,9937
9942,9938
9943,9939
9944,9940
9945,9941
9946,9942
9947,9943
9948,9944
9949,9945
9950,9946
9951,9947
9952,9948
9953,9949
9954,9950
9955,9951
9956,9952
9957,9953
9958,9954
9959,9955
9960,9956
9961,9957
9962,9958
9963,9959
9964,9960
9965,9961
9966,9962
9967,9963
9968,9964
9969,9965
9970,9966
9971,9967
9972,9968
9973,9969
9974,9970
9975,9971
9976,9972
9977,9973
9978,9974
9979,9975
9980,9976
9981,9977
9982,9978
9983,9979
9984,9980
9985,9981
9986,9982
9987,9983
9988,9984
9989,9985
9990,9986
9991,9987
9992,9988
9993,9989
9994,9990
9995,9991
9996,9992
9997,9993
9998,9994
9999,9995
10000,9996
10001,9997
10002,9998
10003,9999
10004,10000
10005,10001
10006,10002
10007,10003
10008,10004
10009,10005
10010,10006
10011,10007
10012,10008
10013,10009
10014,10010
10015,10011
10016,10012
10017,10013
10018,10014
10019,10015
10020,10016
10021,10017
10022,10018
10023,10019
10024,10020
10025,10021
10026,10022
10027,10023
10028,10024
10029,10025
10030,10026
10031,10027
10032,10028
10033,10029
10034,10030
10035,10031
10036,10032
10037,10033
10038,10034
10039,10035
10040,10036
10041,10037
10042,10038
10043,10039
10044,10040
10045,10041
10046,10042
10047,10043
10048,10044
10049,10045
10050,10046
10051,10047
10052,10048
10053,10049
10054,10050
10055,10051
10056,10052
10057,10053
10058,10054
10059,10055
10060,10056
10061,10057
10062,10058
10063,10059
10064,10060
10065,10061
10066,10062
10067,10063
10068,10064
10069,10065
10070,10066
10071,10067
10072,10068
10073,10069
10074,10070
10075,10071
10076,10072
10077,10073
10078,10074
10079,10075
10080,10076
10081,10077
10082,10078
10083,10079
10084,10080
10085,10081
10086,10082
10087,10083
10088,10084
10089,10085
10090,10086
10091,10087
10092,10088
10093,10089
10094,10090
10095,10091
10096,10092
10097,10093
10098,10094
10099,10095
10100,10096
10101,10097
10102,10098
10103,10099
10104,10100
10105,10101
10106,10102
10107,10103
10108,10104
10109,10105
10110,10106
10111,10107
10112,10108
10113,10109
10114,10110
10115,10111
10116,10112
10117,10113
10118,10114
10119,10115
10120,10116
10121,10117
10122,10118
10123,10119
10124,10120
10125,10121
10126,10122
10127,10123
10128,10124
10129,10125
10130,10126
10131,10127
10132,10128
10133,10129
10134,10130
10135,10131
10136,10132
10137,10133
10138,10134
10139,10135
10140,10136
10141,10137
10142,10138
10143,10139
10144,10140
10145,10141
10146,10142
10147,10143
10148,10144
10149,10145
10150,10146
10151,10147
10152,10148
10153,10149
10154,10150
10155,10151
10156,10152
10157,10153
10158,10154
10159,10155
10160,10156
10161,10157
10162,10158
10163,10159
10164,10160
10165,10161
10166,10162
10167,10163
10168,10164
10169,10165
10170,10166
10171,10167
10172,10168
10173,10169
10174,10170
10175,10171
10176,10172
10177,10173
10178,10174
10179,10175
10180,10176
10181,10177
10182,10178
10183,10179
10184,10180
10185,10181
10186,10182
10187,10183
10188,10184
10189,10185
10190,10186
10191,10187
10192,10188
10193,10189
10194,10190
10195,10191
10196,10192
10197,10193
10198,10194
10199,10195
10200,10196
10201,10197
10202,10198
10203,10199
10204,10200
10205,10201
10206,10202
10207,10203
10208,10204
10209,10205
10210,10206
10211,10207
10212,10208
10213,10209
10214,10210
10215,10211
10216,10212
10217,10213
10218,10214
10219,10215
10220,10216
10221,10217
10222,10218
10223,10219
10224,10220
10225,10221
10226,10222
10227,10223
10228,10224
10229,10225
10230,10226
10231,10227
10232,10228
10233,10229
10234,10230
10235,10231
10236,10232
10237,10233
10238,10234
10239,10235
10240,10236
10241,10237
10242,10238
10243,10239
10244,10240
10245,10241
10246,10242
10247,10243
10248,10244
10249,10245
10250,10246
10251,10247
10252,10248
10253,10249
10254,10250
10255,10251
10256,10252
10257,10253
10258,10254
10259,10255
10260,10256
10261,10257
10262,10258
10263,10259
10264,10260
10265,10261
10266,10262
10267,10263
10268,10264
10269,10265
10270,10266
10271,10267
10272,10268
10273,10269
10274,10270
10275,10271
10276,10272
10277,10273
10278,10274
10279,10275
10280,10276
10281,10277
10282,10278
10283,10279
10284,10280
10285,10281
10286,10282
10287,10283
10288,10284
10289,10285
10290,10286
10291,10287
10292,10288
10293,10289
10294,10290
10295,10291
10296,10292
10297,10293
10298,10294
10299,10295
10300,10296
10301,10297
10302,10298
10303,10299
10304,10300
10305,10301
10306,10302
10307,10303
10308,10304
10309,10305
10310,10306
10311,10307
10312,10308
10313,10309
10314,10310
10315,10311
10316,10312
10317,10313
10318,10314
10319,10315
10320,10316
10321,10317
10322,10318
10323,10319
10324,10320
10325,10321
10326,10322
10327,10323
10328,10324
10329,10325
10330,10326
10331,10327
10332,10328
10333,10329
10334,10330
10335,10331
10336,10332
10337,10333
10338,10334
10339,10335
10340,10336
10341,10337
10342,10338
10343,10339
10344,10340
10345,10341
10346,10342
10347,10343
10348,10344
10349,10345
10350,10346
10351,10347
10352,10348
10353,10349
10354,10350
10355,10351
10356,10352
10357,10353
10358,10354
10359,10355
10360,10356
10361,10357
10362,10358
10363,10359
10364,10360
10365,10361
10366,10362
10367,10363
10368,10364
10369,10365
10370,10366
10371,10367
10372,10368
10373,10369
10374,10370
10375,10371
10376,10372
10377,10373
10378,10374
10379,10375
10380,10376
10381,10377
10382,10378
10383,10379
10384,10380
10385,10381
10386,10382
10387,10383
10388,10384
10389,10385
10390,10386
10391,10387
10392,10388
10393,10389
10394,10390
10395,10391
10396,10392
10397,10393
10398,10394
10399,10395
10400,10396
10401,10397
10402,10398
10403,10399
10404,10400
10405,10401
10406,10402
10407,10403
10408,10404
10409,10405
10410,10406
10411,10407
10412,10408
10413,10409
10414,10410
10415,10411
10416,10412
10417,10413
10418,10414
10419,10415
10420,10416
10421,10417
10422,10418
10423,10419
10424,10420
10425,10421
10426,10422
10427,10423
10428,10424
10429,10425
10430,10426
10431,10427
10432,10428
10433,10429
10434,10430
10435,10431
10436,10432
10437,10433
10438,10434
10439,10435
10440,10436
10441,10437
10442,10438
10443,10439
10444,10440
10445,10441
10446,10442
10447,10443
10448,10444
10449,10445
10450,10446
10451,10447
10452,10448
10453,10449
10454,10450
10455,10451
10456,10452
10457,10453
10458,10454
10459,10455
10460,10456
10461,10457
10462,10458
10463,10459
10464,10460
10465,10461
10466,10462
10467,10463
10468,10464
10469,10465
10470,10466
10471,10467
10472,10468
10473,10469
10474,10470
10475,10471
10476,10472
10477,10473
10478,10474
10479,10475
10480,10476
10481,10477
10482,10478
10483,10479
10484,10480
10485,10481
10486,10482
10487,10483
10488,10484
10489,10485
10490,10486
10491,10487
10492,10488
10493,10489
10494,10490
10495,10491
10496,10492
10497,10493
10498,10494
10499,10495
10500,10496
10501,10497
10502,10498
10503,10499
10504,10500
10505,10501
10506,10502
10507,10503
10508,10504
10509,10505
10510,10506
10511,10507
10512,10508
10513,10509
10514,10510
10515,10511
10516,10512
10517,10513
10518,10514
10519,10515
10520,10516
10521,10517
10522,10518
10523,10519
10524,10520
10525,10521
10526,10522
10527,10523
10528,10524
10529,10525
10530,10526
10531,10527
10532,10528
10533,10529
10534,10530
10535,10531
10536,10532
10537,10533
10538,10534
10539,10535
10540,10536
10541,10537
10542,10538
10543,10539
10544,10540
10545,10541
10546,10542
10547,10543
10548,10544
10549,10545
10550,10546
10551,10547
10552,10548
10553,10549
10554,10550
10555,10551
10556,10552
10557,10553
10558,10554
10559,10555
10560,10556
10561,10557
10562,10558
10563,10559
10564,10560
10565,10561
10566,10562
10567,10563
10568,10564
10569,10565
10570,10566
10571,10567
10572,10568
10573,10569
10574,10570
10575,10571
10576,10572
10577,10573
10578,10574
10579,10575
10580,10576
10581,10577
10582,10578
10583,10579
10584,10580
10585,10581
10586,10582
10587,10583
10588,10584
10589,10585
10590,10586
10591,10587
10592,10588
10593,10589
10594,10590
10595,10591
10596,10592
10597,10593
10598,10594
10599,10595
10600,10596
10601,10597
10602,10598
10603,10599
10604,10600
10605,10601
10606,10602
10607,10603
10608,10604
10609,10605
10610,10606
10611,10607
10612,10608
10613,10609
10614,10610
10615,10611
10616,10612
10617,10613
10618,10614
10619,10615
10620,10616
10621,10617
10622,10618
10623,10619
10624,10620
10625,10621
10626,10622
10627,10623
10628,10624
10629,10625
10630,10626
10631,10627
10632,10628
10633,10629
10634,10630
10635,10631
10636,10632
10637,10633
10638,10634
10639,10635
10640,10636
10641,10637
10642,10638
10643,10639
10644,10640
10645,10641
10646,10642
10647,10643
10648,10644
10649,10645
10650,10646
10651,10647
10652,10648
10653,10649
10654,10650
10655,10651
10656,10652
10657,10653
10658,10654
10659,10655
10660,10656
10661,10657
10662,10658
10663,10659
10664,10660
10665,10661
10666,10662
10667,10663
10668,10664
10669,10665
10670,10666
10671,10667
10672,10668
10673,10669
10674,10670
10675,10671
10676,10672
10677,10673
10678,10674
10679,10675
10680,10676
10681,10677
10682,10678
10683,10679
10684,10680
10685,10681
10686,10682
10687,10683
10688,10684
10689,10685
10690,10686
10691,10687
10692,10688
10693,10689
10694,10690
10695,10691
10696,10692
10697,10693
10698,10694
10699,10695
10700,10696
10701,10697
10702,10698
10703,10699
10704,10700
10705,10701
10706,10702
10707,10703
10708,10704
10709,10705
10710,10706
10711,10707
10712,10708
10713,10709
10714,10710
10715,10711
10716,10712
10717,10713
10718,10714
10719,10715
10720,10716
10721,10717
10722,10718
10723,10719
10724,10720
10725,10721
10726,10722
10727,10723
10728,10724
10729,10725
10730,10726
10731,10727
10732,10728
10733,10729
10734,10730
10735,10731
10736,10732
10737,10733
10738,10734
10739,10735
10740,10736
10741,10737
10742,10738
10743,10739
10744,10740
10745,10741
10746,10742
10747,10743
10748,10744
10749,10745
10750,10746
10751,10747
10752,10748
10753,10749
10754,10750
10755,10751
10756,10752
10757,10753
10758,10754
10759,10755
10760,10756
10761,10757
10762,10758
10763,10759
10764,10760
10765,10761
10766,10762
10767,10763
10768,10764
10769,10765
10770,10766
10771,10767
10772,10768
10773,10769
10774,10770
10775,10771
10776,10772
10777,10773
10778,10774
10779,10775
10780,10776
10781,10777
10782,10778
10783,10779
10784,10780
10785,10781
10786,10782
10787,10783
10788,10784
10789,10785
10790,10786
10791,10787
10792,10788
10793,10789
10794,10790
10795,10791
10796,10792
10797,10793
10798,10794
10799,10795
10800,10796
10801,10797
10802,10798
10803,10799
10804,10800
10805,10801
10806,10802
10807,10803
10808,10804
10809,10805
10810,10806
10811,10807
10812,10808
10813,10809
10814,10810
10815,10811
10816,10812
10817,10813
10818,10814
10819,10815
10820,10816
10821,10817
10822,10818
10823,10819
10824,10820
10825,10821
10826,10822
10827,10823
10828,10824
10829,10825
10830,10826
10831,10827
10832,10828
10833,10829
10834,10830
10835,10831
10836,10832
10837,10833
10838,10834
10839,10835
10840,10836
10841,10837
10842,10838
10843,10839
10844,10840
10845,10841
10846,10842
10847,10843
10848,10844
10849,10845
10850,10846
10851,10847
10852,10848
10853,10849
10854,10850
10855,10851
10856,10852
10857,10853
10858,10854
10859,10855
10860,10856
10861,10857
10862,10858
10863,10859
10864,10860
10865,10861
10866,10862
10867,10863
10868,10864
10869,10865
10870,10866
10871,10867
10872,10868
10873,10869
10874,10870
10875,10871
10876,10872
10877,10873
10878,10874
10879,10875
10880,10876
10881,10877
10882,10878
10883,10879
10884,10880
10885,10881
10886,10882
10887,10883
10888,10884
10889,10885
10890,10886
10891,10887
10892,10888
10893,10889
10894,10890
10895,10891
10896,10892
10897,10893
10898,10894
10899,10895
10900,10896
10901,10897
10902,10898
10903,10899
10904,10900
10905,10901
10906,10902
10907,10903
10908,10904
10909,10905
10910,10906
10911,10907
10912,10908
10913,10909
10914,10910
10915,10911
10916,10912
10917,10913
10918,10914
10919,10915
10920,10916
10921,10917
10922,10918
10923,10919
10924,10920
10925,10921
10926,10922
10927,10923
10928,10924
10929,10925
10930,10926
10931,10927
10932,10928
10933,10929
10934,10930
10935,10931
10936,10932
10937,10933
10938,10934
10939,10935
10940,10936
10941,10937
10942,10938
10943,10939
10944,10940
10945,10941
10946,10942
10947,10943
10948,10944
10949,10945
10950,10946
10951,10947
10952,10948
10953,10949
10954,10950
10955,10951
10956,10952
10957,10953
10958,10954
10959,10955
10960,10956
10961,10957
10962,10958
10963,10959
10964,10960
10965,10961
10966,10962
10967,10963
10968,10964
10969,10965
10970,10966
10971,10967
10972,10968
10973,10969
10974,10970
10975,10971
10976,10972
10977,10973
10978,10974
10979,10975
10980,10976
10981,10977
10982,10978
10983,10979
10984,10980
10985,10981
10986,10982
10987,10983
10988,10984
10989,10985
10990,10986
10991,10987
10992,10988
10993,10989
10994,10990
10995,10991
10996,10992
10997,10993
10998,10994
10999,10995
11000,10996
11001,10997
11002,10998
11003,10999
11004,11000
11005,11001
11006,11002
11007,11003
11008,11004
11009,11005
11010,11006
11011,11007
11012,11008
11013,11009
11014,11010
11015,11011
11016,11012
11017,11013
11018,11014
11019,11015
11020,11016
11021,11017
11022,11018
11023,11019
11024,11020
11025,11021
11026,11022
11027,11023
11028,11024
11029,11025
11030,11026
11031,11027
11032,11028
11033,11029
11034,11030
11035,11031
11036,11032
11037,11033
11038,11034
11039,11035
11040,11036
11041,11037
11042,11038
11043,11039
11044,11040
11045,11041
11046,11042
11047,11043
11048,11044
11049,11045
11050,11046
11051,11047
11052,11048
11053,11049
11054,11050
11055,11051
11056,11052
11057,11053
11058,11054
11059,11055
11060,11056
11061,11057
11062,11058
11063,11059
11064,11060
11065,11061
11066,11062
11067,11063
11068,11064
11069,11065
11070,11066
11071,11067
11072,11068
11073,11069
11074,11070
11075,11071
11076,11072
11077,11073
11078,11074
11079,11075
11080,11076
11081,11077
11082,11078
11083,11079
11084,11080
11085,11081
11086,11082
11087,11083
11088,11084
11089,11085
11090,11086
11091,11087
11092,11088
11093,11089
11094,11090
11095,11091
11096,11092
11097,11093
11098,11094
11099,11095
11100,11096
11101,11097
11102,11098
11103,11099
11104,11100
11105,11101
11106,11102
11107,11103
11108,11104
11109,11105
11110,11106
11111,11107
11112,11108
11113,11109
11114,11110
11115,11111
11116,11112
11117,11113
11118,11114
11119,11115
11120,11116
11121,11117
11122,11118
11123,11119
11124,11120
11125,11121
11126,11122
11127,11123
11128,11124
11129,11125
11130,11126
11131,11127
11132,11128
11133,11129
11134,11130
11135,11131
11136,11132
11137,11133
11138,11134
11139,11135
11140,11136
11141,11137
11142,11138
11143,11139
11144,11140
11145,11141
11146,11142
11147,11143
11148,11144
11149,11145
11150,11146
11151,11147
11152,11148
11153,11149
11154,11150
11155,11151
11156,11152
11157,11153
11158,11154
11159,11155
11160,11156
11161,11157
11162,11158
11163,11159
11164,11160
11165,11161
11166,11162
11167,11163
11168,11164
11169,11165
11170,11166
11171,11167
11172,11168
11173,11169
11174,11170
11175,11171
11176,11172
11177,11173
11178,11174
11179,11175
11180,11176
11181,11177
11182,11178
11183,11179
11184,11180
11185,11181
11186,11182
11187,11183
11188,11184
11189,11185
11190,11186
11191,11187
11192,11188
11193,11189
11194,11190
11195,11191
11196,11192
11197,11193
11198,11194
11199,11195
11200,11196
11201,11197
11202,11198
11203,11199
11204,11200
11205,11201
11206,11202
11207,11203
11208,11204
11209,11205
11210,11206
11211,11207
11212,11208
11213,11209
11214,11210
11215,11211
11216,11212
11217,11213
11218,11214
11219,11215
11220,11216
11221,11217
11222,11218
11223,11219
11224,11220
11225,11221
11226,11222
11227,11223
11228,11224
11229,11225
11230,11226
11231,11227
11232,11228
11233,11229
11234,11230
11235,11231
11236,11232
11237,11233
11238,11234
11239,11235
11240,11236
11241,11237
11242,11238
11243,11239
11244,11240
11245,11241
11246,11242
11247,11243
11248,11244
11249,11245
11250,11246
11251,11247
11252,11248
11253,11249
11254,11250
11255,11251
11256,11252
11257,11253
11258,11254
11259,11255
11260,11256
11261,11257
11262,11258
11263,11259
11264,11260
11265,11261
11266,11262
11267,11263
11268,11264
11269,11265
11270,11266
11271,11267
11272,11268
11273,11269
11274,11270
11275,11271
11276,11272
11277,11273
11278,11274
11279,11275
11280,11276
11281,11277
11282,11278
11283,11279
11284,11280
11285,11281
11286,11282
11287,11283
11288,11284
11289,11285
11290,11286
11291,11287
11292,11288
11293,11289
11294,11290
11295,11291
11296,11292
11297,11293
11298,11294
11299,11295
11300,11296
11301,11297
11302,11298
11303,11299
11304,11300
11305,11301
11306,11302
11307,11303
11308,11304
11309,11305
11310,11306
11311,11307
11312,11308
11313,11309
11314,11310
11315,11311
11316,11312
11317,11313
11318,11314
11319,11315
11320,11316
11321,11317
11322,11318
11323,11319
11324,11320
11325,11321
11326,11322
11327,11323
11328,11324
11329,11325
11330,11326
11331,11327
11332,11328
11333,11329
11334,11330
11335,11331
11336,11332
11337,11333
11338,11334
11339,11335
11340,11336
11341,11337
11342,11338
11343,11339
11344,11340
11345,11341
11346,11342
11347,11343
11348,11344
11349,11345
11350,11346
11351,11347
11352,11348
11353,11349
11354,11350
11355,11351
11356,11352
11357,11353
11358,11354
11359,11355
11360,11356
11361,11357
11362,11358
11363,11359
11364,11360
11365,11361
11366,11362
11367,11363
11368,11364
11369,11365
11370,11366
11371,11367
11372,11368
11373,11369
11374,11370
11375,11371
11376,11372
11377,11373
11378,11374
11379,11375
11380,11376
11381,11377
11382,11378
11383,11379
11384,11380
11385,11381
11386,11382
11387,11383
11388,11384
11389,11385
11390,11386
11391,11387
11392,11388
11393,11389
11394,11390
11395,11391
11396,11392
11397,11393
11398,11394
11399,11395
11400,11396
11401,11397
11402,11398
11403,11399
11404,11400
11405,11401
11406,11402
11407,11403
11408,11404
11409,11405
11410,11406
11411,11407
11412,11408
11413,11409
11414,11410
11415,11411
11416,11412
11417,11413
11418,11414
11419,11415
11420,11416
11421,11417
11422,11418
11423,11419
11424,11420
11425,11421
11426,11422
11427,11423
11428,11424
11429,11425
11430,11426
11431,11427
11432,11428
11433,11429
11434,11430
11435,11431
11436,11432
11437,11433
11438,11434
11439,11435
11440,11436
11441,11437
11442,11438
11443,11439
11444,11440
11445,11441
11446,11442
11447,11443
11448,11444
11449,11445
11450,11446
11451,11447
11452,11448
11453,11449
11454,11450
11455,11451
11456,11452
11457,11453
11458,11454
11459,11455
11460,11456
11461,11457
11462,11458
11463,11459
11464,11460
11465,11461
11466,11462
11467,11463
11468,11464
11469,11465
11470,11466
11471,11467
11472,11468
11473,11469
11474,11470
11475,11471
11476,11472
11477,11473
11478,11474
11479,11475
11480,11476
11481,11477
11482,11478
11483,11479
11484,11480
11485,11481
11486,11482
11487,11483
11488,11484
11489,11485
11490,11486
11491,11487
11492,11488
11493,11489
11494,11490
11495,11491
11496,11492
11497,11493
11498,11494
11499,11495
11500,11496
11501,11497
11502,11498
11503,11499
11504,11500
11505,11501
11506,11502
11507,11503
11508,11504
11509,11505
11510,11506
11511,11507
11512,11508
11513,11509
11514,11510
11515,11511
11516,11512
11517,11513
11518,11514
11519,11515
11520,11516
11521,11517
11522,11518
11523,11519
11524,11520
11525,11521
11526,11522
11527,11523
11528,11524
11529,11525
11530,11526
11531,11527
11532,11528
11533,11529
11534,11530
11535,11531
11536,11532
11537,11533
11538,11534
11539,11535
11540,11536
11541,11537
11542,11538
11543,11539
11544,11540
11545,11541
11546,11542
11547,11543
11548,11544
11549,11545
11550,11546
11551,11547
11552,11548
11553,11549
11554,11550
11555,11551
11556,11552
11557,11553
11558,11554
11559,11555
11560,11556
11561,11557
11562,11558
11563,11559
11564,11560
11565,11561
11566,11562
11567,11563
11568,11564
11569,11565
11570,11566
11571,11567
11572,11568
11573,11569
11574,11570
11575,11571
11576,11572
11577,11573
11578,11574
11579,11575
11580,11576
11581,11577
11582,11578
11583,11579
11584,11580
11585,11581
11586,11582
11587,11583
11588,11584
11589,11585
11590,11586
11591,11587
11592,11588
11593,11589
11594,11590
11595,11591
11596,11592
11597,11593
11598,11594
11599,11595
11600,11596
11601,11597
11602,11598
11603,11599
11604,11600
11605,11601
11606,11602
11607,11603
11608,11604
11609,11605
11610,11606
11611,11607
11612,11608
11613,11609
11614,11610
11615,11611
11616,11612
11617,11613
11618,11614
11619,11615
11620,11616
11621,11617
11622,11618
11623,11619
11624,11620
11625,11621
11626,11622
11627,11623
11628,11624
11629,11625
11630,11626
11631,11627
11632,11628
11633,11629
11634,11630
11635,11631
11636,11632
11637,11633
11638,11634
11639,11635
11640,11636
11641,11637
11642,11638
11643,11639
11644,11640
11645,11641
11646,11642
11647,11643
11648,11644
11649,11645
11650,11646
11651,11647
11652,11648
11653,11649
11654,11650
11655,11651
11656,11652
11657,11653
11658,11654
11659,11655
11660,11656
11661,11657
11662,11658
11663,11659
11664,11660
11665,11661
11666,11662
11667,11663
11668,11664
11669,11665
11670,11666
11671,11667
11672,11668
11673,11669
11674,11670
11675,11671
11676,11672
11677,11673
11678,11674
11679,11675
11680,11676
11681,11677
11682,11678
11683,11679
11684,11680
11685,11681
11686,11682
11687,11683
11688,11684
11689,11685
11690,11686
11691,11687
11692,11688
11693,11689
11694,11690
11695,11691
11696,11692
11697,11693
11698,11694
11699,11695
11700,11696
11701,11697
11702,11698
11703,11699
11704,11700
11705,11701
11706,11702
11707,11703
11708,11704
11709,11705
11710,11706
11711,11707
11712,11708
11713,11709
11714,11710
11715,11711
11716,11712
11717,11713
11718,11714
11719,11715
11720,11716
11721,11717
11722,11718
11723,11719
11724,11720
11725,11721
11726,11722
11727,11723
11728,11724
11729,11725
11730,11726
11731,11727
11732,11728
11733,11729
11734,11730
11735,11731
11736,11732
11737,11733
11738,11734
11739,11735
11740,11736
11741,11737
11742,11738
11743,11739
11744,11740
11745,11741
11746,11742
11747,11743
11748,11744
11749,11745
11750,11746
11751,11747
11752,11748
11753,11749
11754,11750
11755,11751
11756,11752
11757,11753
11758,11754
11759,11755
11760,11756
11761,11757
11762,11758
11763,11759
11764,11760
11765,11761
11766,11762
11767,11763
11768,11764
11769,11765
11770,11766
11771,11767
11772,11768
11773,11769
11774,11770
11775,11771
11776,11772
11777,11773
11778,11774
11779,11775
11780,11776
11781,11777
11782,11778
11783,11779
11784,11780
11785,11781
11786,11782
11787,11783
11788,11784
11789,11785
11790,11786
11791,11787
11792,11788
11793,11789
11794,11790
11795,11791
11796,11792
11797,11793
11798,11794
11799,11795
11800,11796
11801,11797
11802,11798
11803,11799
11804,11800
11805,11801
11806,11802
11807,11803
11808,11804
11809,11805
11810,11806
11811,11807
11812,11808
11813,11809
11814,11810
11815,11811
11816,11812
11817,11813
11818,11814
11819,11815
11820,11816
11821,11817
11822,11818
11823,11819
11824,11820
11825,11821
11826,11822
11827,11823
11828,11824
11829,11825
11830,11826
11831,11827
11832,11828
11833,11829
11834,11830
11835,11831
11836,11832
11837,11833
11838,11834
11839,11835
11840,11836
11841,11837
11842,11838
11843,11839
11844,11840
11845,11841
11846,11842
11847,11843
11848,11844
11849,11845
11850,11846
11851,11847
11852,11848
11853,11849
11854,11850
11855,11851
11856,11852
11857,11853
11858,11854
11859,11855
11860,11856
11861,11857
11862,11858
11863,11859
11864,11860
11865,11861
11866,11862
11867,11863
11868,11864
11869,11865
11870,11866
11871,11867
11872,11868
11873,11869
11874,11870
11875,11871
11876,11872
11877,11873
11878,11874
11879,11875
11880,11876
11881,11877
11882,11878
11883,11879
11884,11880
11885,11881
11886,11882
11887,11883
11888,11884
11889,11885
11890,11886
11891,11887
11892,11888
11893,11889
11894,11890
11895,11891
11896,11892
11897,11893
11898,11894
11899,11895
11900,11896
11901,11897
11902,11898
11903,11899
11904,11900
11905,11901
11906,11902
11907,11903
11908,11904
11909,11905
11910,11906
11911,11907
11912,11908
11913,11909
11914,11910
11915,11911
11916,11912
11917,11913
11918,11914
11919,11915
11920,11916
11921,11917
11922,11918
11923,11919
11924,11920
11925,11921
11926,11922
11927,11923
11928,11924
11929,11925
11930,11926
11931,11927
11932,11928
11933,11929
11934,11930
11935,11931
11936,11932
11937,11933
11938,11934
11939,11935
11940,11936
11941,11937
11942,11938
11943,11939
11944,11940
11945,11941
11946,11942
11947,11943
11948,11944
11949,11945
11950,11946
11951,11947
11952,11948
11953,11949
11954,11950
11955,11951
11956,11952
11957,11953
11958,11954
11959,11955
11960,11956
11961,11957
11962,11958
11963,11959
11964,11960
11965,11961
11966,11962
11967,11963
11968,11964
11969,11965
11970,11966
11971,11967
11972,11968
11973,11969
11974,11970
11975,11971
11976,11972
11977,11973
11978,11974
11979,11975
11980,11976
11981,11977
11982,11978
11983,11979
11984,11980
11985,11981
11986,11982
11987,11983
11988,11984
11989,11985
11990,11986
11991,11987
11992,11988
11993,11989
11994,11990
11995,11991
11996,11992
11997,11993
11998,11994
11999,11995
12000,11996
12001,11997
12002,11998
12003,11999
12004,12000
12005,12001
12006,12002
12007,12003
12008,12004
12009,12005
12010,12006
12011,12007
12012,12008
12013,12009
12014,12010
12015,12011
12016,12012
12017,12013
12018,12014
12019,12015
12020,12016
12021,12017
12022,12018
12023,12019
12024,12020
12025,12021
12026,12022
12027,12023
12028,12024
12029,12025
12030,12026
12031,12027
12032,12028
12033,12029
12034,12030
12035,12031
12036,12032
12037,12033
12038,12034
12039,12035
12040,12036
12041,12037
12042,12038
12043,12039
12044,12040
12045,12041
12046,12042
12047,12043
12048,12044
12049,12045
12050,12046
12051,12047
12052,12048
12053,12049
12054,12050
12055,12051
12056,12052
12057,12053
12058,12054
12059,12055
12060,12056
12061,12057
12062,12058
12063,12059
12064,12060
12065,12061
12066,12062
12067,12063
12068,12064
12069,12065
12070,12066
12071,12067
12072,12068
12073,12069
12074,12070
12075,12071
12076,12072
12077,12073
12078,12074
12079,12075
12080,12076
12081,12077
12082,12078
12083,12079
12084,12080
12085,12081
12086,12082
12087,12083
12088,12084
12089,12085
12090,12086
12091,12087
12092,12088
12093,12089
12094,12090
12095,12091
12096,12092
12097,12093
12098,12094
12099,12095
12100,12096
12101,12097
12102,12098
12103,12099
12104,12100
12105,12101
12106,12102
12107,12103
12108,12104
12109,12105
12110,12106
12111,12107
12112,12108
12113,12109
12114,12110
12115,12111
12116,12112
12117,12113
12118,12114
12119,12115
12120,12116
12121,12117
12122,12118
12123,12119
12124,12120
12125,12121
12126,12122
12127,12123
12128,12124
12129,12125
12130,12126
12131,12127
12132,12128
12133,12129
12134,12130
12135,12131
12136,12132
12137,12133
12138,12134
12139,12135
12140,12136
12141,12137
12142,12138
12143,12139
12144,12140
12145,12141
12146,12142
12147,12143
12148,12144
12149,12145
12150,12146
12151,12147
12152,12148
12153,12149
12154,12150
12155,12151
12156,12152
12157,12153
12158,12154
12159,12155
12160,12156
12161,12157
12162,12158
12163,12159
12164,12160
12165,12161
12166,12162
12167,12163
12168,12164
12169,12165
12170,12166
12171,12167
12172,12168
12173,12169
12174,12170
12175,12171
12176,12172
12177,12173
12178,12174
12179,12175
12180,12176
12181,12177
12182,12178
12183,12179
12184,12180
12185,12181
12186,12182
12187,12183
12188,12184
12189,12185
12190,12186
12191,12187
12192,12188
12193,12189
12194,12190
12195,12191
12196,12192
12197,12193
12198,12194
12199,12195
12200,12196
12201,12197
12202,12198
12203,12199
12204,12200
12205,12201
12206,12202
12207,12203
12208,12204
12209,12205
12210,12206
12211,12207
12212,12208
12213,12209
12214,12210
12215,12211
12216,12212
12217,12213
12218,12214
12219,12215
12220,12216
12221,12217
12222,12218
12223,12219
12224,12220
12225,12221
12226,12222
12227,12223
12228,12224
12229,12225
12230,12226
12231,12227
12232,12228
12233,12229
12234,12230
12235,12231
12236,12232
12237,12233
12238,12234
12239,12235
12240,12236
12241,12237
12242,12238
12243,12239
12244,12240
12245,12241
12246,12242
12247,12243
12248,12244
12249,12245
12250,12246
12251,12247
12252,12248
12253,12249
12254,12250
12255,12251
12256,12252
12257,12253
12258,12254
12259,12255
12260,12256
12261,12257
12262,12258
12263,12259
12264,12260
12265,12261
12266,12262
12267,12263
12268,12264
12269,12265
12270,12266
12271,12267
12272,12268
12273,12269
12274,12270
12275,12271
12276,12272
12277,12273
12278,12274
12279,12275
12280,12276
12281,12277
12282,12278
12283,12279
12284,12280
12285,12281
12286,12282
12287,12283
12288,12284
12289,12285
12290,12286
12291,12287
12292,12288
12293,12289
12294,12290
12295,12291
12296,12292
12297,12293
12298,12294
12299,12295
12300,12296
12301,12297
12302,12298
12303,12299
12304,12300
12305,12301
12306,12302
12307,12303
12308,12304
12309,12305
12310,12306
12311,12307
12312,12308
12313,12309
12314,12310
12315,12311
12316,12312
12317,12313
12318,12314
12319,12315
12320,12316
12321,12317
12322,12318
12323,12319
12324,12320
12325,12321
12326,12322
12327,12323
12328,12324
12329,12325
12330,12326
12331,12327
12332,12328
12333,12329
12334,12330
12335,12331
12336,12332
12337,12333
12338,12334
12339,12335
12340,12336
12341,12337
12342,12338
12343,12339
12344,12340
12345,12341
12346,12342
12347,12343
12348,12344
12349,12345
12350,12346
12351,12347
12352,12348
12353,12349
12354,12350
12355,12351
12356,12352
12357,12353
12358,12354
12359,12355
12360,12356
12361,12357
12362,12358
12363,12359
12364,12360
12365,12361
12366,12362
12367,12363
12368,12364
12369,12365
12370,12366
12371,12367
12372,12368
12373,12369
12374,12370
12375,12371
12376,12372
12377,12373
12378,12374
12379,12375
12380,12376
12381,12377
12382,12378
12383,12379
12384,12380
12385,12381
12386,12382
12387,12383
12388,12384
12389,12385
12390,12386
12391,12387
12392,12388
12393,12389
12394,12390
12395,12391
12396,12392
12397,12393
12398,12394
12399,12395
12400,12396
12401,12397
12402,12398
12403,12399
12404,12400
12405,12401
12406,12402
12407,12403
12408,12404
12409,12405
12410,12406
12411,12407
12412,12408
12413,12409
12414,12410
12415,12411
12416,12412
12417,12413
12418,12414
12419,12415
12420,12416
12421,12417
12422,12418
12423,12419
12424,12420
12425,12421
12426,12422
12427,12423
12428,12424
12429,12425
12430,12426
12431,12427
12432,12428
12433,12429
12434,12430
12435,12431
12436,12432
12437,12433
12438,12434
12439,12435
12440,12436
12441,12437
12442,12438
12443,12439
12444,12440
12445,12441
12446,12442
12447,12443
12448,12444
12449,12445
12450,12446
12451,12447
12452,12448
12453,12449
12454,12450
12455,12451
12456,12452
12457,12453
12458,12454
12459,12455
12460,12456
12461,12457
12462,12458
12463,12459
12464,12460
12465,12461
12466,12462
12467,12463
12468,12464
12469,12465
12470,12466
12471,12467
12472,12468
12473,12469
12474,12470
12475,12471
12476,12472
12477,12473
12478,12474
12479,12475
12480,12476
12481,12477
12482,12478
12483,12479
12484,12480
12485,12481
12486,12482
12487,12483
12488,12484
12489,12485
12490,12486
12491,12487
12492,12488
12493,12489
12494,12490
12495,12491
12496,12492
12497,12493
12498,12494
12499,12495
12500,12496
12501,12497
12502,12498
12503,12499
12504,12500
12505,12501
12506,12502
12507,12503
12508,12504
12509,12505
12510,12506
12511,12507
12512,12508
12513,12509
12514,12510
12515,12511
12516,12512
12517,12513
12518,12514
12519,12515
12520,12516
12521,12517
12522,12518
12523,12519
12524,12520
12525,12521
12526,12522
12527,12523
12528,12524
12529,12525
12530,12526
12531,12527
12532,12528
12533,12529
12534,12530
12535,12531
12536,12532
12537,12533
12538,12534
12539,12535
12540,12536
12541,12537
12542,12538
12543,12539
12544,12540
12545,12541
12546,12542
12547,12543
12548,12544
12549,12545
12550,12546
12551,12547
12552,12548
12553,12549
12554,12550
12555,12551
12556,12552
12557,12553
12558,12554
12559,12555
12560,12556
12561,12557
12562,12558
12563,12559
12564,12560
12565,12561
12566,12562
12567,12563
12568,12564
12569,12565
12570,12566
12571,12567
12572,12568
12573,12569
12574,12570
12575,12571
12576,12572
12577,12573
12578,12574
12579,12575
12580,12576
12581,12577
12582,12578
12583,12579
12584,12580
12585,12581
12586,12582
12587,12583
12588,12584
12589,12585
12590,12586
12591,12587
12592,12588
12593,12589
12594,12590
12595,12591
12596,12592
12597,12593
12598,12594
12599,12595
12600,12596
12601,12597
12602,12598
12603,12599
12604,12600
12605,12601
12606,12602
12607,12603
12608,12604
12609,12605
12610,12606
12611,12607
12612,12608
12613,12609
12614,12610
12615,12611
12616,12612
12617,12613
12618,12614
12619,12615
12620,12616
12621,12617
12622,12618
12623,12619
12624,12620
12625,12621
12626,12622
12627,12623
12628,12624
12629,12625
12630,12626
12631,12627
12632,12628
12633,12629
12634,12630
12635,12631
12636,12632
12637,12633
12638,12634
12639,12635
12640,12636
12641,12637
12642,12638
12643,12639
12644,12640
12645,12641
12646,12642
12647,12643
12648,12644
12649,12645
12650,12646
12651,12647
12652,12648
12653,12649
12654,12650
12655,12651
12656,12652
12657,12653
12658,12654
12659,12655
12660,12656
12661,12657
12662,12658
12663,12659
12664,12660
12665,12661
12666,12662
12667,12663
12668,12664
12669,12665
12670,12666
12671,12667
12672,12668
12673,12669
12674,12670
12675,12671
12676,12672
12677,12673
12678,12674
12679,12675
12680,12676
12681,12677
12682,12678
12683,12679
12684,12680
12685,12681
12686,12682
12687,12683
12688,12684
12689,12685
12690,12686
12691,12687
12692,12688
12693,12689
12694,12690
12695,12691
12696,12692
12697,12693
12698,12694
12699,12695
12700,12696
12701,12697
12702,12698
12703,12699
12704,12700
12705,12701
12706,12702
12707,12703
12708,12704
12709,12705
12710,12706
12711,12707
12712,12708
12713,12709
12714,12710
12715,12711
12716,12712
12717,12713
12718,12714
12719,12715
12720,12716
12721,12717
12722,12718
12723,12719
12724,12720
12725,12721
12726,12722
12727,12723
12728,12724
12729,12725
12730,12726
12731,12727
12732,12728
12733,12729
12734,12730
12735,12731
12736,12732
12737,12733
12738,12734
12739,12735
12740,12736
12741,12737
12742,12738
12743,12739
12744,12740
12745,12741
12746,12742
12747,12743
12748,12744
12749,12745
12750,12746
12751,12747
12752,12748
12753,12749
12754,12750
12755,12751
12756,12752
12757,12753
12758,12754
12759,12755
12760,12756
12761,12757
12762,12758
12763,12759
12764,12760
12765,12761
12766,12762
12767,12763
12768,12764
12769,12765
12770,12766
12771,12767
12772,12768
12773,12769
12774,12770
12775,12771
12776,12772
12777,12773
12778,12774
12779,12775
12780,12776
12781,12777
12782,12778
12783,12779
12784,12780
12785,12781
12786,12782
12787,12783
12788,12784
12789,12785
12790,12786
12791,12787
12792,12788
12793,12789
12794,12790
12795,12791
12796,12792
12797,12793
12798,12794
12799,12795
12800,12796
12801,12797
12802,12798
12803,12799
12804,12800
12805,12801
12806,12802
12807,12803
12808,12804
12809,12805
12810,12806
12811,12807
12812,12808
12813,12809
12814,12810
12815,12811
12816,12812
12817,12813
12818,12814
12819,12815
12820,12816
12821,12817
12822,12818
12823,12819
12824,12820
12825,12821
12826,12822
12827,12823
12828,12824
12829,12825
12830,12826
12831,12827
12832,12828
12833,12829
12834,12830
12835,12831
12836,12832
12837,12833
12838,12834
12839,12835
12840,12836
12841,12837
12842,12838
12843,12839
12844,12840
12845,12841
12846,12842
12847,12843
12848,12844
12849,12845
12850,12846
12851,12847
12852,12848
12853,12849
12854,12850
12855,12851
12856,12852
12857,12853
12858,12854
12859,12855
12860,12856
12861,12857
12862,12858
12863,12859
12864,12860
12865,12861
12866,12862
12867,12863
12868,12864
12869,12865
12870,12866
12871,12867
12872,12868
12873,12869
12874,12870
12875,12871
12876,12872
12877,12873
12878,12874
12879,12875
12880,12876
12881,12877
12882,12878
12883,12879
12884,12880
12885,12881
12886,12882
12887,12883
12888,12884
12889,12885
12890,12886
12891,12887
12892,12888
12893,12889
12894,12890
12895,12891
12896,12892
12897,12893
12898,12894
12899,12895
12900,12896
12901,12897
12902,12898
12903,12899
12904,12900
12905,12901
12906,12902
12907,12903
12908,12904
12909,12905
12910,12906
12911,12907
12912,12908
12913,12909
12914,12910
12915,12911
12916,12912
12917,12913
12918,12914
12919,12915
12920,12916
12921,12917
12922,12918
12923,12919
12924,12920
12925,12921
12926,12922
12927,12923
12928,12924
12929,12925
12930,12926
12931,12927
12932,12928
12933,12929
12934,12930
12935,12931
12936,12932
12937,12933
12938,12934
12939,12935
12940,12936
12941,12937
12942,12938
12943,12939
12944,12940
12945,12941
12946,12942
12947,12943
12948,12944
12949,12945
12950,12946
12951,12947
12952,12948
12953,12949
12954,12950
12955,12951
12956,12952
12957,12953
12958,12954
12959,12955
12960,12956
12961,12957
12962,12958
12963,12959
12964,12960
12965,12961
12966,12962
12967,12963
12968,12964
12969,12965
12970,12966
12971,12967
12972,12968
12973,12969
12974,12970
12975,12971
12976,12972
12977,12973
12978,12974
12979,12975
12980,12976
12981,12977
12982,12978
12983,12979
12984,12980
12985,12981
12986,12982
12987,12983
12988,12984
12989,12985
12990,12986
12991,12987
12992,12988
12993,12989
12994,12990
12995,12991
12996,12992
12997,12993
12998,12994
12999,12995
13000,12996
13001,12997
13002,12998
13003,12999
13004,13000
13005,13001
13006,13002
13007,13003
13008,13004
13009,13005
13010,13006
13011,13007
13012,13008
13013,13009
13014,13010
13015,13011
13016,13012
13017,13013
13018,13014
13019,13015
13020,13016
13021,13017
13022,13018
13023,13019
13024,13020
13025,13021
13026,13022
13027,13023
13028,13024
13029,13025
13030,13026
13031,13027
13032,13028
13033,13029
13034,13030
13035,13031
13036,13032
13037,13033
13038,13034
13039,13035
13040,13036
13041,13037
13042,13038
13043,13039
13044,13040
13045,13041
13046,13042
13047,13043
13048,13044
13049,13045
13050,13046
13051,13047
13052,13048
13053,13049
13054,13050
13055,13051
13056,13052
13057,13053
13058,13054
13059,13055
13060,13056
13061,13057
13062,13058
13063,13059
13064,13060
13065,13061
13066,13062
13067,13063
13068,13064
13069,13065
13070,13066
13071,13067
13072,13068
13073,13069
13074,13070
13075,13071
13076,13072
13077,13073
13078,13074
13079,13075
13080,13076
13081,13077
13082,13078
13083,13079
13084,13080
13085,13081
13086,13082
13087,13083
13088,13084
13089,13085
13090,13086
13091,13087
13092,13088
13093,13089
13094,13090
13095,13091
13096,13092
13097,13093
13098,13094
13099,13095
13100,13096
13101,13097
13102,13098
13103,13099
13104,13100
13105,13101
13106,13102
13107,13103
13108,13104
13109,13105
13110,13106
13111,13107
13112,13108
13113,13109
13114,13110
13115,13111
13116,13112
13117,13113
13118,13114
13119,13115
13120,13116
13121,13117
13122,13118
13123,13119
13124,13120
13125,13121
13126,13122
13127,13123
13128,13124
13129,13125
13130,13126
13131,13127
13132,13128
13133,13129
13134,13130
13135,13131
13136,13132
13137,13133
13138,13134
13139,13135
13140,13136
13141,13137
13142,13138
13143,13139
13144,13140
13145,13141
13146,13142
13147,13143
13148,13144
13149,13145
13150,13146
13151,13147
13152,13148
13153,13149
13154,13150
13155,13151
13156,13152
13157,13153
13158,13154
13159,13155
13160,13156
13161,13157
13162,13158
13163,13159
13164,13160
13165,13161
13166,13162
13167,13163
13168,13164
13169,13165
13170,13166
13171,13167
13172,13168
13173,13169
13174,13170
13175,13171
13176,13172
13177,13173
13178,13174
13179,13175
13180,13176
13181,13177
13182,13178
13183,13179
13184,13180
13185,13181
13186,13182
13187,13183
13188,13184
13189,13185
13190,13186
13191,13187
13192,13188
13193,13189
13194,13190
13195,13191
13196,13192
13197,13193
13198,13194
13199,13195
13200,13196
13201,13197
13202,13198
13203,13199
13204,13200
13205,13201
13206,13202
13207,13203
13208,13204
13209,13205
13210,13206
13211,13207
13212,13208
13213,13209
13214,13210
13215,13211
13216,13212
13217,13213
13218,13214
13219,13215
13220,13216
13221,13217
13222,13218
13223,13219
13224,13220
13225,13221
13226,13222
13227,13223
13228,13224
13229,13225
13230,13226
13231,13227
13232,13228
13233,13229
13234,13230
13235,13231
13236,13232
13237,13233
13238,13234
13239,13235
13240,13236
13241,13237
13242,13238
13243,13239
13244,13240
13245,13241
13246,13242
13247,13243
13248,13244
13249,13245
13250,13246
13251,13247
13252,13248
13253,13249
13254,13250
13255,13251
13256,13252
13257,13253
13258,13254
13259,13255
13260,13256
13261,13257
13262,13258
13263,13259
13264,13260
13265,13261
13266,13262
13267,13263
13268,13264
13269,13265
13270,13266
13271,13267
13272,13268
13273,13269
13274,13270
13275,13271
13276,13272
13277,13273
13278,13274
13279,13275
13280,13276
13281,13277
13282,13278
13283,13279
13284,13280
13285,13281
13286,13282
13287,13283
13288,13284
13289,13285
13290,13286
13291,13287
13292,13288
13293,13289
13294,13290
13295,13291
13296,13292
13297,13293
13298,13294
13299,13295
13300,13296
13301,13297
13302,13298
13303,13299
13304,13300
13305,13301
13306,13302
13307,13303
13308,13304
13309,13305
13310,13306
13311,13307
13312,13308
13313,13309
13314,13310
13315,13311
13316,13312
13317,13313
13318,13314
13319,13315
13320,13316
13321,13317
13322,13318
13323,13319
13324,13320
13325,13321
13326,13322
13327,13323
13328,13324
13329,13325
13330,13326
13331,13327
13332,13328
13333,13329
13334,13330
13335,13331
13336,13332
13337,13333
13338,13334
13339,13335
13340,13336
13341,13337
13342,13338
13343,13339
13344,13340
13345,13341
13346,13342
13347,13343
13348,13344
13349,13345
13350,13346
13351,13347
13352,13348
13353,13349
13354,13350
13355,13351
13356,13352
13357,13353
13358,13354
13359,13355
13360,13356
13361,13357
13362,13358
13363,13359
13364,13360
13365,13361
13366,13362
13367,13363
13368,13364
13369,13365
13370,13366
13371,13367
13372,13368
13373,13369
13374,13370
13375,13371
13376,13372
13377,13373
13378,13374
13379,13375
13380,13376
13381,13377
13382,13378
13383,13379
13384,13380
13385,13381
13386,13382
13387,13383
13388,13384
13389,13385
13390,13386
13391,13387
13392,13388
13393,13389
13394,13390
13395,13391
13396,13392
13397,13393
13398,13394
13399,13395
13400,13396
13401,13397
13402,13398
13403,13399
13404,13400
13405,13401
13406,13402
13407,13403
13408,13404
13409,13405
13410,13406
13411,13407
13412,13408
13413,13409
13414,13410
13415,13411
13416,13412
13417,13413
13418,13414
13419,13415
13420,13416
13421,13417
13422,13418
13423,13419
13424,13420
13425,13421
13426,13422
13427,13423
13428,13424
13429,13425
13430,13426
13431,13427
13432,13428
13433,13429
13434,13430
13435,13431
13436,13432
13437,13433
13438,13434
13439,13435
13440,13436
13441,13437
13442,13438
13443,13439
13444,13440
13445,13441
13446,13442
13447,13443
13448,13444
13449,13445
13450,13446
13451,13447
13452,13448
13453,13449
13454,13450
13455,13451
13456,13452
13457,13453
13458,13454
13459,13455
13460,13456
13461,13457
13462,13458
13463,13459
13464,13460
13465,13461
13466,13462
13467,13463
13468,13464
13469,13465
13470,13466
13471,13467
13472,13468
13473,13469
13474,13470
13475,13471
13476,13472
13477,13473
13478,13474
13479,13475
13480,13476
13481,13477
13482,13478
13483,13479
13484,13480
13485,13481
13486,13482
13487,13483
13488,13484
13489,13485
13490,13486
13491,13487
13492,13488
13493,13489
13494,13490
13495,13491
13496,13492
13497,13493
13498,13494
13499,13495
13500,13496
13501,13497
13502,13498
13503,13499
13504,13500
13505,13501
13506,13502
13507,13503
13508,13504
13509,13505
13510,13506
13511,13507
13512,13508
13513,13509
13514,13510
13515,13511
13516,13512
13517,13513
13518,13514
13519,13515
13520,13516
13521,13517
13522,13518
13523,13519
13524,13520
13525,13521
13526,13522
13527,13523
13528,13524
13529,13525
13530,13526
13531,13527
13532,13528
13533,13529
13534,13530
13535,13531
13536,13532
13537,13533
13538,13534
13539,13535
13540,13536
13541,13537
13542,13538
13543,13539
13544,13540
13545,13541
13546,13542
13547,13543
13548,13544
13549,13545
13550,13546
13551,13547
13552,13548
13553,13549
13554,13550
13555,13551
13556,13552
13557,13553
13558,13554
13559,13555
13560,13556
13561,13557
13562,13558
13563,13559
13564,13560
13565,13561
13566,13562
13567,13563
13568,13564
13569,13565
13570,13566
13571,13567
13572,13568
13573,13569
13574,13570
13575,13571
13576,13572
13577,13573
13578,13574
13579,13575
13580,13576
13581,13577
13582,13578
13583,13579
13584,13580
13585,13581
13586,13582
13587,13583
13588,13584
13589,13585
13590,13586
13591,13587
13592,13588
13593,13589
13594,13590
13595,13591
13596,13592
13597,13593
13598,13594
13599,13595
13600,13596
13601,13597
13602,13598
13603,13599
13604,13600
13605,13601
13606,13602
13607,13603
13608,13604
13609,13605
13610,13606
13611,13607
13612,13608
13613,13609
13614,13610
13615,13611
13616,13612
13617,13613
13618,13614
13619,13615
13620,13616
13621,13617
13622,13618
13623,13619
13624,13620
13625,13621
13626,13622
13627,13623
13628,13624
13629,13625
13630,13626
13631,13627
13632,13628
13633,13629
13634,13630
13635,13631
13636,13632
13637,13633
13638,13634
13639,13635
13640,13636
13641,13637
13642,13638
13643,13639
13644,13640
13645,13641
13646,13642
13647,13643
13648,13644
13649,13645
13650,13646
13651,13647
13652,13648
13653,13649
13654,13650
13655,13651
13656,13652
13657,13653
13658,13654
13659,13655
13660,13656
13661,13657
13662,13658
13663,13659
13664,13660
13665,13661
13666,13662
13667,13663
13668,13664
13669,13665
13670,13666
13671,13667
13672,13668
13673,13669
13674,13670
13675,13671
13676,13672
13677,13673
13678,13674
13679,13675
13680,13676
13681,13677
13682,13678
13683,13679
13684,13680
13685,13681
13686,13682
13687,13683
13688,13684
13689,13685
13690,13686
13691,13687
13692,13688
13693,13689
13694,13690
13695,13691
13696,13692
13697,13693
13698,13694
13699,13695
13700,13696
13701,13697
13702,13698
13703,13699
13704,13700
13705,13701
13706,13702
13707,13703
13708,13704
13709,13705
13710,13706
13711,13707
13712,13708
13713,13709
13714,13710
13715,13711
13716,13712
13717,13713
13718,13714
13719,13715
13720,13716
13721,13717
13722,13718
13723,13719
13724,13720
13725,13721
13726,13722
13727,13723
13728,13724
13729,13725
13730,13726
13731,13727
13732,13728
13733,13729
13734,13730
13735,13731
13736,13732
13737,13733
13738,13734
13739,13735
13740,13736
13741,13737
13742,13738
13743,13739
13744,13740
13745,13741
13746,13742
13747,13743
13748,13744
13749,13745
13750,13746
13751,13747
13752,13748
13753,13749
13754,13750
13755,13751
13756,13752
13757,13753
13758,13754
13759,13755
13760,13756
13761,13757
13762,13758
13763,13759
13764,13760
13765,13761
13766,13762
13767,13763
13768,13764
13769,13765
13770,13766
13771,13767
13772,13768
13773,13769
13774,13770
13775,13771
13776,13772
13777,13773
13778,13774
13779,13775
13780,13776
13781,13777
13782,13778
13783,13779
13784,13780
13785,13781
13786,13782
13787,13783
13788,13784
13789,13785
13790,13786
13791,13787
13792,13788
13793,13789
13794,13790
13795,13791
13796,13792
13797,13793
13798,13794
13799,13795
13800,13796
13801,13797
13802,13798
13803,13799
13804,13800
13805,13801
13806,13802
13807,13803
13808,13804
13809,13805
13810,13806
13811,13807
13812,13808
13813,13809
13814,13810
13815,13811
13816,13812
13817,13813
13818,13814
13819,13815
13820,13816
13821,13817
13822,13818
13823,13819
13824,13820
13825,13821
13826,13822
13827,13823
13828,13824
13829,13825
13830,13826
13831,13827
13832,13828
13833,13829
13834,13830
13835,13831
13836,13832
13837,13833
13838,13834
13839,13835
13840,13836
13841,13837
13842,13838
13843,13839
13844,13840
13845,13841
13846,13842
13847,13843
13848,13844
13849,13845
13850,13846
13851,13847
13852,13848
13853,13849
13854,13850
13855,13851
13856,13852
13857,13853
13858,13854
13859,13855
13860,13856
13861,13857
13862,13858
13863,13859
13864,13860
13865,13861
13866,13862
13867,13863
13868,13864
13869,13865
13870,13866
13871,13867
13872,13868
13873,13869
13874,13870
13875,13871
13876,13872
13877,13873
13878,13874
13879,13875
13880,13876
13881,13877
13882,13878
13883,13879
13884,13880
13885,13881
13886,13882
13887,13883
13888,13884
13889,13885
13890,13886
13891,13887
13892,13888
13893,13889
13894,13890
13895,13891
13896,13892
13897,13893
13898,13894
13899,13895
13900,13896
13901,13897
13902,13898
13903,13899
13904,13900
13905,13901
13906,13902
13907,13903
13908,13904
13909,13905
13910,13906
13911,13907
13912,13908
13913,13909
13914,13910
13915,13911
13916,13912
13917,13913
13918,13914
13919,13915
13920,13916
13921,13917
13922,13918
13923,13919
13924,13920
13925,13921
13926,13922
13927,13923
13928,13924
13929,13925
13930,13926
13931,13927
13932,13928
13933,13929
13934,13930
13935,13931
13936,13932
13937,13933
13938,13934
13939,13935
13940,13936
13941,13937
13942,13938
13943,13939
13944,13940
13945,13941
13946,13942
13947,13943
13948,13944
13949,13945
13950,13946
13951,13947
13952,13948
13953,13949
13954,13950
13955,13951
13956,13952
13957,13953
13958,13954
13959,13955
13960,13956
13961,13957
13962,13958
13963,13959
13964,13960
13965,13961
13966,13962
13967,13963
13968,13964
13969,13965
13970,13966
13971,13967
13972,13968
13973,13969
13974,13970
13975,13971
13976,13972
13977,13973
13978,13974
13979,13975
13980,13976
13981,13977
13982,13978
13983,13979
13984,13980
13985,13981
13986,13982
13987,13983
13988,13984
13989,13985
13990,13986
13991,13987
13992,13988
13993,13989
13994,13990
13995,13991
13996,13992
13997,13993
13998,13994
13999,13995
14000,13996
14001,13997
14002,13998
14003,13999
14004,14000
14005,14001
14006,14002
14007,14003
14008,14004
14009,14005
14010,14006
14011,14007
14012,14008
14013,14009
14014,14010
14015,14011
14016,14012
14017,14013
14018,14014
14019,14015
14020,14016
14021,14017
14022,14018
14023,14019
14024,14020
14025,14021
14026,14022
14027,14023
14028,14024
14029,14025
14030,14026
14031,14027
14032,14028
14033,14029
14034,14030
14035,14031
14036,14032
14037,14033
14038,14034
14039,14035
14040,14036
14041,14037
14042,14038
14043,14039
14044,14040
14045,14041
14046,14042
14047,14043
14048,14044
14049,14045
14050,14046
14051,14047
14052,14048
14053,14049
14054,14050
14055,14051
14056,14052
14057,14053
14058,14054
14059,14055
14060,14056
14061,14057
14062,14058
14063,14059
14064,14060
14065,14061
14066,14062
14067,14063
14068,14064
14069,14065
14070,14066
14071,14067
14072,14068
14073,14069
14074,14070
14075,14071
14076,14072
14077,14073
14078,14074
14079,14075
14080,14076
14081,14077
14082,14078
14083,14079
14084,14080
14085,14081
14086,14082
14087,14083
14088,14084
14089,14085
14090,14086
14091,14087
14092,14088
14093,14089
14094,14090
14095,14091
14096,14092
14097,14093
14098,14094
14099,14095
14100,14096
14101,14097
14102,14098
14103,14099
14104,14100
14105,14101
14106,14102
14107,14103
14108,14104
14109,14105
14110,14106
14111,14107
14112,14108
14113,14109
14114,14110
14115,14111
14116,14112
14117,14113
14118,14114
14119,14115
14120,14116
14121,14117
14122,14118
14123,14119
14124,14120
14125,14121
14126,14122
14127,14123
14128,14124
14129,14125
14130,14126
14131,14127
14132,14128
14133,14129
14134,14130
14135,14131
14136,14132
14137,14133
14138,14134
14139,14135
14140,14136
14141,14137
14142,14138
14143,14139
14144,14140
14145,14141
14146,14142
14147,14143
14148,14144
14149,14145
14150,14146
14151,14147
14152,14148
14153,14149
14154,14150
14155,14151
14156,14152
14157,14153
14158,14154
14159,14155
14160,14156
14161,14157
14162,14158
14163,14159
14164,14160
14165,14161
14166,14162
14167,14163
14168,14164
14169,14165
14170,14166
14171,14167
14172,14168
14173,14169
14174,14170
14175,14171
14176,14172
14177,14173
14178,14174
14179,14175
14180,14176
14181,14177
14182,14178
14183,14179
14184,14180
14185,14181
14186,14182
14187,14183
14188,14184
14189,14185
14190,14186
14191,14187
14192,14188
14193,14189
14194,14190
14195,14191
14196,14192
14197,14193
14198,14194
14199,14195
14200,14196
14201,14197
14202,14198
14203,14199
14204,14200
14205,14201
14206,14202
14207,14203
14208,14204
14209,14205
14210,14206
14211,14207
14212,14208
14213,14209
14214,14210
14215,14211
14216,14212
14217,14213
14218,14214
14219,14215
14220,14216
14221,14217
14222,14218
14223,14219
14224,14220
14225,14221
14226,14222
14227,14223
14228,14224
14229,14225
14230,14226
14231,14227
14232,14228
14233,14229
14234,14230
14235,14231
14236,14232
14237,14233
14238,14234
14239,14235
14240,14236
14241,14237
14242,14238
14243,14239
14244,14240
14245,14241
14246,14242
14247,14243
14248,14244
14249,14245
14250,14246
14251,14247
14252,14248
14253,14249
14254,14250
14255,14251
14256,14252
14257,14253
14258,14254
14259,14255
14260,14256
14261,14257
14262,14258
14263,14259
14264,14260
14265,14261
14266,14262
14267,14263
14268,14264
14269,14265
14270,14266
14271,14267
14272,14268
14273,14269
14274,14270
14275,14271
14276,14272
14277,14273
14278,14274
14279,14275
14280,14276
14281,14277
14282,14278
14283,14279
14284,14280
14285,14281
14286,14282
14287,14283
14288,14284
14289,14285
14290,14286
14291,14287
14292,14288
14293,14289
14294,14290
14295,14291
14296,14292
14297,14293
14298,14294
14299,14295
14300,14296
14301,14297
14302,14298
14303,14299
14304,14300
14305,14301
14306,14302
14307,14303
14308,14304
14309,14305
14310,14306
14311,14307
14312,14308
14313,14309
14314,14310
14315,14311
14316,14312
14317,14313
14318,14314
14319,14315
14320,14316
14321,14317
14322,14318
14323,14319
14324,14320
14325,14321
14326,14322
14327,14323
14328,14324
14329,14325
14330,14326
14331,14327
14332,14328
14333,14329
14334,14330
14335,14331
14336,14332
14337,14333
14338,14334
14339,14335
14340,14336
14341,14337
14342,14338
14343,14339
14344,14340
14345,14341
14346,14342
14347,14343
14348,14344
14349,14345
14350,14346
14351,14347
14352,14348
14353,14349
14354,14350
14355,14351
14356,14352
14357,14353
14358,14354
14359,14355
14360,14356
14361,14357
14362,14358
14363,14359
14364,14360
14365,14361
14366,14362
14367,14363
14368,14364
14369,14365
14370,14366
14371,14367
14372,14368
14373,14369
14374,14370
14375,14371
14376,14372
14377,14373
14378,14374
14379,14375
14380,14376
14381,14377
14382,14378
14383,14379
14384,14380
14385,14381
14386,14382
14387,14383
14388,14384
14389,14385
14390,14386
14391,14387
14392,14388
14393,14389
14394,14390
14395,14391
14396,14392
14397,14393
14398,14394
14399,14395
14400,14396
14401,14397
14402,14398
14403,14399
14404,14400
14405,14401
14406,14402
14407,14403
14408,14404
14409,14405
14410,14406
14411,14407
14412,14408
14413,14409
14414,14410
14415,14411
14416,14412
14417,14413
14418,14414
14419,14415
14420,14416
14421,14417
14422,14418
14423,14419
14424,14420
14425,14421
14426,14422
14427,14423
14428,14424
14429,14425
14430,14426
14431,14427
14432,14428
14433,14429
14434,14430
14435,14431
14436,14432
14437,14433
14438,14434
14439,14435
14440,14436
14441,14437
14442,14438
14443,14439
14444,14440
14445,14441
14446,14442
14447,14443
14448,14444
14449,14445
14450,14446
14451,14447
14452,14448
14453,14449
14454,14450
14455,14451
14456,14452
14457,14453
14458,14454
14459,14455
14460,14456
14461,14457
14462,14458
14463,14459
14464,14460
14465,14461
14466,14462
14467,14463
14468,14464
14469,14465
14470,14466
14471,14467
14472,14468
14473,14469
14474,14470
14475,14471
14476,14472
14477,14473
14478,14474
14479,14475
14480,14476
14481,14477
14482,14478
14483,14479
14484,14480
14485,14481
14486,14482
14487,14483
14488,14484
14489,14485
14490,14486
14491,14487
14492,14488
14493,14489
14494,14490
14495,14491
14496,14492
14497,14493
14498,14494
14499,14495
14500,14496
14501,14497
14502,14498
14503,14499
14504,14500
14505,14501
14506,14502
14507,14503
14508,14504
14509,14505
14510,14506
14511,14507
14512,14508
14513,14509
14514,14510
14515,14511
14516,14512
14517,14513
14518,14514
14519,14515
14520,14516
14521,14517
14522,14518
14523,14519
14524,14520
14525,14521
14526,14522
14527,14523
14528,14524
14529,14525
14530,14526
14531,14527
14532,14528
14533,14529
14534,14530
14535,14531
14536,14532
14537,14533
14538,14534
14539,14535
14540,14536
14541,14537
14542,14538
14543,14539
14544,14540
14545,14541
14546,14542
14547,14543
14548,14544
14549,14545
14550,14546
14551,14547
14552,14548
14553,14549
14554,14550
14555,14551
14556,14552
14557,14553
14558,14554
14559,14555
14560,14556
14561,14557
14562,14558
14563,14559
14564,14560
14565,14561
14566,14562
14567,14563
14568,14564
14569,14565
14570,14566
14571,14567
14572,14568
14573,14569
14574,14570
14575,14571
14576,14572
14577,14573
14578,14574
14579,14575
14580,14576
14581,14577
14582,14578
14583,14579
14584,14580
14585,14581
14586,14582
14587,14583
14588,14584
14589,14585
14590,14586
14591,14587
14592,14588
14593,14589
14594,14590
14595,14591
14596,14592
14597,14593
14598,14594
14599,14595
14600,14596
14601,14597
14602,14598
14603,14599
14604,14600
14605,14601
14606,14602
14607,14603
14608,14604
14609,14605
14610,14606
14611,14607
14612,14608
14613,14609
14614,14610
14615,14611
14616,14612
14617,14613
14618,14614
14619,14615
14620,14616
14621,14617
14622,14618
14623,14619
14624,14620
14625,14621
14626,14622
14627,14623
14628,14624
14629,14625
14630,14626
14631,14627
14632,14628
14633,14629
14634,14630
14635,14631
14636,14632
14637,14633
14638,14634
14639,14635
14640,14636
14641,14637
14642,14638
14643,14639
14644,14640
14645,14641
14646,14642
14647,14643
14648,14644
14649,14645
14650,14646
14651,14647
14652,14648
14653,14649
14654,14650
14655,14651
14656,14652
14657,14653
14658,14654
14659,14655
14660,14656
14661,14657
14662,14658
14663,14659
14664,14660
14665,14661
14666,14662
14667,14663
14668,14664
14669,14665
14670,14666
14671,14667
14672,14668
14673,14669
14674,14670
14675,14671
14676,14672
14677,14673
14678,14674
14679,14675
14680,14676
14681,14677
14682,14678
14683,14679
14684,14680
14685,14681
14686,14682
14687,14683
14688,14684
14689,14685
14690,14686
14691,14687
14692,14688
14693,14689
14694,14690
14695,14691
14696,14692
14697,14693
14698,14694
14699,14695
14700,14696
14701,14697
14702,14698
14703,14699
14704,14700
14705,14701
14706,14702
14707,14703
14708,14704
14709,14705
14710,14706
14711,14707
14712,14708
14713,14709
14714,14710
14715,14711
14716,14712
14717,14713
14718,14714
14719,14715
14720,14716
14721,14717
14722,14718
14723,14719
14724,14720
14725,14721
14726,14722
14727,14723
14728,14724
14729,14725
14730,14726
14731,14727
14732,14728
14733,14729
14734,14730
14735,14731
14736,14732
14737,14733
14738,14734
14739,14735
14740,14736
14741,14737
14742,14738
14743,14739
14744,14740
14745,14741
14746,14742
14747,14743
14748,14744
14749,14745
14750,14746
14751,14747
14752,14748
14753,14749
14754,14750
14755,14751
14756,14752
14757,14753
14758,14754
14759,14755
14760,14756
14761,14757
14762,14758
14763,14759
14764,14760
14765,14761
14766,14762
14767,14763
14768,14764
14769,14765
14770,14766
14771,14767
14772,14768
14773,14769
14774,14770
14775,14771
14776,14772
14777,14773
14778,14774
14779,14775
14780,14776
14781,14777
14782,14778
14783,14779
14784,14780
14785,14781
14786,14782
14787,14783
14788,14784
14789,14785
14790,14786
14791,14787
14792,14788
14793,14789
14794,14790
14795,14791
14796,14792
14797,14793
14798,14794
14799,14795
14800,14796
14801,14797
14802,14798
14803,14799
14804,14800
14805,14801
14806,14802
14807,14803
14808,14804
14809,14805
14810,14806
14811,14807
14812,14808
14813,14809
14814,14810
14815,14811
14816,14812
14817,14813
14818,14814
14819,14815
14820,14816
14821,14817
14822,14818
14823,14819
14824,14820
14825,14821
14826,14822
14827,14823
14828,14824
14829,14825
14830,14826
14831,14827
14832,14828
14833,14829
14834,14830
14835,14831
14836,14832
14837,14833
14838,14834
14839,14835
14840,14836
14841,14837
14842,14838
14843,14839
14844,14840
14845,14841
14846,14842
14847,14843
14848,14844
14849,14845
14850,14846
14851,14847
14852,14848
14853,14849
14854,14850
14855,14851
14856,14852
14857,14853
14858,14854
14859,14855
14860,14856
14861,14857
14862,14858
14863,14859
14864,14860
14865,14861
14866,14862
14867,14863
14868,14864
14869,14865
14870,14866
14871,14867
14872,14868
14873,14869
14874,14870
14875,14871
14876,14872
14877,14873
14878,14874
14879,14875
14880,14876
14881,14877
14882,14878
14883,14879
14884,14880
14885,14881
14886,14882
14887,14883
14888,14884
14889,14885
14890,14886
14891,14887
14892,14888
14893,14889
14894,14890
14895,14891
14896,14892
14897,14893
14898,14894
14899,14895
14900,14896
14901,14897
14902,14898
14903,14899
14904,14900
14905,14901
14906,14902
14907,14903
14908,14904
14909,14905
14910,14906
14911,14907
14912,14908
14913,14909
14914,14910
14915,14911
14916,14912
14917,14913
14918,14914
14919,14915
14920,14916
14921,14917
14922,14918
14923,14919
14924,14920
14925,14921
14926,14922
14927,14923
14928,14924
14929,14925
14930,14926
14931,14927
14932,14928
14933,14929
14934,14930
14935,14931
14936,14932
14937,14933
14938,14934
14939,14935
14940,14936
14941,14937
14942,14938
14943,14939
14944,14940
14945,14941
14946,14942
14947,14943
14948,14944
14949,14945
14950,14946
14951,14947
14952,14948
14953,14949
14954,14950
14955,14951
14956,14952
14957,14953
14958,14954
14959,14955
14960,14956
14961,14957
14962,14958
14963,14959
14964,14960
14965,14961
14966,14962
14967,14963
14968,14964
14969,14965
14970,14966
14971,14967
14972,14968
14973,14969
14974,14970
14975,14971
14976,14972
14977,14973
14978,14974
14979,14975
14980,14976
14981,14977
14982,14978
14983,14979
14984,14980
14985,14981
14986,14982
14987,14983
14988,14984
14989,14985
14990,14986
14991,14987
14992,14988
14993,14989
14994,14990
14995,14991
14996,14992
14997,14993
14998,14994
14999,14995
15000,14996
15001,14997
15002,14998
15003,14999
15004,15000
15005,15001
15006,15002
15007,15003
15008,15004
15009,15005
15010,15006
15011,15007
15012,15008
15013,15009
15014,15010
15015,15011
15016,15012
15017,15013
15018,15014
15019,15015
15020,15016
15021,15017
15022,15018
15023,15019
15024,15020
15025,15021
15026,15022
15027,15023
15028,15024
15029,15025
15030,15026
15031,15027
15032,15028
15033,15029
15034,15030
15035,15031
15036,15032
15037,15033
15038,15034
15039,15035
15040,15036
15041,15037
15042,15038
15043,15039
15044,15040
15045,15041
15046,15042
15047,15043
15048,15044
15049,15045
15050,15046
15051,15047
15052,15048
15053,15049
15054,15050
15055,15051
15056,15052
15057,15053
15058,15054
15059,15055
15060,15056
15061,15057
15062,15058
15063,15059
15064,15060
15065,15061
15066,15062
15067,15063
15068,15064
15069,15065
15070,15066
15071,15067
15072,15068
15073,15069
15074,15070
15075,15071
15076,15072
15077,15073
15078,15074
15079,15075
15080,15076
15081,15077
15082,15078
15083,15079
15084,15080
15085,15081
15086,15082
15087,15083
15088,15084
15089,15085
15090,15086
15091,15087
15092,15088
15093,15089
15094,15090
15095,15091
15096,15092
15097,15093
15098,15094
15099,15095
15100,15096
15101,15097
15102,15098
15103,15099
15104,15100
15105,15101
15106,15102
15107,15103
15108,15104
15109,15105
15110,15106
15111,15107
15112,15108
15113,15109
15114,15110
15115,15111
15116,15112
15117,15113
15118,15114
15119,15115
15120,15116
15121,15117
15122,15118
15123,15119
15124,15120
15125,15121
15126,15122
15127,15123
15128,15124
15129,15125
15130,15126
15131,15127
15132,15128
15133,15129
15134,15130
15135,15131
15136,15132
15137,15133
15138,15134
15139,15135
15140,15136
15141,15137
15142,15138
15143,15139
15144,15140
15145,15141
15146,15142
15147,15143
15148,15144
15149,15145
15150,15146
15151,15147
15152,15148
15153,15149
15154,15150
15155,15151
15156,15152
15157,15153
15158,15154
15159,15155
15160,15156
15161,15157
15162,15158
15163,15159
15164,15160
15165,15161
15166,15162
15167,15163
15168,15164
15169,15165
15170,15166
15171,15167
15172,15168
15173,15169
15174,15170
15175,15171
15176,15172
15177,15173
15178,15174
15179,15175
15180,15176
15181,15177
15182,15178
15183,15179
15184,15180
15185,15181
15186,15182
15187,15183
15188,15184
15189,15185
15190,15186
15191,15187
15192,15188
15193,15189
15194,15190
15195,15191
15196,15192
15197,15193
15198,15194
15199,15195
15200,15196
15201,15197
15202,15198
15203,15199
15204,15200
15205,15201
15206,15202
15207,15203
15208,15204
15209,15205
15210,15206
15211,15207
15212,15208
15213,15209
15214,15210
15215,15211
15216,15212
15217,15213
15218,15214
15219,15215
15220,15216
15221,15217
15222,15218
15223,15219
15224,15220
15225,15221
15226,15222
15227,15223
15228,15224
15229,15225
15230,15226
15231,15227
15232,15228
15233,15229
15234,15230
15235,15231
15236,15232
15237,15233
15238,15234
15239,15235
15240,15236
15241,15237
15242,15238
15243,15239
15244,15240
15245,15241
15246,15242
15247,15243
15248,15244
15249,15245
15250,15246
15251,15247
15252,15248
15253,15249
15254,15250
15255,15251
15256,15252
15257,15253
15258,15254
15259,15255
15260,15256
15261,15257
15262,15258
15263,15259
15264,15260
15265,15261
15266,15262
15267,15263
15268,15264
15269,15265
15270,15266
15271,15267
15272,15268
15273,15269
15274,15270
15275,15271
15276,15272
15277,15273
15278,15274
15279,15275
15280,15276
15281,15277
15282,15278
15283,15279
15284,15280
15285,15281
15286,15282
15287,15283
15288,15284
15289,15285
15290,15286
15291,15287
15292,15288
15293,15289
15294,15290
15295,15291
15296,15292
15297,15293
15298,15294
15299,15295
15300,15296
15301,15297
15302,15298
15303,15299
15304,15300
15305,15301
15306,15302
15307,15303
15308,15304
15309,15305
15310,15306
15311,15307
15312,15308
15313,15309
15314,15310
15315,15311
15316,15312
15317,15313
15318,15314
15319,15315
15320,15316
15321,15317
15322,15318
15323,15319
15324,15320
15325,15321
15326,15322
15327,15323
15328,15324
15329,15325
15330,15326
15331,15327
15332,15328
15333,15329
15334,15330
15335,15331
15336,15332
15337,15333
15338,15334
15339,15335
15340,15336
15341,15337
15342,15338
15343,15339
15344,15340
15345,15341
15346,15342
15347,15343
15348,15344
15349,15345
15350,15346
15351,15347
15352,15348
15353,15349
15354,15350
15355,15351
15356,15352
15357,15353
15358,15354
15359,15355
15360,15356
15361,15357
15362,15358
15363,15359
15364,15360
15365,15361
15366,15362
15367,15363
15368,15364
15369,15365
15370,15366
15371,15367
15372,15368
15373,15369
15374,15370
15375,15371
15376,15372
15377,15373
15378,15374
15379,15375
15380,15376
15381,15377
15382,15378
15383,15379
15384,15380
15385,15381
15386,15382
15387,15383
15388,15384
15389,15385
15390,15386
15391,15387
15392,15388
15393,15389
15394,15390
15395,15391
15396,15392
15397,15393
15398,15394
15399,15395
15400,15396
15401,15397
15402,15398
15403,15399
15404,15400
15405,15401
15406,15402
15407,15403
15408,15404
15409,15405
15410,15406
15411,15407
15412,15408
15413,15409
15414,15410
15415,15411
15416,15412
15417,15413
15418,15414
15419,15415
15420,15416
15421,15417
15422,15418
15423,15419
15424,15420
15425,15421
15426,15422
15427,15423
15428,15424
15429,15425
15430,15426
15431,15427
15432,15428
15433,15429
15434,15430
15435,15431
15436,15432
15437,15433
15438,15434
15439,15435
15440,15436
15441,15437
15442,15438
15443,15439
15444,15440
15445,15441
15446,15442
15447,15443
15448,15444
15449,15445
15450,15446
15451,15447
15452,15448
15453,15449
15454,15450
15455,15451
15456,15452
15457,15453
15458,15454
15459,15455
15460,15456
15461,15457
15462,15458
15463,15459
15464,15460
15465,15461
15466,15462
15467,15463
15468,15464
15469,15465
15470,15466
15471,15467
15472,15468
15473,15469
15474,15470
15475,15471
15476,15472
15477,15473
15478,15474
15479,15475
15480,15476
15481,15477
15482,15478
15483,15479
15484,15480
15485,15481
15486,15482
15487,15483
15488,15484
15489,15485
15490,15486
15491,15487
15492,15488
15493,15489
15494,15490
15495,15491
15496,15492
15497,15493
15498,15494
15499,15495
15500,15496
15501,15497
15502,15498
15503,15499
15504,15500
15505,15501
15506,15502
15507,15503
15508,15504
15509,15505
15510,15506
15511,15507
15512,15508
15513,15509
15514,15510
15515,15511
15516,15512
15517,15513
15518,15514
15519,15515
15520,15516
15521,15517
15522,15518
15523,15519
15524,15520
15525,15521
15526,15522
15527,15523
15528,15524
15529,15525
15530,15526
15531,15527
15532,15528
15533,15529
15534,15530
15535,15531
15536,15532
15537,15533
15538,15534
15539,15535
15540,15536
15541,15537
15542,15538
15543,15539
15544,15540
15545,15541
15546,15542
15547,15543
15548,15544
15549,15545
15550,15546
15551,15547
15552,15548
15553,15549
15554,15550
15555,15551
15556,15552
15557,15553
15558,15554
15559,15555
15560,15556
15561,15557
15562,15558
15563,15559
15564,15560
15565,15561
15566,15562
15567,15563
15568,15564
15569,15565
15570,15566
15571,15567
15572,15568
15573,15569
15574,15570
15575,15571
15576,15572
15577,15573
15578,15574
15579,15575
15580,15576
15581,15577
15582,15578
15583,15579
15584,15580
15585,15581
15586,15582
15587,15583
15588,15584
15589,15585
15590,15586
15591,15587
15592,15588
15593,15589
15594,15590
15595,15591
15596,15592
15597,15593
15598,15594
15599,15595
15600,15596
15601,15597
15602,15598
15603,15599
15604,15600
15605,15601
15606,15602
15607,15603
15608,15604
15609,15605
15610,15606
15611,15607
15612,15608
15613,15609
15614,15610
15615,15611
15616,15612
15617,15613
15618,15614
15619,15615
15620,15616
15621,15617
15622,15618
15623,15619
15624,15620
15625,15621
15626,15622
15627,15623
15628,15624
15629,15625
15630,15626
15631,15627
15632,15628
15633,15629
15634,15630
15635,15631
15636,15632
15637,15633
15638,15634
15639,15635
15640,15636
15641,15637
15642,15638
15643,15639
15644,15640
15645,15641
15646,15642
15647,15643
15648,15644
15649,15645
15650,15646
15651,15647
15652,15648
15653,15649
15654,15650
15655,15651
15656,15652
15657,15653
15658,15654
15659,15655
15660,15656
15661,15657
15662,15658
15663,15659
15664,15660
15665,15661
15666,15662
15667,15663
15668,15664
15669,15665
15670,15666
15671,15667
15672,15668
15673,15669
15674,15670
15675,15671
15676,15672
15677,15673
15678,15674
15679,15675
15680,15676
15681,15677
15682,15678
15683,15679
15684,15680
15685,15681
15686,15682
15687,15683
15688,15684
15689,15685
15690,15686
15691,15687
15692,15688
15693,15689
15694,15690
15695,15691
15696,15692
15697,15693
15698,15694
15699,15695
15700,15696
15701,15697
15702,15698
15703,15699
15704,15700
15705,15701
15706,15702
15707,15703
15708,15704
15709,15705
15710,15706
15711,15707
15712,15708
15713,15709
15714,15710
15715,15711
15716,15712
15717,15713
15718,15714
15719,15715
15720,15716
15721,15717
15722,15718
15723,15719
15724,15720
15725,15721
15726,15722
15727,15723
15728,15724
15729,15725
15730,15726
15731,15727
15732,15728
15733,15729
15734,15730
15735,15731
15736,15732
15737,15733
15738,15734
15739,15735
15740,15736
15741,15737
15742,15738
15743,15739
15744,15740
15745,15741
15746,15742
15747,15743
15748,15744
15749,15745
15750,15746
15751,15747
15752,15748
15753,15749
15754,15750
15755,15751
15756,15752
15757,15753
15758,15754
15759,15755
15760,15756
15761,15757
15762,15758
15763,15759
15764,15760
15765,15761
15766,15762
15767,15763
15768,15764
15769,15765
15770,15766
15771,15767
15772,15768
15773,15769
15774,15770
15775,15771
15776,15772
15777,15773
15778,15774
15779,15775
15780,15776
15781,15777
15782,15778
15783,15779
15784,15780
15785,15781
15786,15782
15787,15783
15788,15784
15789,15785
15790,15786
15791,15787
15792,15788
15793,15789
15794,15790
15795,15791
15796,15792
15797,15793
15798,15794
15799,15795
15800,15796
15801,15797
15802,15798
15803,15799
15804,15800
15805,15801
15806,15802
15807,15803
15808,15804
15809,15805
15810,15806
15811,15807
15812,15808
15813,15809
15814,15810
15815,15811
15816,15812
15817,15813
15818,15814
15819,15815
15820,15816
15821,15817
15822,15818
15823,15819
15824,15820
15825,15821
15826,15822
15827,15823
15828,15824
15829,15825
15830,15826
15831,15827
15832,15828
15833,15829
15834,15830
15835,15831
15836,15832
15837,15833
15838,15834
15839,15835
15840,15836
15841,15837
15842,15838
15843,15839
15844,15840
15845,15841
15846,15842
15847,15843
15848,15844
15849,15845
15850,15846
15851,15847
15852,15848
15853,15849
15854,15850
15855,15851
15856,15852
15857,15853
15858,15854
15859,15855
15860,15856
15861,15857
15862,15858
15863,15859
15864,15860
15865,15861
15866,15862
15867,15863
15868,15864
15869,15865
15870,15866
15871,15867
15872,15868
15873,15869
15874,15870
15875,15871
15876,15872
15877,15873
15878,15874
15879,15875
15880,15876
15881,15877
15882,15878
15883,15879
15884,15880
15885,15881
15886,15882
15887,15883
15888,15884
15889,15885
15890,15886
15891,15887
15892,15888
15893,15889
15894,15890
15895,15891
15896,15892
15897,15893
15898,15894
15899,15895
15900,15896
15901,15897
15902,15898
15903,15899
15904,15900
15905,15901
15906,15902
15907,15903
15908,15904
15909,15905
15910,15906
15911,15907
15912,15908
15913,15909
15914,15910
15915,15911
15916,15912
15917,15913
15918,15914
15919,15915
15920,15916
15921,15917
15922,15918
15923,15919
15924,15920
15925,15921
15926,15922
15927,15923
15928,15924
15929,15925
15930,15926
15931,15927
15932,15928
15933,15929
15934,15930
15935,15931
15936,15932
15937,15933
15938,15934
15939,15935
15940,15936
15941,15937
15942,15938
15943,15939
15944,15940
15945,15941
15946,15942
15947,15943
15948,15944
15949,15945
15950,15946
15951,15947
15952,15948
15953,15949
15954,15950
15955,15951
15956,15952
15957,15953
15958,15954
15959,15955
15960,15956
15961,15957
15962,15958
15963,15959
15964,15960
15965,15961
15966,15962
15967,15963
15968,15964
15969,15965
15970,15966
15971,15967
15972,15968
15973,15969
15974,15970
15975,15971
15976,15972
15977,15973
15978,15974
15979,15975
15980,15976
15981,15977
15982,15978
15983,15979
15984,15980
15985,15981
15986,15982
15987,15983
15988,15984
15989,15985
15990,15986
15991,15987
15992,15988
15993,15989
15994,15990
15995,15991
15996,15992
15997,15993
15998,15994
15999,15995
16000,15996
16001,15997
16002,15998
16003,15999
16004,16000
16005,16001
16006,16002
16007,16003
16008,16004
16009,16005
16010,16006
16011,16007
16012,16008
16013,16009
16014,16010
16015,16011
16016,16012
16017,16013
16018,16014
16019,16015
16020,16016
16021,16017
16022,16018
16023,16019
16024,16020
16025,16021
16026,16022
16027,16023
16028,16024
16029,16025
16030,16026
16031,16027
16032,16028
16033,16029
16034,16030
16035,16031
16036,16032
16037,16033
16038,16034
16039,16035
16040,16036
16041,16037
16042,16038
16043,16039
16044,16040
16045,16041
16046,16042
16047,16043
16048,16044
16049,16045
16050,16046
16051,16047
16052,16048
16053,16049
16054,16050
16055,16051
16056,16052
16057,16053
16058,16054
16059,16055
16060,16056
16061,16057
16062,16058
16063,16059
16064,16060
16065,16061
16066,16062
16067,16063
16068,16064
16069,16065
16070,16066
16071,16067
16072,16068
16073,16069
16074,16070
16075,16071
16076,16072
16077,16073
16078,16074
16079,16075
16080,16076
16081,16077
16082,16078
16083,16079
16084,16080
16085,16081
16086,16082
16087,16083
16088,16084
16089,16085
16090,16086
16091,16087
16092,16088
16093,16089
16094,16090
16095,16091
16096,16092
16097,16093
16098,16094
16099,16095
16100,16096
16101,16097
16102,16098
16103,16099
16104,16100
16105,16101
16106,16102
16107,16103
16108,16104
16109,16105
16110,16106
16111,16107
16112,16108
16113,16109
16114,16110
16115,16111
16116,16112
16117,16113
16118,16114
16119,16115
16120,16116
16121,16117
16122,16118
16123,16119
16124,16120
16125,16121
16126,16122
16127,16123
16128,16124
16129,16125
16130,16126
16131,16127
16132,16128
16133,16129
16134,16130
16135,16131
16136,16132
16137,16133
16138,16134
16139,16135
16140,16136
16141,16137
16142,16138
16143,16139
16144,16140
16145,16141
16146,16142
16147,16143
16148,16144
16149,16145
16150,16146
16151,16147
16152,16148
16153,16149
16154,16150
16155,16151
16156,16152
16157,16153
16158,16154
16159,16155
16160,16156
16161,16157
16162,16158
16163,16159
16164,16160
16165,16161
16166,16162
16167,16163
16168,16164
16169,16165
16170,16166
16171,16167
16172,16168
16173,16169
16174,16170
16175,16171
16176,16172
16177,16173
16178,16174
16179,16175
16180,16176
16181,16177
16182,16178
16183,16179
16184,16180
16185,16181
16186,16182
16187,16183
16188,16184
16189,16185
16190,16186
16191,16187
16192,16188
16193,16189
16194,16190
16195,16191
16196,16192
16197,16193
16198,16194
16199,16195
16200,16196
16201,16197
16202,16198
16203,16199
16204,16200
16205,16201
16206,16202
16207,16203
16208,16204
16209,16205
16210,16206
16211,16207
16212,16208
16213,16209
16214,16210
16215,16211
16216,16212
16217,16213
16218,16214
16219,16215
16220,16216
16221,16217
16222,16218
16223,16219
16224,16220
16225,16221
16226,16222
16227,16223
16228,16224
16229,16225
16230,16226
16231,16227
16232,16228
16233,16229
16234,16230
16235,16231
16236,16232
16237,16233
16238,16234
16239,16235
16240,16236
16241,16237
16242,16238
16243,16239
16244,16240
16245,16241
16246,16242
16247,16243
16248,16244
16249,16245
16250,16246
16251,16247
16252,16248
16253,16249
16254,16250
16255,16251
16256,16252
16257,16253
16258,16254
16259,16255
16260,16256
16261,16257
16262,16258
16263,16259
16264,16260
16265,16261
16266,16262
16267,16263
16268,16264
16269,16265
16270,16266
16271,16267
16272,16268
16273,16269
16274,16270
16275,16271
16276,16272
16277,16273
16278,16274
16279,16275
16280,16276
16281,16277
16282,16278
16283,16279
16284,16280
16285,16281
16286,16282
16287,16283
16288,16284
16289,16285
16290,16286
16291,16287
16292,16288
16293,16289
16294,16290
16295,16291
16296,16292
16297,16293
16298,16294
16299,16295
16300,16296
16301,16297
16302,16298
16303,16299
16304,16300
16305,16301
16306,16302
16307,16303
16308,16304
16309,16305
16310,16306
16311,16307
16312,16308
16313,16309
16314,16310
16315,16311
16316,16312
16317,16313
16318,16314
16319,16315
16320,16316
16321,16317
16322,16318
16323,16319
16324,16320
16325,16321
16326,16322
16327,16323
16328,16324
16329,16325
16330,16326
16331,16327
16332,16328
16333,16329
16334,16330
16335,16331
16336,16332
16337,16333
16338,16334
16339,16335
16340,16336
16341,16337
16342,16338
16343,16339
16344,16340
16345,16341
16346,16342
16347,16343
16348,16344
16349,16345
16350,16346
16351,16347
16352,16348
16353,16349
16354,16350
16355,16351
16356,16352
16357,16353
16358,16354
16359,16355
16360,16356
16361,16357
16362,16358
16363,16359
16364,16360
16365,16361
16366,16362
16367,16363
16368,16364
16369,16365
16370,16366
16371,16367
16372,16368
16373,16369
16374,16370
16375,16371
16376,16372
16377,16373
16378,16374
16379,16375
16380,16376
16381,16377
16382,16378
16383,16379
16384,16380
16385,16381
16386,16382
16387,16383
16388,16384
16389,16385
16390,16386
16391,16387
16392,16388
16393,16389
16394,16390
16395,16391
16396,16392
16397,16393
16398,16394
16399,16395
16400,16396
16401,16397
16402,16398
16403,16399
16404,16400
16405,16401
16406,16402
16407,16403
16408,16404
16409,16405
16410,16406
16411,16407
16412,16408
16413,16409
16414,16410
16415,16411
16416,16412
16417,16413
16418,16414
16419,16415
16420,16416
16421,16417
16422,16418
16423,16419
16424,16420
16425,16421
16426,16422
16427,16423
16428,16424
16429,16425
16430,16426
16431,16427
16432,16428
16433,16429
16434,16430
16435,16431
16436,16432
16437,16433
16438,16434
16439,16435
16440,16436
16441,16437
16442,16438
16443,16439
16444,16440
16445,16441
16446,16442
16447,16443
16448,16444
16449,16445
16450,16446
16451,16447
16452,16448
16453,16449
16454,16450
16455,16451
16456,16452
16457,16453
16458,16454
16459,16455
16460,16456
16461,16457
16462,16458
16463,16459
16464,16460
16465,16461
16466,16462
16467,16463
16468,16464
16469,16465
16470,16466
16471,16467
16472,16468
16473,16469
16474,16470
16475,16471
16476,16472
16477,16473
16478,16474
16479,16475
16480,16476
16481,16477
16482,16478
16483,16479
16484,16480
16485,16481
16486,16482
16487,16483
16488,16484
16489,16485
16490,16486
16491,16487
16492,16488
16493,16489
16494,16490
16495,16491
16496,16492
16497,16493
16498,16494
16499,16495
16500,16496
16501,16497
16502,16498
16503,16499
16504,16500
16505,16501
16506,16502
16507,16503
16508,16504
16509,16505
16510,16506
16511,16507
16512,16508
16513,16509
16514,16510
16515,16511
16516,16512
16517,16513
16518,16514
16519,16515
16520,16516
16521,16517
16522,16518
16523,16519
16524,16520
16525,16521
16526,16522
16527,16523
16528,16524
16529,16525
16530,16526
16531,16527
16532,16528
16533,16529
16534,16530
16535,16531
16536,16532
16537,16533
16538,16534
16539,16535
16540,16536
16541,16537
16542,16538
16543,16539
16544,16540
16545,16541
16546,16542
16547,16543
16548,16544
16549,16545
16550,16546
16551,16547
16552,16548
16553,16549
16554,16550
16555,16551
16556,16552
16557,16553
16558,16554
16559,16555
16560,16556
16561,16557
16562,16558
16563,16559
16564,16560
16565,16561
16566,16562
16567,16563
16568,16564
16569,16565
16570,16566
16571,16567
16572,16568
16573,16569
16574,16570
16575,16571
16576,16572
16577,16573
16578,16574
16579,16575
16580,16576
16581,16577
16582,16578
16583,16579
16584,16580
16585,16581
16586,16582
16587,16583
16588,16584
16589,16585
16590,16586
16591,16587
16592,16588
16593,16589
16594,16590
16595,16591
16596,16592
16597,16593
16598,16594
16599,16595
16600,16596
16601,16597
16602,16598
16603,16599
16604,16600
16605,16601
16606,16602
16607,16603
16608,16604
16609,16605
16610,16606
16611,16607
16612,16608
16613,16609
16614,16610
16615,16611
16616,16612
16617,16613
16618,16614
16619,16615
16620,16616
16621,16617
16622,16618
16623,16619
16624,16620
16625,16621
16626,16622
16627,16623
16628,16624
16629,16625
16630,16626
16631,16627
16632,16628
16633,16629
16634,16630
16635,16631
16636,16632
16637,16633
16638,16634
16639,16635
16640,16636
16641,16637
16642,16638
16643,16639
16644,16640
16645,16641
16646,16642
16647,16643
16648,16644
16649,16645
16650,16646
16651,16647
16652,16648
16653,16649
16654,16650
16655,16651
16656,16652
16657,16653
16658,16654
16659,16655
16660,16656
16661,16657
16662,16658
16663,16659
16664,16660
16665,16661
16666,16662
16667,16663
16668,16664
16669,16665
16670,16666
16671,16667
16672,16668
16673,16669
16674,16670
16675,16671
16676,16672
16677,16673
16678,16674
16679,16675
16680,16676
16681,16677
16682,16678
16683,16679
16684,16680
16685,16681
16686,16682
16687,16683
16688,16684
16689,16685
16690,16686
16691,16687
16692,16688
16693,16689
16694,16690
16695,16691
16696,16692
16697,16693
16698,16694
16699,16695
16700,16696
16701,16697
16702,16698
16703,16699
16704,16700
16705,16701
16706,16702
16707,16703
16708,16704
16709,16705
16710,16706
16711,16707
16712,16708
16713,16709
16714,16710
16715,16711
16716,16712
16717,16713
16718,16714
16719,16715
16720,16716
16721,16717
16722,16718
16723,16719
16724,16720
16725,16721
16726,16722
16727,16723
16728,16724
16729,16725
16730,16726
16731,16727
16732,16728
16733,16729
16734,16730
16735,16731
16736,16732
16737,16733
16738,16734
16739,16735
16740,16736
16741,16737
16742,16738
16743,16739
16744,16740
16745,16741
16746,16742
16747,16743
16748,16744
16749,16745
16750,16746
16751,16747
16752,16748
16753,16749
16754,16750
16755,16751
16756,16752
16757,16753
16758,16754
16759,16755
16760,16756
16761,16757
16762,16758
16763,16759
16764,16760
16765,16761
16766,16762
16767,16763
16768,16764
16769,16765
16770,16766
16771,16767
16772,16768
16773,16769
16774,16770
16775,16771
16776,16772
16777,16773
16778,16774
16779,16775
16780,16776
16781,16777
16782,16778
16783,16779
16784,16780
16785,16781
16786,16782
16787,16783
16788,16784
16789,16785
16790,16786
16791,16787
16792,16788
16793,16789
16794,16790
16795,16791
16796,16792
16797,16793
16798,16794
16799,16795
16800,16796
16801,16797
16802,16798
16803,16799
16804,16800
16805,16801
16806,16802
16807,16803
16808,16804
16809,16805
16810,16806
16811,16807
16812,16808
16813,16809
16814,16810
16815,16811
16816,16812
16817,16813
16818,16814
16819,16815
16820,16816
16821,16817
16822,16818
16823,16819
16824,16820
16825,16821
16826,16822
16827,16823
16828,16824
16829,16825
16830,16826
16831,16827
16832,16828
16833,16829
16834,16830
16835,16831
16836,16832
16837,16833
16838,16834
16839,16835
16840,16836
16841,16837
16842,16838
16843,16839
16844,16840
16845,16841
16846,16842
16847,16843
16848,16844
16849,16845
16850,16846
16851,16847
16852,16848
16853,16849
16854,16850
16855,16851
16856,16852
16857,16853
16858,16854
16859,16855
16860,16856
16861,16857
16862,16858
16863,16859
16864,16860
16865,16861
16866,16862
16867,16863
16868,16864
16869,16865
16870,16866
16871,16867
16872,16868
16873,16869
16874,16870
16875,16871
16876,16872
16877,16873
16878,16874
16879,16875
16880,16876
16881,16877
16882,16878
16883,16879
16884,16880
16885,16881
16886,16882
16887,16883
16888,16884
16889,16885
16890,16886
16891,16887
16892,16888
16893,16889
16894,16890
16895,16891
16896,16892
16897,16893
16898,16894
16899,16895
16900,16896
16901,16897
16902,16898
16903,16899
16904,16900
16905,16901
16906,16902
16907,16903
16908,16904
16909,16905
16910,16906
16911,16907
16912,16908
16913,16909
16914,16910
16915,16911
16916,16912
16917,16913
16918,16914
16919,16915
16920,16916
16921,16917
16922,16918
16923,16919
16924,16920
16925,16921
16926,16922
16927,16923
16928,16924
16929,16925
16930,16926
16931,16927
16932,16928
16933,16929
16934,16930
16935,16931
16936,16932
16937,16933
16938,16934
16939,16935
16940,16936
16941,16937
16942,16938
16943,16939
16944,16940
16945,16941
16946,16942
16947,16943
16948,16944
16949,16945
16950,16946
16951,16947
16952,16948
16953,16949
16954,16950
16955,16951
16956,16952
16957,16953
16958,16954
16959,16955
16960,16956
16961,16957
16962,16958
16963,16959
16964,16960
16965,16961
16966,16962
16967,16963
16968,16964
16969,16965
16970,16966
16971,16967
16972,16968
16973,16969
16974,16970
16975,16971
16976,16972
16977,16973
16978,16974
16979,16975
16980,16976
16981,16977
16982,16978
16983,16979
16984,16980
16985,16981
16986,16982
16987,16983
16988,16984
16989,16985
16990,16986
16991,16987
16992,16988
16993,16989
16994,16990
16995,16991
16996,16992
16997,16993
16998,16994
16999,16995
17000,16996
17001,16997
17002,16998
17003,16999
17004,17000
17005,17001
17006,17002
17007,17003
17008,17004
17009,17005
17010,17006
17011,17007
17012,17008
17013,17009
17014,17010
17015,17011
17016,17012
17017,17013
17018,17014
17019,17015
17020,17016
17021,17017
17022,17018
17023,17019
17024,17020
17025,17021
17026,17022
17027,17023
17028,17024
17029,17025
17030,17026
17031,17027
17032,17028
17033,17029
17034,17030
17035,17031
17036,17032
17037,17033
17038,17034
17039,17035
17040,17036
17041,17037
17042,17038
17043,17039
17044,17040
17045,17041
17046,17042
17047,17043
17048,17044
17049,17045
17050,17046
17051,17047
17052,17048
17053,17049
17054,17050
17055,17051
17056,17052
17057,17053
17058,17054
17059,17055
17060,17056
17061,17057
17062,17058
17063,17059
17064,17060
17065,17061
17066,17062
17067,17063
17068,17064
17069,17065
17070,17066
17071,17067
17072,17068
17073,17069
17074,17070
17075,17071
17076,17072
17077,17073
17078,17074
17079,17075
17080,17076
17081,17077
17082,17078
17083,17079
17084,17080
17085,17081
17086,17082
17087,17083
17088,17084
17089,17085
17090,17086
17091,17087
17092,17088
17093,17089
17094,17090
17095,17091
17096,17092
17097,17093
17098,17094
17099,17095
17100,17096
17101,17097
17102,17098
17103,17099
17104,17100
17105,17101
17106,17102
17107,17103
17108,17104
17109,17105
17110,17106
17111,17107
17112,17108
17113,17109
17114,17110
17115,17111
17116,17112
17117,17113
17118,17114
17119,17115
17120,17116
17121,17117
17122,17118
17123,17119
17124,17120
17125,17121
17126,17122
17127,17123
17128,17124
17129,17125
17130,17126
17131,17127
17132,17128
17133,17129
17134,17130
17135,17131
17136,17132
17137,17133
17138,17134
17139,17135
17140,17136
17141,17137
17142,17138
17143,17139
17144,17140
17145,17141
17146,17142
17147,17143
17148,17144
17149,17145
17150,17146
17151,17147
17152,17148
17153,17149
17154,17150
17155,17151
17156,17152
17157,17153
17158,17154
17159,17155
17160,17156
17161,17157
17162,17158
17163,17159
17164,17160
17165,17161
17166,17162
17167,17163
17168,17164
17169,17165
17170,17166
17171,17167
17172,17168
17173,17169
17174,17170
17175,17171
17176,17172
17177,17173
17178,17174
17179,17175
17180,17176
17181,17177
17182,17178
17183,17179
17184,17180
17185,17181
17186,17182
17187,17183
17188,17184
17189,17185
17190,17186
17191,17187
17192,17188
17193,17189
17194,17190
17195,17191
17196,17192
17197,17193
17198,17194
17199,17195
17200,17196
17201,17197
17202,17198
17203,17199
17204,17200
17205,17201
17206,17202
17207,17203
17208,17204
17209,17205
17210,17206
17211,17207
17212,17208
17213,17209
17214,17210
17215,17211
17216,17212
17217,17213
17218,17214
17219,17215
17220,17216
17221,17217
17222,17218
17223,17219
17224,17220
17225,17221
17226,17222
17227,17223
17228,17224
17229,17225
17230,17226
17231,17227
17232,17228
17233,17229
17234,17230
17235,17231
17236,17232
17237,17233
17238,17234
17239,17235
17240,17236
17241,17237
17242,17238
17243,17239
17244,17240
17245,17241
17246,17242
17247,17243
17248,17244
17249,17245
17250,17246
17251,17247
17252,17248
17253,17249
17254,17250
17255,17251
17256,17252
17257,17253
17258,17254
17259,17255
17260,17256
17261,17257
17262,17258
17263,17259
17264,17260
17265,17261
17266,17262
17267,17263
17268,17264
17269,17265
17270,17266
17271,17267
17272,17268
17273,17269
17274,17270
17275,17271
17276,17272
17277,17273
17278,17274
17279,17275
17280,17276
17281,17277
17282,17278
17283,17279
17284,17280
17285,17281
17286,17282
17287,17283
17288,17284
17289,17285
17290,17286
17291,17287
17292,17288
17293,17289
17294,17290
17295,17291
17296,17292
17297,17293
17298,17294
17299,17295
17300,17296
17301,17297
17302,17298
17303,17299
17304,17300
17305,17301
17306,17302
17307,17303
17308,17304
17309,17305
17310,17306
17311,17307
17312,17308
17313,17309
17314,17310
17315,17311
17316,17312
17317,17313
17318,17314
17319,17315
17320,17316
17321,17317
17322,17318
17323,17319
17324,17320
17325,17321
17326,17322
17327,17323
17328,17324
17329,17325
17330,17326
17331,17327
17332,17328
17333,17329
17334,17330
17335,17331
17336,17332
17337,17333
17338,17334
17339,17335
17340,17336
17341,17337
17342,17338
17343,17339
17344,17340
17345,17341
17346,17342
17347,17343
17348,17344
17349,17345
17350,17346
17351,17347
17352,17348
17353,17349
17354,17350
17355,17351
17356,17352
17357,17353
17358,17354
17359,17355
17360,17356
17361,17357
17362,17358
17363,17359
17364,17360
17365,17361
17366,17362
17367,17363
17368,17364
17369,17365
17370,17366
17371,17367
17372,17368
17373,17369
17374,17370
17375,17371
17376,17372
17377,17373
17378,17374
17379,17375
17380,17376
17381,17377
17382,17378
17383,17379
17384,17380
17385,17381
17386,17382
17387,17383
17388,17384
17389,17385
17390,17386
17391,17387
17392,17388
17393,17389
17394,17390
17395,17391
17396,17392
17397,17393
17398,17394
17399,17395
17400,17396
17401,17397
17402,17398
17403,17399
17404,17400
17405,17401
17406,17402
17407,17403
17408,17404
17409,17405
17410,17406
17411,17407
17412,17408
17413,17409
17414,17410
17415,17411
17416,17412
17417,17413
17418,17414
17419,17415
17420,17416
17421,17417
17422,17418
17423,17419
17424,17420
17425,17421
17426,17422
17427,17423
17428,17424
17429,17425
17430,17426
17431,17427
17432,17428
17433,17429
17434,17430
17435,17431
17436,17432
17437,17433
17438,17434
17439,17435
17440,17436
17441,17437
17442,17438
17443,17439
17444,17440
17445,17441
17446,17442
17447,17443
17448,17444
17449,17445
17450,17446
17451,17447
17452,17448
17453,17449
17454,17450
17455,17451
17456,17452
17457,17453
17458,17454
17459,17455
17460,17456
17461,17457
17462,17458
17463,17459
17464,17460
17465,17461
17466,17462
17467,17463
17468,17464
17469,17465
17470,17466
17471,17467
17472,17468
17473,17469
17474,17470
17475,17471
17476,17472
17477,17473
17478,17474
17479,17475
17480,17476
17481,17477
17482,17478
17483,17479
17484,17480
17485,17481
17486,17482
17487,17483
17488,17484
17489,17485
17490,17486
17491,17487
17492,17488
17493,17489
17494,17490
17495,17491
17496,17492
17497,17493
17498,17494
17499,17495
17500,17496
17501,17497
17502,17498
17503,17499
17504,17500
17505,17501
17506,17502
17507,17503
17508,17504
17509,17505
17510,17506
17511,17507
17512,17508
17513,17509
17514,17510
17515,17511
17516,17512
17517,17513
17518,17514
17519,17515
17520,17516
17521,17517
17522,17518
17523,17519
17524,17520
17525,17521
17526,17522
17527,17523
17528,17524
17529,17525
17530,17526
17531,17527
17532,17528
17533,17529
17534,17530
17535,17531
17536,17532
17537,17533
17538,17534
17539,17535
17540,17536
17541,17537
17542,17538
17543,17539
17544,17540
17545,17541
17546,17542
17547,17543
17548,17544
17549,17545
17550,17546
17551,17547
17552,17548
17553,17549
17554,17550
17555,17551
17556,17552
17557,17553
17558,17554
17559,17555
17560,17556
17561,17557
17562,17558
17563,17559
17564,17560
17565,17561
17566,17562
17567,17563
17568,17564
17569,17565
17570,17566
17571,17567
17572,17568
17573,17569
17574,17570
17575,17571
17576,17572
17577,17573
17578,17574
17579,17575
17580,17576
17581,17577
17582,17578
17583,17579
17584,17580
17585,17581
17586,17582
17587,17583
17588,17584
17589,17585
17590,17586
17591,17587
17592,17588
17593,17589
17594,17590
17595,17591
17596,17592
17597,17593
17598,17594
17599,17595
17600,17596
17601,17597
17602,17598
17603,17599
17604,17600
17605,17601
17606,17602
17607,17603
17608,17604
17609,17605
17610,17606
17611,17607
17612,17608
17613,17609
17614,17610
17615,17611
17616,17612
17617,17613
17618,17614
17619,17615
17620,17616
17621,17617
17622,17618
17623,17619
17624,17620
17625,17621
17626,17622
17627,17623
17628,17624
17629,17625
17630,17626
17631,17627
17632,17628
17633,17629
17634,17630
17635,17631
17636,17632
17637,17633
17638,17634
17639,17635
17640,17636
17641,17637
17642,17638
17643,17639
17644,17640
17645,17641
17646,17642
17647,17643
17648,17644
17649,17645
17650,17646
17651,17647
17652,17648
17653,17649
17654,17650
17655,17651
17656,17652
17657,17653
17658,17654
17659,17655
17660,17656
17661,17657
17662,17658
17663,17659
17664,17660
17665,17661
17666,17662
17667,17663
17668,17664
17669,17665
17670,17666
17671,17667
17672,17668
17673,17669
17674,17670
17675,17671
17676,17672
17677,17673
17678,17674
17679,17675
17680,17676
17681,17677
17682,17678
17683,17679
17684,17680
17685,17681
17686,17682
17687,17683
17688,17684
17689,17685
17690,17686
17691,17687
17692,17688
17693,17689
17694,17690
17695,17691
17696,17692
17697,17693
17698,17694
17699,17695
17700,17696
17701,17697
17702,17698
17703,17699
17704,17700
17705,17701
17706,17702
17707,17703
17708,17704
17709,17705
17710,17706
17711,17707
17712,17708
17713,17709
17714,17710
17715,17711
17716,17712
17717,17713
17718,17714
17719,17715
17720,17716
17721,17717
17722,17718
17723,17719
17724,17720
17725,17721
17726,17722
17727,17723
17728,17724
17729,17725
17730,17726
17731,17727
17732,17728
17733,17729
17734,17730
17735,17731
17736,17732
17737,17733
17738,17734
17739,17735
17740,17736
17741,17737
17742,17738
17743,17739
17744,17740
17745,17741
17746,17742
17747,17743
17748,17744
17749,17745
17750,17746
17751,17747
17752,17748
17753,17749
17754,17750
17755,17751
17756,17752
17757,17753
17758,17754
17759,17755
17760,17756
17761,17757
17762,17758
17763,17759
17764,17760
17765,17761
17766,17762
17767,17763
17768,17764
17769,17765
17770,17766
17771,17767
17772,17768
17773,17769
17774,17770
17775,17771
17776,17772
17777,17773
17778,17774
17779,17775
17780,17776
17781,17777
17782,17778
17783,17779
17784,17780
17785,17781
17786,17782
17787,17783
17788,17784
17789,17785
17790,17786
17791,17787
17792,17788
17793,17789
17794,17790
17795,17791
17796,17792
17797,17793
17798,17794
17799,17795
17800,17796
17801,17797
17802,17798
17803,17799
17804,17800
17805,17801
17806,17802
17807,17803
17808,17804
17809,17805
17810,17806
17811,17807
17812,17808
17813,17809
17814,17810
17815,17811
17816,17812
17817,17813
17818,17814
17819,17815
17820,17816
17821,17817
17822,17818
17823,17819
17824,17820
17825,17821
17826,17822
17827,17823
17828,17824
17829,17825
17830,17826
17831,17827
17832,17828
17833,17829
17834,17830
17835,17831
17836,17832
17837,17833
17838,17834
17839,17835
17840,17836
17841,17837
17842,17838
17843,17839
17844,17840
17845,17841
17846,17842
17847,17843
17848,17844
17849,17845
17850,17846
17851,17847
17852,17848
17853,17849
17854,17850
17855,17851
17856,17852
17857,17853
17858,17854
17859,17855
17860,17856
17861,17857
17862,17858
17863,17859
17864,17860
17865,17861
17866,17862
17867,17863
17868,17864
17869,17865
17870,17866
17871,17867
17872,17868
17873,17869
17874,17870
17875,17871
17876,17872
17877,17873
17878,17874
17879,17875
17880,17876
17881,17877
17882,17878
17883,17879
17884,17880
17885,17881
17886,17882
17887,17883
17888,17884
17889,17885
17890,17886
17891,17887
17892,17888
17893,17889
17894,17890
17895,17891
17896,17892
17897,17893
17898,17894
17899,17895
17900,17896
17901,17897
17902,17898
17903,17899
17904,17900
17905,17901
17906,17902
17907,17903
17908,17904
17909,17905
17910,17906
17911,17907
17912,17908
17913,17909
17914,17910
17915,17911
17916,17912
17917,17913
17918,17914
17919,17915
17920,17916
17921,17917
17922,17918
17923,17919
17924,17920
17925,17921
17926,17922
17927,17923
17928,17924
17929,17925
17930,17926
17931,17927
17932,17928
17933,17929
17934,17930
17935,17931
17936,17932
17937,17933
17938,17934
17939,17935
17940,17936
17941,17937
17942,17938
17943,17939
17944,17940
17945,17941
17946,17942
17947,17943
17948,17944
17949,17945
17950,17946
17951,17947
17952,17948
17953,17949
17954,17950
17955,17951
17956,17952
17957,17953
17958,17954
17959,17955
17960,17956
17961,17957
17962,17958
17963,17959
17964,17960
17965,17961
17966,17962
17967,17963
17968,17964
17969,17965
17970,17966
17971,17967
17972,17968
17973,17969
17974,17970
17975,17971
17976,17972
17977,17973
17978,17974
17979,17975
17980,17976
17981,17977
17982,17978
17983,17979
17984,17980
17985,17981
17986,17982
17987,17983
17988,17984
17989,17985
17990,17986
17991,17987
17992,17988
17993,17989
17994,17990
17995,17991
17996,17992
17997,17993
17998,17994
17999,17995
18000,17996
18001,17997
18002,17998
18003,17999
18004,18000
18005,18001
18006,18002
18007,18003
18008,18004
18009,18005
18010,18006
18011,18007
18012,18008
18013,18009
18014,18010
18015,18011
18016,18012
18017,18013
18018,18014
18019,18015
18020,18016
18021,18017
18022,18018
18023,18019
18024,18020
18025,18021
18026,18022
18027,18023
18028,18024
18029,18025
18030,18026
18031,18027
18032,18028
18033,18029
18034,18030
18035,18031
18036,18032
18037,18033
18038,18034
18039,18035
18040,18036
18041,18037
18042,18038
18043,18039
18044,18040
18045,18041
18046,18042
18047,18043
18048,18044
18049,18045
18050,18046
18051,18047
18052,18048
18053,18049
18054,18050
18055,18051
18056,18052
18057,18053
18058,18054
18059,18055
18060,18056
18061,18057
18062,18058
18063,18059
18064,18060
18065,18061
18066,18062
18067,18063
18068,18064
18069,18065
18070,18066
18071,18067
18072,18068
18073,18069
18074,18070
18075,18071
18076,18072
18077,18073
18078,18074
18079,18075
18080,18076
18081,18077
18082,18078
18083,18079
18084,18080
18085,18081
18086,18082
18087,18083
18088,18084
18089,18085
18090,18086
18091,18087
18092,18088
18093,18089
18094,18090
18095,18091
18096,18092
18097,18093
18098,18094
18099,18095
18100,18096
18101,18097
18102,18098
18103,18099
18104,18100
18105,18101
18106,18102
18107,18103
18108,18104
18109,18105
18110,18106
18111,18107
18112,18108
18113,18109
18114,18110
18115,18111
18116,18112
18117,18113
18118,18114
18119,18115
18120,18116
18121,18117
18122,18118
18123,18119
18124,18120
18125,18121
18126,18122
18127,18123
18128,18124
18129,18125
18130,18126
18131,18127
18132,18128
18133,18129
18134,18130
18135,18131
18136,18132
18137,18133
18138,18134
18139,18135
18140,18136
18141,18137
18142,18138
18143,18139
18144,18140
18145,18141
18146,18142
18147,18143
18148,18144
18149,18145
18150,18146
18151,18147
18152,18148
18153,18149
18154,18150
18155,18151
18156,18152
18157,18153
18158,18154
18159,18155
18160,18156
18161,18157
18162,18158
18163,18159
18164,18160
18165,18161
18166,18162
18167,18163
18168,18164
18169,18165
18170,18166
18171,18167
18172,18168
18173,18169
18174,18170
18175,18171
18176,18172
18177,18173
18178,18174
18179,18175
18180,18176
18181,18177
18182,18178
18183,18179
18184,18180
18185,18181
18186,18182
18187,18183
18188,18184
18189,18185
18190,18186
18191,18187
18192,18188
18193,18189
18194,18190
18195,18191
18196,18192
18197,18193
18198,18194
18199,18195
18200,18196
18201,18197
18202,18198
18203,18199
18204,18200
18205,18201
18206,18202
18207,18203
18208,18204
18209,18205
18210,18206
18211,18207
18212,18208
18213,18209
18214,18210
18215,18211
18216,18212
18217,18213
18218,18214
18219,18215
18220,18216
18221,18217
18222,18218
18223,18219
18224,18220
18225,18221
18226,18222
18227,18223
18228,18224
18229,18225
18230,18226
18231,18227
18232,18228
18233,18229
18234,18230
18235,18231
18236,18232
18237,18233
18238,18234
18239,18235
18240,18236
18241,18237
18242,18238
18243,18239
18244,18240
18245,18241
18246,18242
18247,18243
18248,18244
18249,18245
18250,18246
18251,18247
18252,18248
18253,18249
18254,18250
18255,18251
18256,18252
18257,18253
18258,18254
18259,18255
18260,18256
18261,18257
18262,18258
18263,18259
18264,18260
18265,18261
18266,18262
18267,18263
18268,18264
18269,18265
18270,18266
18271,18267
18272,18268
18273,18269
18274,18270
18275,18271
18276,18272
18277,18273
18278,18274
18279,18275
18280,18276
18281,18277
18282,18278
18283,18279
18284,18280
18285,18281
18286,18282
18287,18283
18288,18284
18289,18285
18290,18286
18291,18287
18292,18288
18293,18289
18294,18290
18295,18291
18296,18292
18297,18293
18298,18294
18299,18295
18300,18296
18301,18297
18302,18298
18303,18299
18304,18300
18305,18301
18306,18302
18307,18303
18308,18304
18309,18305
18310,18306
18311,18307
18312,18308
18313,18309
18314,18310
18315,18311
18316,18312
18317,18313
18318,18314
18319,18315
18320,18316
18321,18317
18322,18318
18323,18319
18324,18320
18325,18321
18326,18322
18327,18323
18328,18324
18329,18325
18330,18326
18331,18327
18332,18328
18333,18329
18334,18330
18335,18331
18336,18332
18337,18333
18338,18334
18339,18335
18340,18336
18341,18337
18342,18338
18343,18339
18344,18340
18345,18341
18346,18342
18347,18343
18348,18344
18349,18345
18350,18346
18351,18347
18352,18348
18353,18349
18354,18350
18355,18351
18356,18352
18357,18353
18358,18354
18359,18355
18360,18356
18361,18357
18362,18358
18363,18359
18364,18360
18365,18361
18366,18362
18367,18363
18368,18364
18369,18365
18370,18366
18371,18367
18372,18368
18373,18369
18374,18370
18375,18371
18376,18372
18377,18373
18378,18374
18379,18375
18380,18376
18381,18377
18382,18378
18383,18379
18384,18380
18385,18381
18386,18382
18387,18383
18388,18384
18389,18385
18390,18386
18391,18387
18392,18388
18393,18389
18394,18390
18395,18391
18396,18392
18397,18393
18398,18394
18399,18395
18400,18396
18401,18397
18402,18398
18403,18399
18404,18400
18405,18401
18406,18402
18407,18403
18408,18404
18409,18405
18410,18406
18411,18407
18412,18408
18413,18409
18414,18410
18415,18411
18416,18412
18417,18413
18418,18414
18419,18415
18420,18416
18421,18417
18422,18418
18423,18419
18424,18420
18425,18421
18426,18422
18427,18423
18428,18424
18429,18425
18430,18426
18431,18427
18432,18428
18433,18429
18434,18430
18435,18431
18436,18432
18437,18433
18438,18434
18439,18435
18440,18436
18441,18437
18442,18438
18443,18439
18444,18440
18445,18441
18446,18442
18447,18443
18448,18444
18449,18445
18450,18446
18451,18447
18452,18448
18453,18449
18454,18450
18455,18451
18456,18452
18457,18453
18458,18454
18459,18455
18460,18456
18461,18457
18462,18458
18463,18459
18464,18460
18465,18461
18466,18462
18467,18463
18468,18464
18469,18465
18470,18466
18471,18467
18472,18468
18473,18469
18474,18470
18475,18471
18476,18472
18477,18473
18478,18474
18479,18475
18480,18476
18481,18477
18482,18478
18483,18479
18484,18480
18485,18481
18486,18482
18487,18483
18488,18484
18489,18485
18490,18486
18491,18487
18492,18488
18493,18489
18494,18490
18495,18491
18496,18492
18497,18493
18498,18494
18499,18495
18500,18496
18501,18497
18502,18498
18503,18499
18504,18500
18505,18501
18506,18502
18507,18503
18508,18504
18509,18505
18510,18506
18511,18507
18512,18508
18513,18509
18514,18510
18515,18511
18516,18512
18517,18513
18518,18514
18519,18515
18520,18516
18521,18517
18522,18518
18523,18519
18524,18520
18525,18521
18526,18522
18527,18523
18528,18524
18529,18525
18530,18526
18531,18527
18532,18528
18533,18529
18534,18530
18535,18531
18536,18532
18537,18533
18538,18534
18539,18535
18540,18536
18541,18537
18542,18538
18543,18539
18544,18540
18545,18541
18546,18542
18547,18543
18548,18544
18549,18545
18550,18546
18551,18547
18552,18548
18553,18549
18554,18550
18555,18551
18556,18552
18557,18553
18558,18554
18559,18555
18560,18556
18561,18557
18562,18558
18563,18559
18564,18560
18565,18561
18566,18562
18567,18563
18568,18564
18569,18565
18570,18566
18571,18567
18572,18568
18573,18569
18574,18570
18575,18571
18576,18572
18577,18573
18578,18574
18579,18575
18580,18576
18581,18577
18582,18578
18583,18579
18584,18580
18585,18581
18586,18582
18587,18583
18588,18584
18589,18585
18590,18586
18591,18587
18592,18588
18593,18589
18594,18590
18595,18591
18596,18592
18597,18593
18598,18594
18599,18595
18600,18596
18601,18597
18602,18598
18603,18599
18604,18600
18605,18601
18606,18602
18607,18603
18608,18604
18609,18605
18610,18606
18611,18607
18612,18608
18613,18609
18614,18610
18615,18611
18616,18612
18617,18613
18618,18614
18619,18615
18620,18616
18621,18617
18622,18618
18623,18619
18624,18620
18625,18621
18626,18622
18627,18623
18628,18624
18629,18625
18630,18626
18631,18627
18632,18628
18633,18629
18634,18630
18635,18631
18636,18632
18637,18633
18638,18634
18639,18635
18640,18636
18641,18637
18642,18638
18643,18639
18644,18640
18645,18641
18646,18642
18647,18643
18648,18644
18649,18645
18650,18646
18651,18647
18652,18648
18653,18649
18654,18650
18655,18651
18656,18652
18657,18653
18658,18654
18659,18655
18660,18656
18661,18657
18662,18658
18663,18659
18664,18660
18665,18661
18666,18662
18667,18663
18668,18664
18669,18665
18670,18666
18671,18667
18672,18668
18673,18669
18674,18670
18675,18671
18676,18672
18677,18673
18678,18674
18679,18675
18680,18676
18681,18677
18682,18678
18683,18679
18684,18680
18685,18681
18686,18682
18687,18683
18688,18684
18689,18685
18690,18686
18691,18687
18692,18688
18693,18689
18694,18690
18695,18691
18696,18692
18697,18693
18698,18694
18699,18695
18700,18696
18701,18697
18702,18698
18703,18699
18704,18700
18705,18701
18706,18702
18707,18703
18708,18704
18709,18705
18710,18706
18711,18707
18712,18708
18713,18709
18714,18710
18715,18711
18716,18712
18717,18713
18718,18714
18719,18715
18720,18716
18721,18717
18722,18718
18723,18719
18724,18720
18725,18721
18726,18722
18727,18723
18728,18724
18729,18725
18730,18726
18731,18727
18732,18728
18733,18729
18734,18730
18735,18731
18736,18732
18737,18733
18738,18734
18739,18735
18740,18736
18741,18737
18742,18738
18743,18739
18744,18740
18745,18741
18746,18742
18747,18743
18748,18744
18749,18745
18750,18746
18751,18747
18752,18748
18753,18749
18754,18750
18755,18751
18756,18752
18757,18753
18758,18754
18759,18755
18760,18756
18761,18757
18762,18758
18763,18759
18764,18760
18765,18761
18766,18762
18767,18763
18768,18764
18769,18765
18770,18766
18771,18767
18772,18768
18773,18769
18774,18770
18775,18771
18776,18772
18777,18773
18778,18774
18779,18775
18780,18776
18781,18777
18782,18778
18783,18779
18784,18780
18785,18781
18786,18782
18787,18783
18788,18784
18789,18785
18790,18786
18791,18787
18792,18788
18793,18789
18794,18790
18795,18791
18796,18792
18797,18793
18798,18794
18799,18795
18800,18796
18801,18797
18802,18798
18803,18799
18804,18800
18805,18801
18806,18802
18807,18803
18808,18804
18809,18805
18810,18806
18811,18807
18812,18808
18813,18809
18814,18810
18815,18811
18816,18812
18817,18813
18818,18814
18819,18815
18820,18816
18821,18817
18822,18818
18823,18819
18824,18820
18825,18821
18826,18822
18827,18823
18828,18824
18829,18825
18830,18826
18831,18827
18832,18828
18833,18829
18834,18830
18835,18831
18836,18832
18837,18833
18838,18834
18839,18835
18840,18836
18841,18837
18842,18838
18843,18839
18844,18840
18845,18841
18846,18842
18847,18843
18848,18844
18849,18845
18850,18846
18851,18847
18852,18848
18853,18849
18854,18850
18855,18851
18856,18852
18857,18853
18858,18854
18859,18855
18860,18856
18861,18857
18862,18858
18863,18859
18864,18860
18865,18861
18866,18862
18867,18863
18868,18864
18869,18865
18870,18866
18871,18867
18872,18868
18873,18869
18874,18870
18875,18871
18876,18872
18877,18873
18878,18874
18879,18875
18880,18876
18881,18877
18882,18878
18883,18879
18884,18880
18885,18881
18886,18882
18887,18883
18888,18884
18889,18885
18890,18886
18891,18887
18892,18888
18893,18889
18894,18890
18895,18891
18896,18892
18897,18893
18898,18894
18899,18895
18900,18896
18901,18897
18902,18898
18903,18899
18904,18900
18905,18901
18906,18902
18907,18903
18908,18904
18909,18905
18910,18906
18911,18907
18912,18908
18913,18909
18914,18910
18915,18911
18916,18912
18917,18913
18918,18914
18919,18915
18920,18916
18921,18917
18922,18918
18923,18919
18924,18920
18925,18921
18926,18922
18927,18923
18928,18924
18929,18925
18930,18926
18931,18927
18932,18928
18933,18929
18934,18930
18935,18931
18936,18932
18937,18933
18938,18934
18939,18935
18940,18936
18941,18937
18942,18938
18943,18939
18944,18940
18945,18941
18946,18942
18947,18943
18948,18944
18949,18945
18950,18946
18951,18947
18952,18948
18953,18949
18954,18950
18955,18951
18956,18952
18957,18953
18958,18954
18959,18955
18960,18956
18961,18957
18962,18958
18963,18959
18964,18960
18965,18961
18966,18962
18967,18963
18968,18964
18969,18965
18970,18966
18971,18967
18972,18968
18973,18969
18974,18970
18975,18971
18976,18972
18977,18973
18978,18974
18979,18975
18980,18976
18981,18977
18982,18978
18983,18979
18984,18980
18985,18981
18986,18982
18987,18983
18988,18984
18989,18985
18990,18986
18991,18987
18992,18988
18993,18989
18994,18990
18995,18991
18996,18992
18997,18993
18998,18994
18999,18995
19000,18996
19001,18997
19002,18998
19003,18999
19004,19000
19005,19001
19006,19002
19007,19003
19008,19004
19009,19005
19010,19006
19011,19007
19012,19008
19013,19009
19014,19010
19015,19011
19016,19012
19017,19013
19018,19014
19019,19015
19020,19016
19021,19017
19022,19018
19023,19019
19024,19020
19025,19021
19026,19022
19027,19023
19028,19024
19029,19025
19030,19026
19031,19027
19032,19028
19033,19029
19034,19030
19035,19031
19036,19032
19037,19033
19038,19034
19039,19035
19040,19036
19041,19037
19042,19038
19043,19039
19044,19040
19045,19041
19046,19042
19047,19043
19048,19044
19049,19045
19050,19046
19051,19047
19052,19048
19053,19049
19054,19050
19055,19051
19056,19052
19057,19053
19058,19054
19059,19055
19060,19056
19061,19057
19062,19058
19063,19059
19064,19060
19065,19061
19066,19062
19067,19063
19068,19064
19069,19065
19070,19066
19071,19067
19072,19068
19073,19069
19074,19070
19075,19071
19076,19072
19077,19073
19078,19074
19079,19075
19080,19076
19081,19077
19082,19078
19083,19079
19084,19080
19085,19081
19086,19082
19087,19083
19088,19084
19089,19085
19090,19086
19091,19087
19092,19088
19093,19089
19094,19090
19095,19091
19096,19092
19097,19093
19098,19094
19099,19095
19100,19096
19101,19097
19102,19098
19103,19099
19104,19100
19105,19101
19106,19102
19107,19103
19108,19104
19109,19105
19110,19106
19111,19107
19112,19108
19113,19109
19114,19110
19115,19111
19116,19112
19117,19113
19118,19114
19119,19115
19120,19116
19121,19117
19122,19118
19123,19119
19124,19120
19125,19121
19126,19122
19127,19123
19128,19124
19129,19125
19130,19126
19131,19127
19132,19128
19133,19129
19134,19130
19135,19131
19136,19132
19137,19133
19138,19134
19139,19135
19140,19136
19141,19137
19142,19138
19143,19139
19144,19140
19145,19141
19146,19142
19147,19143
19148,19144
19149,19145
19150,19146
19151,19147
19152,19148
19153,19149
19154,19150
19155,19151
19156,19152
19157,19153
19158,19154
19159,19155
19160,19156
19161,19157
19162,19158
19163,19159
19164,19160
19165,19161
19166,19162
19167,19163
19168,19164
19169,19165
19170,19166
19171,19167
19172,19168
19173,19169
19174,19170
19175,19171
19176,19172
19177,19173
19178,19174
19179,19175
19180,19176
19181,19177
19182,19178
19183,19179
19184,19180
19185,19181
19186,19182
19187,19183
19188,19184
19189,19185
19190,19186
19191,19187
19192,19188
19193,19189
19194,19190
19195,19191
19196,19192
19197,19193
19198,19194
19199,19195
19200,19196
19201,19197
19202,19198
19203,19199
19204,19200
19205,19201
19206,19202
19207,19203
19208,19204
19209,19205
19210,19206
19211,19207
19212,19208
19213,19209
19214,19210
19215,19211
19216,19212
19217,19213
19218,19214
19219,19215
19220,19216
19221,19217
19222,19218
19223,19219
19224,19220
19225,19221
19226,19222
19227,19223
19228,19224
19229,19225
19230,19226
19231,19227
19232,19228
19233,19229
19234,19230
19235,19231
19236,19232
19237,19233
19238,19234
19239,19235
19240,19236
19241,19237
19242,19238
19243,19239
19244,19240
19245,19241
19246,19242
19247,19243
19248,19244
19249,19245
19250,19246
19251,19247
19252,19248
19253,19249
19254,19250
19255,19251
19256,19252
19257,19253
19258,19254
19259,19255
19260,19256
19261,19257
19262,19258
19263,19259
19264,19260
19265,19261
19266,19262
19267,19263
19268,19264
19269,19265
19270,19266
19271,19267
19272,19268
19273,19269
19274,19270
19275,19271
19276,19272
19277,19273
19278,19274
19279,19275
19280,19276
19281,19277
19282,19278
19283,19279
19284,19280
19285,19281
19286,19282
19287,19283
19288,19284
19289,19285
19290,19286
19291,19287
19292,19288
19293,19289
19294,19290
19295,19291
19296,19292
19297,19293
19298,19294
19299,19295
19300,19296
19301,19297
19302,19298
19303,19299
19304,19300
19305,19301
19306,19302
19307,19303
19308,19304
19309,19305
19310,19306
19311,19307
19312,19308
19313,19309
19314,19310
19315,19311
19316,19312
19317,19313
19318,19314
19319,19315
19320,19316
19321,19317
19322,19318
19323,19319
19324,19320
19325,19321
19326,19322
19327,19323
19328,19324
19329,19325
19330,19326
19331,19327
19332,19328
19333,19329
19334,19330
19335,19331
19336,19332
19337,19333
19338,19334
19339,19335
19340,19336
19341,19337
19342,19338
19343,19339
19344,19340
19345,19341
19346,19342
19347,19343
19348,19344
19349,19345
19350,19346
19351,19347
19352,19348
19353,19349
19354,19350
19355,19351
19356,19352
19357,19353
19358,19354
19359,19355
19360,19356
19361,19357
19362,19358
19363,19359
19364,19360
19365,19361
19366,19362
19367,19363
19368,19364
19369,19365
19370,19366
19371,19367
19372,19368
19373,19369
19374,19370
19375,19371
19376,19372
19377,19373
19378,19374
19379,19375
19380,19376
19381,19377
19382,19378
19383,19379
19384,19380
19385,19381
19386,19382
19387,19383
19388,19384
19389,19385
19390,19386
19391,19387
19392,19388
19393,19389
19394,19390
19395,19391
19396,19392
19397,19393
19398,19394
19399,19395
19400,19396
19401,19397
19402,19398
19403,19399
19404,19400
19405,19401
19406,19402
19407,19403
19408,19404
19409,19405
19410,19406
19411,19407
19412,19408
19413,19409
19414,19410
19415,19411
19416,19412
19417,19413
19418,19414
19419,19415
19420,19416
19421,19417
19422,19418
19423,19419
19424,19420
19425,19421
19426,19422
19427,19423
19428,19424
19429,19425
19430,19426
19431,19427
19432,19428
19433,19429
19434,19430
19435,19431
19436,19432
19437,19433
19438,19434
19439,19435
19440,19436
19441,19437
19442,19438
19443,19439
19444,19440
19445,19441
19446,19442
19447,19443
19448,19444
19449,19445
19450,19446
19451,19447
19452,19448
19453,19449
19454,19450
19455,19451
19456,19452
19457,19453
19458,19454
19459,19455
19460,19456
19461,19457
19462,19458
19463,19459
19464,19460
19465,19461
19466,19462
19467,19463
19468,19464
19469,19465
19470,19466
19471,19467
19472,19468
19473,19469
19474,19470
19475,19471
19476,19472
19477,19473
19478,19474
19479,19475
19480,19476
19481,19477
19482,19478
19483,19479
19484,19480
19485,19481
19486,19482
19487,19483
19488,19484
19489,19485
19490,19486
19491,19487
19492,19488
19493,19489
19494,19490
19495,19491
19496,19492
19497,19493
19498,19494
19499,19495
19500,19496
19501,19497
19502,19498
19503,19499
19504,19500
19505,19501
19506,19502
19507,19503
19508,19504
19509,19505
19510,19506
19511,19507
19512,19508
19513,19509
19514,19510
19515,19511
19516,19512
19517,19513
19518,19514
19519,19515
19520,19516
19521,19517
19522,19518
19523,19519
19524,19520
19525,19521
19526,19522
19527,19523
19528,19524
19529,19525
19530,19526
19531,19527
19532,19528
19533,19529
19534,19530
19535,19531
19536,19532
19537,19533
19538,19534
19539,19535
19540,19536
19541,19537
19542,19538
19543,19539
19544,19540
19545,19541
19546,19542
19547,19543
19548,19544
19549,19545
19550,19546
19551,19547
19552,19548
19553,19549
19554,19550
19555,19551
19556,19552
19557,19553
19558,19554
19559,19555
19560,19556
19561,19557
19562,19558
19563,19559
19564,19560
19565,19561
19566,19562
19567,19563
19568,19564
19569,19565
19570,19566
19571,19567
19572,19568
19573,19569
19574,19570
19575,19571
19576,19572
19577,19573
19578,19574
19579,19575
19580,19576
19581,19577
19582,19578
19583,19579
19584,19580
19585,19581
19586,19582
19587,19583
19588,19584
19589,19585
19590,19586
19591,19587
19592,19588
19593,19589
19594,19590
19595,19591
19596,19592
19597,19593
19598,19594
19599,19595
19600,19596
19601,19597
19602,19598
19603,19599
19604,19600
19605,19601
19606,19602
19607,19603
19608,19604
19609,19605
19610,19606
19611,19607
19612,19608
19613,19609
19614,19610
19615,19611
19616,19612
19617,19613
19618,19614
19619,19615
19620,19616
19621,19617
19622,19618
19623,19619
19624,19620
19625,19621
19626,19622
19627,19623
19628,19624
19629,19625
19630,19626
19631,19627
19632,19628
19633,19629
19634,19630
19635,19631
19636,19632
19637,19633
19638,19634
19639,19635
19640,19636
19641,19637
19642,19638
19643,19639
19644,19640
19645,19641
19646,19642
19647,19643
19648,19644
19649,19645
19650,19646
19651,19647
19652,19648
19653,19649
19654,19650
19655,19651
19656,19652
19657,19653
19658,19654
19659,19655
19660,19656
19661,19657
19662,19658
19663,19659
19664,19660
19665,19661
19666,19662
19667,19663
19668,19664
19669,19665
19670,19666
19671,19667
19672,19668
19673,19669
19674,19670
19675,19671
19676,19672
19677,19673
19678,19674
19679,19675
19680,19676
19681,19677
19682,19678
19683,19679
19684,19680
19685,19681
19686,19682
19687,19683
19688,19684
19689,19685
19690,19686
19691,19687
19692,19688
19693,19689
19694,19690
19695,19691
19696,19692
19697,19693
19698,19694
19699,19695
19700,19696
19701,19697
19702,19698
19703,19699
19704,19700
19705,19701
19706,19702
19707,19703
19708,19704
19709,19705
19710,19706
19711,19707
19712,19708
19713,19709
19714,19710
19715,19711
19716,19712
19717,19713
19718,19714
19719,19715
19720,19716
19721,19717
19722,19718
19723,19719
19724,19720
19725,19721
19726,19722
19727,19723
19728,19724
19729,19725
19730,19726
19731,19727
19732,19728
19733,19729
19734,19730
19735,19731
19736,19732
19737,19733
19738,19734
19739,19735
19740,19736
19741,19737
19742,19738
19743,19739
19744,19740
19745,19741
19746,19742
19747,19743
19748,19744
19749,19745
19750,19746
19751,19747
19752,19748
19753,19749
19754,19750
19755,19751
19756,19752
19757,19753
19758,19754
19759,19755
19760,19756
19761,19757
19762,19758
19763,19759
19764,19760
19765,19761
19766,19762
19767,19763
19768,19764
19769,19765
19770,19766
19771,19767
19772,19768
19773,19769
19774,19770
19775,19771
19776,19772
19777,19773
19778,19774
19779,19775
19780,19776
19781,19777
19782,19778
19783,19779
19784,19780
19785,19781
19786,19782
19787,19783
19788,19784
19789,19785
19790,19786
19791,19787
19792,19788
19793,19789
19794,19790
19795,19791
19796,19792
19797,19793
19798,19794
19799,19795
19800,19796
19801,19797
19802,19798
19803,19799
19804,19800
19805,19801
19806,19802
19807,19803
19808,19804
19809,19805
19810,19806
19811,19807
19812,19808
19813,19809
19814,19810
19815,19811
19816,19812
19817,19813
19818,19814
19819,19815
19820,19816
19821,19817
19822,19818
19823,19819
19824,19820
19825,19821
19826,19822
19827,19823
19828,19824
19829,19825
19830,19826
19831,19827
19832,19828
19833,19829
19834,19830
19835,19831
19836,19832
19837,19833
19838,19834
19839,19835
19840,19836
19841,19837
19842,19838
19843,19839
19844,19840
19845,19841
19846,19842
19847,19843
19848,19844
19849,19845
19850,19846
19851,19847
19852,19848
19853,19849
19854,19850
19855,19851
19856,19852
19857,19853
19858,19854
19859,19855
19860,19856
19861,19857
19862,19858
19863,19859
19864,19860
19865,19861
19866,19862
19867,19863
19868,19864
19869,19865
19870,19866
19871,19867
19872,19868
19873,19869
19874,19870
19875,19871
19876,19872
19877,19873
19878,19874
19879,19875
19880,19876
19881,19877
19882,19878
19883,19879
19884,19880
19885,19881
19886,19882
19887,19883
19888,19884
19889,19885
19890,19886
19891,19887
19892,19888
19893,19889
19894,19890
19895,19891
19896,19892
19897,19893
19898,19894
19899,19895
19900,19896
19901,19897
19902,19898
19903,19899
19904,19900
19905,19901
19906,19902
19907,19903
19908,19904
19909,19905
19910,19906
19911,19907
19912,19908
19913,19909
19914,19910
19915,19911
19916,19912
19917,19913
19918,19914
19919,19915
19920,19916
19921,19917
19922,19918
19923,19919
19924,19920
19925,19921
19926,19922
19927,19923
19928,19924
19929,19925
19930,19926
19931,19927
19932,19928
19933,19929
19934,19930
19935,19931
19936,19932
19937,19933
19938,19934
19939,19935
19940,19936
19941,19937
19942,19938
19943,19939
19944,19940
19945,19941
19946,19942
19947,19943
19948,19944
19949,19945
19950,19946
19951,19947
19952,19948
19953,19949
19954,19950
19955,19951
19956,19952
19957,19953
19958,19954
19959,19955
19960,19956
19961,19957
19962,19958
19963,19959
19964,19960
19965,19961
19966,19962
19967,19963
19968,19964
19969,19965
19970,19966
19971,19967
19972,19968
19973,19969
19974,19970
19975,19971
19976,19972
19977,19973
19978,19974
19979,19975
19980,19976
19981,19977
19982,19978
19983,19979
19984,19980
19985,19981
19986,19982
19987,19983
19988,19984
19989,19985
19990,19986
19991,19987
19992,19988
19993,19989
19994,19990
19995,19991
19996,19992
19997,19993
19998,19994
19999,19995
20000,19996
20001,19997
20002,19998
20003,19999
20004,20000
20005,20001
20006,20002
20007,20003
20008,20004
20009,20005
20010,20006
20011,20007
20012,20008
20013,20009
20014,20010
20015,20011
20016,20012
20017,20013
20018,20014
20019,20015
20020,20016
20021,20017
20022,20018
20023,20019
20024,20020
20025,20021
20026,20022
20027,20023
20028,20024
20029,20025
20030,20026
20031,20027
20032,20028
20033,20029
20034,20030
20035,20031
20036,20032
20037,20033
20038,20034
20039,20035
20040,20036
20041,20037
20042,20038
20043,20039
20044,20040
20045,20041
20046,20042
20047,20043
20048,20044
20049,20045
20050,20046
20051,20047
20052,20048
20053,20049
20054,20050
20055,20051
20056,20052
20057,20053
20058,20054
20059,20055
20060,20056
20061,20057
20062,20058
20063,20059
20064,20060
20065,20061
20066,20062
20067,20063
20068,20064
20069,20065
20070,20066
20071,20067
20072,20068
20073,20069
20074,20070
20075,20071
20076,20072
20077,20073
20078,20074
20079,20075
20080,20076
20081,20077
20082,20078
20083,20079
20084,20080
20085,20081
20086,20082
20087,20083
20088,20084
20089,20085
20090,20086
20091,20087
20092,20088
20093,20089
20094,20090
20095,20091
20096,20092
20097,20093
20098,20094
20099,20095
20100,20096
20101,20097
20102,20098
20103,20099
20104,20100
20105,20101
20106,20102
20107,20103
20108,20104
20109,20105
20110,20106
20111,20107
20112,20108
20113,20109
20114,20110
20115,20111
20116,20112
20117,20113
20118,20114
20119,20115
20120,20116
20121,20117
20122,20118
20123,20119
20124,20120
20125,20121
20126,20122
20127,20123
20128,20124
20129,20125
20130,20126
20131,20127
20132,20128
20133,20129
20134,20130
20135,20131
20136,20132
20137,20133
20138,20134
20139,20135
20140,20136
20141,20137
20142,20138
20143,20139
20144,20140
20145,20141
20146,20142
20147,20143
20148,20144
20149,20145
20150,20146
20151,20147
20152,20148
20153,20149
20154,20150
20155,20151
20156,20152
20157,20153
20158,20154
20159,20155
20160,20156
20161,20157
20162,20158
20163,20159
20164,20160
20165,20161
20166,20162
20167,20163
20168,20164
20169,20165
20170,20166
20171,20167
20172,20168
20173,20169
20174,20170
20175,20171
20176,20172
20177,20173
20178,20174
20179,20175
20180,20176
20181,20177
20182,20178
20183,20179
20184,20180
20185,20181
20186,20182
20187,20183
20188,20184
20189,20185
20190,20186
20191,20187
20192,20188
20193,20189
20194,20190
20195,20191
20196,20192
20197,20193
20198,20194
20199,20195
20200,20196
20201,20197
20202,20198
20203,20199
20204,20200
20205,20201
20206,20202
20207,20203
20208,20204
20209,20205
20210,20206
20211,20207
20212,20208
20213,20209
20214,20210
20215,20211
20216,20212
20217,20213
20218,20214
20219,20215
20220,20216
20221,20217
20222,20218
20223,20219
20224,20220
20225,20221
20226,20222
20227,20223
20228,20224
20229,20225
20230,20226
20231,20227
20232,20228
20233,20229
20234,20230
20235,20231
20236,20232
20237,20233
20238,20234
20239,20235
20240,20236
20241,20237
20242,20238
20243,20239
20244,20240
20245,20241
20246,20242
20247,20243
20248,20244
20249,20245
20250,20246
20251,20247
20252,20248
20253,20249
20254,20250
20255,20251
20256,20252
20257,20253
20258,20254
20259,20255
20260,20256
20261,20257
20262,20258
20263,20259
20264,20260
20265,20261
20266,20262
20267,20263
20268,20264
20269,20265
20270,20266
20271,20267
20272,20268
20273,20269
20274,20270
20275,20271
20276,20272
20277,20273
20278,20274
20279,20275
20280,20276
20281,20277
20282,20278
20283,20279
20284,20280
20285,20281
20286,20282
20287,20283
20288,20284
20289,20285
20290,20286
20291,20287
20292,20288
20293,20289
20294,20290
20295,20291
20296,20292
20297,20293
20298,20294
20299,20295
20300,20296
20301,20297
20302,20298
20303,20299
20304,20300
20305,20301
20306,20302
20307,20303
20308,20304
20309,20305
20310,20306
20311,20307
20312,20308
20313,20309
20314,20310
20315,20311
20316,20312
20317,20313
20318,20314
20319,20315
20320,20316
20321,20317
20322,20318
20323,20319
20324,20320
20325,20321
20326,20322
20327,20323
20328,20324
20329,20325
20330,20326
20331,20327
20332,20328
20333,20329
20334,20330
20335,20331
20336,20332
20337,20333
20338,20334
20339,20335
20340,20336
20341,20337
20342,20338
20343,20339
20344,20340
20345,20341
20346,20342
20347,20343
20348,20344
20349,20345
20350,20346
20351,20347
20352,20348
20353,20349
20354,20350
20355,20351
20356,20352
20357,20353
20358,20354
20359,20355
20360,20356
20361,20357
20362,20358
20363,20359
20364,20360
20365,20361
20366,20362
20367,20363
20368,20364
20369,20365
20370,20366
20371,20367
20372,20368
20373,20369
20374,20370
20375,20371
20376,20372
20377,20373
20378,20374
20379,20375
20380,20376
20381,20377
20382,20378
20383,20379
20384,20380
20385,20381
20386,20382
20387,20383
20388,20384
20389,20385
20390,20386
20391,20387
20392,20388
20393,20389
20394,20390
20395,20391
20396,20392
20397,20393
20398,20394
20399,20395
20400,20396
20401,20397
20402,20398
20403,20399
20404,20400
20405,20401
20406,20402
20407,20403
20408,20404
20409,20405
20410,20406
20411,20407
20412,20408
20413,20409
20414,20410
20415,20411
20416,20412
20417,20413
20418,20414
20419,20415
20420,20416
20421,20417
20422,20418
20423,20419
20424,20420
20425,20421
20426,20422
20427,20423
20428,20424
20429,20425
20430,20426
20431,20427
20432,20428
20433,20429
20434,20430
20435,20431
20436,20432
20437,20433
20438,20434
20439,20435
20440,20436
20441,20437
20442,20438
20443,20439
20444,20440
20445,20441
20446,20442
20447,20443
20448,20444
20449,20445
20450,20446
20451,20447
20452,20448
20453,20449
20454,20450
20455,20451
20456,20452
20457,20453
20458,20454
20459,20455
20460,20456
20461,20457
20462,20458
20463,20459
20464,20460
20465,20461
20466,20462
20467,20463
20468,20464
20469,20465
20470,20466
20471,20467
20472,20468
20473,20469
20474,20470
20475,20471
20476,20472
20477,20473
20478,20474
20479,20475
20480,20476
20481,20477
20482,20478
20483,20479
20484,20480
20485,20481
20486,20482
20487,20483
20488,20484
20489,20485
20490,20486
20491,20487
20492,20488
20493,20489
20494,20490
20495,20491
20496,20492
20497,20493
20498,20494
20499,20495
20500,20496
20501,20497
20502,20498
20503,20499
20504,20500
20505,20501
20506,20502
20507,20503
20508,20504
20509,20505
20510,20506
20511,20507
20512,20508
20513,20509
20514,20510
20515,20511
20516,20512
20517,20513
20518,20514
20519,20515
20520,20516
20521,20517
20522,20518
20523,20519
20524,20520
20525,20521
20526,20522
20527,20523
20528,20524
20529,20525
20530,20526
20531,20527
20532,20528
20533,20529
20534,20530
20535,20531
20536,20532
20537,20533
20538,20534
20539,20535
20540,20536
20541,20537
20542,20538
20543,20539
20544,20540
20545,20541
20546,20542
20547,20543
20548,20544
20549,20545
20550,20546
20551,20547
20552,20548
20553,20549
20554,20550
20555,20551
20556,20552
20557,20553
20558,20554
20559,20555
20560,20556
20561,20557
20562,20558
20563,20559
20564,20560
20565,20561
20566,20562
20567,20563
20568,20564
20569,20565
20570,20566
20571,20567
20572,20568
20573,20569
20574,20570
20575,20571
20576,20572
20577,20573
20578,20574
20579,20575
20580,20576
20581,20577
20582,20578
20583,20579
20584,20580
20585,20581
20586,20582
20587,20583
20588,20584
20589,20585
20590,20586
20591,20587
20592,20588
20593,20589
20594,20590
20595,20591
20596,20592
20597,20593
20598,20594
20599,20595
20600,20596
20601,20597
20602,20598
20603,20599
20604,20600
20605,20601
20606,20602
20607,20603
20608,20604
20609,20605
20610,20606
20611,20607
20612,20608
20613,20609
20614,20610
20615,20611
20616,20612
20617,20613
20618,20614
20619,20615
20620,20616
20621,20617
20622,20618
20623,20619
20624,20620
20625,20621
20626,20622
20627,20623
20628,20624
20629,20625
20630,20626
20631,20627
20632,20628
20633,20629
20634,20630
20635,20631
20636,20632
20637,20633
20638,20634
20639,20635
20640,20636
20641,20637
20642,20638
20643,20639
20644,20640
20645,20641
20646,20642
20647,20643
20648,20644
20649,20645
20650,20646
20651,20647
20652,20648
20653,20649
20654,20650
20655,20651
20656,20652
20657,20653
20658,20654
20659,20655
20660,20656
20661,20657
20662,20658
20663,20659
20664,20660
20665,20661
20666,20662
20667,20663
20668,20664
20669,20665
20670,20666
20671,20667
20672,20668
20673,20669
20674,20670
20675,20671
20676,20672
20677,20673
20678,20674
20679,20675
20680,20676
20681,20677
20682,20678
20683,20679
20684,20680
20685,20681
20686,20682
20687,20683
20688,20684
20689,20685
20690,20686
20691,20687
20692,20688
20693,20689
20694,20690
20695,20691
20696,20692
20697,20693
20698,20694
20699,20695
20700,20696
20701,20697
20702,20698
20703,20699
20704,20700
20705,20701
20706,20702
20707,20703
20708,20704
20709,20705
20710,20706
20711,20707
20712,20708
20713,20709
20714,20710
20715,20711
20716,20712
20717,20713
20718,20714
20719,20715
20720,20716
20721,20717
20722,20718
20723,20719
20724,20720
20725,20721
20726,20722
20727,20723
20728,20724
20729,20725
20730,20726
20731,20727
20732,20728
20733,20729
20734,20730
20735,20731
20736,20732
20737,20733
20738,20734
20739,20735
20740,20736
20741,20737
20742,20738
20743,20739
20744,20740
20745,20741
20746,20742
20747,20743
20748,20744
20749,20745
20750,20746
20751,20747
20752,20748
20753,20749
20754,20750
20755,20751
20756,20752
20757,20753
20758,20754
20759,20755
20760,20756
20761,20757
20762,20758
20763,20759
20764,20760
20765,20761
20766,20762
20767,20763
20768,20764
20769,20765
20770,20766
20771,20767
20772,20768
20773,20769
20774,20770
20775,20771
20776,20772
20777,20773
20778,20774
20779,20775
20780,20776
20781,20777
20782,20778
20783,20779
20784,20780
20785,20781
20786,20782
20787,20783
20788,20784
20789,20785
20790,20786
20791,20787
20792,20788
20793,20789
20794,20790
20795,20791
20796,20792
20797,20793
20798,20794
20799,20795
20800,20796
20801,20797
20802,20798
20803,20799
20804,20800
20805,20801
20806,20802
20807,20803
20808,20804
20809,20805
20810,20806
20811,20807
20812,20808
20813,20809
20814,20810
20815,20811
20816,20812
20817,20813
20818,20814
20819,20815
20820,20816
20821,20817
20822,20818
20823,20819
20824,20820
20825,20821
20826,20822
20827,20823
20828,20824
20829,20825
20830,20826
20831,20827
20832,20828
20833,20829
20834,20830
20835,20831
20836,20832
20837,20833
20838,20834
20839,20835
20840,20836
20841,20837
20842,20838
20843,20839
20844,20840
20845,20841
20846,20842
20847,20843
20848,20844
20849,20845
20850,20846
20851,20847
20852,20848
20853,20849
20854,20850
20855,20851
20856,20852
20857,20853
20858,20854
20859,20855
20860,20856
20861,20857
20862,20858
20863,20859
20864,20860
20865,20861
20866,20862
20867,20863
20868,20864
20869,20865
20870,20866
20871,20867
20872,20868
20873,20869
20874,20870
20875,20871
20876,20872
20877,20873
20878,20874
20879,20875
20880,20876
20881,20877
20882,20878
20883,20879
20884,20880
20885,20881
20886,20882
20887,20883
20888,20884
20889,20885
20890,20886
20891,20887
20892,20888
20893,20889
20894,20890
20895,20891
20896,20892
20897,20893
20898,20894
20899,20895
20900,20896
20901,20897
20902,20898
20903,20899
20904,20900
20905,20901
20906,20902
20907,20903
20908,20904
20909,20905
20910,20906
20911,20907
20912,20908
20913,20909
20914,20910
20915,20911
20916,20912
20917,20913
20918,20914
20919,20915
20920,20916
20921,20917
20922,20918
20923,20919
20924,20920
20925,20921
20926,20922
20927,20923
20928,20924
20929,20925
20930,20926
20931,20927
20932,20928
20933,20929
20934,20930
20935,20931
20936,20932
20937,20933
20938,20934
20939,20935
20940,20936
20941,20937
20942,20938
20943,20939
20944,20940
20945,20941
20946,20942
20947,20943
20948,20944
20949,20945
20950,20946
20951,20947
20952,20948
20953,20949
20954,20950
20955,20951
20956,20952
20957,20953
20958,20954
20959,20955
20960,20956
20961,20957
20962,20958
20963,20959
20964,20960
20965,20961
20966,20962
20967,20963
20968,20964
20969,20965
20970,20966
20971,20967
20972,20968
20973,20969
20974,20970
20975,20971
20976,20972
20977,20973
20978,20974
20979,20975
20980,20976
20981,20977
20982,20978
20983,20979
20984,20980
20985,20981
20986,20982
20987,20983
20988,20984
20989,20985
20990,20986
20991,20987
20992,20988
20993,20989
20994,20990
20995,20991
20996,20992
20997,20993
20998,20994
20999,20995
21000,20996
21001,20997
21002,20998
21003,20999
21004,21000
21005,21001
21006,21002
21007,21003
21008,21004
21009,21005
21010,21006
21011,21007
21012,21008
21013,21009
21014,21010
21015,21011
21016,21012
21017,21013
21018,21014
21019,21015
21020,21016
21021,21017
21022,21018
21023,21019
21024,21020
21025,21021
21026,21022
21027,21023
21028,21024
21029,21025
21030,21026
21031,21027
21032,21028
21033,21029
21034,21030
21035,21031
21036,21032
21037,21033
21038,21034
21039,21035
21040,21036
21041,21037
21042,21038
21043,21039
21044,21040
21045,21041
21046,21042
21047,21043
21048,21044
21049,21045
21050,21046
21051,21047
21052,21048
21053,21049
21054,21050
21055,21051
21056,21052
21057,21053
21058,21054
21059,21055
21060,21056
21061,21057
21062,21058
21063,21059
21064,21060
21065,21061
21066,21062
21067,21063
21068,21064
21069,21065
21070,21066
21071,21067
21072,21068
21073,21069
21074,21070
21075,21071
21076,21072
21077,21073
21078,21074
21079,21075
21080,21076
21081,21077
21082,21078
21083,21079
21084,21080
21085,21081
21086,21082
21087,21083
21088,21084
21089,21085
21090,21086
21091,21087
21092,21088
21093,21089
21094,21090
21095,21091
21096,21092
21097,21093
21098,21094
21099,21095
21100,21096
21101,21097
21102,21098
21103,21099
21104,21100
21105,21101
21106,21102
21107,21103
21108,21104
21109,21105
21110,21106
21111,21107
21112,21108
21113,21109
21114,21110
21115,21111
21116,21112
21117,21113
21118,21114
21119,21115
21120,21116
21121,21117
21122,21118
21123,21119
21124,21120
21125,21121
21126,21122
21127,21123
21128,21124
21129,21125
21130,21126
21131,21127
21132,21128
21133,21129
21134,21130
21135,21131
21136,21132
21137,21133
21138,21134
21139,21135
21140,21136
21141,21137
21142,21138
21143,21139
21144,21140
21145,21141
21146,21142
21147,21143
21148,21144
21149,21145
21150,21146
21151,21147
21152,21148
21153,21149
21154,21150
21155,21151
21156,21152
21157,21153
21158,21154
21159,21155
21160,21156
21161,21157
21162,21158
21163,21159
21164,21160
21165,21161
21166,21162
21167,21163
21168,21164
21169,21165
21170,21166
21171,21167
21172,21168
21173,21169
21174,21170
21175,21171
21176,21172
21177,21173
21178,21174
21179,21175
21180,21176
21181,21177
21182,21178
21183,21179
21184,21180
21185,21181
21186,21182
21187,21183
21188,21184
21189,21185
21190,21186
21191,21187
21192,21188
21193,21189
21194,21190
21195,21191
21196,21192
21197,21193
21198,21194
21199,21195
21200,21196
21201,21197
21202,21198
21203,21199
21204,21200
21205,21201
21206,21202
21207,21203
21208,21204
21209,21205
21210,21206
21211,21207
21212,21208
21213,21209
21214,21210
21215,21211
21216,21212
21217,21213
21218,21214
21219,21215
21220,21216
21221,21217
21222,21218
21223,21219
21224,21220
21225,21221
21226,21222
21227,21223
21228,21224
21229,21225
21230,21226
21231,21227
21232,21228
21233,21229
21234,21230
21235,21231
21236,21232
21237,21233
21238,21234
21239,21235
21240,21236
21241,21237
21242,21238
21243,21239
21244,21240
21245,21241
21246,21242
21247,21243
21248,21244
21249,21245
21250,21246
21251,21247
21252,21248
21253,21249
21254,21250
21255,21251
21256,21252
21257,21253
21258,21254
21259,21255
21260,21256
21261,21257
21262,21258
21263,21259
21264,21260
21265,21261
21266,21262
21267,21263
21268,21264
21269,21265
21270,21266
21271,21267
21272,21268
21273,21269
21274,21270
21275,21271
21276,21272
21277,21273
21278,21274
21279,21275
21280,21276
21281,21277
21282,21278
21283,21279
21284,21280
21285,21281
21286,21282
21287,21283
21288,21284
21289,21285
21290,21286
21291,21287
21292,21288
21293,21289
21294,21290
21295,21291
21296,21292
21297,21293
21298,21294
21299,21295
21300,21296
21301,21297
21302,21298
21303,21299
21304,21300
21305,21301
21306,21302
21307,21303
21308,21304
21309,21305
21310,21306
21311,21307
21312,21308
21313,21309
21314,21310
21315,21311
21316,21312
21317,21313
21318,21314
21319,21315
21320,21316
21321,21317
21322,21318
21323,21319
21324,21320
21325,21321
21326,21322
21327,21323
21328,21324
21329,21325
21330,21326
21331,21327
21332,21328
21333,21329
21334,21330
21335,21331
21336,21332
21337,21333
21338,21334
21339,21335
21340,21336
21341,21337
21342,21338
21343,21339
21344,21340
21345,21341
21346,21342
21347,21343
21348,21344
21349,21345
21350,21346
21351,21347
21352,21348
21353,21349
21354,21350
21355,21351
21356,21352
21357,21353
21358,21354
21359,21355
21360,21356
21361,21357
21362,21358
21363,21359
21364,21360
21365,21361
21366,21362
21367,21363
21368,21364
21369,21365
21370,21366
21371,21367
21372,21368
21373,21369
21374,21370
21375,21371
21376,21372
21377,21373
21378,21374
21379,21375
21380,21376
21381,21377
21382,21378
21383,21379
21384,21380
21385,21381
21386,21382
21387,21383
21388,21384
21389,21385
21390,21386
21391,21387
21392,21388
21393,21389
21394,21390
21395,21391
21396,21392
21397,21393
21398,21394
21399,21395
21400,21396
21401,21397
21402,21398
21403,21399
21404,21400
21405,21401
21406,21402
21407,21403
21408,21404
21409,21405
21410,21406
21411,21407
21412,21408
21413,21409
21414,21410
21415,21411
21416,21412
21417,21413
21418,21414
21419,21415
21420,21416
21421,21417
21422,21418
21423,21419
21424,21420
21425,21421
21426,21422
21427,21423
21428,21424
21429,21425
21430,21426
21431,21427
21432,21428
21433,21429
21434,21430
21435,21431
21436,21432
21437,21433
21438,21434
21439,21435
21440,21436
21441,21437
21442,21438
21443,21439
21444,21440
21445,21441
21446,21442
21447,21443
21448,21444
21449,21445
21450,21446
21451,21447
21452,21448
21453,21449
21454,21450
21455,21451
21456,21452
21457,21453
21458,21454
21459,21455
21460,21456
21461,21457
21462,21458
21463,21459
21464,21460
21465,21461
21466,21462
21467,21463
21468,21464
21469,21465
21470,21466
21471,21467
21472,21468
21473,21469
21474,21470
21475,21471
21476,21472
21477,21473
21478,21474
21479,21475
21480,21476
21481,21477
21482,21478
21483,21479
21484,21480
21485,21481
21486,21482
21487,21483
21488,21484
21489,21485
21490,21486
21491,21487
21492,21488
21493,21489
21494,21490
21495,21491
21496,21492
21497,21493
21498,21494
21499,21495
21500,21496
21501,21497
21502,21498
21503,21499
21504,21500
21505,21501
21506,21502
21507,21503
21508,21504
21509,21505
21510,21506
21511,21507
21512,21508
21513,21509
21514,21510
21515,21511
21516,21512
21517,21513
21518,21514
21519,21515
21520,21516
21521,21517
21522,21518
21523,21519
21524,21520
21525,21521
21526,21522
21527,21523
21528,21524
21529,21525
21530,21526
21531,21527
21532,21528
21533,21529
21534,21530
21535,21531
21536,21532
21537,21533
21538,21534
21539,21535
21540,21536
21541,21537
21542,21538
21543,21539
21544,21540
21545,21541
21546,21542
21547,21543
21548,21544
21549,21545
21550,21546
21551,21547
21552,21548
21553,21549
21554,21550
21555,21551
21556,21552
21557,21553
21558,21554
21559,21555
21560,21556
21561,21557
21562,21558
21563,21559
21564,21560
21565,21561
21566,21562
21567,21563
21568,21564
21569,21565
21570,21566
21571,21567
21572,21568
21573,21569
21574,21570
21575,21571
21576,21572
21577,21573
21578,21574
21579,21575
21580,21576
21581,21577
21582,21578
21583,21579
21584,21580
21585,21581
21586,21582
21587,21583
21588,21584
21589,21585
21590,21586
21591,21587
21592,21588
21593,21589
21594,21590
21595,21591
21596,21592
21597,21593
21598,21594
21599,21595
21600,21596
21601,21597
21602,21598
21603,21599
21604,21600
21605,21601
21606,21602
21607,21603
21608,21604
21609,21605
21610,21606
21611,21607
21612,21608
21613,21609
21614,21610
21615,21611
21616,21612
21617,21613
21618,21614
21619,21615
21620,21616
21621,21617
21622,21618
21623,21619
21624,21620
21625,21621
21626,21622
21627,21623
21628,21624
21629,21625
21630,21626
21631,21627
21632,21628
21633,21629
21634,21630
21635,21631
21636,21632
21637,21633
21638,21634
21639,21635
21640,21636
21641,21637
21642,21638
21643,21639
21644,21640
21645,21641
21646,21642
21647,21643
21648,21644
21649,21645
21650,21646
21651,21647
21652,21648
21653,21649
21654,21650
21655,21651
21656,21652
21657,21653
21658,21654
21659,21655
21660,21656
21661,21657
21662,21658
21663,21659
21664,21660
21665,21661
21666,21662
21667,21663
21668,21664
21669,21665
21670,21666
21671,21667
21672,21668
21673,21669
21674,21670
21675,21671
21676,21672
21677,21673
21678,21674
21679,21675
21680,21676
21681,21677
21682,21678
21683,21679
21684,21680
21685,21681
21686,21682
21687,21683
21688,21684
21689,21685
21690,21686
21691,21687
21692,21688
21693,21689
21694,21690
21695,21691
21696,21692
21697,21693
21698,21694
21699,21695
21700,21696
21701,21697
21702,21698
21703,21699
21704,21700
21705,21701
21706,21702
21707,21703
21708,21704
21709,21705
21710,21706
21711,21707
21712,21708
21713,21709
21714,21710
21715,21711
21716,21712
21717,21713
21718,21714
21719,21715
21720,21716
21721,21717
21722,21718
21723,21719
21724,21720
21725,21721
21726,21722
21727,21723
21728,21724
21729,21725
21730,21726
21731,21727
21732,21728
21733,21729
21734,21730
21735,21731
21736,21732
21737,21733
21738,21734
21739,21735
21740,21736
21741,21737
21742,21738
21743,21739
21744,21740
21745,21741
21746,21742
21747,21743
21748,21744
21749,21745
21750,21746
21751,21747
21752,21748
21753,21749
21754,21750
21755,21751
21756,21752
21757,21753
21758,21754
21759,21755
21760,21756
21761,21757
21762,21758
21763,21759
21764,21760
21765,21761
21766,21762
21767,21763
21768,21764
21769,21765
21770,21766
21771,21767
21772,21768
21773,21769
21774,21770
21775,21771
21776,21772
21777,21773
21778,21774
21779,21775
21780,21776
21781,21777
21782,21778
21783,21779
21784,21780
21785,21781
21786,21782
21787,21783
21788,21784
21789,21785
21790,21786
21791,21787
21792,21788
21793,21789
21794,21790
21795,21791
21796,21792
21797,21793
21798,21794
21799,21795
21800,21796
21801,21797
21802,21798
21803,21799
21804,21800
21805,21801
21806,21802
21807,21803
21808,21804
21809,21805
21810,21806
21811,21807
21812,21808
21813,21809
21814,21810
21815,21811
21816,21812
21817,21813
21818,21814
21819,21815
21820,21816
21821,21817
21822,21818
21823,21819
21824,21820
21825,21821
21826,21822
21827,21823
21828,21824
21829,21825
21830,21826
21831,21827
21832,21828
21833,21829
21834,21830
21835,21831
21836,21832
21837,21833
21838,21834
21839,21835
21840,21836
21841,21837
21842,21838
21843,21839
21844,21840
21845,21841
21846,21842
21847,21843
21848,21844
21849,21845
21850,21846
21851,21847
21852,21848
21853,21849
21854,21850
21855,21851
21856,21852
21857,21853
21858,21854
21859,21855
21860,21856
21861,21857
21862,21858
21863,21859
21864,21860
21865,21861
21866,21862
21867,21863
21868,21864
21869,21865
21870,21866
21871,21867
21872,21868
21873,21869
21874,21870
21875,21871
21876,21872
21877,21873
21878,21874
21879,21875
21880,21876
21881,21877
21882,21878
21883,21879
21884,21880
21885,21881
21886,21882
21887,21883
21888,21884
21889,21885
21890,21886
21891,21887
21892,21888
21893,21889
21894,21890
21895,21891
21896,21892
21897,21893
21898,21894
21899,21895
21900,21896
21901,21897
21902,21898
21903,21899
21904,21900
21905,21901
21906,21902
21907,21903
21908,21904
21909,21905
21910,21906
21911,21907
21912,21908
21913,21909
21914,21910
21915,21911
21916,21912
21917,21913
21918,21914
21919,21915
21920,21916
21921,21917
21922,21918
21923,21919
21924,21920
21925,21921
21926,21922
21927,21923
21928,21924
21929,21925
21930,21926
21931,21927
21932,21928
21933,21929
21934,21930
21935,21931
21936,21932
21937,21933
21938,21934
21939,21935
21940,21936
21941,21937
21942,21938
21943,21939
21944,21940
21945,21941
21946,21942
21947,21943
21948,21944
21949,21945
21950,21946
21951,21947
21952,21948
21953,21949
21954,21950
21955,21951
21956,21952
21957,21953
21958,21954
21959,21955
21960,21956
21961,21957
21962,21958
21963,21959
21964,21960
21965,21961
21966,21962
21967,21963
21968,21964
21969,21965
21970,21966
21971,21967
21972,21968
21973,21969
21974,21970
21975,21971
21976,21972
21977,21973
21978,21974
21979,21975
21980,21976
21981,21977
21982,21978
21983,21979
21984,21980
21985,21981
21986,21982
21987,21983
21988,21984
21989,21985
21990,21986
21991,21987
21992,21988
21993,21989
21994,21990
21995,21991
21996,21992
21997,21993
21998,21994
21999,21995
22000,21996
22001,21997
22002,21998
22003,21999
22004,22000
22005,22001
22006,22002
22007,22003
22008,22004
22009,22005
22010,22006
22011,22007
22012,22008
22013,22009
22014,22010
22015,22011
22016,22012
22017,22013
22018,22014
22019,22015
22020,22016
22021,22017
22022,22018
22023,22019
22024,22020
22025,22021
22026,22022
22027,22023
22028,22024
22029,22025
22030,22026
22031,22027
22032,22028
22033,22029
22034,22030
22035,22031
22036,22032
22037,22033
22038,22034
22039,22035
22040,22036
22041,22037
22042,22038
22043,22039
22044,22040
22045,22041
22046,22042
22047,22043
22048,22044
22049,22045
22050,22046
22051,22047
22052,22048
22053,22049
22054,22050
22055,22051
22056,22052
22057,22053
22058,22054
22059,22055
22060,22056
22061,22057
22062,22058
22063,22059
22064,22060
22065,22061
22066,22062
22067,22063
22068,22064
22069,22065
22070,22066
22071,22067
22072,22068
22073,22069
22074,22070
22075,22071
22076,22072
22077,22073
22078,22074
22079,22075
22080,22076
22081,22077
22082,22078
22083,22079
22084,22080
22085,22081
22086,22082
22087,22083
22088,22084
22089,22085
22090,22086
22091,22087
22092,22088
22093,22089
22094,22090
22095,22091
22096,22092
22097,22093
22098,22094
22099,22095
22100,22096
22101,22097
22102,22098
22103,22099
22104,22100
22105,22101
22106,22102
22107,22103
22108,22104
22109,22105
22110,22106
22111,22107
22112,22108
22113,22109
22114,22110
22115,22111
22116,22112
22117,22113
22118,22114
22119,22115
22120,22116
22121,22117
22122,22118
22123,22119
22124,22120
22125,22121
22126,22122
22127,22123
22128,22124
22129,22125
22130,22126
22131,22127
22132,22128
22133,22129
22134,22130
22135,22131
22136,22132
22137,22133
22138,22134
22139,22135
22140,22136
22141,22137
22142,22138
22143,22139
22144,22140
22145,22141
22146,22142
22147,22143
22148,22144
22149,22145
22150,22146
22151,22147
22152,22148
22153,22149
22154,22150
22155,22151
22156,22152
22157,22153
22158,22154
22159,22155
22160,22156
22161,22157
22162,22158
22163,22159
22164,22160
22165,22161
22166,22162
22167,22163
22168,22164
22169,22165
22170,22166
22171,22167
22172,22168
22173,22169
22174,22170
22175,22171
22176,22172
22177,22173
22178,22174
22179,22175
22180,22176
22181,22177
22182,22178
22183,22179
22184,22180
22185,22181
22186,22182
22187,22183
22188,22184
22189,22185
22190,22186
22191,22187
22192,22188
22193,22189
22194,22190
22195,22191
22196,22192
22197,22193
22198,22194
22199,22195
22200,22196
22201,22197
22202,22198
22203,22199
22204,22200
22205,22201
22206,22202
22207,22203
22208,22204
22209,22205
22210,22206
22211,22207
22212,22208
22213,22209
22214,22210
22215,22211
22216,22212
22217,22213
22218,22214
22219,22215
22220,22216
22221,22217
22222,22218
22223,22219
22224,22220
22225,22221
22226,22222
22227,22223
22228,22224
22229,22225
22230,22226
22231,22227
22232,22228
22233,22229
22234,22230
22235,22231
22236,22232
22237,22233
22238,22234
22239,22235
22240,22236
22241,22237
22242,22238
22243,22239
22244,22240
22245,22241
22246,22242
22247,22243
22248,22244
22249,22245
22250,22246
22251,22247
22252,22248
22253,22249
22254,22250
22255,22251
22256,22252
22257,22253
22258,22254
22259,22255
22260,22256
22261,22257
22262,22258
22263,22259
22264,22260
22265,22261
22266,22262
22267,22263
22268,22264
22269,22265
22270,22266
22271,22267
22272,22268
22273,22269
22274,22270
22275,22271
22276,22272
22277,22273
22278,22274
22279,22275
22280,22276
22281,22277
22282,22278
22283,22279
22284,22280
22285,22281
22286,22282
22287,22283
22288,22284
22289,22285
22290,22286
22291,22287
22292,22288
22293,22289
22294,22290
22295,22291
22296,22292
22297,22293
22298,22294
22299,22295
22300,22296
22301,22297
22302,22298
22303,22299
22304,22300
22305,22301
22306,22302
22307,22303
22308,22304
22309,22305
22310,22306
22311,22307
22312,22308
22313,22309
22314,22310
22315,22311
22316,22312
22317,22313
22318,22314
22319,22315
22320,22316
22321,22317
22322,22318
22323,22319
22324,22320
22325,22321
22326,22322
22327,22323
22328,22324
22329,22325
22330,22326
22331,22327
22332,22328
22333,22329
22334,22330
22335,22331
22336,22332
22337,22333
22338,22334
22339,22335
22340,22336
22341,22337
22342,22338
22343,22339
22344,22340
22345,22341
22346,22342
22347,22343
22348,22344
22349,22345
22350,22346
22351,22347
22352,22348
22353,22349
22354,22350
22355,22351
22356,22352
22357,22353
22358,22354
22359,22355
22360,22356
22361,22357
22362,22358
22363,22359
22364,22360
22365,22361
22366,22362
22367,22363
22368,22364
22369,22365
22370,22366
22371,22367
22372,22368
22373,22369
22374,22370
22375,22371
22376,22372
22377,22373
22378,22374
22379,22375
22380,22376
22381,22377
22382,22378
22383,22379
22384,22380
22385,22381
22386,22382
22387,22383
22388,22384
22389,22385
22390,22386
22391,22387
22392,22388
22393,22389
22394,22390
22395,22391
22396,22392
22397,22393
22398,22394
22399,22395
22400,22396
22401,22397
22402,22398
22403,22399
22404,22400
22405,22401
22406,22402
22407,22403
22408,22404
22409,22405
22410,22406
22411,22407
22412,22408
22413,22409
22414,22410
22415,22411
22416,22412
22417,22413
22418,22414
22419,22415
22420,22416
22421,22417
22422,22418
22423,22419
22424,22420
22425,22421
22426,22422
22427,22423
22428,22424
22429,22425
22430,22426
22431,22427
22432,22428
22433,22429
22434,22430
22435,22431
22436,22432
22437,22433
22438,22434
22439,22435
22440,22436
22441,22437
22442,22438
22443,22439
22444,22440
22445,22441
22446,22442
22447,22443
22448,22444
22449,22445
22450,22446
22451,22447
22452,22448
22453,22449
22454,22450
22455,22451
22456,22452
22457,22453
22458,22454
22459,22455
22460,22456
22461,22457
22462,22458
22463,22459
22464,22460
22465,22461
22466,22462
22467,22463
22468,22464
22469,22465
22470,22466
22471,22467
22472,22468
22473,22469
22474,22470
22475,22471
22476,22472
22477,22473
22478,22474
22479,22475
22480,22476
22481,22477
22482,22478
22483,22479
22484,22480
22485,22481
22486,22482
22487,22483
22488,22484
22489,22485
22490,22486
22491,22487
22492,22488
22493,22489
22494,22490
22495,22491
22496,22492
22497,22493
22498,22494
22499,22495
22500,22496
22501,22497
22502,22498
22503,22499
22504,22500
22505,22501
22506,22502
22507,22503
22508,22504
22509,22505
22510,22506
22511,22507
22512,22508
22513,22509
22514,22510
22515,22511
22516,22512
22517,22513
22518,22514
22519,22515
22520,22516
22521,22517
22522,22518
22523,22519
22524,22520
22525,22521
22526,22522
22527,22523
22528,22524
22529,22525
22530,22526
22531,22527
22532,22528
22533,22529
22534,22530
22535,22531
22536,22532
22537,22533
22538,22534
22539,22535
22540,22536
22541,22537
22542,22538
22543,22539
22544,22540
22545,22541
22546,22542
22547,22543
22548,22544
22549,22545
22550,22546
22551,22547
22552,22548
22553,22549
22554,22550
22555,22551
22556,22552
22557,22553
22558,22554
22559,22555
22560,22556
22561,22557
22562,22558
22563,22559
22564,22560
22565,22561
22566,22562
22567,22563
22568,22564
22569,22565
22570,22566
22571,22567
22572,22568
22573,22569
22574,22570
22575,22571
22576,22572
22577,22573
22578,22574
22579,22575
22580,22576
22581,22577
22582,22578
22583,22579
22584,22580
22585,22581
22586,22582
22587,22583
22588,22584
22589,22585
22590,22586
22591,22587
22592,22588
22593,22589
22594,22590
22595,22591
22596,22592
22597,22593
22598,22594
22599,22595
22600,22596
22601,22597
22602,22598
22603,22599
22604,22600
22605,22601
22606,22602
22607,22603
22608,22604
22609,22605
22610,22606
22611,22607
22612,22608
22613,22609
22614,22610
22615,22611
22616,22612
22617,22613
22618,22614
22619,22615
22620,22616
22621,22617
22622,22618
22623,22619
22624,22620
22625,22621
22626,22622
22627,22623
22628,22624
22629,22625
22630,22626
22631,22627
22632,22628
22633,22629
22634,22630
22635,22631
22636,22632
22637,22633
22638,22634
22639,22635
22640,22636
22641,22637
22642,22638
22643,22639
22644,22640
22645,22641
22646,22642
22647,22643
22648,22644
22649,22645
22650,22646
22651,22647
22652,22648
22653,22649
22654,22650
22655,22651
22656,22652
22657,22653
22658,22654
22659,22655
22660,22656
22661,22657
22662,22658
22663,22659
22664,22660
22665,22661
22666,22662
22667,22663
22668,22664
22669,22665
22670,22666
22671,22667
22672,22668
22673,22669
22674,22670
22675,22671
22676,22672
22677,22673
22678,22674
22679,22675
22680,22676
22681,22677
22682,22678
22683,22679
22684,22680
22685,22681
22686,22682
22687,22683
22688,22684
22689,22685
22690,22686
22691,22687
22692,22688
22693,22689
22694,22690
22695,22691
22696,22692
22697,22693
22698,22694
22699,22695
22700,22696
22701,22697
22702,22698
22703,22699
22704,22700
22705,22701
22706,22702
22707,22703
22708,22704
22709,22705
22710,22706
22711,22707
22712,22708
22713,22709
22714,22710
22715,22711
22716,22712
22717,22713
22718,22714
22719,22715
22720,22716
22721,22717
22722,22718
22723,22719
22724,22720
22725,22721
22726,22722
22727,22723
22728,22724
22729,22725
22730,22726
22731,22727
22732,22728
22733,22729
22734,22730
22735,22731
22736,22732
22737,22733
22738,22734
22739,22735
22740,22736
22741,22737
22742,22738
22743,22739
22744,22740
22745,22741
22746,22742
22747,22743
22748,22744
22749,22745
22750,22746
22751,22747
22752,22748
22753,22749
22754,22750
22755,22751
22756,22752
22757,22753
22758,22754
22759,22755
22760,22756
22761,22757
22762,22758
22763,22759
22764,22760
22765,22761
22766,22762
22767,22763
22768,22764
22769,22765
22770,22766
22771,22767
22772,22768
22773,22769
22774,22770
22775,22771
22776,22772
22777,22773
22778,22774
22779,22775
22780,22776
22781,22777
22782,22778
22783,22779
22784,22780
22785,22781
22786,22782
22787,22783
22788,22784
22789,22785
22790,22786
22791,22787
22792,22788
22793,22789
22794,22790
22795,22791
22796,22792
22797,22793
22798,22794
22799,22795
22800,22796
22801,22797
22802,22798
22803,22799
22804,22800
22805,22801
22806,22802
22807,22803
22808,22804
22809,22805
22810,22806
22811,22807
22812,22808
22813,22809
22814,22810
22815,22811
22816,22812
22817,22813
22818,22814
22819,22815
22820,22816
22821,22817
22822,22818
22823,22819
22824,22820
22825,22821
22826,22822
22827,22823
22828,22824
22829,22825
22830,22826
22831,22827
22832,22828
22833,22829
22834,22830
22835,22831
22836,22832
22837,22833
22838,22834
22839,22835
22840,22836
22841,22837
22842,22838
22843,22839
22844,22840
22845,22841
22846,22842
22847,22843
22848,22844
22849,22845
22850,22846
22851,22847
22852,22848
22853,22849
22854,22850
22855,22851
22856,22852
22857,22853
22858,22854
22859,22855
22860,22856
22861,22857
22862,22858
22863,22859
22864,22860
22865,22861
22866,22862
22867,22863
22868,22864
22869,22865
22870,22866
22871,22867
22872,22868
22873,22869
22874,22870
22875,22871
22876,22872
22877,22873
22878,22874
22879,22875
22880,22876
22881,22877
22882,22878
22883,22879
22884,22880
22885,22881
22886,22882
22887,22883
22888,22884
22889,22885
22890,22886
22891,22887
22892,22888
22893,22889
22894,22890
22895,22891
22896,22892
22897,22893
22898,22894
22899,22895
22900,22896
22901,22897
22902,22898
22903,22899
22904,22900
22905,22901
22906,22902
22907,22903
22908,22904
22909,22905
22910,22906
22911,22907
22912,22908
22913,22909
22914,22910
22915,22911
22916,22912
22917,22913
22918,22914
22919,22915
22920,22916
22921,22917
22922,22918
22923,22919
22924,22920
22925,22921
22926,22922
22927,22923
22928,22924
22929,22925
22930,22926
22931,22927
22932,22928
22933,22929
22934,22930
22935,22931
22936,22932
22937,22933
22938,22934
22939,22935
22940,22936
22941,22937
22942,22938
22943,22939
22944,22940
22945,22941
22946,22942
22947,22943
22948,22944
22949,22945
22950,22946
22951,22947
22952,22948
22953,22949
22954,22950
22955,22951
22956,22952
22957,22953
22958,22954
22959,22955
22960,22956
22961,22957
22962,22958
22963,22959
22964,22960
22965,22961
22966,22962
22967,22963
22968,22964
22969,22965
22970,22966
22971,22967
22972,22968
22973,22969
22974,22970
22975,22971
22976,22972
22977,22973
22978,22974
22979,22975
22980,22976
22981,22977
22982,22978
22983,22979
22984,22980
22985,22981
22986,22982
22987,22983
22988,22984
22989,22985
22990,22986
22991,22987
22992,22988
22993,22989
22994,22990
22995,22991
22996,22992
22997,22993
22998,22994
22999,22995
23000,22996
23001,22997
23002,22998
23003,22999
23004,23000
23005,23001
23006,23002
23007,23003
23008,23004
23009,23005
23010,23006
23011,23007
23012,23008
23013,23009
23014,23010
23015,23011
23016,23012
23017,23013
23018,23014
23019,23015
23020,23016
23021,23017
23022,23018
23023,23019
23024,23020
23025,23021
23026,23022
23027,23023
23028,23024
23029,23025
23030,23026
23031,23027
23032,23028
23033,23029
23034,23030
23035,23031
23036,23032
23037,23033
23038,23034
23039,23035
23040,23036
23041,23037
23042,23038
23043,23039
23044,23040
23045,23041
23046,23042
23047,23043
23048,23044
23049,23045
23050,23046
23051,23047
23052,23048
23053,23049
23054,23050
23055,23051
23056,23052
23057,23053
23058,23054
23059,23055
23060,23056
23061,23057
23062,23058
23063,23059
23064,23060
23065,23061
23066,23062
23067,23063
23068,23064
23069,23065
23070,23066
23071,23067
23072,23068
23073,23069
23074,23070
23075,23071
23076,23072
23077,23073
23078,23074
23079,23075
23080,23076
23081,23077
23082,23078
23083,23079
23084,23080
23085,23081
23086,23082
23087,23083
23088,23084
23089,23085
23090,23086
23091,23087
23092,23088
23093,23089
23094,23090
23095,23091
23096,23092
23097,23093
23098,23094
23099,23095
23100,23096
23101,23097
23102,23098
23103,23099
23104,23100
23105,23101
23106,23102
23107,23103
23108,23104
23109,23105
23110,23106
23111,23107
23112,23108
23113,23109
23114,23110
23115,23111
23116,23112
23117,23113
23118,23114
23119,23115
23120,23116
23121,23117
23122,23118
23123,23119
23124,23120
23125,23121
23126,23122
23127,23123
23128,23124
23129,23125
23130,23126
23131,23127
23132,23128
23133,23129
23134,23130
23135,23131
23136,23132
23137,23133
23138,23134
23139,23135
23140,23136
23141,23137
23142,23138
23143,23139
23144,23140
23145,23141
23146,23142
23147,23143
23148,23144
23149,23145
23150,23146
23151,23147
23152,23148
23153,23149
23154,23150
23155,23151
23156,23152
23157,23153
23158,23154
23159,23155
23160,23156
23161,23157
23162,23158
23163,23159
23164,23160
23165,23161
23166,23162
23167,23163
23168,23164
23169,23165
23170,23166
23171,23167
23172,23168
23173,23169
23174,23170
23175,23171
23176,23172
23177,23173
23178,23174
23179,23175
23180,23176
23181,23177
23182,23178
23183,23179
23184,23180
23185,23181
23186,23182
23187,23183
23188,23184
23189,23185
23190,23186
23191,23187
23192,23188
23193,23189
23194,23190
23195,23191
23196,23192
23197,23193
23198,23194
23199,23195
23200,23196
23201,23197
23202,23198
23203,23199
23204,23200
23205,23201
23206,23202
23207,23203
23208,23204
23209,23205
23210,23206
23211,23207
23212,23208
23213,23209
23214,23210
23215,23211
23216,23212
23217,23213
23218,23214
23219,23215
23220,23216
23221,23217
23222,23218
23223,23219
23224,23220
23225,23221
23226,23222
23227,23223
23228,23224
23229,23225
23230,23226
23231,23227
23232,23228
23233,23229
23234,23230
23235,23231
23236,23232
23237,23233
23238,23234
23239,23235
23240,23236
23241,23237
23242,23238
23243,23239
23244,23240
23245,23241
23246,23242
23247,23243
23248,23244
23249,23245
23250,23246
23251,23247
23252,23248
23253,23249
23254,23250
23255,23251
23256,23252
23257,23253
23258,23254
23259,23255
23260,23256
23261,23257
23262,23258
23263,23259
23264,23260
23265,23261
23266,23262
23267,23263
23268,23264
23269,23265
23270,23266
23271,23267
23272,23268
23273,23269
23274,23270
23275,23271
23276,23272
23277,23273
23278,23274
23279,23275
23280,23276
23281,23277
23282,23278
23283,23279
23284,23280
23285,23281
23286,23282
23287,23283
23288,23284
23289,23285
23290,23286
23291,23287
23292,23288
23293,23289
23294,23290
23295,23291
23296,23292
23297,23293
23298,23294
23299,23295
23300,23296
23301,23297
23302,23298
23303,23299
23304,23300
23305,23301
23306,23302
23307,23303
23308,23304
23309,23305
23310,23306
23311,23307
23312,23308
23313,23309
23314,23310
23315,23311
23316,23312
23317,23313
23318,23314
23319,23315
23320,23316
23321,23317
23322,23318
23323,23319
23324,23320
23325,23321
23326,23322
23327,23323
23328,23324
23329,23325
23330,23326
23331,23327
23332,23328
23333,23329
23334,23330
23335,23331
23336,23332
23337,23333
23338,23334
23339,23335
23340,23336
23341,23337
23342,23338
23343,23339
23344,23340
23345,23341
23346,23342
23347,23343
23348,23344
23349,23345
23350,23346
23351,23347
23352,23348
23353,23349
23354,23350
23355,23351
23356,23352
23357,23353
23358,23354
23359,23355
23360,23356
23361,23357
23362,23358
23363,23359
23364,23360
23365,23361
23366,23362
23367,23363
23368,23364
23369,23365
23370,23366
23371,23367
23372,23368
23373,23369
23374,23370
23375,23371
23376,23372
23377,23373
23378,23374
23379,23375
23380,23376
23381,23377
23382,23378
23383,23379
23384,23380
23385,23381
23386,23382
23387,23383
23388,23384
23389,23385
23390,23386
23391,23387
23392,23388
23393,23389
23394,23390
23395,23391
23396,23392
23397,23393
23398,23394
23399,23395
23400,23396
23401,23397
23402,23398
23403,23399
23404,23400
23405,23401
23406,23402
23407,23403
23408,23404
23409,23405
23410,23406
23411,23407
23412,23408
23413,23409
23414,23410
23415,23411
23416,23412
23417,23413
23418,23414
23419,23415
23420,23416
23421,23417
23422,23418
23423,23419
23424,23420
23425,23421
23426,23422
23427,23423
23428,23424
23429,23425
23430,23426
23431,23427
23432,23428
23433,23429
23434,23430
23435,23431
23436,23432
23437,23433
23438,23434
23439,23435
23440,23436
23441,23437
23442,23438
23443,23439
23444,23440
23445,23441
23446,23442
23447,23443
23448,23444
23449,23445
23450,23446
23451,23447
23452,23448
23453,23449
23454,23450
23455,23451
23456,23452
23457,23453
23458,23454
23459,23455
23460,23456
23461,23457
23462,23458
23463,23459
23464,23460
23465,23461
23466,23462
23467,23463
23468,23464
23469,23465
23470,23466
23471,23467
23472,23468
23473,23469
23474,23470
23475,23471
23476,23472
23477,23473
23478,23474
23479,23475
23480,23476
23481,23477
23482,23478
23483,23479
23484,23480
23485,23481
23486,23482
23487,23483
23488,23484
23489,23485
