Division Name,Department Name,Class Name,Rating,Recommended IND,Clothing ID
Initmates,Intimate,Intimates,4,1,767
General,Dresses,Dresses,5,1,1080
General,Dresses,Dresses,3,0,1077
General Petite,Bottoms,Pants,5,1,1049
General,Tops,Blouses,5,1,847
General,Dresses,Dresses,2,0,1080
General Petite,Tops,Knits,5,1,858
General Petite,Tops,Knits,4,1,858
General,Dresses,Dresses,5,1,1077
General,Dresses,Dresses,5,1,1077
General,Dresses,Dresses,3,0,1077
General Petite,Dresses,Dresses,5,1,1095
General Petite,Dresses,Dresses,5,1,1095
Initmates,Intimate,Intimates,5,1,767
General,Dresses,Dresses,3,1,1077
General,Bottoms,Pants,4,1,1065
General,Bottoms,Pants,3,1,1065
General,Tops,Blouses,5,1,853
General,Jackets,Outerwear,5,1,1120
General,Dresses,Dresses,5,1,1077
General,Tops,Blouses,4,1,847
General,Dresses,Dresses,4,1,1080
General,Dresses,Dresses,2,0,1077
General,Dresses,Dresses,3,1,1077
General,Tops,Blouses,5,1,847
Initmates,Intimate,Lounge,3,0,697
General,Tops,Sweaters,2,0,949
General,Bottoms,Skirts,4,1,1003
Initmates,Intimate,Lounge,5,1,684
General,Tops,Sweaters,5,1,4
General Petite,Bottoms,Pants,5,1,1060
General Petite,Bottoms,Pants,5,1,1060
General Petite,Bottoms,Pants,5,1,1060
General,Tops,Sweaters,2,0,949
Initmates,Intimate,Lounge,5,1,697
General Petite,Bottoms,Pants,4,1,1060
General,Bottoms,Skirts,4,1,1002
General,Tops,Sweaters,5,1,949
Initmates,Intimate,Lounge,5,1,684
General,Tops,Knits,5,1,862
General,Tops,Knits,4,1,862
General,Tops,Knits,5,1,862
General,Tops,Fine gauge,5,1,910
Initmates,Intimate,Sleep,4,1,89
General,Tops,Knits,5,1,862
General,Tops,Knits,4,1,862
General,Tops,Knits,5,1,862
General,Tops,Blouses,5,1,823
General,Tops,Fine gauge,5,1,910
General,Tops,Knits,5,1,862
General,Tops,Knits,4,1,862
General,Tops,Knits,5,1,862
General,Dresses,Dresses,3,1,1104
General,Tops,Knits,5,1,862
General,Tops,Knits,4,1,862
General,Tops,Knits,5,1,862
Initmates,Intimate,Intimates,2,0,368
General,Tops,Knits,3,0,862
General Petite,Dresses,Dresses,4,1,1095
Initmates,Intimate,Intimates,4,1,368
General Petite,Dresses,Dresses,5,1,1095
Initmates,Intimate,Intimates,1,0,368
General,Tops,Knits,5,1,862
General,Tops,Knits,5,1,862
General,Tops,Knits,5,1,862
General,Tops,Knits,4,1,862
General,Tops,Knits,4,1,862
General,Tops,Knits,5,1,862
General,Tops,Knits,2,0,862
General Petite,Dresses,Dresses,3,0,1078
General Petite,Tops,Blouses,4,1,845
General,Tops,Blouses,2,0,822
General,Tops,Blouses,5,1,850
General Petite,Tops,Knits,4,1,866
General Petite,Dresses,Dresses,5,1,1081
General Petite,Tops,Blouses,5,1,845
General,Dresses,Dresses,4,1,1082
General Petite,Tops,Blouses,2,0,850
General,Tops,Blouses,5,1,836
General Petite,Dresses,Dresses,4,1,1081
General,Dresses,Dresses,5,1,1072
General Petite,Tops,Knits,5,1,863
General,Jackets,Outerwear,5,1,1133
General,Tops,Blouses,5,1,822
General Petite,Tops,Knits,3,1,861
General Petite,Tops,Knits,1,0,866
General Petite,Tops,Blouses,4,1,850
General Petite,Dresses,Dresses,4,1,1081
General Petite,Tops,Blouses,2,0,845
General,Tops,Blouses,4,1,836
General Petite,Dresses,Dresses,4,1,1078
General Petite,Tops,Blouses,5,1,850
General Petite,Tops,Knits,5,1,861
General,Dresses,Dresses,5,1,1081
General Petite,Tops,Blouses,4,1,850
General,Tops,Knits,5,1,863
General Petite,Tops,Blouses,1,0,845
General Petite,Tops,Knits,1,0,861
General,Jackets,Outerwear,5,1,1133
General Petite,Tops,Knits,3,0,861
General Petite,Tops,Knits,4,1,861
General,Tops,Knits,4,1,863
General,Tops,Blouses,5,1,822
General,Tops,Blouses,2,0,822
General,Tops,Knits,2,0,863
General,Tops,Blouses,5,1,836
General,Tops,Blouses,4,1,836
General,Tops,Blouses,4,1,836
General,Tops,Blouses,5,1,836
General,Dresses,Dresses,5,1,1081
General Petite,Tops,Knits,1,0,861
General,Dresses,Dresses,3,1,1081
General,Tops,Blouses,5,1,836
General,Dresses,Dresses,5,1,1081
General,Dresses,Dresses,2,0,1082
General,Tops,Knits,4,1,863
General,Dresses,Dresses,4,1,1072
General Petite,Dresses,Dresses,5,1,1078
General,Tops,Blouses,2,0,850
General,Tops,Blouses,5,1,836
General Petite,Tops,Knits,5,1,861
General,Jackets,Jackets,5,1,966
General Petite,Dresses,Dresses,5,1,1196
General,Tops,Blouses,5,1,836
General,Tops,Sweaters,3,0,923
General,Dresses,Dresses,3,1,1072
General,Jackets,Outerwear,4,1,1133
General,Jackets,Outerwear,5,1,1133
General,Jackets,Jackets,4,1,966
General,Tops,Knits,5,1,863
General Petite,Tops,Blouses,4,1,845
General,Dresses,Dresses,3,1,1081
General Petite,Tops,Knits,4,1,861
General,Jackets,Jackets,5,1,966
General Petite,Tops,Blouses,5,1,845
General Petite,Tops,Knits,4,1,861
General,Jackets,Jackets,4,1,966
General,Tops,Blouses,4,1,836
Initmates,Intimate,Lounge,4,1,126
General,Bottoms,Skirts,5,1,1008
General,Tops,Blouses,5,1,829
General,Tops,Blouses,4,1,828
General,Jackets,Outerwear,5,1,1126
General,Bottoms,Skirts,5,1,1008
General,Tops,Blouses,3,0,829
General,Tops,Blouses,3,1,828
General,Bottoms,Skirts,5,1,1008
General,Bottoms,Skirts,5,1,1011
General,Bottoms,Skirts,5,1,1008
General,Bottoms,Skirts,5,1,1008
General,Bottoms,Skirts,5,1,1008
General,Bottoms,Skirts,4,1,1008
General,Tops,Blouses,3,0,829
General,Tops,Blouses,3,1,829
General Petite,Tops,Blouses,3,1,829
General Petite,Tops,Blouses,5,1,829
General,Bottoms,Skirts,5,1,1008
Initmates,Intimate,Swim,3,0,523
General Petite,Tops,Blouses,4,1,829
General Petite,Tops,Blouses,4,1,829
General,Jackets,Outerwear,4,1,1126
General Petite,Tops,Blouses,1,0,829
General Petite,Tops,Blouses,4,1,829
General,Bottoms,Skirts,5,1,1008
General,Jackets,Outerwear,4,1,1126
General Petite,Tops,Blouses,3,0,829
General Petite,Bottoms,Skirts,5,1,1020
General,Tops,Fine gauge,5,1,895
General,Tops,Knits,5,1,862
General,Dresses,Dresses,5,1,1104
Initmates,Intimate,Sleep,5,1,670
Initmates,Intimate,Sleep,5,1,329
Initmates,Intimate,Sleep,4,1,670
General Petite,Tops,Knits,4,1,868
General Petite,Bottoms,Skirts,5,1,1020
General,Tops,Knits,4,1,862
General,Tops,Fine gauge,5,1,895
General,Tops,Fine gauge,5,1,895
General Petite,Dresses,Dresses,2,0,1094
General,Tops,Fine gauge,5,1,895
General,Tops,Fine gauge,5,1,895
General Petite,Bottoms,Skirts,4,1,1020
General,Tops,Fine gauge,5,1,895
General Petite,Bottoms,Skirts,4,1,1020
General,Tops,Fine gauge,2,0,895
General,Tops,Fine gauge,2,0,895
General Petite,Bottoms,Skirts,4,1,1020
General,Trend,Trend,5,1,596
General Petite,Dresses,Dresses,4,1,1094
General Petite,Bottoms,Skirts,4,1,1020
General Petite,Tops,Fine gauge,4,1,895
General Petite,Tops,Fine gauge,2,0,895
General Petite,Tops,Fine gauge,5,1,895
General Petite,Bottoms,Skirts,5,1,1020
General,Dresses,Dresses,3,1,1098
General Petite,Tops,Fine gauge,5,1,895
General Petite,Tops,Knits,5,1,862
General Petite,Bottoms,Skirts,5,1,1020
General,Tops,Fine gauge,5,1,895
General Petite,Bottoms,Skirts,3,0,1020
General,Tops,Fine gauge,3,0,895
General,Tops,Fine gauge,5,1,895
General,Tops,Fine gauge,3,0,895
General,Tops,Fine gauge,5,1,895
General,Tops,Blouses,4,0,828
General Petite,Bottoms,Skirts,3,0,1020
General,Tops,Knits,5,1,862
General Petite,Bottoms,Skirts,4,1,1020
General,Tops,Fine gauge,5,1,895
General,Tops,Knits,1,0,862
General,Tops,Fine gauge,5,1,895
General Petite,Bottoms,Skirts,4,1,1020
General,Dresses,Dresses,4,1,1075
General,Dresses,Dresses,5,1,1104
General Petite,Bottoms,Skirts,1,0,1020
General Petite,Dresses,Dresses,5,1,1094
Initmates,Intimate,Swim,2,0,305
General,Tops,Blouses,5,1,828
General Petite,Dresses,Dresses,5,1,1094
General,Tops,Blouses,5,1,828
General Petite,Tops,Fine gauge,4,1,895
General Petite,Bottoms,Skirts,5,1,1020
General Petite,Tops,Fine gauge,5,1,895
General Petite,Intimate,Lounge,5,1,647
General,Bottoms,Jeans,4,1,1025
General,Bottoms,Jeans,5,1,1025
General Petite,Tops,Blouses,5,1,815
General,Bottoms,Pants,4,1,1066
General,Tops,Blouses,4,1,840
General,Bottoms,Jeans,4,1,1026
General,Tops,Blouses,5,1,840
General,Bottoms,Pants,5,1,1066
General,Tops,Blouses,2,0,840
General,Bottoms,Jeans,5,1,1030
General,Tops,Blouses,5,1,840
General,Bottoms,Pants,5,1,1066
General Petite,Intimate,Lounge,5,1,647
General,Bottoms,Pants,2,0,1066
General,Tops,Knits,5,1,872
General,Tops,Blouses,3,0,840
General,Bottoms,Pants,4,1,1066
General Petite,Intimate,Lounge,1,0,647
General,Bottoms,Pants,5,1,1066
General,Tops,Blouses,4,1,840
General,Bottoms,Pants,3,1,1066
General,Tops,Knits,5,1,872
General,Bottoms,Pants,3,1,1066
General,Jackets,Outerwear,4,1,1115
General,Bottoms,Jeans,5,1,1030
General,Bottoms,Skirts,4,1,1018
General,Bottoms,Jeans,5,1,1026
General,Tops,Blouses,5,1,840
General,Bottoms,Pants,5,1,1066
General Petite,Intimate,Lounge,5,1,647
General,Tops,Blouses,5,1,840
General,Tops,Blouses,4,1,840
General,Tops,Blouses,5,1,840
General,Bottoms,Skirts,4,1,1018
General,Tops,Blouses,3,0,840
General,Tops,Blouses,5,1,824
General,Jackets,Outerwear,5,1,1115
General,Tops,Blouses,5,1,840
General,Tops,Knits,3,0,878
General Petite,Jackets,Jackets,5,1,984
General,Dresses,Dresses,5,1,1104
General,Tops,Knits,4,1,878
General,Dresses,Dresses,5,1,1104
General Petite,Jackets,Jackets,4,1,984
General,Tops,Knits,4,1,866
General,Dresses,Dresses,5,1,1104
General,Tops,Knits,3,1,868
General Petite,Jackets,Jackets,5,1,984
General Petite,Jackets,Jackets,5,1,984
General,Dresses,Dresses,5,1,1104
General,Tops,Knits,5,1,878
General Petite,Tops,Knits,5,1,1182
General,Tops,Knits,5,1,868
General,Tops,Knits,5,1,868
General,Tops,Knits,3,1,868
General Petite,Trend,Trend,5,1,565
General Petite,Jackets,Jackets,5,1,984
General,Dresses,Dresses,5,1,1104
General,Tops,Knits,5,1,868
General,Tops,Knits,5,1,878
General,Tops,Knits,4,1,868
General,Dresses,Dresses,5,1,1104
General,Tops,Knits,2,0,868
General Petite,Jackets,Jackets,5,1,984
General,Tops,Knits,2,0,878
General Petite,Jackets,Jackets,5,1,984
General Petite,Jackets,Jackets,5,1,984
General Petite,Jackets,Jackets,5,1,984
General,Bottoms,Jeans,5,1,1024
General Petite,Jackets,Jackets,3,1,984
General Petite,Jackets,Jackets,5,1,984
General,Dresses,Dresses,5,1,1104
General,Bottoms,Jeans,5,1,1024
General Petite,Jackets,Jackets,5,1,984
General,Dresses,Dresses,5,1,1104
General Petite,Jackets,Jackets,5,1,984
General,Dresses,Dresses,4,1,1104
General Petite,Jackets,Jackets,5,1,984
General,Tops,Fine gauge,5,1,895
General,Dresses,Dresses,5,1,1104
General,Jackets,Outerwear,3,1,1131
General Petite,Jackets,Jackets,5,1,984
General,Dresses,Dresses,5,1,1104
General,Tops,Blouses,5,1,831
General Petite,Jackets,Jackets,4,1,984
General,Dresses,Dresses,5,1,1104
General,Tops,Blouses,5,1,836
General Petite,Dresses,Dresses,3,0,1089
General Petite,Tops,Blouses,3,0,844
General,Tops,Blouses,4,1,836
General,Tops,Blouses,3,0,836
General,Tops,Blouses,5,1,836
General,Tops,Blouses,5,1,836
General Petite,Tops,Blouses,5,1,844
General Petite,Tops,Sweaters,5,1,936
General,Tops,Fine gauge,5,1,895
General,Tops,Blouses,5,1,836
General,Tops,Blouses,5,1,831
General Petite,Tops,Blouses,5,1,844
General,Tops,Fine gauge,5,1,895
General,Bottoms,Pants,5,1,1066
General Petite,Tops,Blouses,2,0,844
General,Tops,Blouses,5,1,836
General,Tops,Blouses,4,1,836
General,Tops,Fine gauge,5,1,907
General,Tops,Blouses,5,1,836
General Petite,Tops,Blouses,3,0,844
General,Dresses,Dresses,4,1,1103
General,Tops,Knits,5,1,866
General,Tops,Fine gauge,5,1,907
General Petite,Tops,Blouses,1,0,844
General,Tops,Fine gauge,5,1,895
General,Tops,Fine gauge,5,1,895
General Petite,Dresses,Dresses,5,1,1080
General,Tops,Blouses,5,1,831
General Petite,Tops,Blouses,5,1,844
General Petite,Tops,Blouses,4,1,844
General,Tops,Blouses,5,1,831
General,Tops,Blouses,5,1,836
General,Tops,Fine gauge,5,1,907
General Petite,Tops,Blouses,3,0,844
General,Tops,Fine gauge,5,1,895
General,Tops,Fine gauge,5,1,895
General,Tops,Fine gauge,5,1,907
General Petite,Tops,Blouses,5,1,844
General,Tops,Blouses,3,0,836
General Petite,Tops,Blouses,2,0,844
General Petite,Tops,Blouses,4,1,844
General Petite,Tops,Blouses,5,1,844
General Petite,Tops,Sweaters,2,0,936
General,Tops,Fine gauge,5,1,907
General Petite,Tops,Sweaters,5,1,936
General,Tops,Blouses,1,0,831
General,Tops,Fine gauge,5,1,907
General Petite,Tops,Knits,3,0,862
General,Tops,Blouses,3,1,836
General Petite,Tops,Sweaters,4,1,936
General Petite,Tops,Fine gauge,5,1,895
General,Tops,Blouses,3,0,836
Initmates,Intimate,Lounge,5,1,580
General Petite,Tops,Fine gauge,5,1,895
General,Tops,Knits,4,1,862
General,Tops,Knits,5,1,862
General Petite,Tops,Blouses,5,1,844
General,Tops,Blouses,2,0,836
General Petite,Tops,Fine gauge,5,1,895
General,Tops,Blouses,5,1,836
General Petite,Tops,Fine gauge,5,1,895
General Petite,Tops,Fine gauge,5,1,895
General Petite,Tops,Fine gauge,5,1,895
General,Tops,Blouses,5,1,836
General,Tops,Knits,4,1,859
General,Tops,Knits,3,0,862
General,Bottoms,Pants,5,1,1049
General,Tops,Knits,5,1,862
General Petite,Dresses,Dresses,5,1,1089
General Petite,Dresses,Dresses,4,1,1089
General,Dresses,Dresses,3,0,1104
General Petite,Intimate,Lounge,4,1,127
General,Dresses,Dresses,3,1,1104
General,Tops,Sweaters,5,1,936
General,Tops,Fine gauge,4,1,902
General,Bottoms,Skirts,2,0,995
General,Tops,Sweaters,5,1,936
General Petite,Intimate,Lounge,4,1,127
General,Dresses,Dresses,1,0,1104
General,Dresses,Dresses,4,1,1086
General,Tops,Sweaters,5,1,936
Initmates,Intimate,Intimates,3,1,746
General Petite,Dresses,Dresses,4,1,1081
General Petite,Intimate,Lounge,3,1,127
General,Tops,Sweaters,3,0,936
General Petite,Intimate,Lounge,3,0,127
General,Bottoms,Jeans,5,1,1035
General,Tops,Fine gauge,4,1,902
General,Bottoms,Skirts,5,1,995
General,Dresses,Dresses,5,1,1104
General Petite,Dresses,Dresses,5,1,1089
General,Dresses,Dresses,3,0,1086
General,Tops,Fine gauge,2,1,902
General,Tops,Fine gauge,5,1,902
General,Dresses,Dresses,5,1,1094
General,Dresses,Dresses,3,0,1086
General,Tops,Sweaters,5,1,936
General,Bottoms,Jeans,4,1,1036
General,Tops,Sweaters,5,1,936
General,Dresses,Dresses,5,1,1094
General,Dresses,Dresses,5,1,1094
General,Dresses,Dresses,5,1,1086
General Petite,Intimate,Lounge,5,1,127
General Petite,Intimate,Lounge,5,1,127
General,Dresses,Dresses,4,1,1083
General,Tops,Knits,5,1,872
General,Dresses,Dresses,2,0,1083
General,Tops,Blouses,5,1,831
General,Dresses,Dresses,3,1,1080
General,Dresses,Dresses,5,1,1077
General,Tops,Knits,4,1,872
General,Jackets,Jackets,5,1,964
General Petite,Dresses,Dresses,3,1,1089
General,Tops,Knits,4,1,872
General,Dresses,Dresses,5,1,1083
General,Tops,Blouses,4,1,829
General,Jackets,Jackets,5,1,964
General Petite,Dresses,Dresses,5,1,1089
General,Tops,Blouses,5,1,829
General,Tops,Blouses,5,1,829
General,Jackets,Jackets,5,1,967
General,Tops,Blouses,4,1,829
General,Tops,Blouses,4,1,829
General,Tops,Knits,4,1,872
General,Tops,Knits,4,1,872
Initmates,Intimate,Lounge,4,1,149
General,Jackets,Jackets,5,1,964
General,Bottoms,Jeans,5,1,1030
General,Jackets,Jackets,5,1,964
General,Dresses,Dresses,4,0,1083
General,Tops,Knits,4,1,872
General,Tops,Knits,5,1,872
General,Tops,Blouses,4,1,829
General,Tops,Knits,4,1,872
General,Jackets,Jackets,5,1,964
General Petite,Dresses,Dresses,3,1,1089
General,Tops,Knits,3,0,872
General,Tops,Knits,5,1,872
General,Tops,Knits,5,1,872
General,Dresses,Dresses,2,0,1077
General,Jackets,Jackets,4,1,967
General,Tops,Knits,5,1,872
General,Jackets,Jackets,5,1,964
General,Tops,Knits,5,1,872
Initmates,Intimate,Swim,5,1,234
Initmates,Intimate,Lounge,4,1,149
General,Tops,Blouses,4,1,829
General,Tops,Blouses,4,1,829
General,Tops,Knits,5,1,872
General,Tops,Knits,5,1,872
General Petite,Tops,Blouses,5,1,850
General Petite,Tops,Blouses,3,0,850
Initmates,Intimate,Intimates,4,1,724
General,Tops,Blouses,5,1,833
General,Tops,Knits,5,1,862
General Petite,Tops,Blouses,5,1,850
General,Dresses,Dresses,5,1,1078
General Petite,Tops,Blouses,5,1,850
General,Dresses,Dresses,5,1,1104
General,Dresses,Dresses,3,0,1078
General,Jackets,Jackets,4,1,984
General Petite,Tops,Blouses,5,1,850
Initmates,Intimate,Intimates,5,1,204
General,Dresses,Dresses,5,1,1078
General,Tops,Knits,2,0,862
General,Dresses,Dresses,5,1,1078
General,Jackets,Jackets,5,1,984
General,Bottoms,Skirts,4,1,1008
General Petite,Tops,Blouses,4,1,841
General,Dresses,Dresses,3,0,1104
General Petite,Tops,Blouses,5,1,850
General,Dresses,Dresses,5,1,1081
General,Tops,Blouses,4,1,833
General Petite,Tops,Blouses,4,1,850
General Petite,Tops,Knits,4,1,862
General,Dresses,Dresses,5,1,1078
General Petite,Tops,Blouses,5,1,850
General Petite,Tops,Blouses,5,1,850
General,Tops,Blouses,5,1,831
General,Tops,Blouses,5,1,833
General,Jackets,Jackets,4,1,984
General,Dresses,Dresses,4,1,1078
General,Dresses,Dresses,5,1,1104
General,Dresses,Dresses,5,1,1081
General,Tops,Blouses,4,1,833
General Petite,Tops,Blouses,5,1,850
General,Dresses,Dresses,5,1,1078
General Petite,Tops,Blouses,3,0,850
General,Dresses,Dresses,2,0,1078
General Petite,Tops,Blouses,3,1,850
General Petite,Tops,Blouses,4,1,850
General,Dresses,Dresses,5,1,1078
General Petite,Tops,Sweaters,2,1,948
General Petite,Tops,Blouses,5,1,850
General,Tops,Blouses,4,1,833
General,Dresses,Dresses,3,1,1078
General Petite,Tops,Blouses,5,1,850
General,Dresses,Dresses,4,1,1078
General,Dresses,Dresses,5,1,1078
General Petite,Tops,Blouses,5,1,850
General Petite,Tops,Sweaters,2,0,948
General,Dresses,Dresses,5,1,1078
General Petite,Tops,Blouses,3,1,850
General Petite,Dresses,Dresses,5,1,1081
General,Tops,Blouses,5,1,833
General Petite,Dresses,Dresses,5,1,1081
General Petite,Tops,Blouses,4,1,850
General Petite,Tops,Blouses,2,0,850
General Petite,Tops,Blouses,5,1,850
General,Jackets,Jackets,5,1,984
General Petite,Tops,Blouses,4,1,850
General,Dresses,Dresses,5,1,1104
General,Dresses,Dresses,1,0,1104
General,Dresses,Dresses,5,1,1104
General,Dresses,Dresses,5,1,1078
General Petite,Tops,Blouses,5,1,850
General Petite,Tops,Blouses,5,1,850
General,Jackets,Jackets,3,1,984
General,Dresses,Dresses,5,1,1078
General,Jackets,Jackets,5,1,984
General,Tops,Blouses,5,1,850
General,Tops,Blouses,3,1,833
General,Dresses,Dresses,3,1,1078
General,Tops,Blouses,5,1,850
General Petite,Dresses,Dresses,4,1,1081
General,Jackets,Jackets,5,1,984
General,Tops,Blouses,5,1,850
General,Tops,Blouses,4,1,850
General,Dresses,Dresses,5,1,1104
General,Dresses,Dresses,5,1,1078
General,Jackets,Jackets,5,1,984
General,Jackets,Jackets,5,1,984
General,Dresses,Dresses,4,1,1078
General,Dresses,Dresses,5,1,1104
General,Jackets,Jackets,5,1,984
General,Dresses,Dresses,5,1,1078
General,Jackets,Jackets,5,1,984
General,Tops,Blouses,3,0,833
General,Tops,Blouses,5,1,850
General,Dresses,Dresses,3,0,1078
General,Dresses,Dresses,2,1,1078
General,Jackets,Jackets,5,1,984
General,Tops,Blouses,4,1,850
General,Dresses,Dresses,5,1,1078
General,Jackets,Jackets,5,1,984
General,Tops,Blouses,4,1,831
General,Dresses,Dresses,4,1,1086
General Petite,Bottoms,Pants,5,1,1044
General,Tops,Blouses,4,1,820
General,Dresses,Dresses,5,1,1094
General,Dresses,Dresses,5,1,1094
General,Bottoms,Skirts,5,1,995
General,Dresses,Dresses,4,1,1094
General,Bottoms,Pants,5,1,1060
General,Tops,Blouses,1,0,833
General Petite,Bottoms,Jeans,4,1,1037
General,Tops,Knits,5,1,875
General,Tops,Knits,4,1,875
General,Tops,Blouses,5,1,820
General Petite,Bottoms,Jeans,4,1,1037
General,Tops,Blouses,4,1,820
General,Bottoms,Jeans,5,1,1037
General,Tops,Blouses,5,1,820
General,Tops,Blouses,1,0,833
General,Dresses,Dresses,5,1,1094
General,Tops,Blouses,5,1,833
General,Bottoms,Skirts,4,1,995
General,Dresses,Dresses,3,0,1094
General,Tops,Knits,2,0,875
General,Bottoms,Jeans,3,0,1037
General,Tops,Knits,2,0,875
General,Tops,Blouses,3,0,833
General,Bottoms,Pants,3,0,1060
General,Dresses,Dresses,4,1,1094
General,Tops,Blouses,5,1,835
General,Dresses,Dresses,4,1,1094
General,Dresses,Dresses,4,1,1094
General,Tops,Knits,2,0,875
General,Tops,Blouses,5,1,823
General,Tops,Blouses,5,1,835
General,Tops,Blouses,4,1,833
General,Tops,Blouses,5,1,833
General,Tops,Blouses,5,1,820
General,Tops,Blouses,5,1,835
General,Bottoms,Pants,5,1,1060
General,Bottoms,Jeans,3,1,1037
General,Tops,Blouses,4,1,820
General,Dresses,Dresses,3,0,1079
General,Bottoms,Pants,4,1,1060
General,Tops,Knits,5,1,875
General,Tops,Blouses,5,1,835
General Petite,Dresses,Dresses,5,1,1078
General,Bottoms,Jeans,1,0,1037
General,Tops,Blouses,5,1,820
General,Dresses,Dresses,5,1,1072
General,Dresses,Dresses,3,1,1094
General,Tops,Blouses,4,1,833
General,Bottoms,Jeans,4,1,1037
General,Dresses,Dresses,3,0,1094
General,Bottoms,Skirts,2,0,995
Initmates,Intimate,Swim,4,1,252
General Petite,Intimate,Lounge,4,1,634
General,Jackets,Jackets,5,1,985
General,Bottoms,Pants,5,1,1059
General,Jackets,Jackets,5,1,985
General,Bottoms,Pants,5,1,1059
General Petite,Intimate,Lounge,4,1,634
General,Bottoms,Pants,5,1,1059
Initmates,Intimate,Swim,4,1,252
General Petite,Intimate,Lounge,5,1,634
Initmates,Intimate,Swim,5,1,252
Initmates,Intimate,Legwear,3,1,117
Initmates,Intimate,Legwear,5,1,117
General Petite,Intimate,Lounge,4,1,634
Initmates,Intimate,Swim,5,1,252
Initmates,Intimate,Swim,5,1,252
General Petite,Intimate,Lounge,4,1,634
General,Bottoms,Pants,5,1,1059
General,Tops,Blouses,4,1,838
Initmates,Intimate,Swim,5,1,252
General,Tops,Blouses,5,1,838
General,Tops,Blouses,1,0,838
General Petite,Intimate,Lounge,5,1,634
General,Bottoms,Pants,3,0,1059
General Petite,Intimate,Lounge,4,1,634
General,Bottoms,Skirts,5,1,1008
General,Tops,Blouses,5,1,838
General,Bottoms,Shorts,4,1,620
General Petite,Intimate,Lounge,5,1,634
General,Bottoms,Pants,5,1,1059
General,Bottoms,Pants,4,1,1059
General,Bottoms,Pants,5,1,1059
General Petite,Intimate,Lounge,4,1,634
General,Bottoms,Pants,2,0,1059
General Petite,Intimate,Lounge,4,1,634
General,Bottoms,Pants,1,0,1059
General,Jackets,Jackets,4,1,985
Initmates,Intimate,Swim,5,1,252
General,Bottoms,Pants,5,1,1059
General,Bottoms,Pants,5,1,1059
Initmates,Intimate,Swim,5,1,252
General,Bottoms,Pants,5,1,1059
General,Bottoms,Pants,2,0,1059
Initmates,Intimate,Swim,5,1,252
General,Bottoms,Skirts,5,1,1008
General,Tops,Sweaters,5,1,943
General Petite,Intimate,Lounge,2,0,634
General,Bottoms,Skirts,5,1,1008
Initmates,Intimate,Swim,5,1,252
General,Tops,Blouses,5,1,838
General,Bottoms,Pants,5,1,1059
General,Bottoms,Pants,5,1,1059
General,Bottoms,Shorts,5,1,620
General,Bottoms,Pants,5,1,1059
Initmates,Intimate,Legwear,5,1,117
Initmates,Intimate,Swim,5,1,252
Initmates,Intimate,Swim,4,1,252
General Petite,Intimate,Lounge,4,1,634
General,Tops,Blouses,2,0,838
General,Bottoms,Skirts,3,0,1008
General,Bottoms,Pants,4,1,1059
General,Tops,Blouses,5,1,838
General Petite,Intimate,Lounge,5,1,634
General,Bottoms,Pants,5,1,1059
General,Bottoms,Pants,2,0,1059
General,Bottoms,Pants,3,0,1059
General,Bottoms,Pants,5,1,1059
General,Bottoms,Skirts,5,1,1008
Initmates,Intimate,Legwear,4,1,117
General,Tops,Knits,4,1,886
General,Dresses,Dresses,4,1,1087
General,Tops,Knits,5,1,873
General,Dresses,Dresses,5,1,1087
General,Tops,Knits,4,1,886
Initmates,Intimate,Legwear,5,1,745
General,Tops,Knits,5,1,886
General,Tops,Sweaters,3,0,937
General,Dresses,Dresses,5,1,1087
General,Tops,Sweaters,5,1,937
General,Tops,Sweaters,5,1,937
General,Bottoms,Pants,5,1,1059
General Petite,Dresses,Dresses,1,0,1110
General,Bottoms,Pants,5,1,1059
General Petite,Dresses,Dresses,4,1,1110
General,Tops,Knits,3,0,873
General,Tops,Knits,5,1,886
General,Dresses,Dresses,5,1,1087
General,Tops,Sweaters,5,1,937
General,Dresses,Dresses,2,0,1110
General,Tops,Knits,5,1,886
General,Tops,Sweaters,3,1,937
General,Tops,Knits,4,1,886
General,Trend,Trend,5,1,1137
Initmates,Intimate,Swim,3,0,1165
General,Tops,Sweaters,5,1,937
General,Dresses,Dresses,2,0,1110
General,Dresses,Dresses,5,1,1087
General,Bottoms,Pants,5,1,1059
General,Trend,Trend,5,1,1137
Initmates,Intimate,Legwear,5,1,745
General,Tops,Sweaters,4,1,937
General,Dresses,Dresses,4,1,1110
General,Dresses,Dresses,4,1,1110
General Petite,Tops,Knits,5,1,886
General,Tops,Sweaters,5,1,937
General Petite,Tops,Knits,5,1,886
General,Tops,Sweaters,5,1,937
General,Tops,Sweaters,5,1,937
General,Tops,Knits,5,1,873
General,Tops,Sweaters,5,1,937
General Petite,Tops,Knits,5,1,886
General,Tops,Knits,5,1,873
General Petite,Tops,Knits,5,1,886
Initmates,Intimate,Layering,5,1,245
General Petite,Tops,Knits,5,1,886
General Petite,Tops,Knits,4,1,886
General,Dresses,Dresses,4,1,1087
General,Tops,Sweaters,5,1,937
General,Dresses,Dresses,3,0,1087
General,Dresses,Dresses,5,1,1087
General Petite,Tops,Knits,4,1,886
General Petite,Dresses,Dresses,5,1,1110
General Petite,Tops,Knits,5,1,886
General Petite,Dresses,Dresses,4,1,1110
Initmates,Intimate,Swim,3,0,1165
General,Tops,Sweaters,5,1,937
General Petite,Tops,Knits,5,1,886
General,Trend,Trend,3,1,1137
General,Dresses,Dresses,5,1,1087
General,Tops,Sweaters,5,1,937
General Petite,Tops,Knits,4,1,886
General Petite,Tops,Knits,4,1,886
General,Dresses,Dresses,4,1,1087
General,Tops,Sweaters,3,0,937
General,Tops,Sweaters,1,0,937
General Petite,Tops,Knits,4,1,886
General,Trend,Trend,5,1,1137
General Petite,Tops,Knits,3,1,886
General Petite,Tops,Knits,5,1,886
General,Tops,Sweaters,5,1,937
General,Tops,Sweaters,5,1,937
General,Dresses,Dresses,5,1,1087
General,Dresses,Dresses,4,1,1087
General,Dresses,Dresses,3,0,1087
General,Dresses,Dresses,2,0,1087
General Petite,Tops,Knits,5,1,886
General Petite,Tops,Knits,5,1,886
General,Tops,Sweaters,3,1,937
Initmates,Intimate,Layering,5,1,245
General,Tops,Sweaters,5,1,937
General Petite,Tops,Knits,5,1,886
General,Tops,Sweaters,3,0,937
General,Tops,Sweaters,3,0,937
General,Dresses,Dresses,4,1,1087
Initmates,Intimate,Legwear,5,1,745
Initmates,Intimate,Legwear,4,1,745
General,Dresses,Dresses,3,0,1087
General,Tops,Sweaters,2,0,937
General,Tops,Sweaters,1,0,937
General Petite,Dresses,Dresses,4,1,1110
General,Dresses,Dresses,4,1,1087
Initmates,Intimate,Legwear,5,1,745
General,Dresses,Dresses,2,0,1087
General Petite,Dresses,Dresses,5,1,1110
General Petite,Dresses,Dresses,2,0,1110
General,Tops,Knits,5,1,873
General,Tops,Fine gauge,5,1,895
General,Tops,Fine gauge,5,1,895
General,Tops,Fine gauge,5,1,895
General,Dresses,Dresses,2,0,1072
General,Tops,Fine gauge,5,1,895
General,Tops,Sweaters,1,0,945
General,Tops,Fine gauge,3,0,895
General,Tops,Blouses,4,1,850
General,Tops,Sweaters,5,1,945
General,Tops,Fine gauge,4,1,895
Initmates,Intimate,Lounge,3,0,805
General,Tops,Blouses,5,1,850
General,Tops,Blouses,4,1,850
General,Tops,Fine gauge,3,1,895
General,Dresses,Dresses,5,1,1072
Initmates,Intimate,Lounge,4,1,805
General,Tops,Sweaters,1,0,945
General Petite,Tops,Blouses,3,0,833
General Petite,Tops,Blouses,5,1,833
General Petite,Tops,Blouses,5,1,833
General,Tops,Blouses,5,1,850
General Petite,Tops,Blouses,4,1,833
General,Dresses,Dresses,5,1,1072
General,Tops,Fine gauge,4,1,895
General,Tops,Blouses,5,1,850
General Petite,Tops,Blouses,5,1,833
General,Tops,Fine gauge,5,1,895
General,Tops,Fine gauge,5,1,895
General Petite,Tops,Blouses,4,1,833
General,Tops,Fine gauge,2,0,895
General Petite,Tops,Knits,2,0,886
General Petite,Tops,Knits,3,1,886
General Petite,Tops,Knits,5,1,886
General Petite,Tops,Knits,5,1,886
General Petite,Dresses,Dresses,5,1,1078
General Petite,Dresses,Dresses,5,1,1089
General,Tops,Fine gauge,3,0,895
General Petite,Tops,Knits,2,0,886
General,Tops,Fine gauge,3,0,895
General,Dresses,Dresses,4,1,1105
General Petite,Tops,Knits,4,1,886
General Petite,Tops,Knits,2,0,886
General Petite,Tops,Knits,3,1,886
General,Jackets,Jackets,5,1,969
General Petite,Tops,Knits,4,1,886
General Petite,Dresses,Dresses,5,1,1078
General Petite,Bottoms,Pants,4,1,1060
General Petite,Tops,Knits,5,1,886
General Petite,Tops,Knits,2,0,886
General,Tops,Fine gauge,3,0,895
General,Tops,Fine gauge,4,1,895
General Petite,Tops,Knits,3,0,886
General,Tops,Fine gauge,2,1,895
General,Tops,Fine gauge,2,0,895
General Petite,Dresses,Dresses,3,1,1089
General Petite,Tops,Knits,5,1,886
General,Tops,Fine gauge,4,1,895
General,Tops,Knits,4,1,868
General,Tops,Fine gauge,2,0,895
General Petite,Tops,Knits,2,0,886
General Petite,Tops,Knits,4,0,886
General Petite,Tops,Knits,2,0,886
General Petite,Dresses,Dresses,5,1,1089
General Petite,Dresses,Dresses,5,1,1078
General,Tops,Fine gauge,4,1,895
General,Jackets,Jackets,3,0,975
General,Jackets,Jackets,5,1,975
General Petite,Tops,Knits,4,1,886
General,Trend,Trend,5,1,548
General Petite,Dresses,Dresses,5,1,1078
General Petite,Bottoms,Pants,1,0,1060
General Petite,Tops,Knits,4,1,886
General Petite,Tops,Knits,5,1,886
General Petite,Tops,Knits,5,1,886
General Petite,Tops,Knits,5,1,886
General,Dresses,Dresses,5,1,1078
General,Dresses,Dresses,5,1,1078
General,Dresses,Dresses,5,1,1078
General,Tops,Fine gauge,5,1,895
General Petite,Tops,Knits,4,1,886
Initmates,Intimate,Lounge,5,1,594
General Petite,Tops,Fine gauge,3,0,895
General Petite,Tops,Knits,5,1,886
General Petite,Tops,Knits,5,1,886
General Petite,Dresses,Dresses,5,1,1089
General,Jackets,Jackets,3,1,975
General Petite,Tops,Knits,5,1,886
General,Dresses,Dresses,4,1,1078
General Petite,Tops,Fine gauge,5,1,895
General Petite,Bottoms,Pants,2,0,1060
General Petite,Tops,Fine gauge,5,1,895
General,Jackets,Jackets,4,1,975
General Petite,Tops,Knits,5,1,886
General,Jackets,Jackets,5,1,975
General Petite,Tops,Blouses,4,1,815
General Petite,Bottoms,Jeans,5,1,1026
General Petite,Tops,Blouses,2,0,823
General Petite,Bottoms,Pants,2,0,1055
General,Dresses,Dresses,3,1,1081
General,Tops,Knits,4,1,2
General,Dresses,Dresses,5,1,1081
General Petite,Tops,Sweaters,5,1,936
General Petite,Bottoms,Jeans,5,1,1026
General,Dresses,Dresses,2,0,1081
General,Bottoms,Shorts,5,1,299
General Petite,Bottoms,Pants,4,1,1055
General Petite,Bottoms,Pants,2,0,1055
General Petite,Bottoms,Jeans,5,1,1026
General Petite,Bottoms,Skirts,4,1,1010
General,Dresses,Dresses,4,0,1086
General Petite,Bottoms,Pants,2,0,1055
General Petite,Bottoms,Jeans,5,1,1026
General,Dresses,Dresses,1,0,1081
Initmates,Intimate,Intimates,5,1,754
General Petite,Tops,Blouses,5,1,815
Initmates,Intimate,Layering,5,1,1164
General Petite,Tops,Knits,5,1,860
General Petite,Tops,Sweaters,5,1,952
General Petite,Tops,Sweaters,3,1,952
General,Tops,Knits,5,1,861
General Petite,Bottoms,Skirts,4,1,1008
General Petite,Tops,Sweaters,4,1,952
General,Bottoms,Pants,4,0,1066
General Petite,Bottoms,Skirts,5,1,1008
General,Bottoms,Jeans,1,0,1025
General,Tops,Blouses,3,0,832
General,Tops,Knits,3,0,861
General,Bottoms,Pants,3,1,1066
General Petite,Bottoms,Skirts,5,1,1008
General,Bottoms,Skirts,5,1,1015
General Petite,Bottoms,Skirts,5,1,1008
General,Tops,Knits,5,1,862
General Petite,Bottoms,Skirts,4,1,1008
General Petite,Tops,Sweaters,5,1,952
General,Bottoms,Jeans,5,1,1025
General Petite,Dresses,Dresses,5,1,1111
General,Bottoms,Pants,5,1,1066
Initmates,Intimate,Swim,2,0,80
General Petite,Bottoms,Skirts,3,0,1008
General,Tops,Knits,5,1,861
General,Tops,Knits,5,1,862
General,Bottoms,Pants,5,1,1066
General Petite,Bottoms,Skirts,5,1,1008
General,Bottoms,Pants,4,1,1066
General,Bottoms,Pants,5,1,1066
General Petite,Bottoms,Skirts,5,1,1008
General,Tops,Knits,5,1,861
General Petite,Bottoms,Jeans,5,1,1028
General Petite,Dresses,Dresses,5,1,1080
General Petite,Bottoms,Skirts,5,1,1008
General Petite,Bottoms,Skirts,3,0,1008
General Petite,Tops,Sweaters,5,1,952
General Petite,Tops,Sweaters,5,1,952
General,Bottoms,Pants,4,1,1066
General,Tops,Knits,5,1,862
General,Bottoms,Skirts,5,1,1015
General,Bottoms,Pants,5,1,1066
General,Bottoms,Pants,3,0,1066
General,Bottoms,Pants,5,1,1066
General,Bottoms,Pants,5,1,1047
General,Dresses,Dresses,3,0,1094
General,Tops,Sweaters,4,1,936
General Petite,Bottoms,Jeans,5,1,1033
General,Tops,Sweaters,5,1,936
General,Dresses,Dresses,5,1,1094
General,Dresses,Dresses,2,0,1094
Initmates,Intimate,Sleep,4,0,154
General,Dresses,Dresses,5,1,1094
General,Dresses,Dresses,3,0,1094
Initmates,Intimate,Sleep,4,1,154
General Petite,Trend,Trend,5,1,1140
Initmates,Intimate,Sleep,2,0,154
General,Tops,Sweaters,4,1,936
General,Dresses,Dresses,4,1,1094
Initmates,Intimate,Legwear,5,1,158
General Petite,Bottoms,Jeans,4,1,1033
Initmates,Intimate,Sleep,4,1,154
General,Dresses,Dresses,5,1,1094
General,Tops,Sweaters,3,0,936
General,Dresses,Dresses,5,1,1094
General,Tops,Sweaters,5,1,936
General,Tops,Sweaters,5,1,936
Initmates,Intimate,Intimates,5,1,1154
General,Bottoms,Jeans,4,1,1022
General,Tops,Sweaters,5,1,949
Initmates,Intimate,Sleep,4,1,154
General Petite,Bottoms,Jeans,2,0,1033
Initmates,Intimate,Sleep,4,1,154
General Petite,Trend,Trend,3,0,1140
General,Tops,Sweaters,5,1,936
General,Bottoms,Pants,3,0,1047
General,Tops,Sweaters,5,1,936
General,Tops,Knits,5,1,868
General,Dresses,Dresses,5,1,1094
General,Tops,Sweaters,5,1,936
General,Dresses,Dresses,1,0,1094
General Petite,Bottoms,Jeans,5,1,1033
General,Tops,Sweaters,5,1,936
General,Dresses,Dresses,5,1,1094
Initmates,Intimate,Sleep,5,1,154
General,Tops,Sweaters,4,1,936
General,Dresses,Dresses,5,1,1094
Initmates,Intimate,Sleep,5,1,154
General,Dresses,Dresses,3,0,1094
General,Tops,Sweaters,5,1,936
General,Dresses,Dresses,5,1,1094
General,Tops,Sweaters,5,1,936
General,Dresses,Dresses,5,1,1094
General,Tops,Knits,5,1,878
General,Trend,Trend,5,1,1145
General Petite,Bottoms,Jeans,4,1,1033
General,Tops,Sweaters,5,1,936
General,Tops,Sweaters,5,1,936
General,Tops,Sweaters,5,1,936
General Petite,Bottoms,Jeans,5,1,1033
General Petite,Tops,Knits,3,0,878
General,Dresses,Dresses,3,0,1094
General,Tops,Sweaters,3,0,936
General,Bottoms,Pants,5,1,1047
General,Tops,Sweaters,5,1,936
General,Tops,Sweaters,5,1,936
General Petite,Tops,Knits,5,1,854
General,Tops,Sweaters,5,1,936
Initmates,Intimate,Sleep,5,1,154
General Petite,Bottoms,Jeans,5,1,1033
General Petite,Bottoms,Jeans,4,1,1033
General,Tops,Sweaters,3,0,936
General,Dresses,Dresses,5,1,1094
General,Tops,Sweaters,4,1,936
General,Tops,Sweaters,5,1,936
General,Bottoms,Pants,5,1,1047
General,Dresses,Dresses,5,1,1094
General,Tops,Sweaters,5,1,936
General,Tops,Sweaters,5,1,936
General,Bottoms,Pants,5,1,1047
General,Dresses,Dresses,5,1,1094
General,Tops,Sweaters,3,1,936
General,Tops,Sweaters,5,1,936
General,Dresses,Dresses,5,1,1094
General,Tops,Sweaters,3,1,936
Initmates,Intimate,Intimates,5,1,1154
General,Tops,Sweaters,5,1,936
General,Tops,Sweaters,5,1,936
General,Tops,Sweaters,5,1,936
General,Tops,Knits,4,1,868
General Petite,Tops,Knits,1,0,854
General,Tops,Sweaters,5,1,936
General,Tops,Sweaters,4,1,949
General,Dresses,Dresses,5,1,1094
General,Tops,Sweaters,5,1,936
General,Bottoms,Pants,2,1,1047
General,Dresses,Dresses,4,1,1083
General,Tops,Sweaters,5,1,949
General,Tops,Sweaters,5,1,949
General,Tops,Sweaters,5,1,949
General,Tops,Fine gauge,3,1,909
General,Tops,Sweaters,5,1,949
General,Tops,Knits,5,1,873
General,Tops,Knits,5,1,873
General,Tops,Fine gauge,5,1,909
General Petite,Dresses,Dresses,5,1,1083
General,Tops,Knits,5,1,873
Initmates,Intimate,Swim,5,1,1172
General Petite,Dresses,Dresses,5,1,1083
General,Tops,Sweaters,5,1,949
General,Tops,Sweaters,5,1,949
General,Tops,Fine gauge,4,1,909
General,Tops,Knits,4,1,864
General,Tops,Sweaters,5,1,949
General,Tops,Sweaters,2,0,949
General,Tops,Knits,2,0,873
General,Tops,Knits,5,1,873
General,Tops,Sweaters,5,1,949
General,Tops,Sweaters,5,1,949
General,Tops,Sweaters,4,1,949
General,Tops,Knits,1,0,873
General,Tops,Sweaters,4,1,949
General,Tops,Knits,3,1,873
General,Tops,Knits,5,1,864
General,Tops,Knits,4,1,864
General,Tops,Knits,3,0,873
General,Tops,Knits,5,1,873
General,Tops,Sweaters,5,1,949
General Petite,Dresses,Dresses,4,1,1083
General,Tops,Fine gauge,2,0,909
General,Tops,Sweaters,5,1,949
General,Tops,Sweaters,2,1,949
General,Tops,Sweaters,5,1,949
General,Tops,Knits,5,1,864
General,Tops,Knits,5,1,864
General,Tops,Knits,5,1,873
General Petite,Dresses,Dresses,5,1,1099
General,Bottoms,Skirts,4,1,1001
General Petite,Tops,Blouses,4,1,829
General Petite,Tops,Blouses,5,1,815
General Petite,Dresses,Dresses,2,0,1099
General,Tops,Blouses,5,1,831
Initmates,Intimate,Swim,5,1,738
General Petite,Dresses,Dresses,4,1,1099
General,Dresses,Dresses,5,1,1094
General,Tops,Blouses,3,1,831
General,Bottoms,Skirts,2,0,1001
General,Tops,Fine gauge,5,1,895
General,Tops,Blouses,5,1,831
General,Tops,Fine gauge,5,1,895
General,Bottoms,Skirts,4,1,987
General Petite,Dresses,Dresses,5,1,1099
General Petite,Dresses,Dresses,4,1,1099
General,Tops,Knits,4,1,868
General,Tops,Blouses,5,1,831
General Petite,Tops,Blouses,4,1,829
General Petite,Dresses,Dresses,5,1,1099
General Petite,Tops,Blouses,2,0,829
General Petite,Tops,Blouses,4,1,829
General,Tops,Knits,3,0,868
General,Tops,Blouses,5,1,831
General,Tops,Knits,3,1,868
General,Bottoms,Skirts,4,1,1001
General Petite,Tops,Blouses,3,1,829
General Petite,Tops,Blouses,5,1,815
General,Tops,Fine gauge,5,1,895
General,Tops,Blouses,1,0,831
General Petite,Tops,Blouses,2,0,815
General Petite,Dresses,Dresses,5,1,1099
General Petite,Dresses,Dresses,4,1,1099
General Petite,Tops,Blouses,5,1,829
General,Tops,Blouses,5,1,831
General Petite,Tops,Blouses,4,1,815
General,Dresses,Dresses,1,0,1076
General Petite,Tops,Blouses,3,0,815
General,Tops,Blouses,5,1,831
General Petite,Tops,Blouses,5,1,815
General,Tops,Blouses,5,1,831
General,Tops,Knits,4,1,877
General,Bottoms,Pants,3,0,1068
General,Bottoms,Skirts,3,0,1020
General,Bottoms,Pants,5,1,1068
General,Bottoms,Skirts,1,0,1020
General,Bottoms,Pants,5,1,1068
Initmates,Intimate,Lounge,4,1,691
General,Tops,Blouses,3,0,831
General,Bottoms,Pants,4,1,1068
General Petite,Dresses,Dresses,2,0,1089
General Petite,Dresses,Dresses,4,1,1089
Initmates,Intimate,Lounge,1,0,777
General Petite,Tops,Knits,3,0,860
General Petite,Dresses,Dresses,5,1,1089
General,Tops,Knits,5,1,875
General Petite,Bottoms,Skirts,5,1,992
General Petite,Tops,Knits,5,1,860
Initmates,Intimate,Lounge,5,1,777
Initmates,Intimate,Lounge,5,1,777
General Petite,Tops,Knits,5,1,860
General Petite,Tops,Knits,5,1,860
General,Tops,Sweaters,3,1,927
General Petite,Dresses,Dresses,4,1,1089
Initmates,Intimate,Lounge,3,0,777
General Petite,Bottoms,Skirts,4,1,992
General,Bottoms,Pants,2,0,1068
General,Bottoms,Pants,5,1,1068
General Petite,Tops,Knits,5,1,860
General,Tops,Blouses,5,1,831
General Petite,Bottoms,Skirts,3,0,1020
General Petite,Dresses,Dresses,3,0,1089
General,Bottoms,Pants,2,0,1068
General Petite,Dresses,Dresses,3,0,1089
General Petite,Tops,Knits,2,0,860
General Petite,Bottoms,Skirts,5,1,993
General Petite,Tops,Knits,5,1,860
Initmates,Intimate,Lounge,5,1,777
Initmates,Intimate,Swim,3,0,197
General Petite,Tops,Knits,4,1,860
General,Bottoms,Pants,3,0,1068
General Petite,Tops,Knits,5,1,860
General Petite,Tops,Knits,4,1,860
General,Bottoms,Pants,4,1,1042
General,Bottoms,Pants,5,1,1060
Initmates,Intimate,Intimates,5,1,59
General Petite,Bottoms,Pants,5,1,1060
General Petite,Dresses,Dresses,3,0,1094
General Petite,Bottoms,Pants,5,1,1060
General,Dresses,Dresses,5,1,1110
Initmates,Intimate,Swim,1,0,235
Initmates,Intimate,Lounge,5,1,720
General Petite,Dresses,Dresses,4,1,1098
Initmates,Intimate,Intimates,5,1,59
General Petite,Bottoms,Pants,4,0,1060
General Petite,Bottoms,Pants,4,1,1060
General,Dresses,Dresses,5,1,1110
General Petite,Dresses,Dresses,5,1,1082
General Petite,Bottoms,Pants,3,0,1060
General Petite,Bottoms,Pants,5,1,1060
General Petite,Bottoms,Pants,5,1,1060
General,Bottoms,Pants,4,1,1042
General Petite,Bottoms,Pants,5,1,1060
General Petite,Bottoms,Pants,4,1,1060
General,Dresses,Dresses,5,1,1110
General Petite,Bottoms,Pants,3,1,1060
Initmates,Intimate,Swim,2,0,235
General,Dresses,Dresses,3,0,1072
General Petite,Dresses,Dresses,4,1,1094
General Petite,Bottoms,Pants,5,1,1204
General Petite,Bottoms,Pants,4,1,1204
General Petite,Dresses,Dresses,5,1,1082
General,Dresses,Dresses,3,0,1072
General Petite,Bottoms,Pants,3,0,1060
General Petite,Dresses,Dresses,4,1,1098
General Petite,Bottoms,Pants,5,1,1060
General Petite,Bottoms,Pants,3,1,1060
General Petite,Bottoms,Pants,4,1,1060
General Petite,Bottoms,Pants,3,0,1060
General Petite,Bottoms,Pants,5,1,1060
General Petite,Bottoms,Pants,5,1,1060
General,Dresses,Dresses,4,1,1072
General,Dresses,Dresses,2,0,1094
General Petite,Dresses,Dresses,2,0,1082
Initmates,Intimate,Lounge,4,1,720
General Petite,Bottoms,Pants,5,1,1060
Initmates,Intimate,Lounge,5,1,720
General,Dresses,Dresses,3,0,1110
General,Dresses,Dresses,3,1,1094
General Petite,Bottoms,Pants,5,1,1060
Initmates,Intimate,Lounge,5,1,720
Initmates,Intimate,Lounge,5,1,720
General Petite,Bottoms,Pants,5,1,1060
General,Dresses,Dresses,5,1,1072
General Petite,Bottoms,Jeans,5,1,1022
General Petite,Bottoms,Pants,5,1,1060
General,Dresses,Dresses,2,0,1094
General,Bottoms,Pants,5,1,1042
General,Dresses,Dresses,4,0,1072
General,Dresses,Dresses,5,1,1110
General,Dresses,Dresses,5,1,1094
General Petite,Bottoms,Pants,5,1,1060
General Petite,Bottoms,Pants,5,1,1060
General,Tops,Knits,5,1,868
General,Dresses,Dresses,5,1,1094
General,Dresses,Dresses,3,1,1094
General,Dresses,Dresses,3,1,1095
General,Bottoms,Jeans,5,1,1028
General,Dresses,Dresses,5,1,1095
General Petite,Tops,Blouses,5,1,850
General Petite,Tops,Blouses,5,1,850
General Petite,Tops,Blouses,5,1,850
General Petite,Tops,Blouses,3,1,850
General Petite,Tops,Sweaters,5,1,940
General,Tops,Knits,2,0,868
General,Bottoms,Jeans,5,1,1028
General,Dresses,Dresses,5,1,1095
General,Tops,Knits,5,1,868
General,Dresses,Dresses,4,1,1095
General Petite,Tops,Blouses,5,1,850
General Petite,Tops,Blouses,3,0,850
General,Bottoms,Jeans,5,1,1028
General Petite,Bottoms,Pants,5,1,1055
General Petite,Tops,Blouses,4,1,850
General,Dresses,Dresses,3,0,1095
General Petite,Tops,Blouses,5,1,850
General,Dresses,Dresses,2,0,1095
General,Dresses,Dresses,5,1,1094
General Petite,Tops,Blouses,5,1,850
General Petite,Tops,Blouses,3,0,850
General Petite,Tops,Blouses,4,1,850
General,Tops,Knits,1,0,875
General Petite,Tops,Blouses,5,1,850
General,Dresses,Dresses,5,1,1094
General,Jackets,Jackets,5,1,979
General,Jackets,Jackets,5,1,979
General Petite,Tops,Blouses,4,1,850
General Petite,Tops,Blouses,4,1,850
General Petite,Tops,Blouses,5,1,850
General Petite,Tops,Blouses,5,1,850
General,Dresses,Dresses,5,1,1095
General Petite,Tops,Blouses,5,1,850
General Petite,Tops,Sweaters,4,1,940
General Petite,Tops,Blouses,4,1,850
General Petite,Tops,Blouses,5,1,850
General Petite,Tops,Blouses,4,1,850
General,Dresses,Dresses,5,1,1094
General,Tops,Knits,5,1,868
General Petite,Tops,Blouses,2,0,850
General Petite,Tops,Blouses,3,1,850
General,Dresses,Dresses,5,1,1095
General Petite,Tops,Blouses,5,1,850
General,Jackets,Jackets,5,1,979
General,Dresses,Dresses,4,1,1095
General,Dresses,Dresses,3,1,1095
General Petite,Tops,Blouses,5,1,850
General,Dresses,Dresses,2,0,1095
General,Dresses,Dresses,5,1,1095
General,Dresses,Dresses,2,0,1095
General,Tops,Blouses,5,1,850
General,Tops,Blouses,5,1,850
General,Tops,Blouses,5,1,850
General,Tops,Blouses,5,1,850
General,Tops,Blouses,3,0,850
General,Tops,Blouses,2,0,850
General,Dresses,Dresses,4,1,1095
General,Tops,Blouses,4,1,850
General,Tops,Blouses,5,1,850
General,Tops,Blouses,5,1,850
General,Tops,Blouses,5,1,850
General,Tops,Blouses,2,0,850
General Petite,Tops,Sweaters,5,1,940
General,Tops,Knits,5,1,875
General,Tops,Knits,4,1,868
General,Tops,Blouses,4,1,850
General,Dresses,Dresses,3,1,1095
General,Jackets,Jackets,5,1,979
General,Tops,Knits,5,1,875
General,Dresses,Dresses,5,1,1095
General,Tops,Blouses,2,0,850
General,Tops,Blouses,3,1,850
General,Dresses,Dresses,5,1,1095
General,Tops,Blouses,4,1,850
General,Tops,Knits,4,1,873
General,Tops,Blouses,4,1,850
General,Dresses,Dresses,5,1,1095
General,Tops,Knits,4,1,875
General,Dresses,Dresses,4,1,1095
General,Dresses,Dresses,4,1,1095
General,Dresses,Dresses,5,1,1095
General Petite,Tops,Knits,5,1,868
General,Tops,Blouses,2,0,850
General,Bottoms,Jeans,5,1,1028
General,Dresses,Dresses,5,1,1095
General,Dresses,Dresses,2,0,1095
General,Tops,Blouses,5,1,850
General,Tops,Knits,5,1,875
General,Tops,Blouses,2,0,850
General,Tops,Sweaters,5,1,940
General,Dresses,Dresses,5,1,1095
General Petite,Tops,Knits,5,1,868
General,Tops,Knits,5,1,875
General,Tops,Sweaters,5,1,940
General,Tops,Blouses,5,1,850
General,Tops,Knits,5,1,873
General,Dresses,Dresses,4,1,1095
General,Tops,Blouses,4,1,836
General,Tops,Blouses,2,1,836
General,Tops,Blouses,4,1,836
General,Tops,Blouses,3,1,836
General,Tops,Blouses,5,1,836
General,Tops,Knits,5,1,865
General,Tops,Blouses,5,1,836
General,Tops,Blouses,4,1,819
General,Tops,Knits,5,1,865
General,Tops,Blouses,5,1,836
General,Tops,Blouses,5,1,819
General,Tops,Blouses,3,1,819
General,Dresses,Dresses,3,0,1080
General,Tops,Knits,5,1,865
General,Tops,Blouses,4,1,836
General,Tops,Blouses,5,1,836
General,Tops,Blouses,2,0,836
General,Tops,Blouses,4,1,836
General,Tops,Blouses,5,0,836
General,Tops,Blouses,2,0,836
General,Bottoms,Skirts,2,0,1003
General Petite,Tops,Blouses,5,1,836
General,Tops,Knits,5,1,860
General,Tops,Knits,5,1,867
General,Bottoms,Jeans,1,0,1022
General,Dresses,Dresses,4,1,1098
General,Dresses,Dresses,1,0,1098
General,Tops,Blouses,4,1,825
Initmates,Intimate,Lounge,5,1,708
General,Tops,Knits,4,1,867
General,Tops,Blouses,5,1,850
General,Tops,Knits,3,1,860
General,Tops,Sweaters,2,0,946
General,Dresses,Dresses,3,0,1098
General,Tops,Knits,4,0,867
General,Dresses,Dresses,5,1,1098
General,Tops,Knits,3,0,860
General,Dresses,Dresses,5,1,1098
General,Dresses,Dresses,3,0,1098
General,Bottoms,Jeans,5,1,1022
General,Tops,Sweaters,2,1,946
General,Tops,Blouses,2,0,850
General Petite,Tops,Fine gauge,4,1,895
General,Tops,Blouses,1,0,850
General Petite,Tops,Fine gauge,2,0,895
General,Tops,Knits,5,1,861
General,Dresses,Dresses,2,0,1098
General,Tops,Blouses,3,0,825
General,Tops,Blouses,5,1,850
General,Tops,Knits,5,1,861
General Petite,Dresses,Dresses,5,1,1110
General,Tops,Knits,5,1,867
General,Tops,Knits,3,0,860
General,Tops,Knits,4,1,860
General,Tops,Knits,1,0,860
General,Tops,Sweaters,1,0,946
General,Tops,Sweaters,2,0,946
General,Tops,Knits,5,1,867
General,Tops,Blouses,1,0,850
General,Tops,Knits,5,1,867
General,Tops,Knits,5,1,867
General,Tops,Blouses,1,0,850
General,Tops,Knits,5,1,867
General,Tops,Knits,5,1,860
General,Tops,Blouses,5,1,850
General,Tops,Knits,4,1,867
General,Tops,Sweaters,2,0,946
General Petite,Dresses,Dresses,4,1,1110
General Petite,Dresses,Dresses,4,1,1083
General,Tops,Knits,5,1,867
General,Tops,Knits,5,1,861
General,Tops,Knits,4,1,860
General Petite,Dresses,Dresses,5,1,1081
General Petite,Dresses,Dresses,5,1,1110
General,Dresses,Dresses,5,1,1098
General Petite,Dresses,Dresses,2,0,1083
General,Tops,Sweaters,3,0,946
General Petite,Tops,Sweaters,5,1,936
General,Dresses,Dresses,5,1,1098
General Petite,Dresses,Dresses,4,1,1081
General,Tops,Knits,5,1,867
General Petite,Dresses,Dresses,4,1,1081
General,Tops,Knits,4,1,860
General,Dresses,Dresses,4,1,1110
General,Dresses,Dresses,5,1,1110
General,Bottoms,Jeans,5,1,1022
General,Tops,Blouses,5,1,850
General,Tops,Knits,5,1,860
General,Dresses,Dresses,3,1,1110
General,Dresses,Dresses,4,1,1074
General,Dresses,Dresses,5,1,1094
General Petite,Bottoms,Jeans,5,1,1025
General,Dresses,Dresses,5,1,1094
Initmates,Intimate,Intimates,5,1,230
General,Tops,Blouses,3,0,837
General,Dresses,Dresses,4,1,1081
General,Tops,Blouses,5,1,837
Initmates,Intimate,Swim,4,1,442
General Petite,Bottoms,Jeans,4,1,1025
General,Dresses,Dresses,4,1,1094
Initmates,Intimate,Intimates,5,1,744
General,Dresses,Dresses,5,1,1081
General,Dresses,Dresses,5,1,1094
General Petite,Dresses,Dresses,2,0,1081
General,Tops,Blouses,2,0,837
General,Dresses,Dresses,5,1,1094
General,Dresses,Dresses,3,1,1094
General Petite,Dresses,Dresses,5,1,1081
General Petite,Dresses,Dresses,3,1,1081
General Petite,Dresses,Dresses,5,1,1081
General Petite,Dresses,Dresses,5,1,1081
General,Dresses,Dresses,4,1,1094
General Petite,Dresses,Dresses,4,1,1081
General,Dresses,Dresses,5,1,1094
General Petite,Bottoms,Jeans,4,1,1025
Initmates,Intimate,Sleep,3,1,775
General Petite,Dresses,Dresses,3,1,1081
General,Dresses,Dresses,5,1,1094
General,Dresses,Dresses,1,0,1094
General,Dresses,Dresses,2,0,1094
General,Dresses,Dresses,4,1,1094
Initmates,Intimate,Swim,5,1,442
General Petite,Dresses,Dresses,4,1,1081
General Petite,Dresses,Dresses,5,1,1081
General Petite,Dresses,Dresses,5,1,1081
General,Dresses,Dresses,1,0,1087
General Petite,Dresses,Dresses,5,1,1081
General Petite,Bottoms,Jeans,5,1,1025
General,Dresses,Dresses,5,1,1094
General,Dresses,Dresses,4,1,1094
General,Dresses,Dresses,5,1,1087
General,Dresses,Dresses,5,1,1094
General,Dresses,Dresses,3,0,1094
General,Dresses,Dresses,5,1,1081
Initmates,Intimate,Swim,4,1,442
General,Dresses,Dresses,3,1,1072
General Petite,Tops,Blouses,3,1,829
Initmates,Intimate,Swim,3,0,1175
General,Tops,Sweaters,5,1,952
Initmates,Intimate,Intimates,5,1,411
General Petite,Tops,Blouses,2,0,829
Initmates,Intimate,Intimates,3,1,411
Initmates,Intimate,Intimates,5,1,411
General,Tops,Sweaters,5,1,952
General,Tops,Blouses,5,1,829
General,Tops,Blouses,5,1,829
General,Tops,Blouses,5,1,829
Initmates,Intimate,Intimates,2,0,411
General,Tops,Blouses,3,1,839
Initmates,Intimate,Intimates,2,0,411
General,Tops,Blouses,5,1,839
General,Tops,Sweaters,4,1,952
General,Tops,Blouses,3,0,829
Initmates,Intimate,Intimates,5,1,411
General,Tops,Sweaters,5,1,952
General,Dresses,Dresses,2,0,1072
General Petite,Bottoms,Skirts,3,0,993
General,Tops,Blouses,4,1,829
General,Tops,Blouses,4,1,829
General,Tops,Knits,1,0,860
General,Tops,Knits,5,1,860
General,Bottoms,Jeans,5,1,1027
General Petite,Dresses,Dresses,5,1,1098
General,Tops,Blouses,5,1,829
General,Tops,Sweaters,5,1,936
General,Bottoms,Pants,5,1,1066
General,Tops,Sweaters,3,0,936
General,Bottoms,Jeans,1,0,1022
General,Tops,Knits,2,0,860
General,Tops,Knits,3,0,860
General Petite,Dresses,Dresses,5,1,1098
General Petite,Tops,Sweaters,4,1,949
General,Bottoms,Pants,5,1,1066
General,Bottoms,Jeans,3,1,1027
General Petite,Tops,Blouses,5,1,829
General,Tops,Sweaters,5,1,936
General,Tops,Sweaters,5,1,936
General,Tops,Knits,5,1,860
General,Tops,Knits,3,1,860
General,Bottoms,Pants,5,1,1066
General Petite,Tops,Sweaters,3,1,949
General,Tops,Knits,1,0,860
General,Bottoms,Pants,5,1,1066
General Petite,Tops,Sweaters,3,0,949
General Petite,Tops,Blouses,5,1,829
General,Bottoms,Skirts,5,1,1003
General,Tops,Knits,5,1,860
General,Bottoms,Skirts,5,1,1008
General,Dresses,Dresses,3,0,1080
General,Tops,Sweaters,5,1,927
General Petite,Dresses,Dresses,3,0,1098
General Petite,Tops,Blouses,5,1,831
General Petite,Bottoms,Skirts,5,1,1020
General,Tops,Knits,4,0,863
General Petite,Bottoms,Skirts,5,1,1020
General Petite,Jackets,Jackets,1,0,977
General,Dresses,Dresses,4,1,1080
General Petite,Tops,Fine gauge,3,0,912
General,Tops,Knits,5,1,865
General,Tops,Blouses,5,1,850
General,Dresses,Dresses,2,0,1080
General,Dresses,Dresses,5,1,1080
General,Tops,Sweaters,3,1,947
General Petite,Bottoms,Skirts,5,1,1020
General,Tops,Blouses,5,1,850
General,Tops,Sweaters,5,1,947
General,Tops,Sweaters,5,1,947
Initmates,Intimate,Lounge,3,1,424
General,Tops,Blouses,5,1,850
General,Bottoms,Shorts,5,1,485
General,Tops,Sweaters,5,1,947
General,Tops,Sweaters,5,1,927
General,Tops,Sweaters,5,1,927
General,Tops,Sweaters,3,0,927
General Petite,Bottoms,Skirts,5,1,1020
General Petite,Bottoms,Skirts,5,1,1020
General,Tops,Sweaters,4,1,927
General Petite,Jackets,Jackets,5,1,977
General,Dresses,Dresses,4,1,1080
General,Tops,Sweaters,5,1,947
General Petite,Tops,Blouses,4,1,831
General,Bottoms,Shorts,3,1,603
General,Tops,Knits,5,1,865
General,Tops,Sweaters,4,1,947
General,Tops,Sweaters,4,1,947
General,Tops,Sweaters,4,1,947
Initmates,Intimate,Lounge,5,1,424
General Petite,Bottoms,Skirts,5,1,1020
General,Jackets,Outerwear,5,1,1122
General,Tops,Sweaters,4,1,947
General,Tops,Sweaters,2,0,947
General,Tops,Blouses,5,1,850
General Petite,Bottoms,Skirts,5,1,1020
General,Tops,Sweaters,4,1,947
General Petite,Bottoms,Skirts,5,1,1020
General Petite,Tops,Blouses,5,1,850
General,Dresses,Dresses,3,1,1080
General,Tops,Sweaters,4,1,947
General,Tops,Sweaters,3,0,947
General Petite,Tops,Blouses,5,1,850
General,Bottoms,Jeans,5,1,1022
General,Tops,Knits,5,1,862
General,Dresses,Dresses,5,1,1078
General,Dresses,Dresses,5,1,1078
General Petite,Dresses,Dresses,5,1,1077
General,Dresses,Dresses,5,1,1078
General,Jackets,Jackets,5,1,985
General,Dresses,Dresses,3,1,1201
General Petite,Bottoms,Skirts,5,1,996
General,Tops,Knits,3,1,864
General,Tops,Sweaters,4,1,927
General Petite,Bottoms,Pants,5,1,1046
General,Tops,Knits,5,1,864
General,Jackets,Jackets,5,1,985
General Petite,Dresses,Dresses,3,0,1078
General,Tops,Knits,5,1,862
General Petite,Bottoms,Pants,5,1,1046
General,Tops,Knits,2,0,862
General,Dresses,Dresses,4,1,1072
General,Dresses,Dresses,5,1,1080
General,Jackets,Jackets,4,1,985
General,Tops,Knits,2,0,864
General,Tops,Sweaters,5,1,927
General Petite,Dresses,Dresses,5,1,1078
General,Dresses,Dresses,4,1,1072
General Petite,Dresses,Dresses,5,1,1078
General,Tops,Knits,5,1,862
General,Dresses,Dresses,5,1,1201
General Petite,Bottoms,Pants,4,1,1046
General,Tops,Sweaters,4,1,942
General,Bottoms,Pants,5,1,1059
General,Bottoms,Pants,3,1,1059
General Petite,Dresses,Dresses,5,1,1094
General,Tops,Blouses,5,1,833
General Petite,Bottoms,Pants,4,1,1051
General,Tops,Blouses,5,1,833
Initmates,Intimate,Sleep,4,1,115
General,Tops,Knits,5,1,878
General Petite,Dresses,Dresses,4,1,1094
General,Tops,Sweaters,4,1,942
Initmates,Intimate,Sleep,3,1,115
General Petite,Bottoms,Pants,5,1,1059
General Petite,Dresses,Dresses,4,1,1078
General,Tops,Blouses,5,1,833
General Petite,Bottoms,Pants,3,1,1051
General Petite,Bottoms,Pants,3,0,1059
General Petite,Bottoms,Pants,4,1,1059
General Petite,Bottoms,Pants,4,0,1059
General Petite,Bottoms,Pants,5,1,1051
General Petite,Bottoms,Pants,5,1,1059
General Petite,Dresses,Dresses,5,1,1078
General Petite,Bottoms,Pants,4,1,1051
General,Tops,Blouses,5,1,833
General Petite,Bottoms,Pants,5,1,1051
General Petite,Bottoms,Pants,5,1,1059
General Petite,Bottoms,Pants,4,1,1051
General Petite,Bottoms,Skirts,5,1,992
General Petite,Bottoms,Pants,5,1,1051
General,Bottoms,Pants,4,1,1053
General,Bottoms,Pants,5,1,1059
General Petite,Tops,Blouses,5,1,825
General,Bottoms,Pants,2,1,1059
General Petite,Dresses,Dresses,5,1,1094
General,Tops,Sweaters,2,0,942
General Petite,Dresses,Dresses,4,1,1078
General Petite,Bottoms,Skirts,4,1,992
General,Tops,Blouses,3,1,833
General,Bottoms,Pants,5,1,1059
General,Bottoms,Pants,5,1,1059
General,Bottoms,Pants,4,1,1059
General Petite,Dresses,Dresses,4,1,1078
General Petite,Bottoms,Pants,4,1,1051
General,Bottoms,Pants,4,1,1059
General,Bottoms,Pants,4,1,1059
General Petite,Bottoms,Pants,5,1,1051
General,Tops,Blouses,5,1,833
General Petite,Dresses,Dresses,5,1,1094
General Petite,Bottoms,Skirts,4,1,992
General Petite,Dresses,Dresses,5,1,1094
General Petite,Dresses,Dresses,5,1,1094
General,Tops,Sweaters,2,0,942
General,Tops,Knits,4,1,878
General Petite,Bottoms,Skirts,5,1,992
General Petite,Bottoms,Pants,3,0,1051
General,Tops,Blouses,5,1,833
General Petite,Bottoms,Pants,3,1,1051
General,Dresses,Dresses,5,1,1094
General,Bottoms,Pants,5,1,1059
General,Tops,Knits,4,1,867
General,Bottoms,Skirts,5,1,1013
General,Bottoms,Pants,3,0,1044
General Petite,Tops,Blouses,1,0,835
General,Bottoms,Pants,5,1,1059
General Petite,Tops,Blouses,5,1,835
General Petite,Tops,Knits,5,1,857
General,Tops,Knits,5,1,867
General Petite,Dresses,Dresses,4,1,1104
General Petite,Tops,Blouses,4,1,835
General Petite,Tops,Blouses,4,1,835
Initmates,Intimate,Lounge,3,0,434
General,Tops,Knits,3,1,878
General,Bottoms,Skirts,5,1,1020
General,Tops,Knits,4,1,867
General Petite,Dresses,Dresses,3,0,1104
General,Tops,Knits,5,1,867
General,Bottoms,Pants,4,1,1059
General Petite,Tops,Blouses,3,1,835
General Petite,Tops,Blouses,5,1,835
General Petite,Tops,Blouses,3,0,835
General,Bottoms,Skirts,5,1,1020
General Petite,Tops,Blouses,1,0,835
General Petite,Tops,Blouses,3,0,835
General,Tops,Knits,5,1,867
General,Bottoms,Skirts,5,1,1020
General,Bottoms,Pants,5,1,1059
General Petite,Tops,Blouses,5,1,835
General,Bottoms,Pants,5,1,1059
General,Bottoms,Pants,5,1,1059
General,Tops,Knits,5,1,867
General Petite,Tops,Blouses,4,1,835
General Petite,Tops,Blouses,5,1,835
General Petite,Tops,Blouses,5,1,835
General,Bottoms,Skirts,5,1,1020
General,Tops,Knits,2,0,878
General Petite,Jackets,Jackets,5,1,964
Initmates,Intimate,Intimates,3,0,178
General Petite,Tops,Knits,5,1,860
General Petite,Tops,Knits,4,1,860
General Petite,Tops,Fine gauge,4,1,899
General,Tops,Fine gauge,5,1,914
General Petite,Tops,Knits,5,1,860
Initmates,Intimate,Legwear,5,1,225
General,Tops,Blouses,3,0,841
General,Tops,Knits,5,1,862
General Petite,Jackets,Jackets,4,1,970
General,Tops,Knits,3,1,862
Initmates,Intimate,Legwear,5,1,225
General Petite,Tops,Fine gauge,5,1,899
General,Tops,Knits,2,0,862
General Petite,Tops,Fine gauge,2,0,899
General,Tops,Knits,1,0,862
General Petite,Tops,Fine gauge,4,1,899
General,Tops,Knits,4,1,862
General Petite,Tops,Fine gauge,5,1,899
General,Tops,Knits,4,1,862
General Petite,Tops,Knits,4,1,860
Initmates,Intimate,Legwear,2,0,225
General Petite,Tops,Knits,4,1,860
General Petite,Tops,Knits,5,1,860
General Petite,Tops,Knits,4,1,860
General,Tops,Knits,5,1,862
General Petite,Tops,Knits,3,1,860
General,Tops,Knits,5,1,862
General Petite,Tops,Fine gauge,3,0,899
General Petite,Tops,Fine gauge,5,1,899
Initmates,Intimate,Lounge,4,1,398
General,Jackets,Jackets,5,1,970
General Petite,Tops,Knits,4,1,860
General Petite,Jackets,Jackets,5,1,964
General,Tops,Knits,5,1,862
Initmates,Intimate,Legwear,5,1,225
General Petite,Tops,Fine gauge,4,1,899
General Petite,Tops,Knits,5,1,860
General Petite,Jackets,Jackets,5,1,964
General Petite,Tops,Fine gauge,5,1,899
General,Tops,Knits,5,1,862
Initmates,Intimate,Legwear,4,1,225
General,Tops,Fine gauge,2,0,895
Initmates,Intimate,Intimates,4,1,431
General,Tops,Knits,5,1,862
General,Tops,Blouses,5,1,831
General Petite,Tops,Fine gauge,5,1,899
General Petite,Tops,Knits,5,1,860
Initmates,Intimate,Legwear,5,1,225
General Petite,Jackets,Jackets,5,1,964
General,Tops,Knits,5,1,862
General,Tops,Knits,3,1,862
General,Tops,Blouses,2,0,841
General Petite,Tops,Fine gauge,5,1,899
General,Tops,Blouses,4,1,841
General Petite,Tops,Blouses,5,1,830
General,Dresses,Dresses,4,1,1081
General,Bottoms,Jeans,5,1,1035
General Petite,Jackets,Jackets,5,1,984
General Petite,Bottoms,Skirts,1,0,1008
General Petite,Tops,Blouses,5,1,830
General Petite,Jackets,Jackets,5,1,984
Initmates,Intimate,Lounge,4,1,769
General,Bottoms,Jeans,4,1,1025
General Petite,Tops,Blouses,3,1,830
General,Tops,Knits,5,1,888
General Petite,Bottoms,Skirts,5,1,1008
Initmates,Intimate,Intimates,5,1,34
General Petite,Bottoms,Skirts,3,1,1008
General Petite,Bottoms,Skirts,5,1,1008
General,Dresses,Dresses,4,1,1081
General Petite,Bottoms,Skirts,4,1,1008
General Petite,Jackets,Jackets,5,1,984
General,Tops,Knits,4,1,888
General Petite,Bottoms,Skirts,5,1,1008
General Petite,Dresses,Dresses,4,0,1095
General Petite,Dresses,Dresses,5,1,1095
General Petite,Bottoms,Skirts,5,1,1008
General,Bottoms,Skirts,1,0,1013
General,Bottoms,Jeans,5,1,1027
General Petite,Dresses,Dresses,3,0,1095
General Petite,Dresses,Dresses,3,0,1095
General,Tops,Knits,5,1,867
General Petite,Bottoms,Skirts,5,1,1008
General,Tops,Knits,3,0,867
General Petite,Bottoms,Skirts,4,1,1008
General Petite,Dresses,Dresses,5,1,1095
General Petite,Tops,Blouses,4,1,825
General Petite,Tops,Blouses,4,1,825
General,Tops,Knits,1,0,867
General,Tops,Knits,2,0,867
General,Tops,Knits,4,1,867
General Petite,Dresses,Dresses,5,1,1095
General Petite,Dresses,Dresses,3,1,1095
General Petite,Dresses,Dresses,4,1,1095
General,Tops,Knits,4,1,867
General Petite,Bottoms,Skirts,5,1,1008
General Petite,Dresses,Dresses,4,1,1095
General Petite,Bottoms,Skirts,5,1,1008
General Petite,Bottoms,Skirts,5,1,1008
General,Tops,Knits,3,1,867
General,Tops,Knits,5,1,867
General Petite,Bottoms,Skirts,5,1,1008
General Petite,Dresses,Dresses,4,1,1095
General Petite,Tops,Blouses,4,1,825
General Petite,Tops,Blouses,5,1,825
General,Tops,Knits,2,0,867
General,Tops,Knits,5,1,867
General Petite,Tops,Blouses,5,1,825
General Petite,Dresses,Dresses,3,1,1095
General Petite,Dresses,Dresses,5,1,1095
General Petite,Tops,Blouses,5,1,825
General Petite,Dresses,Dresses,4,1,1095
General,Tops,Knits,4,1,867
General Petite,Tops,Blouses,5,1,825
General Petite,Tops,Blouses,5,1,825
General Petite,Bottoms,Skirts,5,1,1008
General,Tops,Knits,5,1,867
General Petite,Tops,Blouses,4,1,825
General Petite,Bottoms,Skirts,5,1,1008
General,Tops,Sweaters,5,1,921
General Petite,Dresses,Dresses,4,1,1095
General,Tops,Knits,4,1,867
General,Bottoms,Jeans,5,1,1030
General Petite,Dresses,Dresses,5,1,1095
General,Tops,Knits,4,1,867
General,Tops,Knits,1,0,867
General Petite,Dresses,Dresses,2,0,1095
General,Tops,Blouses,4,1,822
General,Tops,Knits,1,0,867
General,Dresses,Dresses,5,1,1094
General Petite,Bottoms,Skirts,5,1,994
General,Tops,Knits,5,1,868
General Petite,Bottoms,Pants,4,1,481
General Petite,Bottoms,Pants,3,1,481
General,Dresses,Dresses,5,1,1080
General,Dresses,Dresses,4,1,1080
General Petite,Bottoms,Skirts,5,1,994
General Petite,Bottoms,Pants,3,1,481
General Petite,Bottoms,Pants,2,0,481
General,Tops,Fine gauge,4,0,902
General,Bottoms,Pants,3,1,1054
General,Dresses,Dresses,2,0,1094
General Petite,Bottoms,Jeans,5,1,1026
General,Tops,Knits,3,1,868
General,Bottoms,Pants,5,1,1054
General,Dresses,Dresses,5,1,1080
General Petite,Bottoms,Skirts,5,1,994
General,Dresses,Dresses,1,0,1080
General,Dresses,Dresses,4,1,1080
General,Dresses,Dresses,5,1,1094
General,Bottoms,Skirts,1,0,1001
General,Dresses,Dresses,4,1,1080
General,Tops,Fine gauge,5,1,903
General Petite,Bottoms,Jeans,5,1,1026
General Petite,Bottoms,Skirts,5,1,994
General,Dresses,Dresses,5,1,1094
General,Dresses,Dresses,3,1,1094
General Petite,Bottoms,Pants,5,1,481
General,Tops,Knits,5,1,868
General Petite,Bottoms,Skirts,4,1,994
General,Dresses,Dresses,5,1,1094
General,Tops,Knits,5,1,868
General Petite,Bottoms,Jeans,4,1,1026
General,Dresses,Dresses,5,1,1080
General Petite,Bottoms,Jeans,4,1,1026
General Petite,Bottoms,Jeans,5,1,1026
General,Dresses,Dresses,3,1,1094
General,Dresses,Dresses,5,1,1080
General,Dresses,Dresses,5,1,1080
General,Dresses,Dresses,5,1,1080
General,Tops,Knits,4,1,868
General Petite,Bottoms,Pants,5,1,481
General,Dresses,Dresses,4,1,1080
General,Tops,Knits,1,0,857
General,Dresses,Dresses,5,1,1080
General Petite,Bottoms,Pants,4,0,481
General,Dresses,Dresses,2,0,1094
General,Dresses,Dresses,3,0,1094
General,Tops,Knits,4,1,857
General,Dresses,Dresses,5,1,1094
General Petite,Bottoms,Jeans,4,1,1026
General Petite,Bottoms,Jeans,5,1,1026
General,Tops,Fine gauge,4,1,903
General,Bottoms,Pants,4,1,1054
General,Dresses,Dresses,4,1,1094
General,Dresses,Dresses,5,1,1080
General,Dresses,Dresses,5,1,1080
General,Dresses,Dresses,5,1,1094
General,Tops,Knits,3,1,857
General,Dresses,Dresses,5,1,1080
General,Dresses,Dresses,5,1,1094
General,Dresses,Dresses,5,1,1094
General,Bottoms,Skirts,2,0,1001
General,Dresses,Dresses,5,1,1080
General,Tops,Knits,5,1,857
General,Bottoms,Pants,2,0,1054
General,Dresses,Dresses,5,1,1080
General,Tops,Knits,5,1,860
General Petite,Bottoms,Pants,5,1,1059
General Petite,Bottoms,Pants,5,1,1066
General,Dresses,Dresses,5,1,1094
Initmates,Intimate,Lounge,1,0,371
General Petite,Bottoms,Pants,5,1,1066
General,Tops,Blouses,4,1,828
General,Bottoms,Jeans,5,1,1035
General Petite,Bottoms,Pants,4,0,1059
General Petite,Bottoms,Pants,5,1,1059
General Petite,Bottoms,Pants,4,1,1066
General,Tops,Knits,5,1,860
General,Tops,Blouses,2,0,838
General,Dresses,Dresses,2,0,1081
General,Tops,Blouses,5,1,828
General,Tops,Fine gauge,2,0,898
General,Tops,Knits,5,1,860
General,Bottoms,Jeans,4,1,1035
General Petite,Bottoms,Pants,5,1,1066
General,Bottoms,Jeans,3,1,1035
General,Bottoms,Jeans,4,1,1035
General,Tops,Knits,5,1,860
General Petite,Bottoms,Pants,5,1,1066
General Petite,Bottoms,Pants,5,1,1066
General Petite,Bottoms,Pants,5,1,1066
General,Bottoms,Jeans,5,1,1036
General,Dresses,Dresses,5,1,1078
General,Dresses,Dresses,5,1,1094
General,Dresses,Dresses,3,0,1081
General Petite,Bottoms,Pants,5,1,1059
General,Tops,Knits,4,1,860
General Petite,Bottoms,Pants,5,1,1066
General,Trend,Trend,3,1,1146
Initmates,Intimate,Sleep,5,1,206
General Petite,Bottoms,Pants,5,1,1066
General Petite,Bottoms,Pants,5,1,1059
General Petite,Bottoms,Pants,5,1,1066
General Petite,Dresses,Dresses,5,1,1082
General Petite,Bottoms,Jeans,5,1,1035
General Petite,Bottoms,Pants,5,1,1066
General Petite,Bottoms,Pants,4,1,1066
General Petite,Bottoms,Jeans,5,1,1035
General,Tops,Blouses,5,1,828
General Petite,Bottoms,Pants,4,1,1066
General Petite,Bottoms,Pants,4,1,1066
General,Tops,Blouses,5,1,828
General Petite,Bottoms,Pants,5,1,1059
General Petite,Dresses,Dresses,5,1,1078
General Petite,Dresses,Dresses,1,0,1082
General Petite,Bottoms,Pants,5,1,1059
General,Tops,Knits,5,1,860
General Petite,Bottoms,Pants,5,1,1066
General Petite,Dresses,Dresses,2,0,1081
General,Tops,Knits,5,1,860
General,Tops,Knits,3,1,860
General Petite,Bottoms,Jeans,4,1,1035
General Petite,Bottoms,Skirts,5,1,1009
General Petite,Dresses,Dresses,5,1,1092
General Petite,Tops,Knits,5,1,872
General,Bottoms,Skirts,2,0,1016
General,Dresses,Dresses,5,1,1197
General Petite,Tops,Knits,2,0,862
General Petite,Dresses,Dresses,3,0,1092
General,Bottoms,Skirts,4,1,1016
General Petite,Tops,Knits,5,1,862
General Petite,Dresses,Dresses,3,0,1092
General Petite,Tops,Knits,5,1,862
General,Bottoms,Skirts,4,1,1016
General,Bottoms,Skirts,1,0,1016
General Petite,Tops,Knits,5,1,862
General Petite,Tops,Knits,4,0,872
General Petite,Dresses,Dresses,5,1,1092
Initmates,Intimate,Intimates,5,1,807
General,Dresses,Dresses,5,1,1197
General,Bottoms,Skirts,2,0,1016
General Petite,Tops,Knits,5,1,872
General,Bottoms,Skirts,1,0,1016
General,Dresses,Dresses,5,1,1197
General Petite,Bottoms,Skirts,4,1,1009
Initmates,Intimate,Sleep,4,1,793
General Petite,Bottoms,Skirts,3,0,1009
General Petite,Tops,Knits,5,1,872
General,Bottoms,Skirts,5,1,1016
General Petite,Bottoms,Skirts,3,1,1009
General Petite,Dresses,Dresses,4,1,1092
General Petite,Dresses,Dresses,4,1,1083
General Petite,Bottoms,Skirts,4,1,1009
General,Bottoms,Skirts,2,0,1016
General Petite,Bottoms,Skirts,5,1,1009
General Petite,Bottoms,Skirts,4,1,1009
General Petite,Tops,Knits,5,1,862
General Petite,Tops,Knits,4,1,872
General Petite,Tops,Knits,5,1,862
General,Bottoms,Skirts,4,1,1016
General,Bottoms,Skirts,4,1,1016
General Petite,Dresses,Dresses,5,1,1092
General Petite,Dresses,Dresses,5,1,1092
General,Tops,Knits,4,1,862
General Petite,Tops,Knits,5,1,872
General,Bottoms,Skirts,2,0,1016
Initmates,Intimate,Swim,5,1,321
Initmates,Intimate,Intimates,5,1,807
Initmates,Intimate,Intimates,5,1,807
General Petite,Tops,Knits,5,1,872
General Petite,Dresses,Dresses,5,1,1092
General,Tops,Knits,4,1,862
General,Bottoms,Skirts,1,0,1016
General,Jackets,Outerwear,1,0,1116
General Petite,Bottoms,Skirts,5,1,1009
General,Bottoms,Jeans,5,1,1022
General,Tops,Blouses,5,1,831
General Petite,Tops,Knits,5,1,872
General,Tops,Blouses,5,1,831
General,Tops,Blouses,5,1,831
General,Tops,Blouses,5,1,831
General,Trend,Trend,5,1,1146
General,Dresses,Dresses,4,1,1097
General,Tops,Knits,2,0,867
General Petite,Tops,Sweaters,4,1,927
General,Bottoms,Jeans,5,1,1022
Initmates,Intimate,Lounge,4,1,164
General Petite,Dresses,Dresses,5,1,1110
General Petite,Dresses,Dresses,1,0,1083
General Petite,Dresses,Dresses,5,1,1083
General,Bottoms,Pants,3,1,1044
General,Bottoms,Jeans,5,1,1022
General Petite,Dresses,Dresses,5,1,1110
General Petite,Dresses,Dresses,5,1,1083
General,Dresses,Dresses,5,1,1080
General Petite,Dresses,Dresses,3,1,1095
General Petite,Dresses,Dresses,5,1,1083
Initmates,Intimate,Lounge,4,1,164
General Petite,Dresses,Dresses,5,1,1083
General Petite,Tops,Knits,4,1,862
General Petite,Tops,Knits,4,1,862
General,Jackets,Outerwear,5,1,1134
General Petite,Dresses,Dresses,5,1,1110
General,Tops,Knits,5,1,867
General Petite,Tops,Knits,5,1,862
General Petite,Tops,Sweaters,4,1,927
General,Bottoms,Shorts,3,0,63
General Petite,Dresses,Dresses,5,1,1095
General,Bottoms,Jeans,4,1,1022
General,Dresses,Dresses,5,1,1110
General,Tops,Knits,2,0,867
General,Bottoms,Pants,3,0,1044
General Petite,Tops,Knits,5,1,862
General,Dresses,Dresses,5,1,1075
General Petite,Dresses,Dresses,5,1,1095
General Petite,Dresses,Dresses,4,1,1083
General Petite,Tops,Knits,4,1,862
General,Dresses,Dresses,5,1,1110
General Petite,Dresses,Dresses,4,1,1095
General Petite,Dresses,Dresses,2,0,1095
General Petite,Dresses,Dresses,4,1,1083
General,Dresses,Dresses,3,1,1079
General,Dresses,Dresses,5,1,1072
General Petite,Tops,Knits,2,0,872
General,Dresses,Dresses,5,1,1072
General Petite,Tops,Blouses,3,1,815
General,Dresses,Dresses,4,1,1072
General,Tops,Knits,3,0,862
General,Dresses,Dresses,4,1,1072
General,Tops,Knits,4,1,862
General,Dresses,Dresses,5,1,1072
General,Tops,Fine gauge,5,1,896
General Petite,Tops,Knits,5,1,872
General,Bottoms,Pants,4,1,1068
General Petite,Dresses,Dresses,5,1,1092
General,Dresses,Dresses,4,1,1072
General Petite,Dresses,Dresses,5,1,1092
General Petite,Dresses,Dresses,5,1,1092
General Petite,Tops,Knits,4,1,872
General Petite,Dresses,Dresses,4,0,1072
General Petite,Tops,Blouses,5,1,850
General Petite,Dresses,Dresses,4,1,1072
General Petite,Dresses,Dresses,4,1,1092
General,Tops,Fine gauge,5,1,896
General Petite,Dresses,Dresses,5,1,1072
General,Tops,Knits,3,0,862
General,Tops,Knits,5,1,862
General Petite,Dresses,Dresses,5,1,1072
General Petite,Dresses,Dresses,5,1,1092
General,Jackets,Outerwear,5,1,1126
General,Tops,Fine gauge,5,1,896
General Petite,Tops,Knits,3,0,872
General,Tops,Fine gauge,5,1,896
General Petite,Tops,Knits,5,1,872
General Petite,Dresses,Dresses,4,1,1072
General Petite,Tops,Blouses,4,1,850
General Petite,Tops,Knits,3,0,872
General,Jackets,Outerwear,5,1,1126
General Petite,Tops,Blouses,5,1,850
General,Tops,Knits,5,1,862
General Petite,Dresses,Dresses,5,1,1072
General,Tops,Knits,5,1,862
General Petite,Dresses,Dresses,5,1,1072
General Petite,Dresses,Dresses,4,1,1072
General,Tops,Fine gauge,5,1,896
General Petite,Tops,Knits,1,0,872
General Petite,Dresses,Dresses,5,1,1072
General Petite,Dresses,Dresses,4,1,1072
General Petite,Tops,Blouses,5,1,850
General,Tops,Fine gauge,5,1,912
General,Tops,Fine gauge,4,1,912
General,Tops,Fine gauge,5,1,896
General,Jackets,Outerwear,3,0,1126
General,Tops,Knits,5,1,862
General Petite,Dresses,Dresses,2,0,1072
General Petite,Tops,Knits,5,1,872
General,Tops,Fine gauge,5,1,912
General,Tops,Knits,5,1,862
General Petite,Dresses,Dresses,5,1,1072
General,Tops,Knits,1,0,862
General Petite,Dresses,Dresses,5,1,1092
General,Tops,Fine gauge,5,1,896
General Petite,Tops,Knits,4,1,872
General Petite,Dresses,Dresses,5,1,1072
General Petite,Tops,Blouses,4,1,850
General Petite,Dresses,Dresses,5,1,1072
General,Tops,Fine gauge,5,1,896
General Petite,Dresses,Dresses,5,1,1092
General,Tops,Knits,3,0,862
General Petite,Dresses,Dresses,5,1,1092
General Petite,Dresses,Dresses,3,0,1092
General,Tops,Fine gauge,5,1,912
General,Tops,Fine gauge,3,0,896
General,Tops,Fine gauge,4,1,896
General Petite,Dresses,Dresses,2,0,1092
General,Jackets,Outerwear,4,1,1126
General,Jackets,Outerwear,5,1,1126
General Petite,Dresses,Dresses,4,1,1092
General,Tops,Knits,2,0,862
General,Bottoms,Pants,5,1,1068
General,Dresses,Dresses,1,0,1111
General,Tops,Fine gauge,4,1,896
General Petite,Dresses,Dresses,3,0,1092
General,Tops,Fine gauge,4,1,912
General Petite,Dresses,Dresses,5,1,1092
General Petite,Dresses,Dresses,5,1,1092
General Petite,Dresses,Dresses,5,1,1072
General,Tops,Knits,3,1,862
General Petite,Tops,Blouses,5,1,850
General Petite,Tops,Blouses,4,1,850
General,Tops,Fine gauge,4,1,912
General Petite,Dresses,Dresses,5,1,1072
General Petite,Dresses,Dresses,3,0,1092
General Petite,Tops,Blouses,5,1,850
General Petite,Tops,Knits,2,0,872
General Petite,Dresses,Dresses,5,1,1072
General,Tops,Knits,1,0,862
General,Tops,Knits,5,1,862
General Petite,Tops,Knits,5,1,872
General,Tops,Knits,5,1,862
General Petite,Tops,Knits,1,0,872
General,Tops,Fine gauge,3,1,896
General Petite,Dresses,Dresses,5,1,1072
General,Tops,Fine gauge,5,1,896
General,Jackets,Outerwear,5,1,1126
General Petite,Dresses,Dresses,5,1,1072
General Petite,Tops,Blouses,3,0,850
General Petite,Tops,Knits,4,1,872
General Petite,Dresses,Dresses,4,1,1072
General Petite,Dresses,Dresses,5,1,1072
General Petite,Tops,Knits,5,1,872
General Petite,Dresses,Dresses,5,1,1089
General,Tops,Fine gauge,3,0,911
General Petite,Tops,Knits,5,1,872
General Petite,Tops,Knits,5,1,872
General Petite,Tops,Knits,5,1,872
General Petite,Tops,Knits,5,1,872
General,Dresses,Dresses,1,0,1082
General Petite,Tops,Knits,3,0,872
General,Tops,Knits,5,1,867
General,Tops,Sweaters,3,0,940
General Petite,Dresses,Dresses,3,0,1086
Initmates,Intimate,Intimates,5,1,160
General Petite,Tops,Knits,5,1,872
General Petite,Tops,Knits,5,1,872
General Petite,Tops,Knits,5,1,872
General,Bottoms,Pants,4,1,1052
General Petite,Dresses,Dresses,4,1,1086
General Petite,Tops,Knits,5,1,872
General Petite,Tops,Knits,5,1,872
General Petite,Tops,Knits,4,1,872
General,Jackets,Jackets,5,1,984
General Petite,Tops,Knits,5,1,867
General,Tops,Sweaters,2,0,940
General Petite,Tops,Knits,5,1,872
General,Tops,Knits,5,1,872
General Petite,Tops,Knits,5,1,867
General Petite,Dresses,Dresses,4,1,1086
General,Dresses,Dresses,5,1,1094
General Petite,Tops,Knits,4,1,876
General Petite,Tops,Knits,4,1,867
General,Tops,Knits,5,1,872
General Petite,Dresses,Dresses,5,1,1089
General Petite,Dresses,Dresses,4,1,1072
General Petite,Tops,Knits,5,1,867
General,Tops,Knits,5,1,872
General,Tops,Knits,5,1,872
General,Tops,Knits,2,0,872
General,Tops,Knits,3,0,872
General,Tops,Knits,5,1,872
General Petite,Tops,Knits,4,1,876
General,Tops,Knits,5,1,872
General Petite,Dresses,Dresses,5,1,1086
General Petite,Intimate,Lounge,5,1,146
General,Tops,Knits,5,1,872
General Petite,Tops,Knits,4,1,867
General,Jackets,Jackets,5,1,984
General,Tops,Knits,4,1,872
General Petite,Tops,Knits,4,1,876
General,Tops,Knits,5,1,872
General Petite,Tops,Knits,5,1,867
General,Bottoms,Pants,5,1,1052
General,Tops,Sweaters,4,1,940
General Petite,Intimate,Lounge,5,1,146
General Petite,Dresses,Dresses,5,1,1086
General,Tops,Sweaters,3,0,940
General,Tops,Knits,1,0,872
General,Tops,Knits,5,1,872
General,Tops,Sweaters,4,1,940
General,Tops,Knits,5,1,872
General,Tops,Knits,4,1,870
General Petite,Dresses,Dresses,1,0,1086
General,Tops,Sweaters,5,1,940
General Petite,Dresses,Dresses,2,1,1086
General Petite,Dresses,Dresses,3,1,1102
General,Tops,Knits,5,1,872
General Petite,Dresses,Dresses,2,0,1102
General Petite,Tops,Knits,5,1,867
General,Tops,Knits,5,1,872
General Petite,Intimate,Lounge,4,1,146
General,Bottoms,Pants,5,1,1052
General Petite,Dresses,Dresses,5,1,1086
General Petite,Intimate,Lounge,5,1,146
General Petite,Tops,Knits,4,1,876
General,Bottoms,Pants,4,1,1052
General Petite,Tops,Knits,5,1,867
General,Tops,Knits,5,1,870
General Petite,Tops,Knits,2,0,876
General,Tops,Knits,4,1,872
General,Tops,Knits,3,0,870
General,Tops,Knits,5,1,872
General Petite,Tops,Knits,5,1,867
General,Tops,Knits,4,1,872
General,Tops,Knits,5,1,870
General Petite,Dresses,Dresses,5,1,1086
General Petite,Tops,Knits,4,1,867
General,Tops,Knits,5,1,872
General Petite,Tops,Knits,3,0,876
General Petite,Dresses,Dresses,4,1,1089
General,Tops,Sweaters,3,0,940
General,Dresses,Dresses,4,1,1082
General,Tops,Knits,5,1,872
General Petite,Tops,Sweaters,5,1,949
General Petite,Dresses,Dresses,5,1,1086
General Petite,Tops,Knits,4,1,867
General Petite,Dresses,Dresses,5,1,1102
General,Tops,Knits,5,1,872
General,Tops,Knits,5,1,872
General,Tops,Knits,5,1,872
General Petite,Dresses,Dresses,5,1,1086
General Petite,Tops,Knits,4,1,867
General,Tops,Knits,1,0,870
General Petite,Dresses,Dresses,4,1,1089
General,Tops,Sweaters,5,1,940
General,Tops,Knits,5,1,872
General Petite,Tops,Knits,5,1,876
General,Jackets,Jackets,5,1,984
General Petite,Tops,Knits,1,0,876
General,Bottoms,Pants,5,1,1052
General Petite,Dresses,Dresses,2,0,1072
Initmates,Intimate,Sleep,2,0,129
General,Bottoms,Skirts,5,1,1011
General Petite,Dresses,Dresses,3,1,1072
General,Tops,Knits,5,1,875
Initmates,Intimate,Sleep,5,1,129
Initmates,Intimate,Sleep,5,1,129
General,Tops,Knits,3,0,875
General,Bottoms,Skirts,5,1,1011
General,Tops,Knits,5,1,875
General Petite,Dresses,Dresses,4,1,1072
General,Tops,Blouses,5,1,822
Initmates,Intimate,Sleep,5,1,129
General,Tops,Blouses,2,0,832
General Petite,Dresses,Dresses,4,0,1072
Initmates,Intimate,Sleep,5,1,129
Initmates,Intimate,Sleep,5,1,418
Initmates,Intimate,Sleep,5,1,129
General,Tops,Blouses,2,0,822
Initmates,Intimate,Sleep,4,1,418
General,Tops,Knits,4,1,875
Initmates,Intimate,Intimates,4,1,1173
Initmates,Intimate,Sleep,4,1,129
General,Tops,Blouses,5,1,822
General,Tops,Sweaters,5,1,941
Initmates,Intimate,Sleep,5,1,129
General Petite,Dresses,Dresses,5,1,1072
Initmates,Intimate,Intimates,3,1,1173
General Petite,Dresses,Dresses,5,1,1072
General,Dresses,Dresses,5,1,1083
General,Tops,Knits,5,1,875
General Petite,Dresses,Dresses,5,1,1072
General,Tops,Knits,3,0,875
Initmates,Intimate,Sleep,5,1,129
General Petite,Dresses,Dresses,4,1,1072
General,Tops,Sweaters,5,1,943
General Petite,Dresses,Dresses,3,1,1072
General,Tops,Knits,5,1,875
General,Tops,Blouses,4,1,828
General Petite,Dresses,Dresses,5,1,1094
General Petite,Dresses,Dresses,5,1,1094
General Petite,Dresses,Dresses,5,1,1094
General Petite,Dresses,Dresses,4,1,1094
General Petite,Dresses,Dresses,5,1,1094
General,Bottoms,Jeans,5,1,1022
General Petite,Dresses,Dresses,5,1,1094
General,Bottoms,Skirts,5,1,992
General,Tops,Blouses,3,0,828
General,Bottoms,Jeans,4,1,1022
General,Bottoms,Skirts,5,1,992
General Petite,Dresses,Dresses,4,1,1094
General Petite,Dresses,Dresses,3,0,1094
General,Bottoms,Jeans,5,1,1028
General,Tops,Blouses,5,1,828
Initmates,Intimate,Lounge,5,1,517
General Petite,Dresses,Dresses,3,0,1094
General,Tops,Sweaters,5,1,935
General Petite,Dresses,Dresses,5,1,1094
General,Tops,Blouses,4,1,828
General,Dresses,Dresses,5,1,1094
General,Tops,Blouses,3,0,828
General Petite,Tops,Knits,2,0,860
General,Dresses,Dresses,5,1,1094
General,Bottoms,Jeans,5,1,1028
General Petite,Tops,Knits,4,1,860
General,Dresses,Dresses,3,0,1100
General,Bottoms,Skirts,5,1,992
General,Dresses,Dresses,5,1,1094
General,Dresses,Dresses,3,1,1094
General,Dresses,Dresses,3,0,1094
General,Tops,Blouses,5,1,825
General,Bottoms,Skirts,1,0,992
General Petite,Tops,Knits,4,1,860
General,Tops,Blouses,5,1,828
General,Bottoms,Skirts,3,1,992
General,Dresses,Dresses,5,1,1094
General,Dresses,Dresses,5,1,1100
General,Dresses,Dresses,5,1,1094
General,Bottoms,Jeans,5,1,1022
General,Jackets,Jackets,5,1,964
General,Tops,Blouses,3,0,835
General,Tops,Blouses,5,1,835
General,Jackets,Jackets,5,1,964
General Petite,Bottoms,Pants,3,0,1047
General Petite,Bottoms,Pants,5,1,1047
General,Jackets,Jackets,4,1,964
General,Jackets,Jackets,5,1,964
General,Tops,Blouses,3,1,835
General,Tops,Blouses,5,1,835
General,Tops,Blouses,5,1,835
General,Tops,Blouses,5,1,844
General,Bottoms,Shorts,4,1,132
General Petite,Bottoms,Pants,3,0,1047
General Petite,Bottoms,Skirts,4,1,993
General,Jackets,Jackets,5,1,964
General Petite,Bottoms,Pants,5,1,1047
General,Bottoms,Shorts,5,1,132
General,Tops,Blouses,5,1,844
General,Tops,Blouses,4,1,835
General,Bottoms,Shorts,5,1,132
General,Tops,Blouses,3,0,844
General Petite,Bottoms,Pants,5,1,1047
General Petite,Bottoms,Skirts,4,1,993
General,Jackets,Jackets,5,1,964
General Petite,Bottoms,Pants,5,1,1047
General,Tops,Blouses,5,1,835
General,Jackets,Jackets,5,1,964
General,Tops,Blouses,3,0,835
General Petite,Bottoms,Pants,5,1,1047
General Petite,Bottoms,Pants,3,1,1047
General,Tops,Blouses,5,1,835
General,Bottoms,Shorts,5,1,132
General Petite,Bottoms,Pants,5,1,1047
General Petite,Bottoms,Pants,5,1,1047
General Petite,Bottoms,Pants,5,1,1047
General Petite,Tops,Knits,2,1,872
General,Bottoms,Jeans,5,1,1025
General Petite,Bottoms,Pants,5,1,1047
General Petite,Tops,Knits,4,1,872
General,Tops,Blouses,2,0,844
General,Bottoms,Jeans,5,1,1028
General Petite,Bottoms,Pants,4,1,1047
General,Bottoms,Shorts,3,0,132
General,Dresses,Dresses,2,0,1110
Initmates,Intimate,Sleep,3,1,176
General Petite,Dresses,Dresses,4,1,1078
Initmates,Intimate,Intimates,5,1,248
General,Dresses,Dresses,5,1,1110
General Petite,Dresses,Dresses,5,1,1078
General,Dresses,Dresses,3,1,1110
General,Dresses,Dresses,4,1,1110
General,Dresses,Dresses,3,0,1110
General,Tops,Knits,3,1,873
General,Dresses,Dresses,2,0,1110
Initmates,Intimate,Sleep,5,1,176
General,Tops,Knits,4,1,873
General,Dresses,Dresses,4,1,1110
General,Tops,Knits,5,1,873
General,Bottoms,Skirts,2,0,1002
General,Tops,Knits,5,1,873
General Petite,Dresses,Dresses,5,1,1099
General,Tops,Knits,4,1,873
General,Dresses,Dresses,5,1,1078
General,Tops,Knits,5,1,873
General,Dresses,Dresses,3,1,1078
General,Jackets,Outerwear,4,1,1134
Initmates,Intimate,Intimates,3,1,248
General,Tops,Knits,3,0,873
General,Dresses,Dresses,5,1,1078
General,Tops,Knits,5,1,873
General,Dresses,Dresses,4,1,1110
General,Dresses,Dresses,5,1,1110
General,Tops,Knits,2,0,873
General,Dresses,Dresses,5,1,1078
General,Tops,Sweaters,3,1,930
Initmates,Intimate,Sleep,2,0,176
General,Tops,Knits,4,1,873
General,Dresses,Dresses,5,1,1110
General,Dresses,Dresses,5,1,1110
General,Tops,Knits,1,0,873
General,Dresses,Dresses,3,1,1110
General,Dresses,Dresses,5,1,1110
General,Dresses,Dresses,5,1,1078
General Petite,Jackets,Jackets,5,1,969
General,Dresses,Dresses,5,1,1110
Initmates,Intimate,Sleep,5,1,176
General Petite,Dresses,Dresses,2,0,1099
Initmates,Intimate,Intimates,5,1,248
General,Dresses,Dresses,5,1,1110
Initmates,Intimate,Intimates,5,1,798
Initmates,Intimate,Sleep,4,1,176
General,Jackets,Outerwear,3,1,1134
General Petite,Bottoms,Pants,5,1,341
General Petite,Bottoms,Pants,4,1,341
General,Tops,Knits,2,0,873
General Petite,Dresses,Dresses,3,0,1110
General,Tops,Sweaters,1,1,939
General,Tops,Blouses,5,1,820
General,Tops,Knits,5,1,872
General Petite,Dresses,Dresses,4,1,1085
General,Tops,Blouses,5,1,820
General,Jackets,Outerwear,1,0,1116
General,Tops,Knits,4,1,861
General,Dresses,Dresses,4,1,1076
General,Jackets,Outerwear,3,0,1116
General,Tops,Sweaters,2,0,939
General Petite,Dresses,Dresses,5,1,1085
General Petite,Tops,Fine gauge,5,1,895
General Petite,Tops,Fine gauge,3,0,895
General Petite,Dresses,Dresses,4,1,1085
General Petite,Dresses,Dresses,5,1,1085
General,Tops,Blouses,5,1,820
General Petite,Tops,Fine gauge,4,1,895
General Petite,Dresses,Dresses,4,1,1085
General,Tops,Sweaters,5,1,939
General Petite,Dresses,Dresses,5,1,1085
General Petite,Tops,Knits,5,1,859
General Petite,Dresses,Dresses,5,1,1085
General Petite,Dresses,Dresses,5,1,1085
General Petite,Tops,Fine gauge,5,1,895
General,Tops,Knits,5,1,861
General,Tops,Blouses,4,1,820
General Petite,Tops,Fine gauge,4,1,895
General,Tops,Knits,5,1,872
General Petite,Dresses,Dresses,5,1,1085
General,Tops,Knits,4,1,861
General,Tops,Knits,5,1,861
General Petite,Dresses,Dresses,5,1,1085
General,Jackets,Outerwear,2,0,1116
General,Tops,Blouses,4,1,820
General,Jackets,Outerwear,4,1,1116
General,Tops,Knits,5,1,872
General Petite,Dresses,Dresses,4,1,1085
General,Tops,Knits,3,0,861
General Petite,Dresses,Dresses,4,1,1085
General Petite,Dresses,Dresses,5,1,1085
General,Tops,Blouses,3,0,820
General,Tops,Sweaters,5,1,939
General Petite,Tops,Fine gauge,5,1,895
General Petite,Tops,Fine gauge,5,1,895
General Petite,Dresses,Dresses,5,1,1085
Initmates,Intimate,Lounge,5,1,753
General,Tops,Blouses,4,1,820
General Petite,Tops,Fine gauge,4,1,895
General,Tops,Knits,5,1,872
General Petite,Tops,Fine gauge,2,0,895
General,Bottoms,Jeans,5,1,1027
General,Tops,Knits,4,1,872
General,Tops,Blouses,5,1,820
General Petite,Tops,Fine gauge,2,0,895
Initmates,Intimate,Lounge,5,1,753
Initmates,Intimate,Intimates,2,0,96
General,Tops,Sweaters,4,1,939
General Petite,Dresses,Dresses,3,0,1078
General Petite,Dresses,Dresses,5,1,1081
General,Tops,Sweaters,5,1,939
General,Dresses,Dresses,5,1,1095
General,Dresses,Dresses,2,0,1095
General,Tops,Sweaters,5,1,939
General,Tops,Knits,4,1,872
General Petite,Dresses,Dresses,1,0,1078
General Petite,Dresses,Dresses,5,1,1078
General,Tops,Sweaters,3,1,939
General Petite,Dresses,Dresses,4,0,1078
Initmates,Intimate,Intimates,5,1,14
General Petite,Dresses,Dresses,3,0,1078
General Petite,Dresses,Dresses,5,1,1078
General Petite,Dresses,Dresses,5,1,1077
General,Tops,Sweaters,5,1,939
General Petite,Dresses,Dresses,3,1,1078
General Petite,Dresses,Dresses,5,1,1077
General Petite,Dresses,Dresses,4,1,1078
General,Tops,Sweaters,1,0,939
General Petite,Dresses,Dresses,5,1,1078
General,Bottoms,Skirts,5,1,996
General Petite,Dresses,Dresses,5,1,1078
General Petite,Dresses,Dresses,3,0,1078
General Petite,Dresses,Dresses,2,0,1078
General Petite,Dresses,Dresses,5,1,1081
General,Tops,Blouses,5,1,839
General Petite,Dresses,Dresses,1,0,1077
General,Dresses,Dresses,5,1,1095
General,Bottoms,Skirts,3,0,996
General Petite,Dresses,Dresses,4,1,1078
General Petite,Dresses,Dresses,5,1,1078
General Petite,Dresses,Dresses,5,1,1078
General Petite,Dresses,Dresses,4,1,1078
General Petite,Dresses,Dresses,4,1,1078
General,Bottoms,Skirts,5,1,996
General Petite,Dresses,Dresses,5,1,1077
General Petite,Dresses,Dresses,4,1,1078
General Petite,Dresses,Dresses,4,1,1078
General Petite,Dresses,Dresses,5,1,1078
General Petite,Dresses,Dresses,5,1,1078
General,Tops,Knits,5,1,872
General Petite,Dresses,Dresses,5,1,1078
General Petite,Dresses,Dresses,3,0,1078
General Petite,Tops,Knits,5,1,862
General,Bottoms,Skirts,5,1,988
General,Dresses,Dresses,4,1,1095
General Petite,Dresses,Dresses,5,1,1104
General,Tops,Knits,5,1,870
General,Bottoms,Pants,5,1,1054
General,Bottoms,Jeans,5,1,1025
General,Tops,Blouses,4,1,850
General,Tops,Blouses,5,1,850
General,Tops,Blouses,5,1,850
General,Tops,Knits,5,1,870
General,Tops,Blouses,5,1,850
General,Tops,Blouses,4,1,850
General,Tops,Blouses,3,0,850
General Petite,Tops,Sweaters,1,0,944
General,Dresses,Dresses,4,1,1095
General,Tops,Blouses,4,1,850
General,Tops,Blouses,5,1,850
General,Bottoms,Pants,5,1,1054
General,Tops,Knits,5,1,870
General Petite,Dresses,Dresses,4,1,1104
General,Tops,Blouses,5,1,850
General,Dresses,Dresses,3,1,1095
General,Dresses,Dresses,4,1,1095
General,Tops,Knits,2,0,870
General Petite,Dresses,Dresses,4,1,1104
General Petite,Tops,Sweaters,3,0,944
General,Tops,Knits,2,0,870
General,Tops,Fine gauge,3,1,900
General,Tops,Fine gauge,4,1,900
General,Tops,Blouses,5,1,850
General,Tops,Blouses,5,1,850
General,Tops,Knits,5,1,870
General,Dresses,Dresses,4,1,1095
General,Tops,Fine gauge,1,0,900
General,Tops,Knits,4,1,870
General,Bottoms,Skirts,3,0,1010
General,Tops,Blouses,5,1,850
General Petite,Dresses,Dresses,1,0,1104
General,Dresses,Dresses,5,1,1095
General,Bottoms,Pants,5,1,1054
General,Dresses,Dresses,4,1,1095
General,Bottoms,Pants,5,1,1054
General,Bottoms,Pants,1,0,1054
General,Tops,Fine gauge,5,1,900
General,Tops,Knits,5,1,864
General,Tops,Knits,4,1,870
General,Dresses,Dresses,5,1,1095
General,Bottoms,Pants,5,1,1054
General,Bottoms,Pants,2,0,1054
General Petite,Dresses,Dresses,3,0,1110
General Petite,Bottoms,Jeans,1,0,18
General Petite,Dresses,Dresses,5,1,1089
General Petite,Dresses,Dresses,5,1,1110
General Petite,Dresses,Dresses,1,0,1089
General Petite,Dresses,Dresses,3,0,1110
General Petite,Dresses,Dresses,5,1,1110
General Petite,Dresses,Dresses,5,1,1110
General Petite,Dresses,Dresses,5,1,1110
General Petite,Dresses,Dresses,5,1,1110
General Petite,Dresses,Dresses,5,1,1110
General Petite,Dresses,Dresses,5,1,1110
General,Jackets,Jackets,4,1,975
General Petite,Dresses,Dresses,5,1,1110
General,Tops,Knits,2,0,863
General Petite,Dresses,Dresses,2,0,1089
General Petite,Dresses,Dresses,3,1,1110
General Petite,Tops,Blouses,3,1,818
General Petite,Dresses,Dresses,5,1,1110
General Petite,Tops,Blouses,4,1,851
General Petite,Tops,Blouses,5,1,851
General Petite,Dresses,Dresses,2,0,1110
General,Jackets,Jackets,5,1,975
General Petite,Dresses,Dresses,4,1,1110
General,Jackets,Jackets,5,1,975
General,Tops,Knits,5,1,863
Initmates,Intimate,Swim,5,1,659
General Petite,Dresses,Dresses,5,1,1089
General Petite,Dresses,Dresses,5,1,1110
General Petite,Dresses,Dresses,5,1,1110
General,Tops,Knits,5,1,863
General,Bottoms,Pants,2,0,1059
General,Bottoms,Pants,4,1,1059
General,Tops,Blouses,2,0,834
General Petite,Dresses,Dresses,2,0,1085
General Petite,Tops,Blouses,5,1,829
General Petite,Dresses,Dresses,3,1,1085
General Petite,Tops,Blouses,5,1,829
General,Bottoms,Pants,5,1,1044
General Petite,Tops,Blouses,4,0,829
General,Tops,Blouses,3,0,831
General Petite,Tops,Blouses,3,0,829
General Petite,Tops,Blouses,5,1,829
General,Dresses,Dresses,5,1,1111
General,Dresses,Dresses,5,1,1082
General,Bottoms,Pants,4,1,1044
General,Bottoms,Pants,5,1,1044
General,Dresses,Dresses,2,0,1080
General,Tops,Blouses,4,1,831
General,Bottoms,Pants,4,1,1059
General Petite,Tops,Blouses,5,1,829
General,Dresses,Dresses,5,1,1081
General,Tops,Sweaters,5,1,945
General,Bottoms,Pants,5,1,1059
General,Bottoms,Pants,5,1,1044
General Petite,Tops,Blouses,5,1,829
General,Bottoms,Pants,4,1,1059
Initmates,Intimate,Swim,3,1,598
General Petite,Dresses,Dresses,4,1,1086
General Petite,Intimate,Lounge,5,1,649
General Petite,Dresses,Dresses,2,0,1085
General,Bottoms,Pants,4,1,1044
General,Tops,Blouses,5,1,828
General Petite,Intimate,Lounge,5,1,649
General,Tops,Sweaters,5,1,945
General,Bottoms,Pants,5,1,1044
Initmates,Intimate,Swim,3,0,598
General,Bottoms,Pants,5,1,1059
General,Tops,Sweaters,5,1,935
General,Tops,Blouses,5,1,829
General,Bottoms,Pants,5,1,1044
General,Bottoms,Pants,4,1,1059
General,Bottoms,Pants,5,1,1044
General Petite,Dresses,Dresses,4,1,1104
General,Bottoms,Pants,4,1,1059
General,Bottoms,Pants,4,1,1044
General,Bottoms,Shorts,3,1,282
General,Bottoms,Shorts,5,1,282
General,Bottoms,Shorts,4,1,282
General,Bottoms,Shorts,5,1,52
General,Bottoms,Shorts,5,1,282
General Petite,Tops,Knits,5,1,859
General,Bottoms,Shorts,5,1,282
General,Tops,Knits,3,0,881
General,Bottoms,Shorts,5,1,282
General,Bottoms,Shorts,5,1,282
General Petite,Dresses,Dresses,5,1,1095
General,Jackets,Outerwear,3,0,1128
General Petite,Bottoms,Jeans,3,1,1033
General,Tops,Knits,2,1,881
General,Bottoms,Shorts,4,1,282
General,Bottoms,Shorts,4,1,282
General,Bottoms,Shorts,3,0,282
General Petite,Tops,Knits,5,1,859
General,Bottoms,Shorts,5,1,282
General,Bottoms,Shorts,5,1,282
General,Bottoms,Shorts,5,1,282
General,Bottoms,Shorts,1,0,282
General Petite,Jackets,Outerwear,5,1,1131
General,Bottoms,Shorts,5,1,282
General Petite,Dresses,Dresses,4,0,1095
General,Bottoms,Shorts,5,1,282
General,Bottoms,Shorts,5,1,52
General,Bottoms,Jeans,1,0,1033
General,Bottoms,Shorts,4,1,282
General,Bottoms,Shorts,4,1,282
General,Bottoms,Shorts,1,0,282
General,Bottoms,Shorts,5,1,282
General,Bottoms,Shorts,5,1,282
General,Bottoms,Shorts,5,1,282
General,Bottoms,Shorts,5,1,282
General,Tops,Knits,5,1,881
General,Bottoms,Shorts,5,1,282
General,Tops,Knits,4,1,881
General Petite,Dresses,Dresses,5,1,1095
General,Bottoms,Shorts,5,1,282
General,Tops,Knits,3,0,881
General,Bottoms,Shorts,5,1,282
General,Tops,Blouses,5,1,817
General Petite,Tops,Knits,5,1,859
General,Tops,Knits,4,1,881
General,Bottoms,Shorts,2,0,282
General,Bottoms,Shorts,5,1,282
General Petite,Tops,Blouses,4,1,818
General,Bottoms,Shorts,5,1,282
General,Jackets,Outerwear,5,1,1128
General,Bottoms,Shorts,5,1,282
General,Bottoms,Shorts,5,1,282
General Petite,Dresses,Dresses,1,0,1095
General,Tops,Knits,4,0,862
General,Bottoms,Shorts,5,1,282
General,Tops,Blouses,5,1,817
General,Bottoms,Shorts,5,1,282
General,Bottoms,Shorts,5,1,282
General,Bottoms,Shorts,4,1,282
General Petite,Tops,Blouses,5,1,818
General Petite,Dresses,Dresses,5,1,1094
General Petite,Dresses,Dresses,5,1,1086
General Petite,Bottoms,Jeans,5,1,1022
General,Bottoms,Jeans,3,1,1030
General,Tops,Knits,5,1,872
General,Jackets,Jackets,5,1,984
General,Tops,Knits,4,1,872
General,Tops,Sweaters,5,1,945
General Petite,Dresses,Dresses,5,1,1094
General,Tops,Sweaters,4,1,945
General Petite,Dresses,Dresses,4,1,1094
General,Tops,Knits,5,1,872
General,Jackets,Jackets,5,1,984
General Petite,Dresses,Dresses,5,1,1094
General Petite,Tops,Fine gauge,5,1,21
General Petite,Dresses,Dresses,4,1,1094
General,Jackets,Jackets,5,1,984
General Petite,Dresses,Dresses,5,1,1094
General,Tops,Knits,5,1,872
General Petite,Dresses,Dresses,4,1,1086
General,Bottoms,Skirts,4,0,988
General,Tops,Knits,4,1,872
General,Tops,Knits,4,1,872
General,Bottoms,Skirts,2,0,988
General,Tops,Sweaters,5,1,921
General Petite,Dresses,Dresses,5,1,1094
General Petite,Dresses,Dresses,1,0,1086
General,Tops,Knits,3,1,872
General Petite,Dresses,Dresses,5,1,1094
General,Jackets,Jackets,5,1,984
General,Tops,Knits,4,1,872
General Petite,Bottoms,Jeans,5,1,1022
General Petite,Dresses,Dresses,4,1,1086
Initmates,Intimate,Legwear,4,1,732
General,Tops,Knits,2,0,868
General,Tops,Knits,4,1,872
General Petite,Dresses,Dresses,4,1,1094
General,Tops,Knits,1,0,868
General,Tops,Knits,5,1,872
General Petite,Dresses,Dresses,4,1,1086
General Petite,Dresses,Dresses,5,1,1094
General Petite,Jackets,Outerwear,5,1,1123
General,Tops,Knits,4,1,872
General,Tops,Knits,1,0,878
General Petite,Dresses,Dresses,4,1,1086
General,Tops,Knits,3,1,878
General,Tops,Knits,5,1,878
General,Dresses,Dresses,3,0,1080
General Petite,Dresses,Dresses,5,1,1086
General,Tops,Knits,5,1,878
General,Dresses,Dresses,5,1,1080
General Petite,Dresses,Dresses,5,1,1086
General,Tops,Knits,4,1,878
General,Tops,Knits,5,1,868
General,Jackets,Jackets,3,0,972
General,Tops,Knits,4,1,868
General,Tops,Knits,5,1,868
General,Tops,Knits,5,1,868
General Petite,Dresses,Dresses,5,1,1081
General,Tops,Knits,4,1,868
General,Tops,Knits,1,0,864
General,Tops,Blouses,2,0,827
General,Tops,Knits,5,1,868
General,Tops,Knits,3,0,868
General Petite,Bottoms,Skirts,4,1,997
General,Tops,Knits,5,1,868
General Petite,Tops,Knits,5,1,864
General,Tops,Knits,2,0,868
General,Tops,Knits,5,1,868
General Petite,Tops,Knits,5,1,864
General,Tops,Knits,4,1,868
General,Tops,Knits,5,1,868
General Petite,Dresses,Dresses,3,0,1099
General,Tops,Knits,3,0,868
General,Tops,Knits,5,1,868
General,Tops,Knits,5,1,868
General Petite,Dresses,Dresses,5,1,1099
General,Tops,Fine gauge,5,1,909
Initmates,Intimate,Layering,5,1,491
General Petite,Bottoms,Skirts,2,0,997
General,Tops,Knits,5,1,868
General,Tops,Knits,5,1,868
General Petite,Tops,Knits,3,0,864
General Petite,Bottoms,Skirts,1,0,997
General,Bottoms,Skirts,4,1,1009
General Petite,Dresses,Dresses,5,1,1081
General,Tops,Knits,5,1,868
General,Tops,Knits,3,1,868
General,Tops,Knits,5,1,868
General,Tops,Knits,1,0,868
General Petite,Tops,Knits,5,1,864
General,Tops,Knits,5,1,868
General,Tops,Blouses,5,1,827
General Petite,Dresses,Dresses,5,1,1099
General,Tops,Knits,3,1,868
General,Tops,Knits,5,1,868
General,Tops,Blouses,5,1,843
General,Tops,Knits,5,1,868
General,Tops,Knits,5,1,869
General,Tops,Knits,5,1,868
Initmates,Intimate,Swim,2,0,521
General,Tops,Knits,3,0,868
General,Bottoms,Jeans,4,1,1028
General Petite,Dresses,Dresses,3,1,1084
Initmates,Intimate,Sleep,3,1,486
General Petite,Dresses,Dresses,5,1,1083
General Petite,Tops,Sweaters,4,1,949
General Petite,Dresses,Dresses,4,1,1084
Initmates,Intimate,Lounge,5,1,788
General Petite,Tops,Sweaters,5,1,949
General,Jackets,Jackets,4,1,984
General,Jackets,Jackets,5,1,984
General,Jackets,Jackets,1,0,984
General Petite,Dresses,Dresses,3,0,1093
General,Jackets,Jackets,3,1,984
General,Jackets,Jackets,4,1,984
General Petite,Bottoms,Pants,5,1,1050
General Petite,Bottoms,Pants,4,1,1050
General Petite,Tops,Sweaters,5,1,949
General,Jackets,Jackets,5,1,984
General,Bottoms,Skirts,2,0,1004
General,Jackets,Jackets,5,1,984
Initmates,Intimate,Sleep,5,1,486
General,Jackets,Jackets,1,0,984
General,Jackets,Jackets,5,1,984
General Petite,Tops,Sweaters,5,1,949
General Petite,Bottoms,Skirts,5,1,1020
General Petite,Tops,Sweaters,3,1,949
General Petite,Bottoms,Pants,5,1,1050
General,Dresses,Dresses,4,1,20
General,Jackets,Outerwear,5,1,1125
General Petite,Tops,Knits,5,1,863
Initmates,Intimate,Swim,5,1,212
General,Jackets,Outerwear,5,1,1125
General,Bottoms,Shorts,3,0,429
General Petite,Tops,Knits,5,1,863
General Petite,Tops,Knits,4,1,863
General Petite,Tops,Knits,2,0,863
General,Dresses,Dresses,1,0,1103
General,Bottoms,Skirts,5,1,995
General Petite,Tops,Knits,5,1,863
General,Tops,Knits,5,1,863
General,Tops,Knits,5,1,863
General Petite,Tops,Blouses,4,1,829
General Petite,Trend,Trend,5,1,573
General Petite,Tops,Blouses,3,0,829
General,Tops,Knits,5,1,863
General Petite,Tops,Blouses,4,1,829
General,Tops,Knits,3,1,863
General,Tops,Knits,5,1,863
General,Tops,Knits,5,1,863
General Petite,Trend,Trend,5,1,573
General,Tops,Fine gauge,5,1,895
General,Tops,Knits,4,1,863
General Petite,Tops,Blouses,4,1,829
General,Tops,Knits,5,1,863
General,Tops,Fine gauge,4,1,895
General,Tops,Knits,4,1,863
General Petite,Tops,Blouses,1,1,829
General Petite,Dresses,Dresses,2,0,1072
General Petite,Trend,Trend,3,0,573
General,Tops,Fine gauge,5,1,895
General Petite,Trend,Trend,3,0,573
General,Tops,Fine gauge,4,1,895
General,Bottoms,Skirts,4,1,995
General,Tops,Knits,5,1,863
General Petite,Tops,Blouses,5,1,829
General Petite,Tops,Blouses,5,1,829
General,Jackets,Outerwear,5,1,1125
General Petite,Tops,Blouses,5,1,829
General,Tops,Knits,2,0,863
General,Tops,Knits,5,1,863
General Petite,Tops,Blouses,4,1,829
General Petite,Tops,Blouses,5,1,829
General,Tops,Knits,4,1,863
General,Tops,Knits,5,1,863
General,Tops,Knits,5,1,863
General,Tops,Knits,4,1,863
General,Tops,Knits,5,1,863
General,Tops,Knits,5,1,863
General Petite,Tops,Blouses,4,1,829
General,Tops,Fine gauge,5,1,895
General,Tops,Knits,4,1,863
General,Tops,Knits,5,1,863
General Petite,Tops,Blouses,4,1,829
General,Tops,Fine gauge,4,1,890
General,Tops,Knits,5,1,863
General,Tops,Knits,5,1,863
General Petite,Tops,Blouses,4,1,829
General Petite,Trend,Trend,5,1,573
General,Tops,Knits,5,1,863
General,Tops,Fine gauge,5,1,895
General,Tops,Fine gauge,3,1,895
General,Tops,Knits,2,0,863
General,Jackets,Outerwear,5,1,1125
General,Tops,Knits,5,1,863
General,Bottoms,Skirts,4,1,995
General Petite,Trend,Trend,4,1,573
General,Jackets,Outerwear,5,1,1125
General,Bottoms,Skirts,4,1,995
General Petite,Tops,Blouses,5,1,829
General Petite,Trend,Trend,3,0,573
General,Jackets,Outerwear,5,1,1125
General,Jackets,Outerwear,5,1,1125
General,Bottoms,Skirts,5,1,995
General,Tops,Knits,1,0,863
General,Tops,Knits,4,1,863
General,Tops,Knits,5,1,863
General Petite,Tops,Blouses,4,1,829
General,Tops,Knits,5,1,863
General,Jackets,Outerwear,4,1,1125
General,Tops,Knits,3,1,863
General,Tops,Knits,1,0,863
General Petite,Trend,Trend,5,1,573
General,Tops,Fine gauge,5,1,890
General,Tops,Knits,4,1,863
General,Tops,Knits,4,1,863
General Petite,Trend,Trend,5,1,573
General,Jackets,Outerwear,5,1,1125
General,Tops,Knits,2,0,863
General,Bottoms,Skirts,4,1,995
General Petite,Tops,Blouses,5,1,829
General,Jackets,Outerwear,4,1,1125
General,Tops,Fine gauge,5,1,895
General,Bottoms,Skirts,3,0,995
General,Jackets,Outerwear,5,1,1125
General,Tops,Blouses,5,1,838
General Petite,Tops,Blouses,5,1,829
General Petite,Trend,Trend,4,1,573
General,Tops,Knits,5,1,863
General,Tops,Knits,5,1,863
General,Tops,Knits,5,1,863
Initmates,Intimate,Intimates,5,1,288
General,Jackets,Outerwear,5,1,1125
General,Tops,Knits,5,1,863
General Petite,Dresses,Dresses,5,1,1090
General,Dresses,Dresses,4,1,1094
General Petite,Tops,Knits,5,1,873
General,Dresses,Dresses,5,1,1094
General,Dresses,Dresses,5,1,1094
General,Dresses,Dresses,5,1,1094
General,Dresses,Dresses,4,0,1094
General,Dresses,Dresses,5,1,1097
General,Bottoms,Skirts,4,1,1001
General,Dresses,Dresses,5,1,1094
General,Dresses,Dresses,5,1,1094
General,Dresses,Dresses,5,1,1078
General Petite,Tops,Knits,5,1,854
General,Dresses,Dresses,5,1,1094
General Petite,Tops,Knits,5,1,873
General Petite,Tops,Knits,5,1,873
General,Dresses,Dresses,5,1,1094
General,Dresses,Dresses,4,1,1094
General Petite,Tops,Knits,5,1,854
General Petite,Tops,Knits,3,0,873
General,Tops,Fine gauge,5,1,890
General Petite,Tops,Knits,4,1,854
General,Dresses,Dresses,5,1,1094
General Petite,Tops,Knits,4,1,873
General,Dresses,Dresses,5,1,1094
General Petite,Tops,Knits,5,1,873
General Petite,Dresses,Dresses,2,0,1078
General,Dresses,Dresses,4,1,1094
General Petite,Dresses,Dresses,5,1,1078
General,Dresses,Dresses,5,1,1094
General,Dresses,Dresses,5,1,1094
General,Dresses,Dresses,4,1,1097
General,Bottoms,Skirts,3,1,1001
General,Dresses,Dresses,5,1,1094
General,Dresses,Dresses,5,1,1094
General,Tops,Knits,1,0,862
General,Dresses,Dresses,5,1,1082
General,Dresses,Dresses,2,0,1082
General,Tops,Knits,3,1,862
General,Tops,Knits,1,0,862
General,Dresses,Dresses,5,1,1082
General,Tops,Knits,1,0,862
General,Dresses,Dresses,5,1,1082
General,Tops,Knits,1,0,862
General,Dresses,Dresses,5,1,1082
General,Dresses,Dresses,5,1,1092
General,Bottoms,Skirts,5,1,999
General,Dresses,Dresses,5,1,1080
Initmates,Intimate,Swim,5,1,302
General,Tops,Knits,3,0,862
General,Tops,Knits,1,0,862
General,Tops,Knits,4,1,868
General,Dresses,Dresses,4,1,1082
General,Tops,Knits,3,0,862
General,Bottoms,Skirts,5,1,999
General,Bottoms,Skirts,5,1,999
General,Dresses,Dresses,2,0,1082
General,Tops,Knits,2,0,862
General,Tops,Knits,5,1,862
General,Dresses,Dresses,4,1,1082
General,Tops,Knits,3,0,862
General,Dresses,Dresses,4,1,1082
General,Dresses,Dresses,3,1,1082
General Petite,Bottoms,Jeans,4,1,1028
General,Bottoms,Pants,2,0,1044
General,Dresses,Dresses,5,1,1082
General,Dresses,Dresses,3,0,1082
General,Dresses,Dresses,3,1,1104
General,Tops,Knits,1,0,862
General,Dresses,Dresses,4,1,1080
General,Bottoms,Skirts,5,1,999
General,Tops,Knits,4,1,862
General,Bottoms,Skirts,5,1,999
General,Bottoms,Skirts,5,1,999
Initmates,Intimate,Swim,5,1,302
General,Dresses,Dresses,5,1,1082
General,Tops,Knits,1,0,862
General,Tops,Knits,4,1,862
General,Tops,Knits,5,1,862
General,Dresses,Dresses,5,1,1082
General,Tops,Knits,4,1,862
General,Dresses,Dresses,4,1,1082
General,Tops,Knits,3,0,862
General,Dresses,Dresses,3,1,1094
General,Bottoms,Skirts,5,1,999
General,Dresses,Dresses,5,1,1082
General,Tops,Knits,1,0,862
General,Dresses,Dresses,5,1,1082
Initmates,Intimate,Swim,5,1,302
General,Bottoms,Pants,5,1,1044
General,Dresses,Dresses,5,1,1092
General,Dresses,Dresses,4,1,1094
Initmates,Intimate,Lounge,5,1,781
Initmates,Intimate,Swim,5,1,302
General,Tops,Knits,1,0,862
General,Dresses,Dresses,4,1,1082
General,Tops,Knits,5,1,878
General,Tops,Knits,5,1,872
General,Bottoms,Skirts,2,0,1020
General,Bottoms,Jeans,5,1,1024
General,Tops,Fine gauge,4,1,907
General,Tops,Fine gauge,5,1,907
General,Tops,Knits,4,1,872
General,Tops,Fine gauge,5,1,895
Initmates,Intimate,Sleep,4,1,505
General,Bottoms,Skirts,5,1,1020
General,Tops,Fine gauge,4,1,907
General,Dresses,Dresses,5,1,1080
General,Tops,Fine gauge,2,0,907
General,Tops,Fine gauge,5,1,907
General,Tops,Knits,5,1,878
General,Tops,Knits,5,1,872
General,Tops,Knits,5,1,872
General,Tops,Fine gauge,4,1,907
General,Tops,Fine gauge,5,1,895
General,Dresses,Dresses,4,1,1080
General,Bottoms,Skirts,5,1,1020
Initmates,Intimate,Sleep,4,1,505
General,Bottoms,Skirts,3,0,1009
General,Tops,Knits,4,1,872
General,Tops,Fine gauge,5,1,907
General,Tops,Fine gauge,4,1,895
General,Dresses,Dresses,3,0,1080
General,Bottoms,Skirts,4,1,1020
General Petite,Intimate,Lounge,4,1,374
Initmates,Intimate,Legwear,3,0,153
General,Bottoms,Skirts,5,1,1009
General,Tops,Fine gauge,5,1,907
General,Tops,Knits,4,1,872
General,Tops,Fine gauge,5,1,895
General,Bottoms,Skirts,5,1,1009
General,Tops,Fine gauge,3,0,907
Initmates,Intimate,Sleep,5,1,505
General,Bottoms,Skirts,4,1,1020
General,Tops,Knits,5,1,872
Initmates,Intimate,Sleep,5,1,505
General,Tops,Knits,5,1,872
General,Tops,Fine gauge,5,1,895
General Petite,Intimate,Lounge,5,1,374
General,Bottoms,Skirts,5,1,1009
General,Tops,Knits,4,1,872
General Petite,Intimate,Lounge,5,1,374
General,Bottoms,Skirts,5,1,1020
General,Tops,Fine gauge,5,1,895
General,Tops,Fine gauge,5,1,895
General,Tops,Fine gauge,3,0,895
General Petite,Intimate,Lounge,5,1,374
General,Tops,Fine gauge,5,1,907
General Petite,Tops,Fine gauge,5,1,895
General,Tops,Fine gauge,4,1,907
General Petite,Tops,Fine gauge,5,1,895
General Petite,Intimate,Lounge,4,1,374
General,Tops,Knits,4,1,872
General,Tops,Fine gauge,2,0,907
General,Bottoms,Skirts,5,1,1020
General,Bottoms,Skirts,4,1,1020
General Petite,Tops,Fine gauge,4,1,906
General Petite,Tops,Knits,5,1,862
General,Dresses,Dresses,3,0,1104
Initmates,Intimate,Intimates,1,0,285
General Petite,Tops,Knits,5,1,862
General Petite,Tops,Fine gauge,5,1,906
General Petite,Tops,Knits,5,1,862
General,Tops,Fine gauge,4,1,909
General Petite,Tops,Fine gauge,5,1,906
General Petite,Tops,Knits,5,1,862
General Petite,Tops,Blouses,5,1,835
General Petite,Tops,Blouses,4,1,835
General,Tops,Sweaters,5,1,933
General Petite,Tops,Fine gauge,5,1,906
General,Tops,Fine gauge,5,1,903
General,Bottoms,Jeans,5,1,1022
General Petite,Tops,Knits,5,1,862
General Petite,Tops,Knits,5,1,862
General Petite,Tops,Fine gauge,5,1,906
General Petite,Tops,Knits,5,1,862
General Petite,Tops,Blouses,5,1,835
General Petite,Tops,Knits,5,1,862
General Petite,Tops,Blouses,5,1,835
General Petite,Dresses,Dresses,4,1,1104
General Petite,Tops,Knits,3,1,862
General Petite,Tops,Blouses,4,1,835
General Petite,Tops,Knits,5,1,862
General Petite,Tops,Fine gauge,5,1,906
General,Tops,Fine gauge,2,0,903
General Petite,Tops,Fine gauge,4,1,906
General Petite,Tops,Blouses,5,1,835
General Petite,Tops,Fine gauge,5,1,906
General Petite,Tops,Blouses,1,0,835
General Petite,Tops,Knits,5,1,862
General,Tops,Fine gauge,3,0,909
General Petite,Tops,Knits,1,0,862
General,Tops,Fine gauge,4,1,909
General Petite,Tops,Blouses,5,1,835
General,Tops,Knits,2,0,862
General,Tops,Knits,5,1,862
General,Tops,Knits,4,1,862
Initmates,Intimate,Sleep,5,1,506
General Petite,Dresses,Dresses,5,1,1104
General,Tops,Fine gauge,5,1,903
General Petite,Tops,Blouses,5,1,835
General Petite,Tops,Fine gauge,5,1,906
General,Tops,Knits,4,1,862
Initmates,Intimate,Intimates,5,1,412
General Petite,Tops,Fine gauge,5,1,906
General Petite,Tops,Fine gauge,5,1,906
Initmates,Intimate,Sleep,5,1,506
General,Bottoms,Pants,5,1,1054
General,Tops,Knits,5,1,862
General,Tops,Knits,5,1,862
General,Tops,Fine gauge,5,1,909
General Petite,Tops,Fine gauge,5,1,906
General Petite,Tops,Fine gauge,5,1,906
General Petite,Tops,Fine gauge,5,1,906
General,Tops,Fine gauge,4,1,909
General Petite,Tops,Blouses,5,1,835
General Petite,Tops,Knits,5,1,862
General,Bottoms,Shorts,4,1,546
General Petite,Dresses,Dresses,5,1,1104
General,Bottoms,Jeans,2,0,1022
General,Tops,Fine gauge,4,1,909
General,Dresses,Dresses,4,1,1100
General Petite,Tops,Knits,5,1,862
General Petite,Tops,Knits,5,1,862
General Petite,Tops,Knits,5,1,862
General Petite,Tops,Knits,5,1,862
General Petite,Tops,Blouses,5,1,835
General Petite,Tops,Blouses,5,1,835
General,Tops,Fine gauge,2,0,909
General,Tops,Fine gauge,4,1,909
General Petite,Tops,Knits,4,1,862
General,Tops,Fine gauge,4,1,909
General Petite,Tops,Fine gauge,3,0,906
General Petite,Tops,Knits,5,1,862
General Petite,Tops,Knits,3,0,862
General,Dresses,Dresses,5,1,1100
General,Tops,Fine gauge,5,1,903
General Petite,Tops,Fine gauge,5,1,906
General Petite,Tops,Blouses,5,1,835
General,Tops,Fine gauge,5,1,909
General Petite,Tops,Knits,5,1,862
Initmates,Intimate,Sleep,5,1,506
Initmates,Intimate,Sleep,5,1,506
General,Tops,Fine gauge,3,0,909
General Petite,Tops,Fine gauge,5,1,906
General,Tops,Fine gauge,4,1,909
General,Dresses,Dresses,5,1,1100
General Petite,Tops,Fine gauge,5,1,906
General,Tops,Fine gauge,3,0,909
General Petite,Tops,Blouses,5,1,835
General,Tops,Fine gauge,4,1,909
General Petite,Tops,Sweaters,2,0,933
General Petite,Tops,Knits,5,1,862
General Petite,Tops,Knits,5,1,862
Initmates,Intimate,Sleep,5,1,506
General Petite,Tops,Knits,4,1,862
General Petite,Tops,Knits,5,1,862
General,Tops,Fine gauge,5,1,909
General Petite,Tops,Knits,3,0,862
General Petite,Tops,Blouses,3,1,835
General Petite,Tops,Fine gauge,5,1,906
General,Tops,Fine gauge,5,1,903
General Petite,Tops,Knits,5,1,862
General Petite,Tops,Fine gauge,5,1,906
General Petite,Tops,Knits,5,1,862
General Petite,Tops,Knits,4,1,862
General Petite,Tops,Fine gauge,5,1,906
General Petite,Tops,Knits,5,1,862
General Petite,Tops,Knits,4,1,862
General,Tops,Fine gauge,2,0,909
General Petite,Tops,Knits,5,1,862
General,Tops,Blouses,5,1,835
General Petite,Dresses,Dresses,5,1,1104
General,Bottoms,Skirts,5,1,1009
General,Bottoms,Jeans,5,1,1033
General,Bottoms,Jeans,4,1,1033
Initmates,Intimate,Swim,5,1,380
General,Bottoms,Skirts,4,1,1011
General,Tops,Sweaters,5,1,945
General,Dresses,Dresses,5,1,1077
General,Bottoms,Jeans,1,0,1033
General,Tops,Sweaters,5,1,945
General,Bottoms,Shorts,5,1,543
General,Bottoms,Jeans,5,1,1035
General,Tops,Blouses,5,1,839
General,Tops,Sweaters,5,1,945
Initmates,Intimate,Swim,5,1,380
General,Dresses,Dresses,5,1,1077
Initmates,Intimate,Swim,5,1,380
Initmates,Intimate,Swim,2,0,380
General,Bottoms,Jeans,5,1,1035
General,Tops,Sweaters,5,1,945
General,Dresses,Dresses,4,1,1079
General,Tops,Sweaters,5,1,937
General,Bottoms,Jeans,5,1,1035
General,Dresses,Dresses,3,0,1094
General,Tops,Blouses,5,1,839
General,Bottoms,Skirts,4,1,1009
General,Bottoms,Pants,5,1,1054
General,Bottoms,Pants,3,0,1054
Initmates,Intimate,Swim,1,0,380
General,Bottoms,Pants,5,1,1043
Initmates,Intimate,Sleep,5,1,787
General,Bottoms,Pants,5,1,1054
Initmates,Intimate,Swim,3,0,380
General Petite,Bottoms,Jeans,5,1,1033
General,Bottoms,Jeans,5,1,1035
Initmates,Intimate,Sleep,5,1,512
General,Bottoms,Pants,5,1,1054
General Petite,Bottoms,Jeans,4,1,1033
General,Bottoms,Jeans,2,1,1035
General,Dresses,Dresses,2,0,1094
General,Tops,Sweaters,5,1,945
General,Tops,Blouses,4,1,839
General,Bottoms,Skirts,4,1,1011
General,Bottoms,Skirts,4,1,1011
General Petite,Bottoms,Jeans,5,1,1033
General Petite,Bottoms,Jeans,5,1,1033
General,Tops,Sweaters,5,1,945
General,Bottoms,Shorts,5,1,543
General,Bottoms,Jeans,5,1,1035
General,Bottoms,Jeans,5,1,1035
General Petite,Bottoms,Jeans,5,1,1033
General,Tops,Sweaters,5,1,945
General,Bottoms,Jeans,4,1,1035
General Petite,Bottoms,Jeans,5,1,1033
Initmates,Intimate,Swim,5,1,380
General,Bottoms,Jeans,5,1,1035
General Petite,Bottoms,Jeans,2,0,1033
General Petite,Bottoms,Jeans,5,1,1033
General,Bottoms,Skirts,3,1,1011
General,Tops,Blouses,5,1,839
General,Bottoms,Jeans,5,1,1035
General Petite,Dresses,Dresses,4,1,1084
General Petite,Tops,Knits,3,0,872
General Petite,Tops,Knits,4,1,872
General,Tops,Knits,5,1,877
General,Tops,Sweaters,1,0,949
General Petite,Dresses,Dresses,3,1,1084
Initmates,Intimate,Lounge,4,1,422
General,Jackets,Jackets,5,1,984
General,Jackets,Jackets,5,1,984
General,Tops,Knits,5,1,872
General,Jackets,Jackets,5,1,984
General,Jackets,Jackets,4,1,984
General,Tops,Sweaters,4,1,931
General,Tops,Knits,3,1,872
Initmates,Intimate,Lounge,5,1,422
General,Jackets,Jackets,5,1,984
General,Jackets,Jackets,5,1,984
General Petite,Dresses,Dresses,1,0,1084
General,Tops,Knits,5,1,872
General Petite,Tops,Knits,5,1,872
General Petite,Tops,Knits,5,1,872
General,Jackets,Jackets,5,1,984
General,Tops,Sweaters,5,1,930
General Petite,Dresses,Dresses,4,1,1084
General Petite,Tops,Knits,5,1,872
General Petite,Tops,Knits,5,1,872
General,Tops,Knits,5,1,860
General,Tops,Knits,3,0,860
General Petite,Dresses,Dresses,2,0,1084
General Petite,Dresses,Dresses,5,1,1084
General,Jackets,Jackets,1,0,984
General,Tops,Sweaters,5,1,930
General Petite,Tops,Knits,5,1,872
General Petite,Dresses,Dresses,2,0,1084
General,Tops,Sweaters,4,1,949
General,Jackets,Jackets,4,1,984
Initmates,Intimate,Lounge,5,1,422
General,Tops,Knits,4,1,860
General,Jackets,Jackets,5,1,984
General,Jackets,Jackets,5,1,984
Initmates,Intimate,Lounge,5,1,422
General,Jackets,Jackets,5,1,984
General,Jackets,Jackets,5,1,984
General,Bottoms,Pants,5,1,1052
General,Jackets,Jackets,5,1,984
General Petite,Tops,Knits,5,1,872
General,Tops,Knits,5,1,860
General,Jackets,Jackets,4,1,984
General,Tops,Knits,4,0,877
General,Jackets,Jackets,1,0,984
General Petite,Tops,Knits,3,1,872
General Petite,Tops,Knits,4,1,872
General,Jackets,Jackets,5,1,984
General Petite,Tops,Knits,3,0,872
General Petite,Tops,Knits,4,1,872
General,Tops,Sweaters,2,0,949
General Petite,Tops,Knits,5,1,872
General,Tops,Knits,4,1,860
General Petite,Tops,Blouses,5,1,836
General,Tops,Knits,5,1,883
General Petite,Tops,Blouses,5,1,836
General Petite,Dresses,Dresses,5,1,1092
General,Tops,Knits,5,1,883
General,Tops,Knits,5,1,860
General,Tops,Knits,2,0,883
General,Tops,Knits,4,1,883
General Petite,Tops,Blouses,4,1,836
General Petite,Tops,Blouses,5,1,836
Initmates,Intimate,Sleep,4,1,458
General Petite,Dresses,Dresses,5,1,1092
General,Tops,Knits,5,1,860
General,Tops,Blouses,2,0,833
General Petite,Tops,Blouses,3,0,836
General,Tops,Knits,3,0,883
General,Tops,Blouses,5,1,833
General Petite,Tops,Blouses,3,1,836
General,Tops,Knits,5,1,860
General Petite,Tops,Blouses,5,1,836
General,Tops,Knits,4,1,860
General,Tops,Knits,5,1,883
General Petite,Dresses,Dresses,5,1,1092
General,Tops,Knits,4,1,883
General,Tops,Knits,5,1,883
General Petite,Dresses,Dresses,5,1,1092
General,Tops,Knits,5,1,860
General,Tops,Knits,4,1,883
General,Tops,Knits,5,1,883
General,Tops,Knits,3,0,860
General Petite,Dresses,Dresses,4,1,1092
General Petite,Tops,Blouses,4,0,836
General,Tops,Knits,5,1,883
General,Tops,Knits,3,1,883
General Petite,Tops,Blouses,5,1,836
General,Tops,Knits,3,1,883
General,Jackets,Jackets,1,0,984
General Petite,Dresses,Dresses,4,1,1092
General,Tops,Knits,4,1,883
General,Tops,Knits,5,1,860
General,Tops,Knits,4,1,883
General,Tops,Knits,4,1,883
General Petite,Tops,Blouses,3,0,836
General,Tops,Knits,3,1,860
General Petite,Tops,Blouses,3,0,836
General Petite,Dresses,Dresses,5,1,1092
General Petite,Jackets,Jackets,4,1,986
General,Tops,Knits,5,1,854
General,Tops,Knits,5,1,860
General,Tops,Knits,4,1,860
General,Tops,Blouses,4,1,833
General Petite,Tops,Blouses,5,1,836
General Petite,Tops,Blouses,5,1,836
General,Tops,Knits,3,0,860
General,Tops,Knits,3,0,860
General Petite,Dresses,Dresses,5,1,1092
General,Tops,Knits,4,1,867
General,Tops,Knits,3,0,883
General Petite,Tops,Blouses,4,1,836
General Petite,Tops,Blouses,5,1,836
General Petite,Tops,Blouses,4,1,836
General,Jackets,Jackets,4,1,984
General,Tops,Knits,2,0,867
General,Jackets,Jackets,5,1,984
General Petite,Tops,Blouses,3,0,836
General,Tops,Knits,5,1,860
General Petite,Dresses,Dresses,4,1,1092
General,Tops,Knits,5,1,883
General,Tops,Knits,4,1,867
General,Tops,Knits,4,1,883
General Petite,Tops,Blouses,5,1,841
General,Tops,Knits,4,1,860
General,Tops,Knits,4,1,867
General Petite,Tops,Blouses,5,1,836
General,Tops,Knits,4,1,860
General,Tops,Knits,5,1,860
General Petite,Bottoms,Pants,5,1,1056
General Petite,Bottoms,Pants,4,1,1056
General Petite,Bottoms,Pants,5,1,1056
General,Dresses,Dresses,2,0,1094
General,Tops,Sweaters,5,1,939
General Petite,Bottoms,Pants,4,1,1056
General,Tops,Sweaters,4,1,939
General Petite,Bottoms,Pants,5,1,1056
General Petite,Tops,Fine gauge,4,1,898
General,Tops,Knits,5,1,854
General Petite,Bottoms,Pants,5,1,1056
General Petite,Bottoms,Pants,2,0,1056
General Petite,Bottoms,Pants,5,1,1056
General Petite,Tops,Knits,5,1,872
General Petite,Tops,Fine gauge,5,1,898
General,Tops,Sweaters,3,0,939
General Petite,Bottoms,Pants,4,1,1056
General,Tops,Sweaters,4,1,939
General,Tops,Blouses,5,1,853
General Petite,Bottoms,Pants,1,0,1056
General,Dresses,Dresses,4,1,1094
General Petite,Tops,Blouses,4,1,841
General Petite,Dresses,Dresses,5,1,1080
General Petite,Bottoms,Pants,3,1,1056
General Petite,Tops,Fine gauge,5,1,898
Initmates,Intimate,Lounge,5,1,683
General,Tops,Knits,5,1,854
General Petite,Tops,Knits,5,1,872
General,Tops,Sweaters,5,1,939
General Petite,Bottoms,Pants,5,1,1056
General Petite,Tops,Blouses,2,0,841
General Petite,Tops,Fine gauge,5,1,898
General Petite,Tops,Knits,5,1,872
General Petite,Bottoms,Pants,5,1,1056
General Petite,Bottoms,Pants,5,1,1056
General Petite,Bottoms,Pants,3,1,1056
General Petite,Bottoms,Pants,3,1,1056
General Petite,Bottoms,Pants,5,1,1056
General Petite,Bottoms,Pants,5,1,1056
General Petite,Bottoms,Pants,5,1,1056
General,Tops,Knits,4,1,854
General Petite,Bottoms,Pants,5,1,1056
General Petite,Bottoms,Pants,5,1,1056
General,Tops,Sweaters,5,1,939
General,Tops,Sweaters,5,1,939
General,Tops,Blouses,5,1,828
General,Tops,Knits,5,1,854
General,Tops,Sweaters,4,1,939
General Petite,Tops,Fine gauge,3,0,898
General Petite,Bottoms,Pants,5,1,1056
General,Tops,Sweaters,5,1,939
General Petite,Bottoms,Pants,5,1,1056
General,Tops,Blouses,5,1,828
General Petite,Bottoms,Pants,5,1,1056
General Petite,Bottoms,Pants,5,1,1056
General Petite,Bottoms,Pants,4,1,1056
General Petite,Bottoms,Pants,5,1,1056
General,Tops,Sweaters,5,1,939
General Petite,Bottoms,Pants,5,1,1056
General,Tops,Sweaters,4,1,939
General,Tops,Knits,5,1,872
General Petite,Bottoms,Pants,5,1,1056
General Petite,Jackets,Jackets,5,1,959
General,Tops,Knits,5,1,854
Initmates,Intimate,Swim,5,1,1156
General,Tops,Knits,4,1,872
General Petite,Bottoms,Pants,4,1,1056
General,Tops,Sweaters,5,1,939
General Petite,Bottoms,Pants,5,1,1056
General Petite,Bottoms,Pants,5,1,1056
General,Tops,Knits,5,1,854
General Petite,Bottoms,Pants,3,1,1056
General Petite,Bottoms,Pants,5,1,1056
General,Tops,Sweaters,3,0,939
General,Dresses,Dresses,2,0,1094
General Petite,Tops,Fine gauge,5,1,898
General Petite,Tops,Fine gauge,4,1,898
General Petite,Bottoms,Pants,4,1,1056
General,Dresses,Dresses,2,0,1094
General,Tops,Knits,4,1,854
Initmates,Intimate,Swim,5,1,468
General,Tops,Sweaters,2,0,931
General,Bottoms,Pants,4,1,1070
General,Tops,Knits,5,0,872
General,Tops,Knits,5,1,872
General,Tops,Knits,5,1,872
General,Tops,Knits,4,1,872
General,Tops,Knits,3,0,872
General,Bottoms,Pants,5,1,1070
General Petite,Tops,Blouses,2,0,818
General,Tops,Knits,5,1,872
General,Tops,Knits,3,0,872
General,Bottoms,Pants,4,1,1070
General,Bottoms,Pants,4,1,1070
General,Tops,Knits,3,0,872
General,Tops,Knits,4,1,872
General,Bottoms,Pants,3,1,1070
General,Tops,Knits,5,1,872
General,Jackets,Jackets,4,1,955
General Petite,Tops,Blouses,4,0,818
General Petite,Dresses,Dresses,5,1,1080
General,Tops,Blouses,3,0,844
General,Tops,Blouses,2,1,844
General,Tops,Knits,5,1,872
General,Tops,Knits,5,1,872
Initmates,Intimate,Lounge,3,0,797
General Petite,Tops,Blouses,5,1,818
General,Tops,Knits,4,1,872
General Petite,Dresses,Dresses,3,0,1080
General,Tops,Sweaters,2,0,929
General,Tops,Knits,5,1,872
General,Tops,Knits,5,1,872
General,Tops,Sweaters,1,0,929
General,Tops,Knits,5,1,872
General,Tops,Knits,5,1,872
General,Tops,Knits,4,1,872
General,Tops,Knits,4,1,872
General,Tops,Knits,4,1,872
General,Tops,Sweaters,1,0,929
General Petite,Tops,Fine gauge,3,1,895
General,Dresses,Dresses,5,1,1077
General Petite,Tops,Knits,5,1,869
General Petite,Tops,Knits,4,1,869
General,Dresses,Dresses,3,1,1077
General,Dresses,Dresses,2,0,1077
General Petite,Tops,Fine gauge,5,1,895
General Petite,Tops,Knits,5,1,869
General,Dresses,Dresses,5,1,1077
General,Dresses,Dresses,4,1,1077
General Petite,Tops,Knits,5,1,869
General,Dresses,Dresses,5,1,1077
Initmates,Intimate,Lounge,3,1,652
General,Dresses,Dresses,5,1,1077
General,Dresses,Dresses,5,1,1077
General,Tops,Fine gauge,4,1,895
General,Dresses,Dresses,3,1,1077
General,Trend,Trend,2,0,1147
General,Dresses,Dresses,4,1,1077
General Petite,Tops,Knits,5,1,875
General,Dresses,Dresses,5,1,1077
General,Tops,Blouses,2,0,830
General,Bottoms,Jeans,3,1,1031
General,Trend,Trend,4,1,1147
General,Dresses,Dresses,4,1,1077
General Petite,Tops,Knits,5,1,869
General Petite,Tops,Knits,5,1,869
General,Bottoms,Shorts,5,1,433
General,Dresses,Dresses,5,1,1077
General,Tops,Fine gauge,5,1,895
General Petite,Tops,Knits,5,1,869
General,Dresses,Dresses,4,1,1077
General Petite,Tops,Knits,5,1,869
General,Dresses,Dresses,4,1,1077
General,Dresses,Dresses,2,0,1077
General,Bottoms,Shorts,5,1,433
General,Trend,Trend,5,1,1147
Initmates,Intimate,Sleep,4,1,813
General,Tops,Fine gauge,5,1,895
General,Dresses,Dresses,4,1,1077
General,Dresses,Dresses,4,1,1077
General Petite,Tops,Knits,3,1,869
General,Dresses,Dresses,4,1,1077
General,Tops,Fine gauge,5,1,895
General,Dresses,Dresses,5,1,1077
General,Tops,Sweaters,5,1,950
General,Dresses,Dresses,5,1,1077
General,Dresses,Dresses,5,1,1077
Initmates,Intimate,Lounge,5,1,652
General Petite,Tops,Knits,4,1,869
General,Tops,Fine gauge,5,1,903
General,Dresses,Dresses,4,1,1077
Initmates,Intimate,Lounge,2,0,652
General,Dresses,Dresses,5,1,1077
General,Bottoms,Jeans,2,0,1031
General Petite,Tops,Knits,4,1,869
General,Trend,Trend,5,1,1147
General,Dresses,Dresses,5,1,1077
General,Tops,Sweaters,5,1,950
General,Dresses,Dresses,5,1,1077
General Petite,Tops,Knits,5,1,869
General,Dresses,Dresses,5,1,1077
General,Dresses,Dresses,4,1,1077
General Petite,Tops,Knits,5,1,869
General Petite,Tops,Knits,5,1,869
General,Dresses,Dresses,5,1,1077
General,Dresses,Dresses,4,1,1077
General,Dresses,Dresses,4,1,1077
General,Dresses,Dresses,5,1,1077
General,Dresses,Dresses,4,1,1077
General,Trend,Trend,4,1,1147
General,Tops,Sweaters,3,0,942
General,Tops,Knits,5,1,881
General,Tops,Fine gauge,5,1,903
General Petite,Bottoms,Skirts,5,1,1008
General,Tops,Sweaters,4,1,942
General,Dresses,Dresses,5,1,1094
General,Dresses,Dresses,3,0,1094
General,Tops,Knits,5,1,854
General,Tops,Knits,5,1,881
General,Tops,Knits,4,1,854
General,Dresses,Dresses,5,1,1094
General,Tops,Knits,5,1,854
General,Tops,Knits,4,1,854
General,Dresses,Dresses,5,1,1094
General,Tops,Knits,5,1,854
General,Tops,Knits,5,1,854
General,Tops,Knits,5,1,854
General,Dresses,Dresses,4,1,1094
General,Tops,Sweaters,5,1,942
General,Tops,Blouses,4,1,835
General,Tops,Sweaters,5,1,942
General,Tops,Fine gauge,4,1,903
General,Tops,Blouses,1,0,838
General,Tops,Knits,5,1,854
General,Tops,Fine gauge,5,1,903
General,Tops,Knits,4,1,854
General,Dresses,Dresses,4,1,1094
General,Dresses,Dresses,4,1,1094
General Petite,Bottoms,Jeans,4,1,1033
General,Tops,Blouses,3,0,835
General,Tops,Knits,5,1,854
General,Dresses,Dresses,5,1,1094
General,Dresses,Dresses,1,0,1094
General,Tops,Knits,4,1,854
General,Tops,Knits,5,1,881
General,Dresses,Dresses,5,1,1094
General,Tops,Knits,3,0,854
General,Jackets,Outerwear,4,1,1125
General,Tops,Fine gauge,5,1,903
General,Dresses,Dresses,5,1,1094
General,Tops,Sweaters,5,1,942
General,Tops,Sweaters,4,1,942
General,Dresses,Dresses,5,1,1094
General,Tops,Knits,3,0,854
General,Dresses,Dresses,5,1,1094
General,Jackets,Jackets,5,1,965
General Petite,Bottoms,Skirts,5,1,1008
General,Tops,Knits,5,1,872
General,Bottoms,Jeans,4,1,1030
General Petite,Tops,Fine gauge,4,1,912
General Petite,Tops,Fine gauge,4,1,912
General,Jackets,Jackets,4,1,965
General Petite,Tops,Knits,5,1,872
General,Bottoms,Pants,5,1,1049
General,Bottoms,Jeans,2,0,1030
General Petite,Tops,Knits,5,1,872
General Petite,Tops,Knits,5,1,872
General,Bottoms,Jeans,5,1,1025
General Petite,Tops,Knits,4,1,872
General Petite,Tops,Knits,4,1,872
General Petite,Tops,Sweaters,2,0,936
General Petite,Bottoms,Skirts,5,1,1008
General,Dresses,Dresses,5,1,1111
General,Jackets,Jackets,5,1,965
General,Tops,Knits,5,1,872
General,Tops,Knits,5,1,872
General,Tops,Knits,4,1,872
General,Bottoms,Pants,5,1,1049
General Petite,Tops,Sweaters,5,1,936
Initmates,Intimate,Layering,5,1,547
Initmates,Intimate,Layering,5,1,547
General,Tops,Knits,4,1,872
General,Bottoms,Jeans,4,1,1025
Initmates,Intimate,Layering,5,1,547
General,Tops,Knits,5,1,872
General,Tops,Knits,5,1,872
General,Jackets,Jackets,5,1,965
General,Tops,Knits,5,1,872
General,Tops,Knits,5,1,872
General Petite,Tops,Sweaters,5,1,936
General,Tops,Knits,5,1,872
General,Jackets,Jackets,5,1,965
General,Bottoms,Pants,3,0,1049
General,Jackets,Jackets,5,1,965
General,Tops,Knits,3,1,872
General,Bottoms,Pants,5,1,1049
General,Jackets,Jackets,4,1,965
General Petite,Bottoms,Jeans,5,1,1025
General Petite,Tops,Sweaters,3,1,936
General,Tops,Fine gauge,3,0,899
General Petite,Bottoms,Skirts,5,1,1008
General Petite,Bottoms,Jeans,5,1,1025
General,Jackets,Jackets,5,1,965
General,Bottoms,Jeans,3,1,1030
General Petite,Tops,Sweaters,5,1,936
General,Jackets,Jackets,4,1,965
General,Dresses,Dresses,3,1,1081
Initmates,Intimate,Lounge,5,1,308
General Petite,Dresses,Dresses,3,1,1080
General,Dresses,Dresses,3,0,1078
General Petite,Tops,Sweaters,3,0,936
General,Dresses,Dresses,5,1,1078
General,Dresses,Dresses,5,1,1078
General,Dresses,Dresses,5,1,1078
General,Bottoms,Jeans,4,1,1030
General,Tops,Knits,5,1,878
General Petite,Dresses,Dresses,5,1,1080
General,Tops,Blouses,4,1,835
General Petite,Dresses,Dresses,4,1,1080
General,Bottoms,Pants,5,1,1059
General,Bottoms,Pants,4,1,1059
General,Tops,Knits,5,1,878
General,Tops,Blouses,4,1,835
General,Dresses,Dresses,5,1,1078
General,Dresses,Dresses,5,1,1078
General Petite,Dresses,Dresses,5,1,1080
General,Dresses,Dresses,5,1,1081
General,Dresses,Dresses,5,1,1081
General Petite,Bottoms,Jeans,4,1,1022
General Petite,Dresses,Dresses,4,1,1080
General Petite,Bottoms,Jeans,5,1,1022
General,Tops,Blouses,5,1,835
General,Tops,Knits,5,1,878
General Petite,Dresses,Dresses,3,0,1080
General Petite,Dresses,Dresses,4,0,1080
General Petite,Bottoms,Skirts,5,1,996
General Petite,Dresses,Dresses,3,0,1080
General Petite,Dresses,Dresses,5,1,1080
General,Dresses,Dresses,2,0,1078
General,Dresses,Dresses,5,1,1078
General,Tops,Sweaters,5,1,936
General Petite,Bottoms,Skirts,5,1,996
General,Dresses,Dresses,5,1,1081
General,Dresses,Dresses,5,1,1078
General,Tops,Sweaters,4,1,936
Initmates,Intimate,Swim,5,1,464
General Petite,Bottoms,Skirts,4,1,996
General Petite,Dresses,Dresses,5,1,1080
General,Dresses,Dresses,5,1,1078
General Petite,Dresses,Dresses,5,1,1080
General,Dresses,Dresses,3,1,1078
General Petite,Dresses,Dresses,5,1,1080
General,Tops,Sweaters,2,0,936
General,Tops,Blouses,5,1,835
General Petite,Dresses,Dresses,3,1,1080
General,Dresses,Dresses,5,1,1078
General,Dresses,Dresses,4,1,1078
General Petite,Dresses,Dresses,5,1,1080
General,Tops,Sweaters,3,0,936
Initmates,Intimate,Swim,5,1,613
General,Dresses,Dresses,5,1,1078
General,Tops,Knits,5,1,861
General,Dresses,Dresses,3,0,1091
General,Dresses,Dresses,2,0,1091
General,Dresses,Dresses,1,0,1195
General,Dresses,Dresses,2,0,1091
General,Dresses,Dresses,5,1,1091
General Petite,Dresses,Dresses,4,1,1086
General,Tops,Knits,4,1,861
General,Tops,Knits,4,1,861
General,Dresses,Dresses,4,1,1091
General Petite,Dresses,Dresses,5,1,1086
General,Tops,Knits,5,1,861
General Petite,Dresses,Dresses,5,1,1086
General,Tops,Knits,5,1,861
General,Bottoms,Jeans,5,1,1025
General,Dresses,Dresses,4,0,1091
General,Bottoms,Jeans,5,1,1025
General,Bottoms,Jeans,5,1,1025
General,Dresses,Dresses,5,1,1091
General,Dresses,Dresses,3,0,1091
General,Tops,Knits,1,0,861
General Petite,Dresses,Dresses,2,0,1086
General,Dresses,Dresses,3,0,1195
General,Tops,Blouses,5,1,850
General Petite,Dresses,Dresses,4,1,1086
General,Dresses,Dresses,5,1,1091
General Petite,Jackets,Jackets,4,1,959
General Petite,Dresses,Dresses,3,0,1086
General Petite,Dresses,Dresses,3,0,1086
General,Tops,Knits,3,0,861
General,Dresses,Dresses,3,0,1091
General,Tops,Knits,3,0,868
General,Dresses,Dresses,4,1,1091
General,Dresses,Dresses,5,1,1091
General,Tops,Knits,5,1,861
General,Dresses,Dresses,2,0,1091
General,Dresses,Dresses,5,1,1091
General,Dresses,Dresses,4,1,1091
General,Tops,Knits,3,0,861
General,Tops,Blouses,4,1,850
General,Tops,Knits,4,1,861
General Petite,Tops,Knits,4,1,863
General Petite,Intimate,Lounge,1,0,636
General Petite,Intimate,Lounge,5,1,636
Initmates,Intimate,Sleep,5,1,232
General Petite,Intimate,Lounge,4,1,636
General Petite,Tops,Knits,4,1,863
General Petite,Intimate,Lounge,4,1,636
General Petite,Tops,Knits,5,1,863
Initmates,Intimate,Sleep,1,0,232
General Petite,Intimate,Lounge,4,1,636
General Petite,Tops,Knits,5,1,863
General Petite,Intimate,Lounge,2,0,636
General Petite,Tops,Knits,5,1,863
General Petite,Intimate,Lounge,3,0,636
General Petite,Bottoms,Skirts,3,1,996
Initmates,Intimate,Sleep,5,1,792
General Petite,Bottoms,Skirts,5,1,996
General,Tops,Blouses,5,1,828
General,Tops,Knits,5,1,861
General,Tops,Blouses,3,0,828
General,Tops,Blouses,5,1,819
General,Tops,Blouses,3,1,828
General,Tops,Blouses,1,0,828
General Petite,Bottoms,Skirts,4,1,996
General Petite,Tops,Blouses,4,1,818
General Petite,Bottoms,Skirts,5,1,996
General,Tops,Knits,5,1,861
General Petite,Bottoms,Pants,5,1,135
General,Tops,Blouses,5,1,828
General,Tops,Knits,5,1,861
Initmates,Intimate,Legwear,5,1,716
General Petite,Bottoms,Pants,5,1,135
General Petite,Bottoms,Skirts,5,1,996
General Petite,Bottoms,Pants,5,1,135
General Petite,Bottoms,Pants,4,1,135
General,Tops,Knits,1,0,861
General Petite,Tops,Knits,5,1,861
General,Tops,Blouses,4,1,830
General,Tops,Sweaters,5,1,939
General,Tops,Blouses,3,1,828
General,Tops,Blouses,4,1,830
General,Tops,Knits,5,1,861
General Petite,Bottoms,Skirts,4,1,1009
General,Tops,Blouses,4,1,831
General Petite,Dresses,Dresses,2,0,1072
General Petite,Dresses,Dresses,5,1,1081
General Petite,Bottoms,Pants,2,0,1052
General Petite,Dresses,Dresses,4,1,1081
General,Dresses,Dresses,3,0,1099
General Petite,Dresses,Dresses,5,1,1081
General Petite,Tops,Knits,2,0,860
General Petite,Tops,Knits,4,1,860
General Petite,Dresses,Dresses,5,1,1081
General,Tops,Knits,1,0,867
General Petite,Dresses,Dresses,5,1,1081
General,Dresses,Dresses,3,0,1099
General,Dresses,Dresses,4,1,1099
General Petite,Dresses,Dresses,4,1,1081
General Petite,Dresses,Dresses,5,1,1081
General Petite,Dresses,Dresses,5,1,1081
General,Tops,Sweaters,5,1,932
General Petite,Dresses,Dresses,5,1,1081
General,Dresses,Dresses,4,1,1099
General Petite,Dresses,Dresses,5,1,1081
General Petite,Tops,Knits,2,0,860
General Petite,Dresses,Dresses,5,0,1081
General,Dresses,Dresses,5,1,1099
General,Bottoms,Pants,3,1,1063
General Petite,Tops,Knits,5,1,860
General Petite,Tops,Knits,4,1,860
General Petite,Dresses,Dresses,2,0,1081
General Petite,Dresses,Dresses,3,0,1081
General Petite,Dresses,Dresses,5,1,1081
General,Tops,Knits,5,1,867
General,Tops,Knits,5,1,860
General,Dresses,Dresses,5,1,1099
General Petite,Dresses,Dresses,4,1,1081
General Petite,Dresses,Dresses,5,1,1081
General,Tops,Knits,5,1,867
General,Tops,Knits,5,1,860
General Petite,Dresses,Dresses,5,1,1081
General Petite,Dresses,Dresses,5,1,1081
General,Tops,Blouses,2,0,843
General,Tops,Knits,5,1,860
General,Tops,Knits,4,1,867
General Petite,Dresses,Dresses,5,1,1081
General,Dresses,Dresses,5,1,1099
General,Tops,Knits,5,1,860
General,Tops,Knits,5,1,860
General,Dresses,Dresses,5,1,1099
General,Tops,Knits,3,1,860
General Petite,Dresses,Dresses,5,1,1081
General Petite,Dresses,Dresses,3,0,1081
General Petite,Dresses,Dresses,5,1,1081
General,Tops,Knits,3,1,860
General Petite,Dresses,Dresses,5,1,1081
General,Tops,Blouses,3,0,843
General Petite,Dresses,Dresses,4,1,1081
General,Tops,Knits,5,1,860
General,Dresses,Dresses,4,0,1100
General Petite,Dresses,Dresses,4,1,1081
General,Dresses,Dresses,5,1,1099
General Petite,Jackets,Jackets,4,1,986
General,Dresses,Dresses,5,1,1099
General,Tops,Blouses,5,1,843
General,Dresses,Dresses,5,1,1099
General Petite,Dresses,Dresses,5,1,1081
General,Dresses,Dresses,5,1,1099
General,Dresses,Dresses,5,1,1100
General Petite,Dresses,Dresses,4,1,1081
General,Tops,Knits,5,1,860
General,Trend,Trend,1,0,1135
General,Tops,Knits,5,1,860
General,Tops,Knits,2,0,860
General,Bottoms,Shorts,5,1,460
General,Tops,Blouses,3,0,819
General,Bottoms,Shorts,4,1,460
General,Tops,Blouses,5,1,831
General Petite,Tops,Sweaters,5,1,933
General,Bottoms,Shorts,5,1,460
General,Bottoms,Shorts,4,1,460
General,Bottoms,Shorts,5,1,460
General,Bottoms,Shorts,4,1,460
General Petite,Dresses,Dresses,5,1,1081
General Petite,Bottoms,Jeans,3,1,1033
General Petite,Dresses,Dresses,4,1,1081
General,Bottoms,Shorts,2,0,460
General Petite,Dresses,Dresses,5,1,1081
General Petite,Dresses,Dresses,4,1,1081
General,Tops,Blouses,4,1,831
General,Tops,Blouses,4,0,819
General Petite,Dresses,Dresses,5,1,1081
General Petite,Dresses,Dresses,4,1,1081
General,Tops,Blouses,5,1,819
General Petite,Dresses,Dresses,5,1,1081
General,Tops,Blouses,4,1,819
General Petite,Dresses,Dresses,5,1,1081
General Petite,Dresses,Dresses,5,1,1081
General Petite,Dresses,Dresses,5,1,1081
General Petite,Tops,Fine gauge,5,1,898
General Petite,Dresses,Dresses,4,1,1081
General,Bottoms,Shorts,3,1,460
General,Tops,Blouses,4,1,819
General,Tops,Blouses,4,1,819
General,Bottoms,Shorts,2,0,460
General,Bottoms,Jeans,4,1,1033
General,Tops,Sweaters,3,1,943
General,Tops,Blouses,1,0,819
General Petite,Dresses,Dresses,5,1,1081
General Petite,Tops,Fine gauge,4,1,898
General,Tops,Knits,2,0,866
General Petite,Dresses,Dresses,4,1,1081
General,Bottoms,Shorts,5,1,460
General Petite,Dresses,Dresses,5,1,1081
General,Bottoms,Shorts,4,0,460
General,Bottoms,Shorts,5,1,460
General,Bottoms,Shorts,5,1,460
General,Bottoms,Jeans,5,1,1033
General,Bottoms,Shorts,5,1,448
General,Bottoms,Shorts,5,1,460
General,Bottoms,Shorts,5,1,460
General Petite,Dresses,Dresses,4,1,1094
General Petite,Tops,Knits,4,1,860
General Petite,Tops,Fine gauge,5,1,895
General Petite,Bottoms,Pants,5,1,1056
General Petite,Dresses,Dresses,5,1,1094
General Petite,Dresses,Dresses,3,1,1094
Initmates,Intimate,Lounge,5,1,257
General Petite,Bottoms,Pants,1,0,1055
General Petite,Tops,Knits,5,1,860
General Petite,Tops,Knits,3,0,860
General Petite,Dresses,Dresses,5,1,1094
General Petite,Tops,Fine gauge,3,1,895
General Petite,Bottoms,Pants,5,1,1056
General,Bottoms,Jeans,2,0,1030
Initmates,Intimate,Lounge,4,1,257
General Petite,Tops,Fine gauge,1,0,907
General,Trend,Trend,2,0,1147
General,Dresses,Dresses,5,1,1078
Initmates,Intimate,Lounge,5,1,257
General Petite,Dresses,Dresses,4,1,1094
General Petite,Bottoms,Pants,1,0,1055
General,Tops,Knits,2,0,866
General Petite,Tops,Fine gauge,5,1,895
General Petite,Dresses,Dresses,4,1,1094
General,Tops,Knits,3,0,863
General Petite,Dresses,Dresses,5,1,1094
General Petite,Tops,Fine gauge,5,1,895
General Petite,Tops,Blouses,5,1,828
General Petite,Tops,Knits,5,1,860
General Petite,Bottoms,Pants,4,1,1055
General Petite,Tops,Fine gauge,5,1,907
General Petite,Tops,Fine gauge,5,1,895
General Petite,Dresses,Dresses,5,1,1094
General Petite,Bottoms,Pants,5,1,1056
General Petite,Tops,Fine gauge,5,1,895
General Petite,Dresses,Dresses,4,1,1094
General Petite,Tops,Fine gauge,5,1,907
General Petite,Tops,Fine gauge,5,1,895
General Petite,Tops,Knits,2,0,860
General Petite,Bottoms,Pants,3,1,1056
General Petite,Bottoms,Pants,4,1,1055
General Petite,Tops,Knits,5,1,860
Initmates,Intimate,Swim,5,1,270
General Petite,Tops,Knits,5,1,860
General Petite,Tops,Fine gauge,5,1,895
General Petite,Dresses,Dresses,4,1,1094
General Petite,Dresses,Dresses,5,1,1094
General Petite,Tops,Knits,3,0,860
General Petite,Dresses,Dresses,5,1,1094
General Petite,Bottoms,Pants,5,1,1056
Initmates,Intimate,Lounge,5,1,257
General Petite,Tops,Fine gauge,3,1,895
General Petite,Tops,Fine gauge,3,1,895
General Petite,Bottoms,Pants,5,1,1056
General,Tops,Blouses,4,1,828
General Petite,Dresses,Dresses,5,1,1078
General Petite,Dresses,Dresses,5,1,1094
General Petite,Bottoms,Pants,5,1,1056
General Petite,Jackets,Outerwear,5,1,1117
General,Tops,Blouses,3,0,828
General Petite,Bottoms,Pants,4,1,1056
General Petite,Dresses,Dresses,4,1,1094
General Petite,Dresses,Dresses,5,1,1094
General Petite,Dresses,Dresses,3,1,1094
General Petite,Tops,Fine gauge,5,1,895
General Petite,Tops,Fine gauge,5,1,895
General Petite,Dresses,Dresses,5,1,1094
General Petite,Tops,Knits,5,1,860
General Petite,Tops,Knits,2,0,860
General Petite,Tops,Fine gauge,1,0,895
General,Bottoms,Jeans,5,1,1030
General Petite,Bottoms,Pants,5,1,1056
General Petite,Tops,Knits,5,1,860
General Petite,Tops,Knits,5,1,860
General Petite,Dresses,Dresses,3,0,1094
General Petite,Dresses,Dresses,3,0,1094
General Petite,Dresses,Dresses,5,1,1094
General Petite,Tops,Fine gauge,5,1,895
General Petite,Bottoms,Pants,5,1,1056
General Petite,Tops,Knits,4,1,860
General Petite,Dresses,Dresses,5,1,1094
General Petite,Dresses,Dresses,5,1,1094
General Petite,Bottoms,Pants,5,1,1056
General,Tops,Knits,3,0,866
General Petite,Bottoms,Pants,4,1,1056
Initmates,Intimate,Lounge,1,0,257
General Petite,Dresses,Dresses,4,1,1094
General Petite,Dresses,Dresses,4,1,1094
General Petite,Bottoms,Pants,5,1,1056
Initmates,Intimate,Lounge,5,1,257
Initmates,Intimate,Lounge,5,1,257
General Petite,Tops,Fine gauge,5,1,895
General Petite,Dresses,Dresses,5,1,1094
General Petite,Bottoms,Pants,4,1,1056
General Petite,Tops,Fine gauge,4,1,895
General Petite,Dresses,Dresses,5,1,1094
General,Tops,Knits,4,1,863
General Petite,Bottoms,Pants,4,1,1055
General Petite,Tops,Knits,5,1,860
General Petite,Tops,Knits,4,1,860
General,Tops,Knits,1,0,863
General Petite,Dresses,Dresses,5,1,1094
General Petite,Tops,Knits,2,0,860
General Petite,Dresses,Dresses,3,0,1094
General Petite,Bottoms,Pants,5,1,1056
General Petite,Tops,Fine gauge,5,1,895
General Petite,Bottoms,Pants,5,1,1056
General,Tops,Blouses,3,1,828
General Petite,Dresses,Dresses,3,1,1094
General,Dresses,Dresses,4,1,1094
General,Trend,Trend,3,1,1147
General Petite,Dresses,Dresses,5,1,1078
General Petite,Bottoms,Pants,5,1,1056
General,Dresses,Dresses,5,1,1094
General,Dresses,Dresses,5,1,1094
Initmates,Intimate,Lounge,5,1,257
General Petite,Tops,Sweaters,4,1,942
General Petite,Tops,Fine gauge,5,1,895
General,Dresses,Dresses,4,1,1094
General,Tops,Fine gauge,3,1,907
General Petite,Bottoms,Pants,4,1,1056
General Petite,Bottoms,Pants,5,1,1056
General Petite,Tops,Fine gauge,5,1,895
General Petite,Dresses,Dresses,5,1,1094
General Petite,Tops,Fine gauge,5,1,895
General,Tops,Knits,3,1,863
General Petite,Jackets,Outerwear,5,1,1117
Initmates,Intimate,Lounge,5,1,257
General Petite,Tops,Knits,4,1,860
General Petite,Dresses,Dresses,5,1,1094
General Petite,Dresses,Dresses,5,1,1094
General Petite,Dresses,Dresses,4,1,1098
General,Tops,Blouses,5,1,829
Initmates,Intimate,Swim,5,1,319
General Petite,Dresses,Dresses,3,0,1094
General Petite,Tops,Knits,4,1,855
General Petite,Dresses,Dresses,4,1,1098
General Petite,Dresses,Dresses,3,0,1094
General Petite,Dresses,Dresses,5,1,1098
General Petite,Dresses,Dresses,3,0,1094
General Petite,Dresses,Dresses,5,1,1094
General Petite,Dresses,Dresses,2,0,1098
General Petite,Tops,Knits,4,0,855
General Petite,Dresses,Dresses,5,1,1094
General Petite,Dresses,Dresses,2,0,1098
General Petite,Dresses,Dresses,5,1,1094
General Petite,Bottoms,Skirts,5,1,992
Initmates,Intimate,Layering,5,1,121
Initmates,Intimate,Layering,2,0,121
General,Tops,Blouses,5,1,829
General,Tops,Sweaters,5,1,940
General Petite,Dresses,Dresses,5,1,1094
Initmates,Intimate,Layering,5,1,121
General Petite,Dresses,Dresses,5,1,1094
General Petite,Dresses,Dresses,4,1,1098
General,Tops,Sweaters,4,1,940
General Petite,Bottoms,Skirts,5,1,1009
General Petite,Dresses,Dresses,4,1,1094
General,Jackets,Jackets,4,1,975
General Petite,Dresses,Dresses,4,1,1094
Initmates,Intimate,Layering,4,1,121
Initmates,Intimate,Layering,4,0,121
General Petite,Dresses,Dresses,3,0,1098
Initmates,Intimate,Layering,3,1,121
General Petite,Tops,Knits,1,0,855
General Petite,Dresses,Dresses,5,1,1098
General Petite,Dresses,Dresses,4,1,1098
General,Tops,Sweaters,3,1,940
General Petite,Dresses,Dresses,3,0,1094
General Petite,Dresses,Dresses,1,0,1094
General,Jackets,Jackets,5,1,975
General Petite,Dresses,Dresses,5,1,1094
General Petite,Dresses,Dresses,4,1,1098
General Petite,Tops,Fine gauge,5,1,908
General Petite,Dresses,Dresses,5,1,1104
Initmates,Intimate,Legwear,5,1,144
General Petite,Bottoms,Pants,5,1,1046
General,Tops,Blouses,5,1,829
General Petite,Dresses,Dresses,3,0,1104
General Petite,Dresses,Dresses,3,1,1104
General Petite,Dresses,Dresses,5,1,1104
Initmates,Intimate,Lounge,5,1,648
Initmates,Intimate,Legwear,5,1,144
General Petite,Dresses,Dresses,4,1,1104
General Petite,Dresses,Dresses,5,1,1104
General,Tops,Blouses,4,1,829
General Petite,Dresses,Dresses,4,0,1104
General Petite,Bottoms,Pants,2,0,1046
General,Tops,Blouses,5,1,829
General,Tops,Blouses,5,1,829
Initmates,Intimate,Legwear,5,1,144
General,Bottoms,Pants,3,0,1064
General Petite,Dresses,Dresses,5,1,1104
General,Bottoms,Pants,5,1,1053
General,Tops,Blouses,5,1,829
Initmates,Intimate,Legwear,5,1,144
General Petite,Dresses,Dresses,2,0,1104
General Petite,Bottoms,Jeans,5,1,1029
Initmates,Intimate,Intimates,5,1,56
General,Tops,Blouses,5,1,829
General Petite,Dresses,Dresses,5,1,1104
General,Tops,Blouses,4,1,829
General Petite,Bottoms,Pants,5,1,1046
General,Jackets,Outerwear,5,1,1114
Initmates,Intimate,Legwear,5,1,144
Initmates,Intimate,Intimates,5,1,173
Initmates,Intimate,Legwear,5,1,144
General,Bottoms,Jeans,5,1,1035
General,Tops,Knits,5,1,857
General Petite,Jackets,Jackets,5,1,964
General,Bottoms,Skirts,5,1,1001
General,Bottoms,Jeans,4,1,1035
General,Bottoms,Jeans,5,1,1035
Initmates,Intimate,Sleep,3,0,413
General Petite,Tops,Knits,3,0,860
General,Bottoms,Jeans,5,1,1035
General,Bottoms,Skirts,5,1,1001
General,Bottoms,Skirts,5,1,1001
General Petite,Tops,Knits,4,1,860
General Petite,Jackets,Jackets,5,1,964
General,Tops,Knits,5,1,857
General,Bottoms,Skirts,5,1,1001
General,Tops,Fine gauge,5,1,896
General Petite,Tops,Knits,5,1,860
General Petite,Tops,Knits,3,1,860
General,Bottoms,Skirts,5,1,1001
General,Bottoms,Jeans,5,1,1035
General Petite,Jackets,Jackets,5,1,964
General Petite,Tops,Knits,4,1,860
Initmates,Intimate,Lounge,4,1,203
General,Bottoms,Skirts,3,0,1001
General,Tops,Knits,2,0,857
General Petite,Bottoms,Jeans,5,1,1025
General,Tops,Knits,2,0,857
General,Bottoms,Skirts,5,1,1001
General Petite,Bottoms,Jeans,3,1,1025
General,Bottoms,Skirts,4,1,1001
General Petite,Tops,Knits,5,1,860
General,Tops,Knits,5,1,867
General,Tops,Knits,4,1,857
General Petite,Tops,Knits,5,1,860
General Petite,Bottoms,Jeans,3,0,1025
General Petite,Bottoms,Jeans,4,1,1025
General Petite,Jackets,Jackets,4,1,964
General Petite,Jackets,Jackets,5,1,964
General Petite,Tops,Knits,5,1,860
General,Bottoms,Skirts,4,1,1001
General,Bottoms,Skirts,4,1,1001
General Petite,Tops,Knits,5,1,860
General,Bottoms,Skirts,5,1,1001
General,Tops,Knits,4,1,857
General,Bottoms,Skirts,5,1,1001
General Petite,Jackets,Jackets,5,1,964
General,Bottoms,Skirts,5,1,1001
General Petite,Tops,Knits,2,0,860
General Petite,Jackets,Jackets,5,1,964
General,Tops,Knits,2,0,857
General,Bottoms,Skirts,3,0,1001
General,Tops,Knits,5,1,857
General,Tops,Fine gauge,4,1,889
General,Tops,Knits,3,0,857
General,Bottoms,Jeans,5,1,1024
General,Tops,Sweaters,4,1,940
General,Bottoms,Pants,5,1,1053
General,Bottoms,Pants,4,1,1053
General,Bottoms,Jeans,5,1,1024
Initmates,Intimate,Lounge,4,1,624
General,Dresses,Dresses,5,1,1086
General Petite,Dresses,Dresses,5,1,1081
General,Bottoms,Pants,5,1,1053
General,Bottoms,Pants,1,0,1053
General Petite,Dresses,Dresses,3,0,1081
General,Dresses,Dresses,4,1,1086
General,Dresses,Dresses,5,1,1086
General,Dresses,Dresses,5,1,1086
General,Tops,Sweaters,5,1,940
General Petite,Dresses,Dresses,5,1,1081
General Petite,Dresses,Dresses,5,1,1081
General,Dresses,Dresses,3,1,1086
General,Tops,Knits,3,1,857
General,Dresses,Dresses,5,1,1086
General Petite,Dresses,Dresses,4,1,1081
General Petite,Bottoms,Pants,5,1,1068
General,Dresses,Dresses,5,1,1086
General,Dresses,Dresses,4,1,1081
Initmates,Intimate,Lounge,5,1,624
General,Tops,Blouses,2,0,837
General,Bottoms,Pants,3,0,1053
General,Bottoms,Pants,4,1,1053
General,Dresses,Dresses,4,1,1081
General,Dresses,Dresses,5,1,1081
General,Dresses,Dresses,3,1,1081
General,Bottoms,Jeans,5,1,1024
General,Dresses,Dresses,3,1,1086
General,Bottoms,Skirts,5,1,995
General Petite,Bottoms,Pants,5,1,1068
General,Dresses,Dresses,5,1,1081
General Petite,Tops,Blouses,3,0,828
General,Dresses,Dresses,4,1,1081
General,Dresses,Dresses,3,0,1086
General,Bottoms,Pants,2,0,1053
General,Dresses,Dresses,5,1,1086
General Petite,Bottoms,Pants,5,1,1068
General,Tops,Blouses,5,1,837
General,Tops,Sweaters,5,1,940
General,Tops,Sweaters,5,1,940
General,Dresses,Dresses,5,1,1086
General Petite,Bottoms,Pants,5,1,1068
General,Dresses,Dresses,4,1,1081
General,Dresses,Dresses,5,1,1081
General,Dresses,Dresses,4,1,1086
General,Bottoms,Jeans,5,1,1024
General,Dresses,Dresses,4,1,1086
General,Dresses,Dresses,5,1,1081
General,Dresses,Dresses,5,1,1081
General,Tops,Knits,5,1,857
General,Dresses,Dresses,5,1,1086
General,Tops,Blouses,5,1,837
General Petite,Bottoms,Pants,4,1,1068
General,Dresses,Dresses,5,1,1086
General Petite,Tops,Blouses,5,1,828
General,Dresses,Dresses,5,1,1078
General Petite,Dresses,Dresses,3,1,1094
General,Dresses,Dresses,3,0,1081
General,Dresses,Dresses,5,1,1078
General Petite,Dresses,Dresses,1,0,1094
General,Dresses,Dresses,5,1,1078
General,Dresses,Dresses,4,1,1078
General,Dresses,Dresses,5,1,1078
General,Dresses,Dresses,5,1,1078
General,Dresses,Dresses,5,1,1078
General,Dresses,Dresses,2,0,1078
General Petite,Dresses,Dresses,5,1,1081
General Petite,Dresses,Dresses,5,1,1081
General,Dresses,Dresses,5,1,1078
General,Dresses,Dresses,4,0,1078
General,Dresses,Dresses,5,1,1078
General Petite,Dresses,Dresses,5,1,1081
General,Dresses,Dresses,1,0,1094
General,Dresses,Dresses,4,1,1078
General Petite,Dresses,Dresses,4,1,1081
General,Dresses,Dresses,5,1,1078
General Petite,Dresses,Dresses,5,1,1081
General,Dresses,Dresses,3,0,1078
General Petite,Dresses,Dresses,5,1,1094
General,Dresses,Dresses,5,1,1078
General,Dresses,Dresses,5,1,1078
General,Dresses,Dresses,5,1,1078
General Petite,Dresses,Dresses,5,1,1081
General,Dresses,Dresses,5,1,1078
General,Dresses,Dresses,5,1,1078
General Petite,Dresses,Dresses,4,1,1094
General Petite,Dresses,Dresses,2,0,1094
General,Dresses,Dresses,5,1,1078
General,Dresses,Dresses,3,0,1081
General,Dresses,Dresses,4,1,1081
General,Dresses,Dresses,4,1,1078
General,Dresses,Dresses,1,0,1078
General,Dresses,Dresses,4,1,1078
General,Dresses,Dresses,5,1,1078
General,Tops,Sweaters,1,0,935
General,Dresses,Dresses,5,1,1081
General Petite,Dresses,Dresses,4,1,1094
General,Dresses,Dresses,4,1,1081
General Petite,Dresses,Dresses,4,1,1094
General,Dresses,Dresses,5,1,1078
General,Dresses,Dresses,5,1,1078
General Petite,Dresses,Dresses,3,1,1094
General,Dresses,Dresses,5,1,1078
General,Dresses,Dresses,4,1,1094
General,Dresses,Dresses,3,1,1094
General,Dresses,Dresses,5,1,1081
General,Dresses,Dresses,5,1,1078
General,Dresses,Dresses,5,1,1078
General,Dresses,Dresses,5,1,1078
General,Dresses,Dresses,5,1,1078
General,Dresses,Dresses,1,0,1094
General,Dresses,Dresses,5,1,1078
General,Dresses,Dresses,5,1,1078
General Petite,Dresses,Dresses,5,1,1081
General,Dresses,Dresses,4,1,1094
General,Dresses,Dresses,5,1,1078
General,Dresses,Dresses,5,1,1078
General Petite,Dresses,Dresses,5,1,1081
General Petite,Dresses,Dresses,5,1,1081
General,Dresses,Dresses,5,1,1078
General,Dresses,Dresses,4,1,1094
General,Dresses,Dresses,5,1,1082
General,Dresses,Dresses,5,1,1078
General Petite,Dresses,Dresses,2,1,1081
General Petite,Dresses,Dresses,4,1,1081
General,Dresses,Dresses,5,1,1078
General Petite,Dresses,Dresses,5,1,1081
General,Dresses,Dresses,5,1,1078
General Petite,Dresses,Dresses,5,1,1081
General,Dresses,Dresses,5,1,1094
General,Dresses,Dresses,5,1,1078
General,Dresses,Dresses,5,1,1078
General,Dresses,Dresses,5,1,1078
General,Dresses,Dresses,5,1,1078
General,Dresses,Dresses,5,1,1094
General,Dresses,Dresses,5,1,1078
General,Dresses,Dresses,4,1,1094
General,Dresses,Dresses,5,1,1078
General,Tops,Blouses,5,1,838
General,Dresses,Dresses,4,1,1078
General,Dresses,Dresses,5,1,1094
General,Dresses,Dresses,4,1,1094
General,Dresses,Dresses,5,1,1078
General Petite,Dresses,Dresses,5,1,1081
General,Dresses,Dresses,5,1,1094
General,Dresses,Dresses,5,1,1078
General Petite,Dresses,Dresses,5,1,1081
General,Dresses,Dresses,5,1,1078
General,Dresses,Dresses,5,1,1078
General,Bottoms,Jeans,5,1,1028
General Petite,Dresses,Dresses,5,1,1081
General,Dresses,Dresses,5,1,1094
General Petite,Dresses,Dresses,5,1,1081
General Petite,Dresses,Dresses,4,1,1081
General,Dresses,Dresses,5,1,1078
General,Dresses,Dresses,5,1,1078
General,Dresses,Dresses,5,1,1094
General,Dresses,Dresses,5,1,1094
General Petite,Dresses,Dresses,4,1,1081
General Petite,Dresses,Dresses,1,0,1078
General,Bottoms,Jeans,3,0,1028
General Petite,Dresses,Dresses,4,1,1081
General Petite,Dresses,Dresses,5,1,1081
General Petite,Dresses,Dresses,1,0,1078
General Petite,Dresses,Dresses,2,0,1078
General Petite,Dresses,Dresses,5,1,1081
General,Dresses,Dresses,4,1,1094
General Petite,Dresses,Dresses,4,1,1081
General,Bottoms,Jeans,4,1,1028
General Petite,Dresses,Dresses,3,0,1078
General Petite,Dresses,Dresses,5,1,1081
General,Dresses,Dresses,2,0,1094
General,Dresses,Dresses,3,0,1094
General,Dresses,Dresses,4,1,1094
General Petite,Dresses,Dresses,5,1,1078
General Petite,Dresses,Dresses,5,1,1078
General Petite,Dresses,Dresses,5,1,1078
General,Dresses,Dresses,1,0,1094
General,Dresses,Dresses,4,0,1094
General,Dresses,Dresses,4,1,1094
General,Dresses,Dresses,2,0,1094
General,Dresses,Dresses,5,1,1094
General Petite,Dresses,Dresses,5,1,1081
General Petite,Dresses,Dresses,5,1,1078
General,Dresses,Dresses,5,0,1094
General Petite,Dresses,Dresses,5,1,1081
General Petite,Dresses,Dresses,5,1,1078
General Petite,Dresses,Dresses,5,1,1078
General Petite,Dresses,Dresses,5,1,1078
General Petite,Dresses,Dresses,4,1,1081
General Petite,Dresses,Dresses,5,1,1078
General Petite,Dresses,Dresses,5,1,1078
General Petite,Dresses,Dresses,2,0,1081
General Petite,Dresses,Dresses,5,1,1078
General,Dresses,Dresses,4,1,1094
General Petite,Dresses,Dresses,5,1,1078
General Petite,Tops,Sweaters,1,0,933
General Petite,Dresses,Dresses,5,1,1078
General Petite,Dresses,Dresses,3,1,1081
General Petite,Dresses,Dresses,5,1,1081
General Petite,Dresses,Dresses,5,1,1078
General,Tops,Blouses,5,1,834
General Petite,Dresses,Dresses,4,1,1081
General,Tops,Blouses,5,1,834
General Petite,Dresses,Dresses,5,1,1078
General Petite,Dresses,Dresses,5,1,1078
General Petite,Dresses,Dresses,5,1,1078
General,Dresses,Dresses,3,0,1094
General Petite,Dresses,Dresses,4,1,1081
Initmates,Intimate,Lounge,5,1,689
General Petite,Dresses,Dresses,3,0,1078
General,Dresses,Dresses,5,1,1094
General,Dresses,Dresses,4,1,1094
General,Dresses,Dresses,3,1,1094
General Petite,Dresses,Dresses,3,0,1081
General Petite,Dresses,Dresses,4,1,1081
General,Dresses,Dresses,5,1,1078
General,Dresses,Dresses,2,0,1094
General,Tops,Knits,3,0,868
General,Tops,Knits,4,1,868
Initmates,Intimate,Sleep,4,1,107
General,Tops,Knits,4,1,868
General,Dresses,Dresses,5,1,1094
General,Tops,Knits,5,1,868
Initmates,Intimate,Sleep,5,1,107
General,Dresses,Dresses,3,1,1094
General,Tops,Fine gauge,4,1,896
General,Dresses,Dresses,3,0,1094
General,Tops,Knits,1,0,868
General,Tops,Knits,4,1,868
Initmates,Intimate,Sleep,5,1,107
General,Tops,Blouses,4,1,850
General,Tops,Knits,5,1,868
General,Trend,Trend,1,0,1145
Initmates,Intimate,Sleep,5,1,107
General,Tops,Fine gauge,4,1,896
General,Jackets,Jackets,3,0,975
General,Dresses,Dresses,5,1,1094
General,Tops,Knits,3,0,868
General,Trend,Trend,5,1,1145
Initmates,Intimate,Sleep,5,1,107
General,Trend,Trend,5,1,1145
General,Tops,Knits,5,1,868
Initmates,Intimate,Sleep,5,1,107
General,Tops,Knits,3,0,868
General,Tops,Knits,4,1,868
Initmates,Intimate,Sleep,5,1,107
General,Tops,Knits,3,1,868
Initmates,Intimate,Sleep,3,0,107
General Petite,Dresses,Dresses,4,1,1095
General Petite,Dresses,Dresses,5,1,1095
General,Bottoms,Jeans,5,1,1038
General,Bottoms,Jeans,5,1,1030
General,Bottoms,Jeans,5,1,1038
General,Dresses,Dresses,5,1,1086
General Petite,Dresses,Dresses,5,1,1095
General,Bottoms,Jeans,5,1,1038
General Petite,Dresses,Dresses,2,0,1095
General Petite,Dresses,Dresses,5,1,1095
General Petite,Bottoms,Skirts,5,1,988
General,Tops,Blouses,2,0,850
General,Dresses,Dresses,4,1,1109
General Petite,Dresses,Dresses,4,1,1095
General Petite,Dresses,Dresses,5,1,1095
General,Tops,Fine gauge,5,1,912
General Petite,Dresses,Dresses,5,1,1095
General,Bottoms,Jeans,5,1,1038
General,Bottoms,Jeans,5,1,1038
General,Bottoms,Jeans,5,1,1038
General,Dresses,Dresses,5,1,1086
General,Dresses,Dresses,4,1,1086
General Petite,Dresses,Dresses,5,1,1095
General,Dresses,Dresses,5,1,1086
General,Bottoms,Jeans,5,1,1038
General,Dresses,Dresses,4,1,1086
General,Bottoms,Jeans,5,1,1038
General,Bottoms,Jeans,5,1,1038
General Petite,Dresses,Dresses,3,1,1095
General Petite,Dresses,Dresses,5,1,1095
General,Tops,Sweaters,1,0,937
General,Bottoms,Jeans,4,1,1038
General Petite,Dresses,Dresses,5,1,1095
General Petite,Dresses,Dresses,5,1,1095
General,Dresses,Dresses,5,1,1086
General Petite,Dresses,Dresses,5,1,1095
General Petite,Dresses,Dresses,5,1,1095
General Petite,Dresses,Dresses,4,1,1095
General,Dresses,Dresses,4,1,1086
General Petite,Dresses,Dresses,5,1,1095
General,Dresses,Dresses,5,1,1086
General Petite,Dresses,Dresses,5,1,1095
General,Tops,Blouses,4,1,829
General Petite,Dresses,Dresses,5,1,1111
General,Tops,Blouses,2,0,820
General,Dresses,Dresses,4,0,1110
General,Tops,Blouses,5,1,820
General,Tops,Blouses,5,1,820
General,Tops,Blouses,5,1,820
General,Tops,Blouses,5,1,829
General Petite,Dresses,Dresses,5,1,1078
General,Tops,Blouses,5,1,830
General,Tops,Blouses,4,1,820
General,Tops,Blouses,5,1,820
General,Tops,Blouses,5,1,820
General,Tops,Knits,3,1,863
General,Bottoms,Shorts,1,0,495
General,Tops,Blouses,5,1,820
General,Tops,Blouses,5,1,820
Initmates,Intimate,Lounge,3,1,801
General Petite,Dresses,Dresses,5,1,1078
General Petite,Dresses,Dresses,5,1,1078
General,Dresses,Dresses,5,1,1110
General,Tops,Blouses,5,1,820
General,Tops,Blouses,4,1,830
General,Tops,Knits,3,1,1187
General,Tops,Blouses,5,1,829
General,Tops,Blouses,5,1,820
General,Tops,Blouses,2,0,820
General,Tops,Blouses,2,0,829
General Petite,Dresses,Dresses,5,1,1078
General,Tops,Blouses,5,1,820
General,Tops,Blouses,2,0,820
General,Tops,Blouses,5,1,820
General,Tops,Blouses,3,0,829
General,Tops,Blouses,5,1,820
General Petite,Tops,Blouses,2,0,831
General,Tops,Blouses,5,1,820
General,Tops,Blouses,5,1,829
General Petite,Dresses,Dresses,5,1,1078
General,Tops,Blouses,5,1,829
General,Tops,Blouses,4,1,820
Initmates,Intimate,Intimates,5,1,50
General,Tops,Blouses,5,1,820
General,Tops,Blouses,5,1,820
General,Tops,Blouses,4,1,820
General Petite,Dresses,Dresses,4,0,1078
General,Tops,Blouses,5,1,820
General Petite,Tops,Blouses,3,1,831
General,Tops,Knits,3,1,1187
General,Tops,Blouses,1,0,820
General,Tops,Blouses,2,0,820
General,Tops,Blouses,4,1,820
General,Tops,Blouses,5,1,820
General,Tops,Blouses,3,1,820
General,Tops,Blouses,5,1,820
General,Tops,Blouses,4,1,820
Initmates,Intimate,Lounge,4,1,801
General,Tops,Blouses,5,1,820
General,Tops,Blouses,1,0,820
General,Tops,Blouses,5,1,820
General,Tops,Blouses,5,1,820
General,Tops,Blouses,5,1,820
General,Tops,Blouses,5,1,820
General,Dresses,Dresses,5,1,1110
General,Tops,Blouses,5,1,829
General,Tops,Blouses,3,1,820
General Petite,Dresses,Dresses,4,1,1078
General,Dresses,Dresses,5,1,1110
General,Tops,Blouses,5,1,820
General,Tops,Blouses,5,1,820
General Petite,Dresses,Dresses,3,0,1078
General,Bottoms,Shorts,4,1,495
General Petite,Tops,Blouses,5,1,829
General,Tops,Blouses,5,1,820
General Petite,Dresses,Dresses,5,1,1078
General,Tops,Knits,5,1,863
General,Dresses,Dresses,5,1,1110
General Petite,Dresses,Dresses,4,1,1078
General,Tops,Knits,4,1,872
General,Dresses,Dresses,3,0,1094
General,Tops,Knits,4,1,872
General,Tops,Knits,4,1,872
General Petite,Bottoms,Skirts,5,1,1014
General,Dresses,Dresses,5,1,1094
General,Tops,Knits,5,1,872
General,Dresses,Dresses,3,0,1082
General,Trend,Trend,3,1,570
General,Dresses,Dresses,5,1,1094
General,Bottoms,Pants,5,1,1059
General,Tops,Blouses,2,0,840
General,Dresses,Dresses,5,1,1094
Initmates,Intimate,Lounge,4,1,782
General,Tops,Knits,5,1,872
General,Bottoms,Skirts,2,0,1006
General,Dresses,Dresses,2,0,1094
General,Tops,Knits,5,1,872
General Petite,Bottoms,Skirts,5,1,1014
General,Bottoms,Casual bottoms,5,1,54
General,Tops,Knits,5,1,872
General,Dresses,Dresses,5,1,1082
General,Jackets,Jackets,2,0,963
General,Tops,Knits,5,1,872
General,Tops,Knits,5,1,872
General,Dresses,Dresses,2,0,1094
General,Tops,Knits,4,1,872
General,Tops,Blouses,5,1,840
Initmates,Intimate,Lounge,3,0,782
General,Tops,Knits,5,1,872
General,Dresses,Dresses,3,1,1082
General,Tops,Knits,4,1,872
General,Dresses,Dresses,5,1,1094
General,Tops,Knits,3,1,872
General,Tops,Blouses,3,0,829
General,Tops,Knits,5,1,872
General,Tops,Knits,2,0,872
General,Dresses,Dresses,1,0,1094
General,Tops,Knits,5,1,872
General,Bottoms,Pants,5,1,1059
General,Jackets,Jackets,5,1,963
General,Tops,Knits,4,1,872
General,Tops,Knits,1,0,872
General,Jackets,Jackets,5,1,963
General,Tops,Knits,4,1,872
General,Tops,Knits,5,1,872
Initmates,Intimate,Lounge,4,1,782
General,Tops,Knits,3,1,872
General,Dresses,Dresses,2,0,1094
General,Tops,Blouses,2,0,840
General,Jackets,Jackets,5,1,963
General,Tops,Blouses,4,1,829
General,Bottoms,Pants,5,1,1059
General,Dresses,Dresses,4,1,1094
General,Dresses,Dresses,4,1,1082
General,Tops,Blouses,4,1,829
General,Tops,Knits,5,1,873
General Petite,Tops,Knits,5,1,871
General Petite,Tops,Knits,5,1,871
General Petite,Tops,Knits,4,1,871
General,Tops,Knits,3,1,878
General Petite,Bottoms,Pants,5,1,1048
General Petite,Dresses,Dresses,1,0,1095
General,Dresses,Dresses,3,0,1081
General Petite,Tops,Knits,4,1,871
General Petite,Bottoms,Pants,1,0,1048
General,Bottoms,Jeans,3,0,1027
General Petite,Tops,Knits,5,1,871
General,Dresses,Dresses,5,1,1072
General Petite,Bottoms,Pants,5,1,1048
General,Dresses,Dresses,5,1,1078
General Petite,Bottoms,Pants,5,1,1048
General Petite,Tops,Knits,5,1,871
General Petite,Bottoms,Pants,5,1,1048
General Petite,Tops,Knits,5,1,871
General,Tops,Blouses,5,1,829
General Petite,Tops,Knits,4,1,871
General,Tops,Knits,5,1,878
General Petite,Bottoms,Pants,5,1,1048
General,Tops,Knits,4,1,878
General Petite,Bottoms,Pants,5,1,1048
General Petite,Tops,Knits,4,1,871
General,Tops,Knits,5,1,878
General Petite,Tops,Knits,5,1,871
General Petite,Tops,Knits,5,1,871
General Petite,Tops,Knits,4,1,871
General Petite,Tops,Knits,4,1,871
General,Tops,Knits,5,1,878
General Petite,Tops,Knits,4,1,871
General,Dresses,Dresses,5,1,1072
General Petite,Bottoms,Pants,5,1,1048
General,Dresses,Dresses,4,1,1078
General Petite,Tops,Knits,4,1,871
General Petite,Tops,Blouses,3,0,836
General Petite,Tops,Blouses,4,1,836
General,Dresses,Dresses,5,1,1078
General,Bottoms,Jeans,4,1,1027
General Petite,Tops,Blouses,3,1,836
General Petite,Tops,Blouses,5,1,836
General,Tops,Sweaters,3,1,954
General Petite,Tops,Blouses,2,0,836
General Petite,Tops,Blouses,5,1,836
General,Dresses,Dresses,4,1,1081
General,Tops,Blouses,5,1,831
General Petite,Tops,Blouses,3,0,836
General,Dresses,Dresses,4,1,1081
General Petite,Tops,Blouses,5,1,836
General Petite,Tops,Blouses,5,1,836
General,Dresses,Dresses,5,1,1072
General Petite,Tops,Blouses,4,1,836
General Petite,Tops,Blouses,4,1,836
General Petite,Tops,Blouses,5,1,836
General,Tops,Blouses,1,0,832
General Petite,Tops,Blouses,4,1,836
General Petite,Tops,Blouses,5,1,836
General Petite,Tops,Blouses,3,0,836
General Petite,Tops,Blouses,5,1,836
General Petite,Tops,Blouses,4,1,836
General Petite,Tops,Blouses,5,1,826
General Petite,Tops,Blouses,4,1,836
General Petite,Tops,Blouses,4,1,836
General,Bottoms,Jeans,5,1,1027
General Petite,Tops,Blouses,2,0,836
General Petite,Tops,Blouses,4,1,836
General Petite,Dresses,Dresses,3,0,1100
General Petite,Dresses,Dresses,3,1,1076
General,Dresses,Dresses,5,1,1080
Initmates,Intimate,Swim,4,1,381
Initmates,Intimate,Swim,5,1,381
General,Dresses,Dresses,4,1,1080
Initmates,Intimate,Swim,4,1,381
General,Tops,Sweaters,3,0,933
General,Dresses,Dresses,5,1,1080
General,Dresses,Dresses,4,1,1080
Initmates,Intimate,Swim,5,1,381
General,Bottoms,Skirts,5,1,999
General,Dresses,Dresses,5,1,1080
General,Dresses,Dresses,5,1,1080
General Petite,Dresses,Dresses,4,1,1100
Initmates,Intimate,Swim,2,0,381
General,Dresses,Dresses,5,1,1080
General,Dresses,Dresses,5,1,1080
Initmates,Intimate,Sleep,1,0,273
General,Dresses,Dresses,5,1,1080
General,Dresses,Dresses,5,1,1080
General,Dresses,Dresses,4,1,1080
General Petite,Dresses,Dresses,5,1,1100
General,Dresses,Dresses,5,1,1080
General,Dresses,Dresses,2,0,1076
General,Dresses,Dresses,5,1,1080
General,Dresses,Dresses,5,1,1080
General,Tops,Knits,3,0,862
General,Dresses,Dresses,5,1,1080
General,Dresses,Dresses,4,1,1080
General,Dresses,Dresses,5,1,1080
General,Dresses,Dresses,5,1,1080
General,Dresses,Dresses,5,1,1080
General,Dresses,Dresses,5,1,1080
General,Dresses,Dresses,5,1,1080
General,Dresses,Dresses,5,1,1080
General Petite,Dresses,Dresses,3,0,1100
General,Bottoms,Skirts,3,1,999
General,Dresses,Dresses,5,1,1080
General,Dresses,Dresses,5,1,1080
General Petite,Bottoms,Jeans,5,1,1028
Initmates,Intimate,Swim,5,1,381
General,Dresses,Dresses,5,1,1080
General,Bottoms,Skirts,5,1,999
General Petite,Dresses,Dresses,2,0,1100
General,Dresses,Dresses,5,1,1080
General,Dresses,Dresses,4,1,1080
Initmates,Intimate,Swim,5,1,381
General,Bottoms,Skirts,4,1,999
General,Dresses,Dresses,5,1,1080
General,Dresses,Dresses,5,1,1080
General,Dresses,Dresses,5,1,1080
General,Dresses,Dresses,5,1,1080
Initmates,Intimate,Swim,5,1,381
General,Dresses,Dresses,5,1,1080
Initmates,Intimate,Swim,5,1,381
General,Dresses,Dresses,5,1,1080
General Petite,Bottoms,Pants,5,1,1059
General,Dresses,Dresses,5,1,1080
General,Dresses,Dresses,5,1,1080
General,Tops,Blouses,5,1,829
General,Tops,Sweaters,5,1,940
General,Bottoms,Jeans,5,1,1024
General,Tops,Blouses,5,1,829
General,Tops,Blouses,4,1,829
General,Tops,Blouses,5,1,829
General,Tops,Blouses,3,1,829
General,Tops,Blouses,3,0,829
General,Tops,Sweaters,5,1,940
General,Dresses,Dresses,4,1,1094
General,Tops,Sweaters,5,1,940
General,Trend,Trend,1,0,1145
General,Tops,Blouses,5,1,829
General,Tops,Blouses,3,1,829
General,Tops,Blouses,5,1,829
General Petite,Dresses,Dresses,3,0,1110
General,Tops,Blouses,5,1,829
General,Tops,Blouses,4,1,829
General,Tops,Blouses,4,1,829
General,Tops,Sweaters,5,1,940
General,Tops,Blouses,5,1,829
General,Tops,Sweaters,5,1,940
General,Tops,Blouses,5,1,829
General,Tops,Blouses,1,0,829
General,Tops,Blouses,4,1,829
General,Dresses,Dresses,2,0,1094
General,Tops,Blouses,4,1,825
General,Dresses,Dresses,5,1,1094
General,Tops,Blouses,5,1,829
General,Trend,Trend,2,0,1145
General,Tops,Blouses,5,1,829
General,Bottoms,Jeans,5,1,1024
General,Tops,Blouses,4,1,829
General,Bottoms,Jeans,5,1,1024
General,Tops,Blouses,5,1,829
General,Tops,Fine gauge,3,0,904
General,Bottoms,Jeans,5,1,1024
General Petite,Tops,Knits,3,0,862
General,Tops,Blouses,5,1,829
General,Tops,Blouses,2,0,829
General,Tops,Blouses,4,1,829
General,Tops,Blouses,3,0,829
General Petite,Bottoms,Pants,5,1,306
General,Tops,Blouses,5,1,829
General,Tops,Blouses,5,1,829
General Petite,Dresses,Dresses,4,1,1110
General,Tops,Blouses,4,1,829
General,Tops,Blouses,5,1,829
General Petite,Tops,Knits,4,1,862
General,Tops,Blouses,4,1,829
General,Tops,Sweaters,4,1,940
Initmates,Intimate,Swim,4,1,327
General,Tops,Sweaters,5,1,940
Initmates,Intimate,Swim,3,0,327
General,Tops,Blouses,5,1,829
General,Tops,Blouses,4,1,829
General,Dresses,Dresses,3,1,1075
General,Tops,Sweaters,5,1,940
General,Tops,Blouses,5,1,829
General,Tops,Blouses,3,0,829
General,Tops,Blouses,2,0,829
General,Tops,Blouses,4,1,829
General,Tops,Blouses,5,1,825
General,Bottoms,Jeans,3,1,1024
General,Tops,Sweaters,5,1,940
Initmates,Intimate,Layering,5,1,538
General,Tops,Blouses,2,0,829
General Petite,Bottoms,Pants,1,0,306
General,Tops,Blouses,3,0,829
General,Tops,Blouses,5,1,829
General,Tops,Blouses,3,1,829
General Petite,Tops,Blouses,5,1,829
General,Bottoms,Jeans,5,1,1024
General Petite,Tops,Blouses,5,1,829
General Petite,Tops,Blouses,5,1,829
General Petite,Tops,Blouses,5,1,829
General,Bottoms,Jeans,5,1,1024
General,Dresses,Dresses,5,1,1094
General Petite,Tops,Blouses,2,0,829
General Petite,Dresses,Dresses,4,1,1110
General Petite,Tops,Blouses,5,1,829
General Petite,Tops,Blouses,4,1,829
General Petite,Tops,Blouses,5,1,829
General Petite,Tops,Blouses,3,0,829
Initmates,Intimate,Swim,2,0,327
General Petite,Tops,Blouses,5,1,829
General Petite,Dresses,Dresses,5,1,1110
General Petite,Tops,Blouses,4,1,829
General,Dresses,Dresses,4,1,1083
General Petite,Tops,Blouses,5,1,834
General Petite,Tops,Blouses,5,1,834
General,Tops,Blouses,5,1,823
General Petite,Tops,Blouses,4,1,834
General Petite,Tops,Blouses,5,1,834
General,Dresses,Dresses,5,1,1099
General,Tops,Blouses,4,1,823
General,Tops,Blouses,4,1,823
General Petite,Tops,Blouses,5,1,834
General Petite,Tops,Blouses,5,1,826
General,Tops,Blouses,4,1,823
General,Tops,Blouses,4,1,823
General Petite,Dresses,Dresses,4,1,1086
Initmates,Intimate,Layering,5,1,463
General,Bottoms,Jeans,5,1,1036
General,Tops,Knits,5,1,872
Initmates,Intimate,Layering,5,1,463
General Petite,Jackets,Jackets,5,1,984
General Petite,Tops,Blouses,4,1,834
General Petite,Tops,Blouses,5,1,834
General,Tops,Blouses,3,0,823
General Petite,Tops,Blouses,5,1,826
General Petite,Tops,Blouses,5,1,826
General Petite,Tops,Blouses,5,1,834
General Petite,Tops,Blouses,3,0,834
Initmates,Intimate,Layering,5,1,363
General Petite,Tops,Blouses,2,0,834
General,Tops,Blouses,3,0,823
General,Tops,Blouses,3,0,823
Initmates,Intimate,Layering,5,1,463
General,Tops,Knits,5,1,872
Initmates,Intimate,Layering,5,1,463
General,Tops,Blouses,4,1,823
General Petite,Jackets,Jackets,5,1,984
General,Tops,Blouses,3,1,823
General,Tops,Blouses,4,1,823
General Petite,Tops,Blouses,5,1,834
General Petite,Dresses,Dresses,4,1,1086
General Petite,Tops,Blouses,5,1,834
General Petite,Tops,Blouses,5,1,834
General Petite,Tops,Blouses,2,0,826
Initmates,Intimate,Layering,5,1,463
Initmates,Intimate,Layering,1,0,363
General,Tops,Blouses,2,0,823
General Petite,Dresses,Dresses,4,1,1086
General,Tops,Fine gauge,5,1,898
Initmates,Intimate,Layering,5,1,363
General Petite,Dresses,Dresses,5,1,1086
General Petite,Tops,Blouses,5,1,834
General,Tops,Blouses,5,1,823
General Petite,Tops,Blouses,5,1,834
General,Dresses,Dresses,5,1,1083
General Petite,Tops,Blouses,5,1,826
General,Dresses,Dresses,5,1,1099
General,Tops,Knits,5,1,872
General,Tops,Blouses,4,1,823
General Petite,Tops,Blouses,4,1,826
General Petite,Tops,Blouses,4,1,834
General Petite,Tops,Blouses,2,0,834
General,Tops,Knits,5,1,872
General,Dresses,Dresses,3,0,1099
General,Tops,Blouses,5,1,823
General,Dresses,Dresses,5,1,1099
General,Bottoms,Jeans,5,1,1022
General,Tops,Blouses,4,1,823
General Petite,Tops,Blouses,5,1,834
General Petite,Tops,Blouses,4,1,834
General,Bottoms,Jeans,4,1,1036
General,Tops,Blouses,3,0,823
General,Tops,Blouses,4,1,823
General,Tops,Fine gauge,2,0,912
General,Tops,Sweaters,5,1,940
General,Tops,Knits,5,1,865
General,Dresses,Dresses,5,1,1110
General,Tops,Sweaters,5,1,927
General,Tops,Sweaters,4,1,927
General,Dresses,Dresses,4,1,1110
General,Tops,Knits,5,1,878
General,Tops,Sweaters,4,1,927
General,Dresses,Dresses,3,1,1110
General,Tops,Sweaters,5,1,927
General,Tops,Sweaters,5,1,927
General,Dresses,Dresses,5,1,1081
General,Dresses,Dresses,5,1,1110
General,Dresses,Dresses,3,0,1110
General,Dresses,Dresses,5,1,1110
General,Dresses,Dresses,3,1,1111
General,Bottoms,Skirts,5,1,1021
General,Dresses,Dresses,5,1,1110
General,Dresses,Dresses,5,1,1110
General,Tops,Sweaters,5,1,927
General,Dresses,Dresses,2,0,1110
General,Jackets,Jackets,5,1,964
General,Tops,Sweaters,5,1,927
General,Dresses,Dresses,2,0,1110
General,Tops,Sweaters,5,1,927
General,Tops,Sweaters,5,1,927
General,Tops,Fine gauge,4,0,912
General,Tops,Knits,5,1,878
General,Jackets,Jackets,2,0,964
General,Dresses,Dresses,5,1,1110
General,Tops,Sweaters,5,1,927
General,Dresses,Dresses,5,1,1110
General,Dresses,Dresses,2,0,1110
General,Tops,Sweaters,3,1,940
General,Tops,Knits,5,1,865
General,Dresses,Dresses,4,1,1110
General,Dresses,Dresses,5,1,1110
General,Dresses,Dresses,5,1,1110
General,Tops,Sweaters,4,1,927
General,Tops,Sweaters,5,1,927
General,Tops,Sweaters,4,0,940
General,Dresses,Dresses,5,1,1110
General,Bottoms,Skirts,5,1,1021
General,Dresses,Dresses,5,1,1110
General,Dresses,Dresses,5,1,1110
General,Tops,Sweaters,4,1,940
General,Tops,Knits,4,1,862
General,Tops,Sweaters,5,1,927
General,Dresses,Dresses,4,1,1110
General,Dresses,Dresses,4,1,1081
General,Dresses,Dresses,5,1,1110
General,Tops,Sweaters,5,1,927
General,Dresses,Dresses,5,1,1110
General,Dresses,Dresses,4,1,1110
General,Bottoms,Pants,5,1,1070
General Petite,Tops,Sweaters,5,1,945
General Petite,Tops,Sweaters,5,1,945
General,Tops,Knits,5,1,868
General,Bottoms,Skirts,4,1,993
General,Bottoms,Pants,5,1,1068
General,Tops,Knits,4,1,868
General,Bottoms,Pants,3,0,1068
General Petite,Bottoms,Jeans,5,1,1025
General Petite,Tops,Blouses,3,1,836
General,Bottoms,Pants,5,1,1068
General,Trend,Trend,4,1,562
General,Tops,Knits,5,1,868
General Petite,Bottoms,Jeans,5,1,1025
General Petite,Tops,Sweaters,1,0,945
General,Tops,Blouses,5,1,831
General,Tops,Blouses,4,1,836
General,Tops,Knits,4,1,868
General,Tops,Blouses,5,1,831
Initmates,Intimate,Lounge,5,1,675
General,Bottoms,Pants,4,1,1068
General,Tops,Blouses,3,0,836
General,Trend,Trend,5,1,562
General,Trend,Trend,1,0,562
General,Tops,Knits,1,0,875
General Petite,Dresses,Dresses,5,1,1095
General,Tops,Knits,5,1,875
General,Tops,Knits,5,1,875
General Petite,Dresses,Dresses,2,0,1095
General Petite,Dresses,Dresses,5,1,1095
Initmates,Intimate,Swim,3,1,334
General Petite,Bottoms,Pants,5,1,1059
General,Tops,Knits,2,0,875
General Petite,Jackets,Jackets,3,0,977
General Petite,Jackets,Jackets,4,1,977
General Petite,Jackets,Jackets,5,1,977
General Petite,Dresses,Dresses,2,0,1095
General,Tops,Blouses,3,0,829
General,Tops,Knits,4,1,875
General Petite,Dresses,Dresses,2,0,1095
General,Tops,Knits,3,0,875
General Petite,Tops,Blouses,5,1,826
General Petite,Dresses,Dresses,5,1,1095
General,Tops,Blouses,5,1,829
General Petite,Bottoms,Pants,5,1,1059
General,Tops,Knits,5,1,875
Initmates,Intimate,Swim,5,1,334
General Petite,Dresses,Dresses,5,1,1095
General Petite,Dresses,Dresses,5,1,1095
General Petite,Dresses,Dresses,2,0,1095
General,Tops,Knits,4,1,875
General,Tops,Knits,4,1,875
General Petite,Tops,Blouses,2,0,829
General,Tops,Knits,4,1,875
General,Tops,Knits,5,1,875
General,Tops,Knits,4,1,875
General Petite,Dresses,Dresses,5,1,1095
General,Tops,Knits,5,1,875
General,Bottoms,Pants,5,1,1059
General,Tops,Knits,5,1,875
General,Tops,Knits,4,1,875
General,Tops,Knits,5,1,875
General Petite,Dresses,Dresses,4,1,1095
General Petite,Dresses,Dresses,3,1,1095
General,Tops,Knits,5,1,875
General Petite,Dresses,Dresses,4,1,1095
General,Tops,Knits,5,1,875
General Petite,Dresses,Dresses,4,1,1095
General Petite,Dresses,Dresses,5,1,1095
General Petite,Jackets,Jackets,4,1,977
General,Tops,Knits,5,1,875
General Petite,Dresses,Dresses,3,1,1095
General Petite,Dresses,Dresses,4,1,1095
General,Tops,Blouses,5,1,829
General,Tops,Knits,4,1,875
General,Tops,Knits,5,1,875
General Petite,Dresses,Dresses,2,1,1095
General Petite,Jackets,Jackets,5,1,977
General,Bottoms,Pants,2,0,1059
General Petite,Dresses,Dresses,3,1,1095
General,Tops,Knits,5,1,868
General,Tops,Knits,2,0,875
General,Bottoms,Pants,5,1,1059
General Petite,Dresses,Dresses,5,1,1095
General Petite,Dresses,Dresses,3,1,1095
General,Tops,Knits,5,1,875
General Petite,Dresses,Dresses,5,1,1095
General Petite,Tops,Blouses,5,1,826
General,Tops,Knits,4,1,875
General,Tops,Blouses,4,1,828
General Petite,Dresses,Dresses,5,1,1095
General Petite,Dresses,Dresses,4,1,1095
General Petite,Bottoms,Pants,3,0,1059
General Petite,Dresses,Dresses,5,1,1095
General,Tops,Blouses,3,1,829
General Petite,Tops,Knits,5,1,873
General,Tops,Knits,5,1,863
General,Bottoms,Jeans,2,0,1035
General,Dresses,Dresses,4,1,1078
General,Tops,Knits,4,1,863
General,Tops,Knits,3,0,863
General,Dresses,Dresses,5,1,1078
General Petite,Tops,Blouses,3,0,824
General,Dresses,Dresses,1,0,1078
General,Tops,Knits,5,1,863
General Petite,Dresses,Dresses,4,1,1086
General Petite,Tops,Blouses,5,1,824
General,Jackets,Outerwear,4,1,1133
General,Dresses,Dresses,5,1,1078
General,Dresses,Dresses,4,1,1078
General,Tops,Knits,4,1,863
General,Dresses,Dresses,1,0,1078
General,Tops,Knits,5,1,863
General Petite,Tops,Blouses,5,1,824
General Petite,Tops,Blouses,5,1,824
General Petite,Tops,Knits,3,0,873
General,Bottoms,Jeans,2,0,1035
Initmates,Intimate,Sleep,5,1,678
General,Tops,Blouses,1,0,823
General,Tops,Knits,5,1,863
General Petite,Jackets,Jackets,5,1,978
General,Tops,Knits,5,1,863
General Petite,Tops,Knits,3,0,873
General,Tops,Knits,1,0,863
General,Tops,Knits,5,1,863
Initmates,Intimate,Sleep,5,1,678
General Petite,Dresses,Dresses,5,1,1072
General,Tops,Knits,5,1,863
General,Tops,Knits,5,1,863
Initmates,Intimate,Sleep,5,1,678
General,Tops,Blouses,1,0,823
General,Tops,Knits,4,1,863
General Petite,Tops,Knits,4,1,873
General,Dresses,Dresses,3,0,1078
General,Dresses,Dresses,5,1,1078
General Petite,Tops,Knits,3,1,873
General,Dresses,Dresses,4,1,1078
General Petite,Tops,Knits,2,0,873
General,Jackets,Outerwear,4,1,1133
General Petite,Tops,Blouses,5,1,824
General Petite,Tops,Knits,5,1,873
General,Bottoms,Jeans,3,0,1035
General,Dresses,Dresses,5,1,1072
General,Tops,Blouses,2,0,844
Initmates,Intimate,Sleep,5,1,678
Initmates,Intimate,Sleep,4,1,678
General Petite,Tops,Blouses,4,1,824
General,Tops,Knits,4,1,863
General,Tops,Blouses,1,0,823
General Petite,Dresses,Dresses,5,1,1078
General Petite,Dresses,Dresses,3,0,1078
General,Bottoms,Jeans,5,1,1035
Initmates,Intimate,Sleep,5,1,678
General,Tops,Knits,5,1,863
General Petite,Tops,Blouses,4,1,824
General,Bottoms,Jeans,1,0,1035
General Petite,Tops,Fine gauge,5,1,903
General,Tops,Blouses,4,1,844
General Petite,Tops,Knits,5,1,881
General Petite,Tops,Knits,3,1,881
General,Tops,Knits,5,1,865
General Petite,Tops,Knits,5,1,881
General Petite,Tops,Knits,3,1,881
General Petite,Tops,Knits,5,1,881
General Petite,Tops,Knits,5,1,881
General,Tops,Knits,4,1,865
General Petite,Tops,Knits,5,1,881
General Petite,Tops,Fine gauge,5,1,903
General Petite,Tops,Knits,5,1,881
General Petite,Tops,Knits,2,0,881
General,Tops,Knits,3,0,865
General Petite,Tops,Blouses,5,1,818
General Petite,Tops,Knits,5,1,881
General Petite,Tops,Knits,5,1,881
General,Tops,Knits,2,0,865
General,Tops,Knits,5,1,865
General Petite,Tops,Knits,4,1,881
General,Tops,Knits,2,0,865
General Petite,Tops,Knits,5,1,881
General,Tops,Knits,5,1,865
General,Tops,Knits,2,0,865
Initmates,Intimate,Intimates,5,1,373
General,Tops,Blouses,5,1,844
General Petite,Tops,Knits,5,1,881
General,Tops,Knits,2,0,865
General,Tops,Knits,1,0,865
General,Tops,Blouses,5,1,840
General,Tops,Sweaters,4,1,927
General,Bottoms,Jeans,5,1,1022
General,Tops,Knits,5,1,854
General,Tops,Sweaters,5,1,927
General,Tops,Knits,5,1,854
General,Tops,Sweaters,4,0,927
General,Tops,Sweaters,4,1,927
General,Bottoms,Skirts,5,1,1009
General,Tops,Blouses,1,0,840
General,Tops,Sweaters,4,1,927
General Petite,Tops,Fine gauge,5,1,909
General,Tops,Sweaters,5,1,927
General,Tops,Sweaters,3,1,927
General,Tops,Sweaters,3,1,927
General,Tops,Knits,5,1,854
General,Dresses,Dresses,5,1,1103
General Petite,Bottoms,Pants,4,1,1059
General Petite,Bottoms,Pants,5,1,1059
General,Tops,Blouses,5,1,840
General,Tops,Knits,5,1,854
General,Dresses,Dresses,4,1,1103
General,Tops,Blouses,1,0,840
General,Tops,Sweaters,2,0,927
Initmates,Intimate,Swim,5,1,238
General,Tops,Sweaters,3,1,927
General,Tops,Knits,5,1,854
General,Tops,Knits,5,1,854
General,Tops,Knits,5,1,854
General,Tops,Knits,5,1,854
General Petite,Dresses,Dresses,4,1,1094
General Petite,Bottoms,Jeans,3,0,1033
General,Tops,Blouses,5,1,825
General,Tops,Knits,3,0,861
General Petite,Bottoms,Jeans,3,0,1033
General Petite,Bottoms,Jeans,5,1,1033
General Petite,Bottoms,Jeans,5,1,1033
General,Bottoms,Jeans,4,1,1035
General Petite,Dresses,Dresses,4,1,1094
General Petite,Bottoms,Jeans,5,1,1033
General Petite,Bottoms,Jeans,4,1,1033
General,Tops,Knits,5,1,866
General Petite,Bottoms,Jeans,5,1,1033
General Petite,Dresses,Dresses,5,1,1094
General,Dresses,Dresses,3,0,1099
General Petite,Bottoms,Jeans,5,1,1033
General Petite,Dresses,Dresses,1,0,1094
General Petite,Bottoms,Jeans,5,1,1033
General Petite,Dresses,Dresses,5,1,1094
General Petite,Bottoms,Jeans,5,1,1033
General Petite,Bottoms,Jeans,4,1,1033
General Petite,Dresses,Dresses,5,1,1094
General Petite,Bottoms,Jeans,5,1,1033
General Petite,Dresses,Dresses,3,0,1094
General Petite,Bottoms,Jeans,5,1,1033
General,Tops,Knits,4,1,871
General,Tops,Knits,5,1,871
General Petite,Dresses,Dresses,2,0,1094
General,Tops,Knits,3,1,871
General,Tops,Knits,3,1,861
General,Dresses,Dresses,5,1,1099
General Petite,Bottoms,Jeans,5,1,1033
General,Dresses,Dresses,2,0,1094
General,Dresses,Dresses,3,0,1094
General,Tops,Knits,2,0,871
General,Bottoms,Skirts,4,1,992
General,Bottoms,Jeans,5,1,1033
General,Tops,Knits,3,0,871
General,Bottoms,Jeans,5,1,1035
General,Bottoms,Jeans,3,1,1035
General,Tops,Knits,1,0,871
General,Tops,Fine gauge,5,1,896
General,Dresses,Dresses,5,1,1094
General,Bottoms,Jeans,4,1,1033
General,Tops,Knits,5,1,871
General,Tops,Knits,4,1,871
General,Tops,Knits,5,1,862
General,Dresses,Dresses,5,1,1094
General,Tops,Knits,5,1,862
General,Tops,Knits,5,1,871
General,Bottoms,Jeans,5,1,1033
General,Bottoms,Jeans,4,1,1035
General,Bottoms,Jeans,5,1,1033
General,Tops,Knits,5,1,871
General,Bottoms,Jeans,5,1,1033
General,Bottoms,Jeans,5,1,1033
General,Bottoms,Jeans,5,1,1035
General,Bottoms,Jeans,3,1,1033
General Petite,Tops,Fine gauge,5,1,908
General,Bottoms,Jeans,5,1,1033
General,Bottoms,Jeans,5,1,1035
General Petite,Tops,Knits,5,1,867
General,Tops,Fine gauge,5,1,895
Initmates,Intimate,Swim,5,1,404
General,Tops,Fine gauge,5,1,895
General Petite,Dresses,Dresses,3,0,1082
General,Tops,Fine gauge,5,1,895
General Petite,Dresses,Dresses,5,1,1082
General,Bottoms,Skirts,3,0,1020
General,Tops,Fine gauge,2,0,895
General,Dresses,Dresses,5,1,1078
General,Dresses,Dresses,5,1,1078
General,Dresses,Dresses,5,1,1078
General,Tops,Fine gauge,4,1,895
General,Dresses,Dresses,5,1,1078
Initmates,Intimate,Swim,4,1,404
General,Tops,Sweaters,5,1,944
Initmates,Intimate,Swim,4,1,404
General,Tops,Fine gauge,2,0,895
General,Tops,Fine gauge,5,1,895
General Petite,Tops,Knits,5,1,867
General,Tops,Fine gauge,5,1,895
General Petite,Tops,Knits,1,0,867
Initmates,Intimate,Sleep,5,1,783
General,Bottoms,Skirts,2,1,1020
General,Bottoms,Skirts,4,1,1020
General Petite,Tops,Knits,5,1,867
General,Bottoms,Skirts,3,1,1020
General Petite,Tops,Knits,5,1,867
General,Dresses,Dresses,3,0,1083
General Petite,Bottoms,Skirts,3,1,1020
General,Tops,Fine gauge,5,1,895
General Petite,Tops,Knits,2,0,867
General Petite,Tops,Knits,5,1,867
General Petite,Dresses,Dresses,5,1,1104
General Petite,Bottoms,Skirts,1,0,1020
General,Dresses,Dresses,5,1,1083
General,Tops,Fine gauge,4,1,895
Initmates,Intimate,Lounge,3,0,751
General,Tops,Fine gauge,2,0,909
General,Dresses,Dresses,4,1,1083
Initmates,Intimate,Layering,4,1,585
General,Tops,Fine gauge,5,1,895
General Petite,Tops,Knits,4,1,867
General,Dresses,Dresses,5,1,1078
General,Tops,Fine gauge,2,0,895
General,Tops,Fine gauge,4,1,895
General Petite,Bottoms,Skirts,4,1,1020
General,Tops,Fine gauge,5,1,895
General Petite,Bottoms,Skirts,5,1,1020
General Petite,Bottoms,Skirts,5,1,1020
General,Tops,Fine gauge,5,1,895
General Petite,Tops,Knits,5,1,867
General,Dresses,Dresses,4,1,1078
General Petite,Tops,Knits,5,1,867
General Petite,Bottoms,Skirts,4,1,1011
General,Tops,Fine gauge,5,1,895
General,Tops,Fine gauge,4,1,895
General,Tops,Fine gauge,4,1,895
General,Dresses,Dresses,4,1,1078
General Petite,Bottoms,Skirts,4,1,1020
General,Tops,Fine gauge,5,1,895
General,Tops,Fine gauge,5,1,895
General Petite,Bottoms,Skirts,4,1,1011
General Petite,Bottoms,Skirts,5,1,1020
General,Tops,Fine gauge,4,1,895
General Petite,Dresses,Dresses,2,0,1082
Initmates,Intimate,Swim,5,1,272
General Petite,Dresses,Dresses,5,1,1095
General,Bottoms,Pants,1,0,1058
General Petite,Dresses,Dresses,5,1,1095
General Petite,Jackets,Jackets,5,1,985
General Petite,Dresses,Dresses,3,0,1094
General Petite,Dresses,Dresses,5,1,1095
General,Tops,Knits,5,1,877
General Petite,Tops,Blouses,5,1,828
General Petite,Dresses,Dresses,5,1,1095
General Petite,Dresses,Dresses,5,1,1095
General Petite,Dresses,Dresses,4,1,1095
General,Bottoms,Pants,5,1,1059
General Petite,Dresses,Dresses,5,1,1095
General,Trend,Trend,3,1,1142
General,Bottoms,Pants,3,0,1059
General Petite,Jackets,Jackets,5,1,985
General Petite,Tops,Blouses,5,1,831
General,Tops,Knits,5,1,877
General Petite,Dresses,Dresses,4,1,1095
General,Jackets,Jackets,3,0,965
General,Tops,Blouses,1,0,840
General,Bottoms,Pants,5,1,1059
General Petite,Dresses,Dresses,5,1,1095
General,Tops,Knits,5,1,877
General Petite,Dresses,Dresses,5,1,1095
General Petite,Tops,Blouses,5,1,831
General Petite,Jackets,Jackets,4,1,985
General,Tops,Knits,5,1,877
General Petite,Dresses,Dresses,1,0,1095
General Petite,Dresses,Dresses,5,1,1095
General Petite,Dresses,Dresses,5,1,1094
General,Tops,Knits,5,1,877
General,Jackets,Jackets,4,1,965
General,Tops,Knits,4,1,877
General Petite,Jackets,Jackets,5,1,985
General,Tops,Knits,5,1,877
General,Trend,Trend,5,1,1142
General,Tops,Knits,5,1,877
General Petite,Dresses,Dresses,5,1,1094
General,Tops,Knits,3,0,877
General,Tops,Blouses,2,0,840
General,Jackets,Jackets,2,0,965
General,Bottoms,Pants,2,0,1059
General,Tops,Blouses,2,0,840
General Petite,Jackets,Jackets,4,1,985
General,Tops,Knits,5,1,877
General,Dresses,Dresses,5,1,1095
General Petite,Jackets,Jackets,3,1,985
General,Tops,Knits,5,1,877
General Petite,Jackets,Jackets,5,1,985
General,Bottoms,Skirts,5,1,1005
General,Jackets,Jackets,3,0,965
General Petite,Tops,Blouses,5,1,828
General Petite,Tops,Blouses,5,1,817
General Petite,Tops,Blouses,5,1,831
General,Dresses,Dresses,4,1,1095
General Petite,Tops,Blouses,5,1,828
General Petite,Dresses,Dresses,5,1,1094
General Petite,Dresses,Dresses,5,1,1094
General,Dresses,Dresses,5,1,1095
General Petite,Jackets,Jackets,5,1,985
General,Dresses,Dresses,5,1,1095
General,Dresses,Dresses,5,1,1094
General,Dresses,Dresses,5,1,1094
General,Tops,Knits,5,1,877
General,Tops,Knits,3,0,877
General Petite,Jackets,Jackets,5,1,985
General Petite,Tops,Blouses,4,1,817
General,Tops,Knits,5,1,877
General Petite,Tops,Blouses,5,1,817
General,Dresses,Dresses,5,1,1094
General Petite,Jackets,Jackets,5,1,985
General,Tops,Knits,5,1,877
General,Tops,Blouses,4,1,840
General,Bottoms,Pants,4,1,1058
General,Jackets,Jackets,4,1,965
General,Dresses,Dresses,3,1,1094
General,Bottoms,Pants,2,0,1059
General,Bottoms,Pants,4,1,1059
General Petite,Jackets,Jackets,4,1,985
General,Tops,Knits,5,1,877
General,Tops,Knits,4,1,877
General Petite,Tops,Blouses,5,1,817
General,Tops,Knits,4,1,877
General Petite,Jackets,Jackets,5,1,985
General,Tops,Knits,5,1,877
General,Tops,Knits,5,1,877
General,Dresses,Dresses,3,1,1094
General Petite,Tops,Blouses,4,1,831
General,Tops,Knits,3,0,877
General,Tops,Knits,3,1,877
General,Tops,Knits,5,1,877
General,Jackets,Jackets,5,1,965
General,Tops,Knits,5,1,877
General,Tops,Knits,4,1,877
General,Tops,Knits,5,1,877
General,Tops,Fine gauge,4,1,909
General,Tops,Sweaters,5,1,939
General,Tops,Fine gauge,4,1,909
General,Bottoms,Jeans,5,1,1026
General,Tops,Fine gauge,5,1,909
General,Tops,Sweaters,5,1,939
General,Dresses,Dresses,5,1,1087
General,Tops,Fine gauge,5,1,909
General,Tops,Sweaters,4,1,939
General,Tops,Fine gauge,5,1,909
General,Tops,Fine gauge,5,1,909
General,Tops,Sweaters,3,1,939
General,Tops,Fine gauge,5,1,909
General Petite,Tops,Fine gauge,5,1,895
General,Tops,Fine gauge,5,1,909
General,Tops,Sweaters,5,1,939
General,Tops,Fine gauge,5,1,909
General,Tops,Fine gauge,4,1,909
General,Tops,Sweaters,5,1,939
General,Tops,Fine gauge,2,0,909
General,Tops,Fine gauge,5,1,909
General,Tops,Sweaters,3,0,939
General,Bottoms,Jeans,5,1,1026
General,Tops,Fine gauge,5,1,909
General Petite,Jackets,Jackets,5,1,984
General,Tops,Sweaters,5,1,939
General,Tops,Fine gauge,5,1,909
General,Tops,Sweaters,5,1,939
General,Bottoms,Pants,5,1,1053
General,Tops,Knits,2,0,862
General,Bottoms,Jeans,5,1,1026
General,Tops,Fine gauge,3,1,909
General,Tops,Fine gauge,4,1,909
General,Tops,Sweaters,5,1,939
General,Bottoms,Jeans,5,1,1026
General,Tops,Sweaters,5,1,939
General Petite,Jackets,Jackets,1,0,975
General,Tops,Sweaters,5,1,939
General,Tops,Fine gauge,5,1,909
General,Tops,Fine gauge,4,1,909
General,Tops,Fine gauge,5,1,909
General,Bottoms,Jeans,5,1,1026
General,Tops,Sweaters,4,1,939
General,Tops,Sweaters,5,1,939
General,Tops,Fine gauge,5,1,909
General,Tops,Fine gauge,4,1,909
General,Tops,Fine gauge,4,1,909
General,Bottoms,Jeans,5,1,1026
General,Tops,Fine gauge,5,1,909
General,Tops,Fine gauge,4,1,909
General,Tops,Fine gauge,4,1,909
General,Tops,Fine gauge,5,1,909
General Petite,Tops,Sweaters,5,1,939
General Petite,Tops,Blouses,5,1,823
General Petite,Tops,Sweaters,4,1,939
Initmates,Intimate,Swim,5,1,462
General,Dresses,Dresses,5,1,1110
General Petite,Dresses,Dresses,5,1,1072
General Petite,Dresses,Dresses,4,1,1072
General Petite,Dresses,Dresses,5,1,1111
General Petite,Dresses,Dresses,1,0,1111
General,Dresses,Dresses,5,1,1110
Initmates,Intimate,Swim,4,1,462
General,Dresses,Dresses,5,1,1110
General,Dresses,Dresses,3,1,1110
Initmates,Intimate,Swim,5,1,462
General Petite,Dresses,Dresses,5,1,1072
General,Dresses,Dresses,5,1,1110
General,Dresses,Dresses,5,1,1110
General Petite,Dresses,Dresses,5,1,1111
General Petite,Dresses,Dresses,4,1,1111
Initmates,Intimate,Sleep,3,1,330
General Petite,Dresses,Dresses,5,1,1072
General Petite,Dresses,Dresses,5,1,1072
General Petite,Dresses,Dresses,5,1,1111
General Petite,Dresses,Dresses,5,1,1072
General Petite,Dresses,Dresses,5,1,1111
General Petite,Dresses,Dresses,5,1,1072
General,Dresses,Dresses,5,1,1080
General,Tops,Knits,3,1,861
General,Dresses,Dresses,5,1,1081
General Petite,Jackets,Jackets,4,1,974
General,Tops,Knits,4,1,861
General,Tops,Knits,4,1,861
General,Dresses,Dresses,5,1,1081
General Petite,Tops,Knits,3,0,867
General Petite,Tops,Knits,3,1,867
General,Tops,Knits,3,1,861
General,Dresses,Dresses,5,1,1080
General,Tops,Knits,5,1,861
General,Tops,Knits,5,1,861
General,Tops,Knits,4,1,877
General,Tops,Knits,5,1,861
General,Tops,Knits,4,1,861
General Petite,Jackets,Jackets,5,1,974
General,Tops,Sweaters,3,0,937
General,Tops,Knits,4,1,861
General Petite,Jackets,Jackets,5,1,974
General Petite,Tops,Blouses,3,0,831
General Petite,Tops,Blouses,5,1,831
General,Tops,Knits,4,1,867
General,Tops,Knits,5,1,861
General,Tops,Knits,5,1,877
General,Dresses,Dresses,4,1,1081
General,Dresses,Dresses,4,1,1080
General,Tops,Knits,5,1,861
General,Tops,Knits,4,1,861
General,Tops,Knits,4,1,871
General Petite,Tops,Blouses,4,1,831
General,Tops,Knits,2,0,861
General,Tops,Knits,4,1,861
General Petite,Jackets,Jackets,5,1,974
Initmates,Intimate,Swim,3,0,730
General Petite,Jackets,Jackets,4,1,974
General,Tops,Knits,3,0,867
General Petite,Jackets,Jackets,5,1,974
General,Tops,Knits,3,0,861
General,Tops,Knits,5,1,861
General,Tops,Knits,3,1,861
General,Tops,Knits,4,1,861
General,Tops,Knits,5,1,861
General,Tops,Knits,5,1,861
General,Dresses,Dresses,4,1,1081
General,Tops,Knits,5,1,861
General,Tops,Sweaters,2,0,937
General,Dresses,Dresses,4,1,1081
General,Tops,Knits,5,1,877
General Petite,Dresses,Dresses,5,1,1083
General,Tops,Knits,5,1,877
General,Dresses,Dresses,5,1,1081
General Petite,Dresses,Dresses,5,1,1083
General,Tops,Knits,5,1,861
General Petite,Jackets,Jackets,2,0,974
General,Dresses,Dresses,3,0,1081
General,Tops,Knits,4,1,861
General,Tops,Knits,4,1,861
General,Tops,Knits,4,1,861
General,Dresses,Dresses,3,1,1081
General,Tops,Knits,5,1,861
General,Tops,Knits,1,1,861
General,Tops,Knits,5,1,861
General,Dresses,Dresses,5,1,1080
General,Tops,Knits,5,1,861
General,Tops,Knits,5,1,861
General,Dresses,Dresses,5,1,1081
General Petite,Tops,Blouses,5,1,831
General,Tops,Knits,5,1,861
General Petite,Jackets,Jackets,2,0,974
General,Tops,Knits,4,1,861
General,Dresses,Dresses,5,1,1080
General,Tops,Sweaters,3,0,937
General,Dresses,Dresses,5,1,1081
General,Dresses,Dresses,5,1,1081
General,Tops,Knits,4,1,861
General,Dresses,Dresses,4,1,1081
General,Tops,Knits,2,0,861
General,Dresses,Dresses,2,0,1080
General Petite,Tops,Blouses,4,1,831
General,Tops,Knits,5,1,861
General,Tops,Knits,4,1,861
General,Bottoms,Jeans,5,1,1025
General,Tops,Knits,5,1,877
General,Tops,Knits,3,0,861
General Petite,Jackets,Jackets,4,1,974
General Petite,Tops,Blouses,5,1,831
General,Dresses,Dresses,4,1,1080
General,Tops,Knits,5,1,861
General Petite,Jackets,Jackets,5,1,974
General Petite,Dresses,Dresses,5,1,1083
General,Tops,Knits,5,1,867
General,Dresses,Dresses,5,1,1080
General,Dresses,Dresses,5,1,1080
General,Tops,Knits,5,1,861
General,Tops,Knits,5,1,861
General Petite,Jackets,Jackets,5,1,974
General,Tops,Knits,1,0,861
General,Tops,Sweaters,4,1,937
General,Tops,Knits,5,1,861
General Petite,Bottoms,Pants,5,1,1059
General,Tops,Knits,5,1,861
General Petite,Jackets,Jackets,3,1,974
Initmates,Intimate,Legwear,5,1,155
General,Bottoms,Shorts,5,1,705
Initmates,Intimate,Legwear,4,1,155
General,Dresses,Dresses,3,1,1089
General,Dresses,Dresses,5,1,1081
Initmates,Intimate,Legwear,5,1,155
Initmates,Intimate,Legwear,5,1,155
General,Dresses,Dresses,5,1,1081
Initmates,Intimate,Legwear,5,1,155
General,Bottoms,Shorts,4,1,705
General Petite,Tops,Sweaters,3,0,940
Initmates,Intimate,Legwear,3,1,155
Initmates,Intimate,Legwear,5,1,155
General Petite,Tops,Sweaters,1,0,940
Initmates,Intimate,Legwear,5,1,155
Initmates,Intimate,Legwear,4,1,155
General Petite,Tops,Sweaters,5,1,940
General,Dresses,Dresses,3,1,1089
Initmates,Intimate,Legwear,5,1,155
General,Bottoms,Shorts,5,1,705
General,Bottoms,Shorts,5,1,705
Initmates,Intimate,Legwear,4,1,155
Initmates,Intimate,Legwear,3,1,155
Initmates,Intimate,Legwear,1,0,155
Initmates,Intimate,Intimates,5,1,35
General Petite,Dresses,Dresses,4,1,1099
General,Dresses,Dresses,4,1,1078
General,Tops,Sweaters,5,1,944
General Petite,Dresses,Dresses,5,1,1099
General Petite,Dresses,Dresses,4,1,1099
General Petite,Dresses,Dresses,5,1,1099
General Petite,Dresses,Dresses,5,1,1099
General,Jackets,Outerwear,5,1,1115
General Petite,Dresses,Dresses,5,1,1099
General,Tops,Knits,5,1,878
General Petite,Dresses,Dresses,3,0,1099
General,Bottoms,Skirts,5,1,1020
General,Tops,Knits,3,1,878
General,Tops,Blouses,5,1,828
General,Tops,Blouses,5,1,828
Initmates,Intimate,Intimates,5,1,35
General,Tops,Blouses,5,1,828
General Petite,Dresses,Dresses,4,1,1099
General Petite,Dresses,Dresses,4,1,1099
General Petite,Dresses,Dresses,4,1,1099
General,Tops,Knits,5,1,878
General,Tops,Blouses,5,1,818
General Petite,Dresses,Dresses,5,1,1099
General,Tops,Blouses,4,1,818
General,Tops,Blouses,5,1,818
General,Tops,Blouses,5,1,828
General,Dresses,Dresses,2,0,1078
General,Tops,Blouses,5,1,828
Initmates,Intimate,Intimates,5,1,35
General,Tops,Blouses,3,1,828
General Petite,Dresses,Dresses,5,1,1099
General,Tops,Knits,5,1,861
General Petite,Tops,Blouses,5,1,831
General,Tops,Blouses,5,1,830
General,Tops,Knits,5,1,861
General Petite,Bottoms,Skirts,5,1,993
General Petite,Bottoms,Skirts,5,1,993
General Petite,Bottoms,Skirts,5,1,993
General,Dresses,Dresses,3,0,1078
General,Dresses,Dresses,5,1,1078
General,Tops,Blouses,4,1,831
General,Dresses,Dresses,4,1,1078
General,Dresses,Dresses,5,1,1078
General,Bottoms,Jeans,2,0,1030
General,Tops,Fine gauge,4,1,902
Initmates,Intimate,Intimates,3,0,410
General,Dresses,Dresses,3,0,1078
General Petite,Bottoms,Skirts,5,1,993
General Petite,Bottoms,Skirts,5,1,993
General,Bottoms,Skirts,5,1,1020
General,Bottoms,Skirts,5,1,1020
General,Dresses,Dresses,2,0,1078
General,Dresses,Dresses,4,1,1078
General,Dresses,Dresses,3,0,1078
General,Tops,Knits,5,1,861
Initmates,Intimate,Intimates,3,0,207
General,Dresses,Dresses,5,1,1078
General Petite,Bottoms,Skirts,1,0,993
General,Bottoms,Skirts,5,1,1020
General Petite,Dresses,Dresses,3,0,1075
General,Tops,Knits,3,1,861
General,Dresses,Dresses,3,0,1078
General,Bottoms,Skirts,5,1,1020
General,Dresses,Dresses,5,1,1078
General,Dresses,Dresses,5,1,1078
General,Dresses,Dresses,5,1,1078
General,Dresses,Dresses,3,1,1078
General,Tops,Knits,4,1,861
General,Dresses,Dresses,5,1,1078
General,Dresses,Dresses,3,0,1097
General,Dresses,Dresses,4,1,1078
General,Tops,Knits,5,1,880
General,Dresses,Dresses,5,1,1081
General,Tops,Blouses,5,1,819
General,Dresses,Dresses,5,1,1078
General,Dresses,Dresses,5,1,1087
General,Dresses,Dresses,4,1,1078
General,Tops,Knits,3,0,880
General,Tops,Blouses,5,1,819
General,Dresses,Dresses,4,1,1078
General,Tops,Knits,5,1,880
General,Tops,Knits,3,0,880
General,Tops,Knits,3,0,880
General,Tops,Blouses,4,1,819
General,Tops,Blouses,3,1,819
General,Tops,Knits,5,1,880
General,Tops,Knits,4,1,880
General,Dresses,Dresses,4,1,1078
General Petite,Dresses,Dresses,2,0,1082
General,Tops,Knits,5,1,857
General Petite,Tops,Blouses,4,1,819
General,Tops,Knits,5,1,880
General,Dresses,Dresses,4,1,1078
General,Dresses,Dresses,5,1,1097
General,Tops,Knits,5,1,868
General,Tops,Knits,4,1,868
General,Tops,Knits,4,1,880
General,Dresses,Dresses,5,1,1097
General,Tops,Knits,2,0,880
General,Tops,Knits,4,1,880
General,Tops,Knits,2,0,880
General Petite,Tops,Blouses,5,1,819
General,Tops,Knits,5,1,857
General,Tops,Knits,5,1,857
General,Dresses,Dresses,3,0,1081
General,Tops,Knits,5,1,880
General,Tops,Knits,5,1,880
General,Tops,Knits,5,1,880
General Petite,Tops,Blouses,3,0,819
General,Dresses,Dresses,4,1,1078
General,Tops,Knits,3,0,880
General,Tops,Knits,5,1,868
General,Tops,Knits,3,0,880
General Petite,Tops,Blouses,5,1,819
General,Dresses,Dresses,5,1,1078
Initmates,Intimate,Intimates,4,1,211
General,Dresses,Dresses,3,0,1078
General,Dresses,Dresses,5,1,1078
General,Tops,Knits,5,1,857
General,Tops,Knits,4,1,880
General,Dresses,Dresses,4,1,1081
General,Dresses,Dresses,4,1,1078
General,Tops,Knits,3,1,880
General,Dresses,Dresses,5,1,1078
General Petite,Jackets,Jackets,5,1,1119
General,Tops,Knits,4,1,880
General,Tops,Knits,4,1,880
General,Tops,Knits,5,1,880
General,Dresses,Dresses,5,1,1081
General,Tops,Knits,5,1,857
General,Tops,Knits,4,1,857
General,Tops,Knits,5,1,857
General,Tops,Knits,5,1,857
Initmates,Intimate,Swim,5,1,690
General,Dresses,Dresses,5,1,1081
General,Tops,Knits,3,1,857
General,Tops,Knits,5,1,868
General,Dresses,Dresses,3,0,1078
General,Dresses,Dresses,5,1,1081
General,Tops,Knits,5,1,868
General,Tops,Knits,4,1,857
General,Dresses,Dresses,5,1,1078
General,Tops,Knits,1,0,880
General,Dresses,Dresses,3,1,1087
General,Dresses,Dresses,5,1,1078
General,Tops,Knits,5,1,857
General,Dresses,Dresses,4,1,1078
General,Tops,Fine gauge,5,1,898
General,Dresses,Dresses,5,1,1087
General,Bottoms,Pants,4,1,1056
General,Tops,Fine gauge,3,1,898
General,Tops,Blouses,4,1,842
General,Bottoms,Jeans,3,1,1025
General,Tops,Fine gauge,5,1,898
General,Dresses,Dresses,2,0,1087
General,Tops,Blouses,3,0,823
General,Tops,Blouses,2,0,818
General,Bottoms,Pants,5,1,1049
General,Bottoms,Pants,5,1,1049
General,Tops,Sweaters,5,1,921
General,Tops,Blouses,3,1,818
General,Bottoms,Pants,5,1,1056
General,Dresses,Dresses,2,0,1087
General,Bottoms,Pants,3,1,1056
General,Tops,Blouses,5,1,818
General,Bottoms,Pants,5,1,1049
General,Tops,Fine gauge,2,0,898
General,Bottoms,Pants,5,1,1056
General,Bottoms,Jeans,3,0,1025
General,Tops,Sweaters,2,0,921
General Petite,Jackets,Outerwear,4,1,1126
General,Bottoms,Pants,4,1,1056
General,Dresses,Dresses,3,0,1088
General,Dresses,Dresses,3,1,1095
General,Bottoms,Pants,3,0,1056
General,Bottoms,Jeans,3,1,1025
General,Tops,Sweaters,4,1,921
General,Bottoms,Pants,4,1,1056
General,Tops,Sweaters,5,1,921
Initmates,Intimate,Lounge,4,1,796
General,Tops,Blouses,3,0,842
General,Tops,Blouses,2,1,818
General Petite,Bottoms,Jeans,5,1,1033
General Petite,Bottoms,Jeans,5,1,1033
General Petite,Bottoms,Jeans,5,1,1033
General Petite,Bottoms,Jeans,5,1,1033
General Petite,Bottoms,Jeans,5,1,1033
General Petite,Bottoms,Jeans,5,1,1033
Initmates,Intimate,Swim,5,1,392
General Petite,Bottoms,Jeans,5,1,1033
General,Bottoms,Jeans,4,1,1025
General,Tops,Fine gauge,4,1,895
General Petite,Bottoms,Jeans,5,1,1033
General,Bottoms,Jeans,5,1,1025
General Petite,Bottoms,Jeans,5,1,1033
General Petite,Dresses,Dresses,5,1,1077
General Petite,Bottoms,Jeans,5,1,1033
General Petite,Tops,Fine gauge,4,1,916
General Petite,Tops,Fine gauge,4,1,916
General,Bottoms,Jeans,4,1,1025
General Petite,Bottoms,Jeans,5,1,1033
General,Trend,Trend,5,1,1146
General Petite,Bottoms,Jeans,3,0,1033
Initmates,Intimate,Swim,5,1,392
General Petite,Dresses,Dresses,2,0,1077
General,Bottoms,Jeans,5,1,1025
General Petite,Dresses,Dresses,5,1,1077
General,Bottoms,Jeans,3,1,1025
General,Bottoms,Jeans,5,1,1025
General Petite,Dresses,Dresses,5,1,1077
Initmates,Intimate,Swim,5,1,392
General Petite,Bottoms,Jeans,5,1,1033
General,Bottoms,Jeans,5,1,1025
General Petite,Tops,Fine gauge,3,0,916
General,Bottoms,Jeans,5,1,1025
General Petite,Dresses,Dresses,5,1,1077
General Petite,Bottoms,Jeans,3,0,1033
General Petite,Bottoms,Jeans,4,1,1033
General Petite,Bottoms,Jeans,5,1,1033
General Petite,Dresses,Dresses,5,1,1077
General Petite,Bottoms,Jeans,5,1,1033
General Petite,Bottoms,Jeans,5,1,1033
General Petite,Bottoms,Jeans,5,1,1033
General Petite,Bottoms,Jeans,4,1,1033
General Petite,Tops,Fine gauge,4,1,916
General Petite,Bottoms,Jeans,5,1,1033
General Petite,Bottoms,Jeans,5,1,1033
General Petite,Bottoms,Jeans,4,1,1033
General Petite,Bottoms,Jeans,5,1,1033
General Petite,Bottoms,Jeans,5,1,1033
General Petite,Dresses,Dresses,2,0,1077
General,Bottoms,Jeans,5,1,1030
General Petite,Bottoms,Jeans,4,1,1033
General Petite,Tops,Blouses,5,1,833
General,Tops,Knits,5,1,862
General,Tops,Blouses,4,1,815
General Petite,Dresses,Dresses,4,1,1094
General Petite,Tops,Knits,4,1,862
General Petite,Tops,Knits,1,0,862
General Petite,Tops,Blouses,3,1,833
General Petite,Tops,Knits,5,1,862
General Petite,Tops,Knits,3,1,862
General Petite,Tops,Blouses,4,1,833
General Petite,Dresses,Dresses,5,1,1094
General,Bottoms,Shorts,3,0,702
General Petite,Tops,Blouses,5,1,833
General,Tops,Blouses,4,1,815
General Petite,Tops,Blouses,5,1,833
General Petite,Tops,Knits,5,1,867
General Petite,Tops,Blouses,3,0,833
General Petite,Tops,Blouses,4,1,833
General Petite,Tops,Knits,5,1,867
General Petite,Tops,Blouses,3,0,833
General Petite,Tops,Blouses,3,0,833
General Petite,Tops,Knits,4,1,867
General Petite,Dresses,Dresses,5,1,1094
General,Bottoms,Jeans,4,1,1033
General Petite,Tops,Knits,5,1,862
General,Tops,Fine gauge,4,1,917
General Petite,Tops,Knits,4,1,862
General,Tops,Blouses,5,1,815
General Petite,Tops,Knits,3,1,867
General Petite,Dresses,Dresses,5,1,1094
General,Jackets,Jackets,2,0,976
General Petite,Dresses,Dresses,5,1,1094
General Petite,Tops,Knits,5,1,862
General,Tops,Blouses,3,1,815
General,Tops,Fine gauge,4,1,917
General,Dresses,Dresses,5,1,1094
General,Tops,Knits,5,1,862
General Petite,Tops,Knits,2,0,867
General,Dresses,Dresses,3,1,1088
General,Tops,Blouses,3,1,815
General Petite,Tops,Knits,4,1,867
General Petite,Tops,Blouses,5,1,833
General,Dresses,Dresses,2,0,1094
General,Bottoms,Jeans,4,1,1025
General,Tops,Knits,4,1,862
General,Dresses,Dresses,5,1,1094
General Petite,Tops,Blouses,5,1,833
General Petite,Tops,Blouses,3,0,833
General Petite,Tops,Knits,5,1,867
General,Tops,Knits,4,1,862
General,Tops,Knits,4,1,862
General,Tops,Blouses,5,1,815
General Petite,Tops,Blouses,3,0,833
General Petite,Tops,Knits,5,1,867
General,Bottoms,Jeans,4,1,1033
General,Tops,Knits,5,1,862
General,Dresses,Dresses,5,1,1094
General,Tops,Fine gauge,5,1,917
General,Tops,Blouses,5,1,815
General,Tops,Knits,5,1,862
General Petite,Tops,Blouses,5,1,833
General,Dresses,Dresses,5,1,1094
Initmates,Intimate,Legwear,5,1,201
General,Dresses,Dresses,3,1,1094
General,Trend,Trend,4,1,1139
General Petite,Bottoms,Skirts,5,1,1004
General,Tops,Knits,5,1,873
General,Tops,Knits,4,1,873
General Petite,Dresses,Dresses,5,1,1110
General,Tops,Knits,5,1,873
General,Tops,Fine gauge,4,1,895
General Petite,Dresses,Dresses,5,1,1110
General,Tops,Knits,3,0,873
General Petite,Tops,Blouses,5,1,850
General,Tops,Knits,5,1,873
General,Tops,Knits,5,1,873
General,Tops,Knits,3,0,873
General Petite,Tops,Blouses,4,1,850
General,Tops,Knits,5,1,873
General,Tops,Knits,5,1,873
General,Tops,Blouses,4,1,839
General,Tops,Knits,5,1,873
General Petite,Bottoms,Skirts,5,1,1004
General,Tops,Fine gauge,5,1,895
General Petite,Tops,Blouses,5,1,850
General Petite,Tops,Blouses,5,1,850
General Petite,Dresses,Dresses,5,1,1110
General,Tops,Blouses,5,1,839
General Petite,Dresses,Dresses,5,1,1110
General Petite,Bottoms,Skirts,5,1,1004
General,Tops,Knits,5,1,873
General,Tops,Knits,4,1,873
General Petite,Tops,Blouses,1,0,850
General,Tops,Knits,5,1,873
General Petite,Bottoms,Skirts,4,1,1004
General,Tops,Knits,5,1,873
General,Tops,Blouses,5,1,839
General Petite,Bottoms,Skirts,4,1,1004
General Petite,Tops,Blouses,5,1,850
General,Tops,Knits,3,0,873
General,Tops,Knits,4,1,873
General Petite,Bottoms,Skirts,3,1,1004
General,Tops,Knits,5,1,873
General,Tops,Knits,5,1,873
General,Tops,Blouses,5,1,839
General,Tops,Blouses,5,1,839
General Petite,Dresses,Dresses,3,1,1110
General Petite,Tops,Blouses,5,1,850
General,Dresses,Dresses,4,0,1086
General,Tops,Knits,5,1,873
General,Tops,Blouses,5,1,839
General,Tops,Blouses,5,1,839
General,Tops,Knits,5,1,873
General,Tops,Knits,5,1,873
General Petite,Dresses,Dresses,5,1,1110
General Petite,Tops,Blouses,4,1,850
General,Tops,Knits,4,1,873
General,Tops,Knits,4,1,873
General Petite,Tops,Blouses,5,1,850
General,Tops,Knits,5,1,873
General Petite,Tops,Fine gauge,5,1,895
General,Tops,Blouses,5,1,839
General,Tops,Knits,4,1,873
General Petite,Dresses,Dresses,4,1,1101
General,Tops,Blouses,5,1,839
General,Tops,Knits,4,1,873
General,Tops,Knits,5,1,873
General,Tops,Blouses,4,1,839
General,Tops,Knits,4,1,873
General,Tops,Blouses,5,1,839
General Petite,Dresses,Dresses,5,1,1101
General,Tops,Knits,5,1,873
General,Tops,Knits,3,1,873
General,Dresses,Dresses,5,1,1086
General,Tops,Knits,2,0,873
General,Tops,Knits,5,1,873
General,Tops,Knits,3,1,873
Initmates,Intimate,Swim,5,1,525
General,Tops,Knits,5,1,873
General,Tops,Knits,5,1,873
General,Tops,Knits,5,1,873
General Petite,Dresses,Dresses,5,1,1101
General,Tops,Knits,4,1,873
General,Tops,Knits,5,1,873
General,Tops,Knits,5,1,873
General,Tops,Knits,5,1,873
General,Bottoms,Jeans,5,1,1030
General Petite,Dresses,Dresses,2,0,1101
General,Tops,Knits,5,1,873
General,Tops,Knits,4,1,873
General,Tops,Knits,5,1,873
General Petite,Tops,Blouses,3,1,850
General Petite,Tops,Blouses,5,1,850
General Petite,Bottoms,Skirts,5,1,1004
General Petite,Tops,Blouses,5,1,850
General Petite,Dresses,Dresses,5,1,1110
General,Tops,Knits,5,1,873
General,Tops,Knits,5,1,873
General,Tops,Knits,5,1,873
General Petite,Tops,Blouses,5,1,850
General,Tops,Knits,4,0,873
General,Tops,Knits,5,1,873
General,Tops,Blouses,5,1,839
General,Tops,Knits,5,1,873
General Petite,Dresses,Dresses,4,1,1110
General,Tops,Knits,5,1,873
General,Tops,Knits,5,1,873
General,Tops,Knits,5,1,873
General,Tops,Knits,5,1,873
General,Tops,Knits,3,1,873
General,Tops,Knits,5,1,873
General,Tops,Knits,1,0,873
General,Tops,Blouses,5,1,839
General Petite,Tops,Blouses,4,1,850
General,Tops,Fine gauge,4,1,895
General Petite,Tops,Blouses,5,1,850
General,Tops,Knits,5,1,873
General,Tops,Knits,4,1,873
General Petite,Dresses,Dresses,5,1,1101
General,Tops,Knits,5,1,873
General,Tops,Knits,5,1,873
General,Tops,Knits,3,0,873
General,Tops,Knits,3,1,873
General,Tops,Knits,5,1,873
General,Tops,Knits,3,1,873
General Petite,Jackets,Jackets,2,0,985
General,Dresses,Dresses,5,1,1092
General Petite,Dresses,Dresses,5,1,1110
General Petite,Jackets,Jackets,4,1,985
General,Tops,Blouses,1,0,823
General,Bottoms,Pants,5,1,1059
General Petite,Dresses,Dresses,4,1,1110
General Petite,Jackets,Jackets,5,1,985
General Petite,Dresses,Dresses,3,1,1081
General,Tops,Fine gauge,4,1,891
General,Tops,Blouses,3,0,828
General,Tops,Blouses,5,1,828
General,Tops,Blouses,5,1,828
General Petite,Dresses,Dresses,5,1,1110
General Petite,Dresses,Dresses,2,0,1110
General,Tops,Blouses,1,0,828
General Petite,Jackets,Jackets,4,1,985
General,Dresses,Dresses,5,1,1092
General Petite,Dresses,Dresses,5,1,1110
General,Tops,Blouses,5,1,828
General Petite,Dresses,Dresses,5,1,1110
General,Tops,Blouses,5,1,828
General Petite,Dresses,Dresses,5,1,1110
General,Tops,Sweaters,5,1,940
General,Dresses,Dresses,4,1,1087
General,Tops,Blouses,5,1,828
General,Tops,Blouses,5,1,828
General Petite,Dresses,Dresses,5,1,1110
General,Tops,Blouses,5,1,828
General,Dresses,Dresses,5,1,1092
General Petite,Jackets,Outerwear,5,1,1131
General,Tops,Blouses,5,1,828
General,Tops,Sweaters,4,1,940
General Petite,Jackets,Jackets,4,1,985
General Petite,Jackets,Jackets,5,1,985
General,Tops,Blouses,4,1,828
General,Tops,Blouses,5,1,828
General,Tops,Blouses,5,1,828
General,Tops,Blouses,3,1,823
General Petite,Jackets,Jackets,5,1,985
General,Bottoms,Pants,5,1,1059
General Petite,Dresses,Dresses,4,1,1110
General Petite,Dresses,Dresses,2,0,1081
General,Bottoms,Jeans,4,1,1024
General,Dresses,Dresses,2,0,1087
General,Tops,Blouses,5,1,828
General,Tops,Sweaters,5,1,5
General,Dresses,Dresses,5,1,1110
General,Dresses,Dresses,5,1,1092
General,Bottoms,Pants,5,1,1059
General Petite,Tops,Sweaters,4,1,940
General,Tops,Blouses,4,1,828
General,Dresses,Dresses,2,0,1110
General,Tops,Blouses,1,0,828
General Petite,Dresses,Dresses,3,1,1081
General Petite,Dresses,Dresses,4,0,1081
General Petite,Dresses,Dresses,5,1,1081
General Petite,Bottoms,Jeans,5,1,1033
General,Dresses,Dresses,4,1,1080
General,Tops,Knits,2,0,860
General Petite,Dresses,Dresses,3,0,1081
General Petite,Dresses,Dresses,5,1,1081
General Petite,Tops,Knits,5,1,862
General Petite,Dresses,Dresses,3,0,1081
General Petite,Dresses,Dresses,4,1,1081
General Petite,Tops,Knits,5,1,862
General Petite,Dresses,Dresses,5,1,1081
General,Tops,Knits,5,1,860
General,Trend,Trend,3,1,1145
General Petite,Jackets,Jackets,4,1,984
General,Dresses,Dresses,5,1,1084
General Petite,Tops,Knits,5,1,862
General Petite,Tops,Knits,5,1,862
General,Dresses,Dresses,4,1,1084
General Petite,Bottoms,Jeans,5,1,1033
General,Dresses,Dresses,2,0,1110
General Petite,Dresses,Dresses,4,1,1081
General Petite,Tops,Knits,5,1,862
General Petite,Tops,Knits,5,1,862
General Petite,Tops,Fine gauge,3,1,900
General Petite,Tops,Knits,5,1,862
General Petite,Jackets,Jackets,5,1,984
General,Trend,Trend,4,1,1145
General,Trend,Trend,3,1,1145
General,Tops,Knits,4,1,868
General Petite,Tops,Knits,5,1,862
General,Tops,Knits,3,1,860
General,Dresses,Dresses,5,1,1084
General,Dresses,Dresses,2,0,1080
General,Tops,Knits,2,0,868
General Petite,Tops,Knits,5,1,862
General Petite,Tops,Knits,5,1,862
General Petite,Dresses,Dresses,4,1,1081
General Petite,Tops,Knits,5,1,862
General Petite,Bottoms,Jeans,5,1,1033
General Petite,Dresses,Dresses,4,1,1081
General,Tops,Knits,5,1,862
General,Tops,Knits,5,1,862
General Petite,Bottoms,Jeans,4,1,1033
General,Tops,Knits,5,1,868
General Petite,Dresses,Dresses,3,1,1081
General Petite,Dresses,Dresses,5,1,1081
General Petite,Dresses,Dresses,4,1,1081
General Petite,Dresses,Dresses,4,1,1081
General Petite,Dresses,Dresses,5,1,1081
General Petite,Tops,Fine gauge,4,1,900
General Petite,Dresses,Dresses,4,1,1081
General Petite,Tops,Knits,5,1,862
General Petite,Jackets,Jackets,5,1,984
General,Tops,Blouses,5,1,850
Initmates,Intimate,Layering,4,1,609
General,Tops,Blouses,5,1,850
General,Tops,Knits,5,1,873
General,Tops,Blouses,5,1,850
General,Tops,Knits,4,1,880
General,Tops,Knits,4,1,873
General,Tops,Knits,5,1,873
General,Tops,Blouses,5,1,850
General,Tops,Knits,5,1,873
General,Tops,Knits,4,1,880
General,Tops,Blouses,5,1,850
General,Tops,Knits,5,1,880
General,Tops,Knits,4,1,880
General,Tops,Blouses,5,1,850
General,Tops,Knits,5,1,880
General,Bottoms,Shorts,3,0,494
Initmates,Intimate,Lounge,5,1,138
General,Tops,Knits,4,1,873
General,Bottoms,Shorts,5,1,494
General Petite,Tops,Knits,4,1,881
General Petite,Tops,Knits,5,1,881
General,Tops,Knits,4,1,864
General,Tops,Knits,4,1,864
Initmates,Intimate,Layering,5,1,609
General,Tops,Knits,5,1,864
General,Tops,Blouses,5,1,850
General,Tops,Blouses,5,1,850
General,Tops,Knits,3,0,880
General,Tops,Blouses,5,1,850
General,Tops,Blouses,5,1,829
General,Tops,Blouses,4,1,829
General,Tops,Blouses,5,1,829
General Petite,Dresses,Dresses,4,1,1081
General,Tops,Blouses,3,1,829
General,Tops,Blouses,4,1,829
General Petite,Tops,Knits,2,0,872
General Petite,Dresses,Dresses,5,1,1081
General,Tops,Blouses,1,0,829
General Petite,Tops,Sweaters,5,1,927
General Petite,Dresses,Dresses,5,1,1202
General Petite,Tops,Knits,2,0,872
General Petite,Dresses,Dresses,4,1,1081
General Petite,Dresses,Dresses,5,1,1081
General Petite,Dresses,Dresses,3,1,1202
General Petite,Bottoms,Pants,3,0,1056
General Petite,Tops,Sweaters,5,1,927
General Petite,Tops,Sweaters,3,0,927
Initmates,Intimate,Lounge,5,1,360
General Petite,Bottoms,Pants,4,1,1056
General Petite,Dresses,Dresses,5,1,1202
General Petite,Dresses,Dresses,4,1,1202
General,Tops,Blouses,1,1,829
General Petite,Dresses,Dresses,3,1,1202
General,Tops,Blouses,5,1,829
General,Tops,Blouses,5,1,836
General,Tops,Blouses,5,1,829
General Petite,Bottoms,Jeans,4,1,1033
General,Tops,Blouses,5,1,829
General,Tops,Blouses,5,1,829
General,Tops,Knits,5,1,862
General,Tops,Blouses,5,1,829
Initmates,Intimate,Lounge,5,1,360
General,Tops,Blouses,5,1,829
General,Bottoms,Pants,4,1,1056
General Petite,Bottoms,Jeans,5,1,1033
General,Bottoms,Pants,4,1,1056
General,Tops,Blouses,5,1,836
General,Tops,Knits,3,0,862
General,Tops,Blouses,5,1,829
General,Dresses,Dresses,5,1,1081
General,Tops,Blouses,2,0,829
General,Dresses,Dresses,5,1,1081
General,Bottoms,Jeans,5,1,1033
General,Tops,Blouses,5,1,829
General Petite,Tops,Sweaters,5,1,927
General,Tops,Sweaters,3,1,943
General,Tops,Knits,3,0,862
General,Tops,Knits,4,1,862
General,Tops,Blouses,5,1,829
General Petite,Dresses,Dresses,4,1,1202
Initmates,Intimate,Lounge,3,1,360
General,Bottoms,Jeans,4,1,1033
General,Dresses,Dresses,5,1,1081
General,Dresses,Dresses,5,1,1081
General,Tops,Blouses,5,1,836
General,Dresses,Dresses,5,1,1081
General Petite,Dresses,Dresses,5,1,1202
General,Tops,Blouses,5,1,829
General,Dresses,Dresses,3,0,1081
General Petite,Dresses,Dresses,5,1,1202
General,Tops,Blouses,4,1,836
General,Bottoms,Jeans,3,0,1033
General Petite,Dresses,Dresses,5,1,1202
General,Bottoms,Pants,5,1,1056
General Petite,Tops,Knits,5,1,872
General,Tops,Blouses,5,1,829
General,Tops,Blouses,5,1,836
General,Tops,Blouses,4,1,836
General,Tops,Blouses,5,1,829
General,Bottoms,Pants,5,1,1056
General,Tops,Blouses,3,0,829
Initmates,Intimate,Lounge,5,1,360
General Petite,Tops,Sweaters,5,1,927
General,Tops,Blouses,5,1,829
General,Dresses,Dresses,5,1,1081
General,Tops,Fine gauge,2,0,902
General Petite,Tops,Knits,5,1,881
General Petite,Jackets,Jackets,5,1,1119
General,Tops,Knits,4,1,866
General,Tops,Knits,4,1,866
General,Tops,Fine gauge,5,1,902
General Petite,Tops,Knits,5,1,854
General,Dresses,Dresses,5,1,1110
General,Tops,Fine gauge,4,1,902
General,Tops,Knits,4,1,866
General Petite,Tops,Knits,4,1,854
General,Dresses,Dresses,4,1,1072
General,Jackets,Jackets,3,1,964
General,Dresses,Dresses,5,1,1075
General,Dresses,Dresses,5,1,1111
General,Dresses,Dresses,4,1,1110
General,Tops,Fine gauge,2,0,902
General,Tops,Fine gauge,5,1,902
General,Tops,Fine gauge,3,0,902
General,Trend,Trend,5,1,593
General,Dresses,Dresses,4,1,1110
General,Jackets,Jackets,5,1,964
General,Tops,Knits,5,1,866
General,Dresses,Dresses,4,1,1111
General,Dresses,Dresses,2,0,1111
General,Dresses,Dresses,3,1,1110
General,Dresses,Dresses,2,0,1110
General,Tops,Knits,5,1,866
General,Tops,Blouses,1,0,841
General,Jackets,Jackets,5,1,964
General,Tops,Knits,3,1,866
General Petite,Bottoms,Skirts,5,1,1015
General,Dresses,Dresses,5,1,1072
General,Jackets,Jackets,5,1,964
General,Dresses,Dresses,5,1,1072
General,Tops,Fine gauge,5,1,902
General,Dresses,Dresses,3,1,1072
General,Dresses,Dresses,5,1,1111
General,Tops,Knits,4,1,854
General,Jackets,Jackets,5,1,964
General,Jackets,Jackets,5,1,964
General,Tops,Knits,1,0,866
General,Tops,Fine gauge,1,0,902
General,Trend,Trend,3,0,593
General,Dresses,Dresses,3,1,1110
General,Tops,Knits,2,0,854
General Petite,Tops,Knits,3,0,872
General Petite,Tops,Sweaters,3,0,938
General,Tops,Sweaters,5,1,937
General Petite,Tops,Sweaters,5,1,938
General Petite,Bottoms,Skirts,5,1,993
General,Tops,Blouses,5,1,831
General Petite,Tops,Sweaters,5,1,938
General Petite,Tops,Sweaters,4,1,938
General Petite,Tops,Knits,4,1,872
General Petite,Tops,Sweaters,5,1,938
General Petite,Tops,Sweaters,4,1,938
General,Tops,Blouses,5,1,831
General Petite,Tops,Sweaters,4,1,938
General Petite,Tops,Knits,4,1,872
General,Bottoms,Pants,1,0,1059
General Petite,Tops,Knits,2,0,872
Initmates,Intimate,Intimates,5,1,385
General,Bottoms,Jeans,5,1,1024
General Petite,Tops,Sweaters,5,1,938
General Petite,Tops,Sweaters,4,1,938
General Petite,Tops,Knits,4,1,872
Initmates,Intimate,Intimates,3,0,385
General Petite,Jackets,Jackets,4,1,985
General Petite,Bottoms,Skirts,5,1,993
Initmates,Intimate,Legwear,5,1,77
General,Dresses,Dresses,2,0,1092
General,Jackets,Jackets,5,1,984
General Petite,Tops,Sweaters,5,1,938
General Petite,Tops,Knits,5,1,872
General Petite,Bottoms,Skirts,5,1,993
General Petite,Tops,Knits,4,1,872
General,Tops,Sweaters,5,1,937
General,Tops,Sweaters,5,1,937
General,Tops,Knits,5,1,871
General Petite,Tops,Sweaters,5,1,938
General Petite,Tops,Sweaters,5,1,938
General Petite,Tops,Sweaters,1,0,938
General,Jackets,Jackets,5,1,984
General Petite,Tops,Knits,3,1,872
General,Bottoms,Pants,5,1,1059
General Petite,Tops,Knits,3,0,872
General,Bottoms,Pants,5,1,1059
Initmates,Intimate,Swim,2,0,246
General,Jackets,Jackets,5,1,984
General,Bottoms,Pants,5,1,1059
General,Bottoms,Pants,5,1,1059
General Petite,Tops,Sweaters,4,1,938
General Petite,Tops,Sweaters,5,1,938
General Petite,Bottoms,Skirts,5,1,993
General,Bottoms,Pants,4,1,1059
General Petite,Tops,Sweaters,4,1,938
General,Bottoms,Pants,5,1,1059
General,Bottoms,Pants,5,1,1059
General,Tops,Blouses,5,1,832
General Petite,Bottoms,Skirts,5,1,1003
General,Dresses,Dresses,4,1,1082
General,Dresses,Dresses,5,1,1082
General,Dresses,Dresses,4,1,1082
General,Dresses,Dresses,4,1,1082
General,Tops,Knits,5,1,862
General,Trend,Trend,4,1,1144
General,Dresses,Dresses,5,1,1082
General,Dresses,Dresses,4,1,1082
General,Dresses,Dresses,5,1,1082
General,Dresses,Dresses,2,0,1082
General,Tops,Blouses,4,1,832
General,Bottoms,Shorts,3,1,676
General Petite,Bottoms,Skirts,5,1,1003
General,Dresses,Dresses,5,1,1082
General,Dresses,Dresses,5,1,1082
General,Trend,Trend,5,1,1144
General,Dresses,Dresses,5,1,1082
General,Bottoms,Jeans,3,0,1038
General,Bottoms,Jeans,4,1,1036
General,Dresses,Dresses,2,0,1082
General,Dresses,Dresses,4,1,1082
General,Dresses,Dresses,5,1,1082
General,Dresses,Dresses,5,1,1082
General,Bottoms,Jeans,5,1,1038
General,Dresses,Dresses,4,1,1082
General,Bottoms,Shorts,3,1,676
General,Dresses,Dresses,5,1,1082
General,Dresses,Dresses,3,1,1082
General,Bottoms,Shorts,5,1,676
General,Dresses,Dresses,5,1,1082
General,Dresses,Dresses,5,1,1082
General,Bottoms,Shorts,5,1,676
General,Tops,Knits,4,1,862
General,Dresses,Dresses,5,1,1082
General,Bottoms,Shorts,4,1,676
General,Tops,Blouses,5,1,832
General,Dresses,Dresses,3,1,1082
General,Dresses,Dresses,5,1,1082
General,Bottoms,Jeans,5,1,1038
General,Bottoms,Shorts,5,1,676
General Petite,Tops,Fine gauge,5,1,895
General,Bottoms,Skirts,5,1,1000
General Petite,Tops,Fine gauge,5,1,903
General,Dresses,Dresses,5,1,1087
General Petite,Bottoms,Skirts,4,1,1016
General Petite,Dresses,Dresses,5,1,1086
Initmates,Intimate,Layering,4,1,295
General,Bottoms,Skirts,4,1,1021
General Petite,Tops,Fine gauge,5,1,903
General Petite,Tops,Fine gauge,5,1,903
General Petite,Dresses,Dresses,5,1,1084
General Petite,Tops,Fine gauge,5,1,895
General Petite,Jackets,Jackets,1,0,973
General Petite,Dresses,Dresses,5,1,1086
General Petite,Bottoms,Skirts,5,1,1016
General,Bottoms,Skirts,4,1,1021
General Petite,Tops,Fine gauge,5,1,903
General Petite,Tops,Fine gauge,5,1,895
General Petite,Bottoms,Skirts,2,0,1016
General Petite,Tops,Fine gauge,4,1,895
Initmates,Intimate,Layering,3,1,295
General Petite,Tops,Fine gauge,5,1,903
General Petite,Dresses,Dresses,2,0,1080
General Petite,Dresses,Dresses,5,1,1084
General,Jackets,Jackets,5,1,964
General Petite,Bottoms,Skirts,4,1,1003
General Petite,Dresses,Dresses,5,1,1080
General,Tops,Blouses,1,0,831
General Petite,Tops,Fine gauge,5,1,895
Initmates,Intimate,Lounge,5,1,216
General,Jackets,Jackets,5,1,964
General Petite,Dresses,Dresses,5,1,1072
General Petite,Dresses,Dresses,3,1,1080
General Petite,Dresses,Dresses,5,1,1086
Initmates,Intimate,Layering,1,0,295
General,Tops,Fine gauge,5,1,895
General,Tops,Blouses,2,0,831
General Petite,Dresses,Dresses,5,1,1084
General Petite,Dresses,Dresses,5,1,1080
General,Tops,Blouses,5,1,831
General Petite,Dresses,Dresses,4,1,1072
General,Tops,Blouses,5,1,831
General Petite,Bottoms,Skirts,5,1,1003
General Petite,Tops,Fine gauge,5,1,895
General Petite,Tops,Fine gauge,3,0,903
General Petite,Tops,Fine gauge,4,1,895
General,Tops,Blouses,5,1,831
Initmates,Intimate,Layering,2,1,295
Initmates,Intimate,Sleep,4,1,170
Initmates,Intimate,Sleep,4,1,170
General,Tops,Fine gauge,4,1,907
General,Tops,Knits,3,0,854
General Petite,Tops,Knits,5,1,862
Initmates,Intimate,Sleep,2,0,150
General,Tops,Fine gauge,2,0,907
General Petite,Tops,Knits,4,1,1184
Initmates,Intimate,Sleep,1,0,170
General Petite,Tops,Knits,5,1,1184
General Petite,Tops,Knits,5,1,862
General,Tops,Fine gauge,5,1,907
Initmates,Intimate,Sleep,4,1,170
Initmates,Intimate,Sleep,4,1,170
General,Tops,Knits,5,1,854
Initmates,Intimate,Sleep,5,1,150
General Petite,Tops,Knits,4,1,862
General Petite,Tops,Knits,4,1,862
General Petite,Tops,Knits,3,1,862
Initmates,Intimate,Sleep,5,1,150
General,Tops,Fine gauge,5,1,907
General Petite,Tops,Knits,4,1,862
General Petite,Tops,Knits,4,1,862
Initmates,Intimate,Sleep,3,1,150
Initmates,Intimate,Sleep,5,1,150
General,Bottoms,Skirts,5,1,1020
General,Tops,Knits,5,1,877
General,Dresses,Dresses,5,1,1095
General,Bottoms,Skirts,5,1,1020
General,Bottoms,Jeans,4,1,1033
General Petite,Tops,Fine gauge,5,1,903
General,Dresses,Dresses,5,1,1095
General,Dresses,Dresses,3,1,1095
General Petite,Tops,Fine gauge,5,1,903
General,Bottoms,Skirts,5,1,1020
General,Bottoms,Skirts,5,1,1020
General,Dresses,Dresses,3,1,1095
General,Dresses,Dresses,5,1,1095
General,Dresses,Dresses,5,1,1095
General,Dresses,Dresses,5,1,1095
General,Dresses,Dresses,4,1,1095
General,Bottoms,Jeans,4,1,1033
General,Dresses,Dresses,5,1,1095
General Petite,Bottoms,Jeans,4,1,1025
General Petite,Tops,Fine gauge,5,1,903
General,Tops,Knits,3,1,877
General,Bottoms,Skirts,5,1,1020
General Petite,Tops,Fine gauge,4,1,903
General,Dresses,Dresses,4,1,1095
General,Bottoms,Jeans,4,1,1033
General,Bottoms,Jeans,4,1,1033
General Petite,Tops,Fine gauge,5,1,903
General,Bottoms,Skirts,5,1,1020
General,Bottoms,Skirts,2,0,1020
General,Dresses,Dresses,5,1,1095
General Petite,Tops,Fine gauge,5,1,903
General,Bottoms,Jeans,4,1,1033
General Petite,Tops,Fine gauge,1,0,903
General,Bottoms,Skirts,5,1,1020
General,Bottoms,Jeans,2,0,1033
General Petite,Tops,Fine gauge,3,1,903
General,Dresses,Dresses,5,1,1095
General Petite,Tops,Fine gauge,5,1,903
General,Bottoms,Jeans,3,0,1033
General,Bottoms,Skirts,5,1,1020
General,Tops,Knits,4,1,877
General,Bottoms,Skirts,4,1,1020
General,Bottoms,Skirts,5,1,1020
General,Dresses,Dresses,5,1,1095
General Petite,Dresses,Dresses,3,1,1091
General,Bottoms,Jeans,5,1,1036
General,Dresses,Dresses,5,1,1095
General,Bottoms,Skirts,4,1,1020
General,Dresses,Dresses,5,0,1095
General,Bottoms,Skirts,4,1,1020
General Petite,Tops,Fine gauge,2,0,903
General,Dresses,Dresses,4,1,1095
General,Dresses,Dresses,5,1,1095
General,Bottoms,Skirts,5,1,1020
General,Bottoms,Jeans,5,1,1033
General Petite,Tops,Fine gauge,2,0,903
General Petite,Dresses,Dresses,5,1,1091
General,Dresses,Dresses,5,1,1095
General,Bottoms,Jeans,5,1,1030
General,Dresses,Dresses,4,1,1095
General,Bottoms,Skirts,5,1,1020
General,Bottoms,Skirts,5,1,1020
General,Bottoms,Jeans,3,0,1033
General,Dresses,Dresses,5,1,1095
General Petite,Tops,Fine gauge,5,1,903
General,Bottoms,Skirts,5,1,1020
General,Bottoms,Jeans,5,1,1033
General Petite,Tops,Fine gauge,4,1,903
General,Bottoms,Skirts,5,1,1020
General,Bottoms,Jeans,3,0,1033
General,Bottoms,Skirts,3,1,1020
General,Bottoms,Skirts,5,1,1020
General,Bottoms,Skirts,5,1,1020
General,Bottoms,Skirts,5,1,1020
General Petite,Dresses,Dresses,4,1,1078
Initmates,Intimate,Lounge,5,1,336
General Petite,Tops,Fine gauge,3,0,895
General,Tops,Blouses,4,1,818
General Petite,Dresses,Dresses,5,1,1078
Initmates,Intimate,Sleep,4,1,124
General,Tops,Blouses,3,0,818
General Petite,Tops,Fine gauge,4,1,895
General Petite,Tops,Blouses,5,1,828
General Petite,Dresses,Dresses,5,1,1078
Initmates,Intimate,Sleep,5,1,124
General Petite,Dresses,Dresses,5,1,1078
General Petite,Dresses,Dresses,2,0,1078
General Petite,Dresses,Dresses,4,1,1078
General Petite,Dresses,Dresses,4,1,1078
General Petite,Dresses,Dresses,4,1,1078
General Petite,Dresses,Dresses,5,1,1078
Initmates,Intimate,Sleep,5,1,124
Initmates,Intimate,Lounge,5,1,336
Initmates,Intimate,Sleep,3,0,124
General Petite,Dresses,Dresses,4,1,1078
General,Tops,Knits,5,1,864
General Petite,Dresses,Dresses,2,0,1078
Initmates,Intimate,Sleep,5,1,124
General Petite,Dresses,Dresses,4,1,1078
General,Tops,Sweaters,5,1,933
General Petite,Dresses,Dresses,4,1,1078
General Petite,Dresses,Dresses,2,0,1078
General,Tops,Blouses,5,1,818
General Petite,Dresses,Dresses,5,1,1078
General Petite,Tops,Blouses,5,1,828
General,Dresses,Dresses,4,1,1078
General,Tops,Blouses,5,1,830
Initmates,Intimate,Lounge,5,1,336
General,Tops,Sweaters,2,0,933
General,Dresses,Dresses,5,1,1078
General,Dresses,Dresses,5,1,1078
General,Dresses,Dresses,4,1,1078
General,Tops,Blouses,3,0,818
General Petite,Tops,Fine gauge,5,1,895
General,Dresses,Dresses,5,1,1078
General Petite,Tops,Blouses,1,0,828
General Petite,Tops,Fine gauge,2,0,895
General,Dresses,Dresses,5,1,1078
General Petite,Tops,Knits,5,1,864
General,Dresses,Dresses,4,1,1078
General Petite,Tops,Fine gauge,5,1,895
Initmates,Intimate,Lounge,5,1,336
General,Bottoms,Jeans,4,1,1031
General Petite,Tops,Blouses,5,1,828
General,Tops,Blouses,4,1,836
General,Tops,Blouses,5,1,836
General,Dresses,Dresses,4,1,1098
General,Dresses,Dresses,5,1,1098
General,Tops,Knits,5,1,863
General Petite,Jackets,Jackets,5,1,975
General Petite,Bottoms,Skirts,5,1,993
Initmates,Intimate,Swim,5,1,292
General,Tops,Knits,5,1,863
General,Tops,Knits,5,1,863
General,Tops,Knits,3,1,863
General Petite,Jackets,Jackets,5,1,975
General,Tops,Fine gauge,4,1,907
General Petite,Intimate,Lounge,5,1,294
General,Dresses,Dresses,5,1,1085
General,Tops,Blouses,5,1,830
General Petite,Intimate,Lounge,3,1,294
General,Tops,Knits,5,1,863
General,Tops,Knits,5,1,863
General Petite,Jackets,Jackets,3,0,975
General Petite,Jackets,Jackets,5,1,975
General,Tops,Knits,5,1,863
General,Tops,Blouses,4,1,836
General,Dresses,Dresses,2,0,1083
General Petite,Jackets,Jackets,5,1,975
General Petite,Jackets,Jackets,5,1,975
General Petite,Tops,Knits,5,1,863
General Petite,Jackets,Jackets,4,1,975
General Petite,Tops,Knits,5,1,863
General,Tops,Fine gauge,5,1,907
General Petite,Tops,Knits,4,1,863
General,Tops,Blouses,5,1,830
General Petite,Jackets,Jackets,5,1,975
General Petite,Tops,Knits,5,1,863
General Petite,Tops,Knits,5,1,863
General,Trend,Trend,1,0,552
General Petite,Jackets,Jackets,5,1,975
General Petite,Jackets,Jackets,5,1,975
General Petite,Intimate,Lounge,5,1,294
General Petite,Tops,Knits,5,1,863
General Petite,Jackets,Jackets,2,0,975
General,Dresses,Dresses,1,0,1085
General,Tops,Blouses,5,1,836
General Petite,Intimate,Lounge,5,1,294
General Petite,Tops,Knits,5,1,863
General Petite,Jackets,Jackets,2,0,977
General Petite,Jackets,Jackets,5,1,975
Initmates,Intimate,Swim,5,1,292
General Petite,Jackets,Jackets,5,1,975
General Petite,Tops,Fine gauge,4,1,899
General Petite,Jackets,Jackets,3,0,977
General,Tops,Fine gauge,5,1,909
General Petite,Tops,Knits,4,1,863
General Petite,Intimate,Lounge,4,1,294
General,Tops,Fine gauge,5,1,907
General Petite,Jackets,Jackets,5,1,975
General,Dresses,Dresses,4,1,1083
General,Tops,Fine gauge,3,1,907
General,Dresses,Dresses,3,1,1085
General Petite,Jackets,Jackets,5,1,975
General,Trend,Trend,3,0,552
General,Trend,Trend,5,1,552
General Petite,Jackets,Jackets,5,1,975
General Petite,Tops,Knits,4,1,863
General Petite,Tops,Knits,5,1,863
General Petite,Jackets,Jackets,5,1,975
General Petite,Tops,Knits,5,1,863
General,Tops,Blouses,5,1,830
General,Trend,Trend,5,1,552
General,Tops,Knits,5,1,863
General,Tops,Fine gauge,1,0,909
Initmates,Intimate,Swim,5,1,292
General,Tops,Knits,5,1,863
General Petite,Jackets,Jackets,5,1,975
General,Tops,Blouses,3,1,836
General Petite,Intimate,Lounge,5,1,294
General,Tops,Blouses,5,1,830
General,Dresses,Dresses,5,1,1100
General,Dresses,Dresses,5,1,1100
General,Dresses,Dresses,5,1,1100
General,Dresses,Dresses,5,1,1100
General,Tops,Knits,5,1,860
General Petite,Dresses,Dresses,5,1,1080
General,Dresses,Dresses,4,1,1100
General,Dresses,Dresses,5,1,1111
General,Dresses,Dresses,5,1,1094
General,Dresses,Dresses,3,0,1100
General,Dresses,Dresses,3,1,1094
General,Tops,Knits,2,0,865
General,Tops,Knits,1,0,865
General Petite,Bottoms,Pants,4,1,1060
General,Dresses,Dresses,5,1,1100
General,Dresses,Dresses,4,1,1111
General Petite,Dresses,Dresses,5,1,1080
General,Dresses,Dresses,4,1,1100
General Petite,Dresses,Dresses,5,1,1080
General,Dresses,Dresses,4,1,1111
General,Bottoms,Pants,5,1,1053
General,Jackets,Jackets,1,0,986
General,Tops,Knits,5,1,865
General,Tops,Blouses,4,1,844
General,Tops,Blouses,5,1,844
General Petite,Dresses,Dresses,5,1,1080
General,Dresses,Dresses,1,0,1111
General Petite,Dresses,Dresses,3,0,1080
General,Tops,Knits,5,1,868
General Petite,Dresses,Dresses,5,1,1080
Initmates,Intimate,Intimates,3,0,179
General Petite,Dresses,Dresses,5,1,1080
General Petite,Bottoms,Jeans,4,1,1033
General,Dresses,Dresses,5,1,1094
General,Tops,Knits,5,1,865
General,Dresses,Dresses,5,1,1100
Initmates,Intimate,Layering,3,0,1160
General,Dresses,Dresses,5,1,1100
General,Tops,Knits,4,1,868
General,Dresses,Dresses,5,1,1094
General Petite,Tops,Knits,5,1,878
General,Dresses,Dresses,5,1,1100
General Petite,Dresses,Dresses,5,1,1080
General,Dresses,Dresses,5,1,1111
General,Dresses,Dresses,5,1,1094
General,Dresses,Dresses,5,1,1100
General,Tops,Knits,4,1,865
General Petite,Bottoms,Jeans,4,1,1033
General,Dresses,Dresses,4,0,1100
General,Jackets,Jackets,2,0,986
General,Dresses,Dresses,4,1,1111
General,Dresses,Dresses,5,1,1111
General,Bottoms,Pants,5,1,1053
General,Tops,Blouses,4,1,844
General,Dresses,Dresses,5,1,1100
General,Dresses,Dresses,5,1,1111
General,Bottoms,Pants,3,1,1053
General,Dresses,Dresses,5,1,1100
General Petite,Bottoms,Jeans,5,1,1033
General,Dresses,Dresses,5,1,1111
General,Dresses,Dresses,2,0,1111
General,Dresses,Dresses,5,1,1094
General,Dresses,Dresses,5,1,1094
General,Bottoms,Pants,3,1,1053
General Petite,Dresses,Dresses,5,1,1080
General,Tops,Blouses,5,1,844
General,Dresses,Dresses,5,1,1111
General Petite,Dresses,Dresses,5,1,1080
General,Tops,Blouses,5,1,844
General Petite,Tops,Blouses,5,1,831
General,Dresses,Dresses,4,1,1100
General Petite,Bottoms,Jeans,5,1,1033
General Petite,Bottoms,Jeans,5,1,1033
General Petite,Tops,Knits,1,0,862
General Petite,Tops,Blouses,5,1,831
General Petite,Bottoms,Jeans,5,1,1033
General Petite,Bottoms,Jeans,5,1,1033
General,Tops,Blouses,2,0,818
General Petite,Jackets,Outerwear,5,1,1126
General Petite,Bottoms,Jeans,5,1,1033
General Petite,Bottoms,Jeans,5,1,1033
General Petite,Bottoms,Jeans,5,1,1033
General,Bottoms,Jeans,5,1,1024
General Petite,Tops,Blouses,4,1,831
General Petite,Tops,Blouses,5,1,831
General Petite,Tops,Blouses,5,1,831
General Petite,Bottoms,Jeans,5,1,1033
General Petite,Bottoms,Jeans,4,1,1033
General Petite,Bottoms,Jeans,3,1,1033
General,Bottoms,Skirts,5,1,995
General Petite,Bottoms,Jeans,4,1,1033
General,Bottoms,Jeans,5,1,1024
General Petite,Bottoms,Pants,4,1,1044
General Petite,Bottoms,Pants,5,1,1044
General,Dresses,Dresses,5,1,1072
General,Tops,Knits,4,1,877
General,Bottoms,Jeans,5,1,1030
General,Tops,Fine gauge,5,1,895
General,Bottoms,Jeans,2,0,1030
General,Dresses,Dresses,5,1,1078
General,Jackets,Jackets,4,1,967
General,Dresses,Dresses,4,1,1072
General,Jackets,Jackets,3,1,967
General,Tops,Knits,4,1,877
General,Tops,Fine gauge,5,1,895
General,Tops,Knits,5,1,877
General,Tops,Fine gauge,5,1,895
General,Tops,Knits,5,1,867
General,Tops,Knits,4,1,877
General,Bottoms,Jeans,5,1,1035
General,Tops,Knits,3,0,877
General Petite,Bottoms,Pants,4,1,1044
General,Jackets,Jackets,5,1,967
General,Bottoms,Jeans,5,1,1035
General,Bottoms,Jeans,5,1,1035
General,Tops,Knits,5,1,877
General,Tops,Fine gauge,5,1,895
General,Tops,Knits,3,0,877
General,Dresses,Dresses,4,1,1080
Initmates,Intimate,Lounge,5,1,255
General Petite,Tops,Blouses,5,1,829
General Petite,Tops,Knits,5,1,862
General Petite,Tops,Knits,4,1,862
General,Dresses,Dresses,4,1,1111
General Petite,Tops,Knits,5,1,862
General,Tops,Knits,5,1,868
Initmates,Intimate,Lounge,4,1,688
General,Tops,Knits,5,1,868
General Petite,Tops,Blouses,5,1,850
General Petite,Tops,Knits,5,1,862
General Petite,Tops,Blouses,5,1,850
General Petite,Tops,Blouses,5,1,850
General,Tops,Blouses,3,1,829
General,Dresses,Dresses,5,1,1092
General,Dresses,Dresses,4,1,1092
Initmates,Intimate,Lounge,4,1,255
General Petite,Tops,Blouses,3,0,850
General Petite,Tops,Knits,5,1,862
General Petite,Tops,Knits,5,1,862
General,Tops,Knits,3,0,868
General Petite,Tops,Knits,5,1,862
General Petite,Tops,Knits,5,1,862
Initmates,Intimate,Intimates,5,1,384
Initmates,Intimate,Lounge,4,1,255
General,Dresses,Dresses,5,1,1092
Initmates,Intimate,Sleep,4,1,313
General Petite,Tops,Knits,2,0,876
General Petite,Tops,Knits,5,1,862
General,Tops,Knits,4,1,868
General,Tops,Sweaters,3,0,934
Initmates,Intimate,Lounge,5,1,739
General,Dresses,Dresses,4,1,1080
General Petite,Tops,Knits,5,1,876
Initmates,Intimate,Lounge,4,1,739
General Petite,Tops,Knits,4,1,862
General Petite,Tops,Knits,5,1,862
General,Tops,Knits,5,1,868
General,Tops,Blouses,2,0,829
General,Tops,Knits,5,1,862
General,Tops,Knits,5,1,862
General,Tops,Knits,5,1,862
General,Tops,Knits,5,1,862
General,Tops,Knits,5,1,868
General,Tops,Knits,5,1,868
Initmates,Intimate,Lounge,4,1,688
Initmates,Intimate,Intimates,5,1,352
General,Tops,Knits,3,1,868
General Petite,Tops,Fine gauge,4,1,911
Initmates,Intimate,Lounge,4,1,739
Initmates,Intimate,Lounge,3,0,255
Initmates,Intimate,Lounge,4,1,688
General,Tops,Knits,4,1,868
Initmates,Intimate,Lounge,4,1,688
General,Tops,Knits,5,1,862
General,Dresses,Dresses,5,1,1092
General,Dresses,Dresses,3,1,1092
General,Tops,Blouses,4,1,850
General,Tops,Blouses,5,1,829
General Petite,Bottoms,Pants,5,1,1066
Initmates,Intimate,Lounge,5,1,251
General,Dresses,Dresses,5,1,1077
General,Dresses,Dresses,3,0,1077
General Petite,Tops,Blouses,5,1,839
Initmates,Intimate,Lounge,5,1,251
General,Dresses,Dresses,5,1,1077
Initmates,Intimate,Lounge,5,1,251
General,Tops,Knits,2,0,870
Initmates,Intimate,Sleep,5,1,122
General Petite,Dresses,Dresses,5,1,1094
Initmates,Intimate,Lounge,4,1,251
General Petite,Dresses,Dresses,5,1,1094
Initmates,Intimate,Sleep,5,1,122
General,Dresses,Dresses,5,1,1077
General Petite,Bottoms,Pants,2,0,1066
General Petite,Bottoms,Pants,5,1,1066
General Petite,Bottoms,Skirts,4,1,1008
General Petite,Dresses,Dresses,2,0,1094
General Petite,Bottoms,Pants,5,1,1066
Initmates,Intimate,Lounge,5,1,251
Initmates,Intimate,Lounge,2,0,251
General Petite,Dresses,Dresses,5,1,1094
General Petite,Dresses,Dresses,5,1,1094
Initmates,Intimate,Lounge,5,1,251
General,Dresses,Dresses,3,0,1077
Initmates,Intimate,Lounge,5,1,251
General,Bottoms,Shorts,5,1,191
General Petite,Dresses,Dresses,5,1,1094
General Petite,Dresses,Dresses,2,0,1094
General,Dresses,Dresses,4,1,1077
Initmates,Intimate,Lounge,3,1,251
General Petite,Dresses,Dresses,5,1,1094
General Petite,Dresses,Dresses,4,1,1094
General,Dresses,Dresses,3,1,1077
Initmates,Intimate,Lounge,5,1,251
General Petite,Bottoms,Skirts,4,1,1008
General,Dresses,Dresses,5,1,1094
Initmates,Intimate,Lounge,3,1,251
General,Bottoms,Shorts,3,0,191
Initmates,Intimate,Lounge,5,1,251
Initmates,Intimate,Lounge,5,1,251
General Petite,Tops,Blouses,5,1,829
General Petite,Tops,Knits,5,1,867
General,Tops,Knits,4,1,860
General Petite,Bottoms,Jeans,4,1,1022
Initmates,Intimate,Layering,5,1,68
General Petite,Bottoms,Jeans,4,1,1022
General Petite,Dresses,Dresses,1,0,1084
Initmates,Intimate,Sleep,3,1,511
General,Tops,Knits,4,1,860
General,Tops,Blouses,5,1,850
Initmates,Intimate,Sleep,5,1,511
General Petite,Dresses,Dresses,1,0,1084
General Petite,Bottoms,Pants,4,1,615
General,Tops,Sweaters,4,1,928
Initmates,Intimate,Lounge,5,1,662
General Petite,Tops,Knits,4,1,867
General,Tops,Blouses,5,1,829
General Petite,Dresses,Dresses,4,1,1084
Initmates,Intimate,Lounge,5,1,662
General,Tops,Knits,4,1,871
Initmates,Intimate,Lounge,5,1,662
General,Tops,Knits,2,0,871
General Petite,Tops,Knits,5,1,867
Initmates,Intimate,Lounge,5,1,662
General,Tops,Knits,5,1,857
General,Tops,Knits,4,1,860
General,Dresses,Dresses,5,1,1099
Initmates,Intimate,Sleep,5,1,511
General,Tops,Blouses,5,1,850
General Petite,Tops,Knits,2,0,867
General,Tops,Blouses,5,1,850
General Petite,Tops,Knits,5,1,867
General Petite,Tops,Knits,4,1,867
General Petite,Dresses,Dresses,1,0,1084
Initmates,Intimate,Lounge,5,1,662
General Petite,Dresses,Dresses,5,1,1089
Initmates,Intimate,Lounge,2,0,662
General,Tops,Blouses,5,1,850
General Petite,Dresses,Dresses,5,1,1089
General,Tops,Knits,5,1,860
General Petite,Tops,Knits,5,1,867
General Petite,Tops,Knits,2,0,867
General,Tops,Blouses,5,1,850
General,Tops,Blouses,5,1,829
General,Dresses,Dresses,2,0,1099
General Petite,Tops,Knits,3,1,867
General Petite,Dresses,Dresses,4,1,1084
General,Tops,Knits,1,0,860
Initmates,Intimate,Layering,5,1,68
General,Tops,Knits,5,1,860
Initmates,Intimate,Lounge,5,1,662
General,Tops,Knits,3,1,860
General Petite,Tops,Knits,2,0,867
General,Tops,Sweaters,5,1,928
General Petite,Tops,Knits,5,1,867
General,Tops,Blouses,4,1,850
General Petite,Bottoms,Jeans,5,1,1022
General Petite,Tops,Knits,4,1,867
General,Tops,Blouses,5,1,850
Initmates,Intimate,Lounge,4,1,663
Initmates,Intimate,Lounge,5,1,663
Initmates,Intimate,Lounge,4,1,663
Initmates,Intimate,Lounge,4,1,663
General,Jackets,Jackets,2,0,970
Initmates,Intimate,Lounge,2,0,663
Initmates,Intimate,Lounge,5,1,663
Initmates,Intimate,Lounge,4,0,719
General,Jackets,Jackets,3,0,970
Initmates,Intimate,Lounge,5,1,719
Initmates,Intimate,Lounge,4,1,719
Initmates,Intimate,Lounge,5,1,663
Initmates,Intimate,Lounge,5,1,663
Initmates,Intimate,Lounge,4,1,719
Initmates,Intimate,Lounge,4,1,719
Initmates,Intimate,Lounge,4,1,663
Initmates,Intimate,Lounge,4,1,719
Initmates,Intimate,Lounge,4,1,663
General Petite,Bottoms,Jeans,5,1,1022
Initmates,Intimate,Lounge,5,1,719
Initmates,Intimate,Lounge,4,1,663
Initmates,Intimate,Lounge,4,1,719
Initmates,Intimate,Lounge,5,1,719
Initmates,Intimate,Lounge,5,1,663
Initmates,Intimate,Lounge,5,1,663
Initmates,Intimate,Lounge,5,1,719
General,Dresses,Dresses,4,1,13
Initmates,Intimate,Lounge,5,1,663
Initmates,Intimate,Lounge,5,1,663
Initmates,Intimate,Lounge,4,1,663
General,Bottoms,Shorts,5,1,324
Initmates,Intimate,Lounge,4,1,719
Initmates,Intimate,Lounge,1,0,719
Initmates,Intimate,Lounge,5,1,719
General,Dresses,Dresses,5,1,1078
General Petite,Intimate,Lounge,5,1,641
General,Tops,Blouses,2,0,829
General,Dresses,Dresses,5,1,1078
General,Tops,Knits,5,1,862
General,Tops,Knits,4,1,862
General,Tops,Knits,5,1,862
General,Dresses,Dresses,5,1,1078
General,Bottoms,Jeans,5,1,1025
General Petite,Dresses,Dresses,4,1,1199
General Petite,Intimate,Lounge,2,0,641
General Petite,Tops,Fine gauge,5,1,912
General,Tops,Knits,4,1,862
General Petite,Intimate,Lounge,4,1,641
General,Dresses,Dresses,5,1,1078
General,Tops,Knits,5,1,862
General Petite,Dresses,Dresses,3,1,1094
General Petite,Intimate,Lounge,3,1,641
General,Tops,Sweaters,5,1,932
General Petite,Dresses,Dresses,5,1,1094
General Petite,Intimate,Lounge,5,1,641
General,Dresses,Dresses,4,1,1078
General Petite,Intimate,Lounge,5,1,641
General,Tops,Knits,5,1,862
General,Bottoms,Jeans,4,1,1022
General Petite,Intimate,Lounge,4,1,641
General,Tops,Sweaters,2,0,926
General Petite,Intimate,Lounge,1,0,641
General Petite,Tops,Knits,5,1,871
General,Tops,Knits,2,0,862
General,Dresses,Dresses,5,1,1078
General,Tops,Knits,5,1,862
General,Bottoms,Jeans,5,1,1022
General,Dresses,Dresses,5,1,1078
General Petite,Dresses,Dresses,3,1,1094
General,Dresses,Dresses,5,1,1078
General Petite,Dresses,Dresses,4,1,1094
General,Dresses,Dresses,3,0,1078
General,Tops,Knits,5,1,862
General,Tops,Knits,4,1,862
General,Bottoms,Jeans,1,0,1022
General,Bottoms,Jeans,4,1,1022
General,Dresses,Dresses,5,1,1078
General Petite,Intimate,Lounge,4,1,641
General,Tops,Sweaters,5,1,932
General,Tops,Knits,4,1,862
General,Dresses,Dresses,5,1,1094
General Petite,Intimate,Lounge,4,1,641
General,Dresses,Dresses,5,1,1094
General,Tops,Knits,5,1,862
General,Tops,Sweaters,4,1,932
General,Dresses,Dresses,4,1,1094
General Petite,Tops,Blouses,5,1,829
General,Tops,Blouses,5,1,831
General,Dresses,Dresses,5,1,1078
Initmates,Intimate,Sleep,4,1,379
General,Tops,Knits,4,1,862
General,Dresses,Dresses,5,1,1078
General,Dresses,Dresses,5,1,1078
General,Dresses,Dresses,4,0,1078
General,Dresses,Dresses,5,1,1094
General,Bottoms,Jeans,2,0,1025
General,Dresses,Dresses,5,1,1094
Initmates,Intimate,Lounge,5,1,366
General,Bottoms,Jeans,5,1,1022
General,Tops,Blouses,4,1,829
General Petite,Dresses,Dresses,4,1,1078
General,Tops,Knits,5,1,862
General,Bottoms,Jeans,5,1,1022
General,Tops,Knits,3,1,862
General Petite,Dresses,Dresses,5,1,1078
General,Dresses,Dresses,5,1,1094
General Petite,Dresses,Dresses,5,1,1078
General,Tops,Knits,5,1,862
General Petite,Dresses,Dresses,4,1,1078
General,Tops,Knits,5,1,857
General,Tops,Knits,5,1,862
General Petite,Bottoms,Jeans,5,1,1035
General Petite,Dresses,Dresses,5,1,1081
General Petite,Dresses,Dresses,5,1,1081
General Petite,Jackets,Outerwear,4,0,1117
General,Tops,Knits,5,1,862
Initmates,Intimate,Intimates,5,1,645
General Petite,Jackets,Jackets,4,1,984
General,Tops,Knits,4,1,862
General Petite,Bottoms,Jeans,5,1,1035
General Petite,Bottoms,Jeans,5,1,1035
General Petite,Jackets,Jackets,5,1,984
General,Tops,Knits,5,1,868
General,Tops,Knits,5,1,862
General Petite,Jackets,Jackets,5,1,984
General Petite,Dresses,Dresses,5,1,1081
General Petite,Dresses,Dresses,4,1,1081
General Petite,Dresses,Dresses,5,1,1081
General,Tops,Knits,5,1,868
General Petite,Jackets,Outerwear,4,1,1117
General Petite,Tops,Knits,3,0,862
General,Bottoms,Pants,3,1,1051
General,Tops,Blouses,2,0,850
General Petite,Tops,Knits,5,1,862
General,Tops,Sweaters,4,1,941
General Petite,Jackets,Outerwear,5,1,1117
General Petite,Dresses,Dresses,5,1,1081
General,Bottoms,Jeans,5,1,1030
General Petite,Dresses,Dresses,5,1,1081
General Petite,Tops,Knits,5,1,862
Initmates,Intimate,Intimates,5,1,645
General,Bottoms,Jeans,5,1,1025
Initmates,Intimate,Intimates,5,1,645
General,Tops,Knits,4,1,868
General Petite,Tops,Knits,4,1,862
General,Tops,Knits,1,0,870
General Petite,Dresses,Dresses,5,1,1081
General,Bottoms,Jeans,4,1,1025
General Petite,Dresses,Dresses,5,1,1081
General Petite,Jackets,Jackets,5,1,984
General Petite,Dresses,Dresses,5,1,1081
General Petite,Bottoms,Jeans,3,1,1035
General Petite,Dresses,Dresses,5,1,1081
General,Tops,Sweaters,2,0,941
General Petite,Bottoms,Jeans,5,1,1035
General Petite,Bottoms,Jeans,5,1,1035
General Petite,Tops,Knits,1,0,862
General Petite,Dresses,Dresses,5,1,1081
Initmates,Intimate,Lounge,3,0,114
General Petite,Jackets,Jackets,4,1,984
General Petite,Dresses,Dresses,4,0,1095
General Petite,Jackets,Jackets,5,1,984
General,Bottoms,Pants,4,1,1041
General,Tops,Sweaters,5,1,941
General Petite,Jackets,Jackets,5,1,984
General,Tops,Sweaters,5,1,941
General Petite,Dresses,Dresses,4,1,1081
General Petite,Intimate,Lounge,5,1,340
General Petite,Dresses,Dresses,5,1,1081
General,Bottoms,Pants,4,1,1041
General Petite,Tops,Knits,5,1,862
General Petite,Jackets,Jackets,5,1,984
General Petite,Jackets,Jackets,5,1,984
General,Tops,Knits,5,1,863
General,Bottoms,Skirts,5,1,1005
General,Bottoms,Skirts,3,0,1005
General,Tops,Fine gauge,5,1,891
General,Bottoms,Skirts,5,1,1005
General,Bottoms,Jeans,3,0,1023
General,Tops,Fine gauge,4,1,891
General,Bottoms,Skirts,5,1,1005
General,Bottoms,Skirts,5,1,1005
General,Dresses,Dresses,2,0,1092
General Petite,Jackets,Outerwear,5,1,1130
General,Dresses,Dresses,5,1,1092
General,Tops,Knits,5,1,860
General,Tops,Knits,5,1,868
General,Tops,Knits,5,1,869
General,Dresses,Dresses,2,0,1092
General,Tops,Knits,4,1,868
General,Dresses,Dresses,3,0,1092
General Petite,Dresses,Dresses,5,1,1100
General Petite,Tops,Fine gauge,3,0,903
General,Dresses,Dresses,4,1,1092
General,Dresses,Dresses,5,1,1092
General Petite,Dresses,Dresses,5,1,1100
General,Dresses,Dresses,4,1,1092
General,Dresses,Dresses,5,1,1092
General,Tops,Knits,5,1,860
General,Tops,Knits,3,0,863
General,Tops,Knits,5,1,863
General Petite,Tops,Fine gauge,2,0,903
General Petite,Dresses,Dresses,4,1,1099
General,Dresses,Dresses,3,1,1092
General,Bottoms,Jeans,4,1,1025
General Petite,Tops,Fine gauge,4,1,903
General Petite,Dresses,Dresses,2,0,1098
General,Tops,Knits,5,1,868
General Petite,Tops,Fine gauge,3,0,903
General,Dresses,Dresses,3,0,1092
General,Dresses,Dresses,2,0,1092
General,Tops,Blouses,4,1,825
General,Tops,Blouses,4,1,825
General,Tops,Knits,5,1,860
Initmates,Intimate,Intimates,4,1,800
General Petite,Dresses,Dresses,4,1,1099
General Petite,Tops,Fine gauge,5,1,903
General,Tops,Knits,5,1,860
General Petite,Dresses,Dresses,4,1,1098
General,Dresses,Dresses,5,1,1092
General Petite,Dresses,Dresses,2,0,1098
General,Tops,Knits,5,1,860
General,Tops,Knits,5,1,868
General,Tops,Knits,5,1,868
General,Tops,Knits,5,1,869
General Petite,Tops,Fine gauge,5,1,903
General Petite,Tops,Blouses,1,0,824
General,Tops,Knits,5,1,860
General Petite,Tops,Blouses,4,1,825
General Petite,Jackets,Jackets,5,1,985
General Petite,Tops,Fine gauge,3,1,903
General,Tops,Knits,2,1,863
General,Tops,Knits,5,1,860
General,Tops,Knits,3,0,868
General,Tops,Sweaters,5,1,927
General Petite,Tops,Fine gauge,5,1,903
General,Dresses,Dresses,4,1,1092
General Petite,Tops,Fine gauge,5,1,903
Initmates,Intimate,Intimates,4,1,800
General,Tops,Knits,5,1,860
General Petite,Tops,Fine gauge,3,1,903
General,Dresses,Dresses,5,1,1092
General,Dresses,Dresses,5,1,1092
General,Dresses,Dresses,2,0,1099
General,Dresses,Dresses,4,1,1092
General Petite,Tops,Fine gauge,3,0,903
General,Dresses,Dresses,5,1,1099
General Petite,Dresses,Dresses,5,1,1098
General Petite,Dresses,Dresses,4,1,1083
General,Tops,Knits,4,1,869
General,Dresses,Dresses,3,1,1092
General Petite,Dresses,Dresses,3,0,1083
General Petite,Tops,Fine gauge,5,1,903
General,Tops,Knits,5,1,860
General,Dresses,Dresses,3,1,1092
General,Tops,Knits,5,1,868
General Petite,Dresses,Dresses,5,1,1083
General,Dresses,Dresses,4,1,1092
General,Dresses,Dresses,4,1,1098
General,Tops,Knits,3,1,869
General Petite,Tops,Fine gauge,5,1,903
General,Dresses,Dresses,1,0,1092
General Petite,Tops,Fine gauge,5,1,903
General,Bottoms,Shorts,4,1,409
General Petite,Tops,Fine gauge,4,1,903
General,Dresses,Dresses,3,0,1092
General,Tops,Knits,5,1,877
Initmates,Intimate,Legwear,3,0,183
General Petite,Tops,Fine gauge,5,1,918
General,Tops,Knits,5,1,877
General,Tops,Knits,5,1,877
General,Tops,Knits,4,1,868
General,Tops,Knits,4,1,877
General Petite,Tops,Fine gauge,5,1,906
General,Tops,Knits,5,1,877
General Petite,Tops,Fine gauge,4,1,906
General,Tops,Knits,5,1,877
General,Bottoms,Pants,3,0,1050
General Petite,Bottoms,Jeans,5,1,1028
General,Tops,Knits,5,1,877
Initmates,Intimate,Legwear,5,1,183
General,Tops,Knits,3,1,868
General Petite,Dresses,Dresses,4,1,1082
General Petite,Bottoms,Jeans,5,1,1028
Initmates,Intimate,Sleep,1,0,118
General,Tops,Blouses,5,1,834
General Petite,Dresses,Dresses,2,0,1082
General,Tops,Knits,5,1,877
General,Tops,Knits,5,1,868
General,Tops,Knits,5,1,877
Initmates,Intimate,Legwear,1,0,183
General Petite,Tops,Fine gauge,5,1,918
General,Dresses,Dresses,5,1,1078
General,Dresses,Dresses,5,1,1078
General Petite,Dresses,Dresses,5,1,1082
General,Dresses,Dresses,4,1,1078
General Petite,Tops,Fine gauge,4,1,906
Initmates,Intimate,Legwear,2,0,183
General,Dresses,Dresses,5,1,1078
General,Tops,Knits,4,1,868
General,Dresses,Dresses,5,1,1078
General,Tops,Knits,5,1,862
General,Dresses,Dresses,5,1,1078
General Petite,Tops,Knits,5,1,867
General,Dresses,Dresses,4,1,1080
General,Dresses,Dresses,4,1,1078
General Petite,Tops,Knits,5,1,867
General Petite,Tops,Knits,5,1,867
General,Tops,Knits,5,1,862
General Petite,Bottoms,Jeans,3,0,1035
General Petite,Bottoms,Jeans,5,1,1035
General Petite,Tops,Knits,5,1,867
General,Tops,Knits,5,1,862
General,Tops,Knits,5,1,862
General,Dresses,Dresses,5,1,1080
General,Tops,Knits,5,1,862
General,Tops,Knits,5,1,862
General,Dresses,Dresses,5,1,1078
General,Tops,Knits,5,1,862
General,Tops,Knits,5,1,862
General,Tops,Knits,5,1,862
General,Tops,Knits,5,1,862
General Petite,Tops,Knits,5,1,867
General,Bottoms,Jeans,5,1,1025
General Petite,Dresses,Dresses,3,0,1110
General,Tops,Knits,5,1,862
Initmates,Intimate,Swim,3,1,1177
General,Tops,Knits,3,0,860
General,Tops,Knits,4,1,862
General,Tops,Knits,5,1,862
General,Dresses,Dresses,2,0,1080
General,Dresses,Dresses,5,1,1080
General,Dresses,Dresses,3,1,1078
General,Dresses,Dresses,5,1,1080
General,Tops,Knits,5,1,861
General,Bottoms,Jeans,5,1,1022
General,Tops,Knits,4,1,862
General,Tops,Knits,5,1,862
General,Tops,Knits,5,1,862
General,Dresses,Dresses,1,0,1078
General,Dresses,Dresses,3,0,1080
General,Tops,Knits,4,1,862
General,Dresses,Dresses,5,1,1080
General,Tops,Knits,5,1,862
General,Dresses,Dresses,5,1,1080
General,Tops,Knits,4,1,862
General,Tops,Knits,1,0,861
General,Bottoms,Jeans,3,0,1022
General,Tops,Knits,5,1,862
General Petite,Tops,Knits,5,1,867
Initmates,Intimate,Swim,5,1,1177
General,Tops,Knits,4,1,862
General,Dresses,Dresses,5,1,1078
General,Tops,Knits,5,1,862
General Petite,Dresses,Dresses,5,1,1110
General,Tops,Knits,4,1,862
General,Dresses,Dresses,4,1,1080
General Petite,Dresses,Dresses,5,1,1110
General,Tops,Knits,5,1,862
Initmates,Intimate,Legwear,4,1,151
Initmates,Intimate,Lounge,3,0,766
General,Tops,Knits,5,1,860
General,Tops,Knits,5,1,860
General,Bottoms,Jeans,5,1,1027
General,Tops,Knits,4,1,874
General Petite,Dresses,Dresses,5,1,1077
General Petite,Dresses,Dresses,5,1,1077
General,Tops,Sweaters,5,1,927
General Petite,Dresses,Dresses,5,1,1077
General Petite,Dresses,Dresses,4,1,1077
General,Tops,Sweaters,3,0,945
General Petite,Dresses,Dresses,5,1,1077
General Petite,Dresses,Dresses,5,1,1077
General Petite,Dresses,Dresses,3,1,1077
General Petite,Dresses,Dresses,5,1,1099
General Petite,Dresses,Dresses,5,1,1077
General,Bottoms,Jeans,3,0,1030
General Petite,Dresses,Dresses,5,1,1099
General Petite,Bottoms,Jeans,5,1,1035
General,Tops,Knits,5,1,863
General Petite,Dresses,Dresses,5,1,1077
General,Tops,Sweaters,4,1,927
General,Tops,Sweaters,5,1,927
General,Tops,Sweaters,4,1,927
General,Bottoms,Jeans,2,1,1030
General,Tops,Knits,5,1,874
General,Tops,Knits,4,1,874
General,Dresses,Dresses,5,1,1094
General Petite,Dresses,Dresses,4,1,1077
General Petite,Dresses,Dresses,2,0,1077
General Petite,Dresses,Dresses,5,1,1077
General Petite,Dresses,Dresses,5,1,1099
General Petite,Dresses,Dresses,5,1,1095
General Petite,Dresses,Dresses,5,1,1099
General Petite,Dresses,Dresses,5,1,1077
General Petite,Dresses,Dresses,5,1,1077
General Petite,Dresses,Dresses,5,1,1077
General Petite,Dresses,Dresses,5,1,1077
General Petite,Tops,Blouses,5,1,820
General,Tops,Knits,5,1,878
General Petite,Dresses,Dresses,4,1,1100
Initmates,Intimate,Lounge,5,1,715
General,Jackets,Jackets,2,0,965
General,Dresses,Dresses,5,1,1086
General Petite,Bottoms,Jeans,4,1,1022
Initmates,Intimate,Lounge,5,1,715
General,Dresses,Dresses,5,1,1086
General Petite,Tops,Blouses,5,1,820
General Petite,Tops,Blouses,5,1,820
General Petite,Tops,Blouses,4,1,820
General,Dresses,Dresses,2,0,1086
General,Tops,Fine gauge,3,0,894
General Petite,Tops,Blouses,5,1,820
General,Dresses,Dresses,4,1,1086
General Petite,Tops,Blouses,2,0,820
Initmates,Intimate,Lounge,5,1,715
General Petite,Tops,Blouses,3,1,820
General Petite,Tops,Blouses,5,1,820
General Petite,Dresses,Dresses,3,0,1100
General,Dresses,Dresses,2,0,1086
General,Dresses,Dresses,4,1,1086
General,Tops,Blouses,4,1,830
General,Dresses,Dresses,5,1,1086
Initmates,Intimate,Lounge,5,1,715
General Petite,Bottoms,Pants,5,1,1066
General,Dresses,Dresses,5,1,1086
Initmates,Intimate,Lounge,5,1,715
Initmates,Intimate,Lounge,5,1,715
General Petite,Tops,Blouses,4,1,820
General Petite,Dresses,Dresses,5,1,1100
General,Dresses,Dresses,5,1,1086
General Petite,Tops,Blouses,5,1,820
General,Tops,Blouses,4,1,830
General Petite,Tops,Blouses,5,1,820
General Petite,Dresses,Dresses,4,1,1100
General,Tops,Knits,5,1,878
General,Dresses,Dresses,5,1,1086
General,Dresses,Dresses,5,1,1075
General Petite,Tops,Blouses,1,0,820
General Petite,Tops,Blouses,4,1,820
General,Dresses,Dresses,2,0,1075
General Petite,Tops,Blouses,5,1,820
General Petite,Bottoms,Pants,5,1,1066
General Petite,Bottoms,Jeans,5,1,1022
General Petite,Bottoms,Jeans,5,1,1022
General,Dresses,Dresses,5,1,1086
General Petite,Dresses,Dresses,5,1,1100
General Petite,Tops,Blouses,1,0,820
General Petite,Tops,Blouses,1,0,820
Initmates,Intimate,Lounge,4,1,715
General,Dresses,Dresses,5,1,1086
General Petite,Dresses,Dresses,5,1,1100
General,Dresses,Dresses,4,1,1086
Initmates,Intimate,Lounge,5,1,715
General Petite,Tops,Blouses,4,1,820
General Petite,Dresses,Dresses,5,1,1100
General,Dresses,Dresses,5,1,1086
General,Dresses,Dresses,5,1,1086
General Petite,Jackets,Outerwear,5,1,1123
General,Dresses,Dresses,5,1,1086
General Petite,Tops,Blouses,5,1,820
General Petite,Tops,Blouses,1,0,820
General Petite,Tops,Blouses,5,1,820
General Petite,Tops,Blouses,3,0,820
General,Dresses,Dresses,5,1,1086
General,Dresses,Dresses,5,1,1086
General Petite,Dresses,Dresses,5,1,1100
Initmates,Intimate,Swim,5,1,502
General,Tops,Sweaters,5,1,948
General Petite,Tops,Blouses,5,1,820
General,Tops,Sweaters,2,0,948
General,Tops,Sweaters,2,0,948
Initmates,Intimate,Lounge,5,1,338
General,Dresses,Dresses,5,1,1076
General,Tops,Sweaters,2,0,948
General Petite,Dresses,Dresses,4,1,30
General,Dresses,Dresses,5,1,1103
Initmates,Intimate,Swim,4,1,502
General,Dresses,Dresses,5,1,1103
General,Tops,Sweaters,5,0,941
General,Jackets,Outerwear,3,0,1115
General,Dresses,Dresses,5,1,1103
General Petite,Tops,Fine gauge,2,0,907
General,Tops,Knits,5,1,862
General Petite,Tops,Fine gauge,5,1,907
Initmates,Intimate,Layering,4,1,439
General Petite,Tops,Fine gauge,5,1,907
General Petite,Tops,Fine gauge,5,1,907
General,Tops,Knits,5,1,862
General,Tops,Knits,5,1,862
Initmates,Intimate,Layering,5,1,439
General Petite,Tops,Fine gauge,5,1,907
General Petite,Tops,Fine gauge,5,1,907
General Petite,Tops,Fine gauge,5,1,907
General Petite,Tops,Fine gauge,5,1,907
General,Tops,Knits,3,1,862
General Petite,Tops,Fine gauge,5,1,907
General,Tops,Knits,5,1,862
General Petite,Tops,Fine gauge,5,1,907
Initmates,Intimate,Layering,5,1,439
General Petite,Tops,Fine gauge,5,1,907
General Petite,Tops,Fine gauge,5,1,907
General,Tops,Knits,5,1,862
General,Tops,Knits,5,1,862
General,Tops,Blouses,4,1,841
General,Tops,Knits,4,1,862
General Petite,Tops,Fine gauge,5,1,907
General Petite,Tops,Fine gauge,3,0,907
General,Tops,Blouses,2,0,841
Initmates,Intimate,Sleep,2,0,116
General,Dresses,Dresses,5,1,1075
Initmates,Intimate,Sleep,4,1,116
General,Bottoms,Skirts,5,1,1020
General,Jackets,Jackets,3,1,968
General,Tops,Blouses,5,1,836
Initmates,Intimate,Sleep,1,0,116
General,Bottoms,Skirts,5,1,1020
General Petite,Bottoms,Pants,5,1,1059
General,Jackets,Jackets,5,1,968
General,Bottoms,Skirts,4,1,1020
Initmates,Intimate,Sleep,5,1,116
General Petite,Bottoms,Pants,5,1,1059
Initmates,Intimate,Sleep,5,1,116
Initmates,Intimate,Sleep,5,1,116
General Petite,Bottoms,Pants,5,1,1059
General,Tops,Blouses,2,0,836
General,Bottoms,Skirts,5,1,1020
General,Jackets,Jackets,3,1,968
General,Tops,Blouses,3,0,836
General Petite,Bottoms,Pants,4,1,1059
General,Dresses,Dresses,3,1,1078
General,Jackets,Jackets,3,1,968
General,Jackets,Jackets,5,1,968
General,Bottoms,Skirts,4,1,1020
General,Dresses,Dresses,3,0,1075
General Petite,Bottoms,Pants,5,1,1059
General,Dresses,Dresses,3,0,1078
General Petite,Bottoms,Pants,5,1,1059
General,Bottoms,Skirts,5,1,1020
General,Bottoms,Skirts,5,1,1020
General,Dresses,Dresses,5,1,1075
Initmates,Intimate,Lounge,5,1,105
General,Bottoms,Skirts,5,1,1020
General,Tops,Blouses,5,1,836
General,Bottoms,Skirts,5,1,1020
General,Tops,Blouses,4,1,818
General,Tops,Blouses,1,0,836
General,Jackets,Jackets,5,1,968
General,Dresses,Dresses,2,0,1081
General,Tops,Sweaters,4,1,941
General,Tops,Sweaters,5,1,941
General,Bottoms,Skirts,5,1,1004
General,Tops,Blouses,4,1,825
Initmates,Intimate,Intimates,5,1,747
General,Tops,Sweaters,5,1,949
General Petite,Tops,Sweaters,4,1,941
General,Tops,Blouses,2,0,825
General Petite,Tops,Sweaters,5,1,941
General,Tops,Sweaters,4,1,949
General Petite,Tops,Sweaters,5,1,941
General Petite,Tops,Sweaters,2,0,941
General,Tops,Blouses,4,1,829
General Petite,Tops,Sweaters,5,1,941
General Petite,Tops,Sweaters,1,0,941
General,Tops,Blouses,4,1,829
General Petite,Tops,Sweaters,2,0,941
General Petite,Tops,Sweaters,4,1,941
General,Tops,Knits,4,1,863
General,Tops,Knits,4,1,869
General Petite,Bottoms,Pants,4,1,1070
General,Tops,Sweaters,5,1,949
General Petite,Tops,Sweaters,5,1,941
General Petite,Tops,Sweaters,3,0,941
General,Tops,Sweaters,5,1,949
General,Tops,Blouses,5,1,825
General,Tops,Knits,5,1,868
General,Tops,Knits,5,1,869
General,Tops,Blouses,4,1,829
General,Tops,Blouses,5,1,829
General Petite,Tops,Sweaters,3,0,941
General,Tops,Blouses,5,1,825
General Petite,Dresses,Dresses,4,1,1086
General,Tops,Sweaters,5,1,949
Initmates,Intimate,Layering,5,1,549
General,Dresses,Dresses,3,0,1081
General,Tops,Sweaters,4,1,949
General,Tops,Blouses,5,1,829
General,Tops,Blouses,5,1,825
General,Tops,Knits,5,1,869
General,Tops,Blouses,5,1,825
General Petite,Tops,Sweaters,1,0,941
General Petite,Tops,Sweaters,5,1,941
General,Tops,Sweaters,5,1,949
General,Tops,Blouses,5,1,825
General,Dresses,Dresses,4,1,1081
General,Tops,Blouses,5,1,829
General Petite,Dresses,Dresses,5,1,1086
General,Tops,Sweaters,5,1,949
General,Tops,Blouses,5,1,825
Initmates,Intimate,Layering,2,0,549
General,Tops,Blouses,4,1,829
General,Tops,Sweaters,5,1,949
General,Tops,Blouses,2,0,829
General,Tops,Sweaters,5,1,949
General,Tops,Blouses,5,1,825
General,Tops,Blouses,5,1,829
General,Tops,Blouses,3,0,829
General,Tops,Blouses,5,1,829
General Petite,Dresses,Dresses,1,0,1081
General,Tops,Blouses,3,0,842
General,Tops,Knits,4,1,868
General Petite,Dresses,Dresses,5,1,1086
General,Tops,Blouses,3,0,816
General,Tops,Blouses,5,1,816
General,Tops,Blouses,3,0,816
General,Tops,Blouses,5,1,816
General Petite,Dresses,Dresses,5,1,1077
General,Tops,Knits,4,1,868
General,Tops,Knits,1,0,868
General,Tops,Blouses,5,1,815
General Petite,Intimate,Lounge,5,1,639
General,Tops,Knits,5,1,868
General,Tops,Fine gauge,4,1,917
General,Tops,Fine gauge,5,1,895
General,Tops,Knits,5,1,868
General,Tops,Knits,5,1,868
General,Tops,Fine gauge,5,1,917
General Petite,Tops,Blouses,5,1,831
General Petite,Dresses,Dresses,5,1,1098
General,Tops,Knits,3,1,872
General,Bottoms,Jeans,5,1,1033
General,Bottoms,Jeans,5,1,1033
General,Tops,Fine gauge,4,1,895
General,Tops,Knits,3,0,868
General,Tops,Knits,5,1,868
General Petite,Tops,Fine gauge,3,1,912
General,Tops,Blouses,4,1,820
General,Tops,Blouses,4,1,815
General,Tops,Blouses,5,1,815
General Petite,Tops,Knits,4,1,854
General,Tops,Blouses,3,0,820
General,Tops,Blouses,1,0,833
General,Tops,Fine gauge,5,1,917
General,Tops,Blouses,3,0,816
General,Tops,Knits,4,1,868
General Petite,Tops,Blouses,5,1,831
General,Tops,Blouses,2,0,838
General,Tops,Knits,5,1,868
General Petite,Tops,Knits,4,1,854
General Petite,Tops,Knits,3,1,854
General,Tops,Knits,2,0,868
General,Tops,Fine gauge,5,1,917
General,Tops,Blouses,5,1,833
General,Tops,Blouses,5,1,816
General Petite,Tops,Fine gauge,3,0,912
General Petite,Tops,Knits,4,1,854
General,Tops,Knits,5,1,868
General,Tops,Blouses,5,1,815
General,Tops,Blouses,5,1,815
General,Bottoms,Skirts,5,1,1001
General,Tops,Blouses,2,0,820
General,Tops,Fine gauge,5,1,895
General,Tops,Fine gauge,5,1,895
General,Tops,Blouses,1,0,838
General,Tops,Blouses,5,1,816
General,Bottoms,Jeans,5,1,1033
General,Tops,Blouses,4,1,820
General,Tops,Blouses,4,1,838
General,Tops,Knits,5,1,868
General Petite,Dresses,Dresses,5,1,1098
General,Tops,Knits,5,1,868
General Petite,Jackets,Jackets,3,1,964
Initmates,Intimate,Swim,4,1,465
General Petite,Jackets,Jackets,5,1,964
General,Tops,Blouses,5,1,820
Initmates,Intimate,Swim,5,1,1166
General,Tops,Knits,5,1,868
General Petite,Tops,Knits,3,1,854
General Petite,Tops,Blouses,5,1,831
Initmates,Intimate,Intimates,5,1,475
General,Bottoms,Skirts,5,1,1009
General Petite,Dresses,Dresses,4,1,1072
General,Bottoms,Skirts,3,0,1009
General Petite,Tops,Blouses,5,1,824
General,Bottoms,Skirts,5,1,1009
General Petite,Dresses,Dresses,4,1,1072
General Petite,Dresses,Dresses,4,1,1072
General,Bottoms,Skirts,5,1,1009
General Petite,Dresses,Dresses,4,1,1072
General Petite,Dresses,Dresses,2,0,1072
General Petite,Dresses,Dresses,4,1,1072
General,Bottoms,Skirts,5,1,1009
General,Tops,Knits,2,0,877
General Petite,Tops,Blouses,5,1,824
General,Tops,Knits,4,1,877
General Petite,Tops,Blouses,3,0,824
General,Bottoms,Skirts,4,1,1009
General,Bottoms,Shorts,3,1,405
General Petite,Tops,Blouses,5,1,824
General,Tops,Knits,4,1,877
General,Dresses,Dresses,3,1,1078
General Petite,Dresses,Dresses,1,0,1072
General,Bottoms,Skirts,5,1,1009
General,Bottoms,Skirts,2,0,1009
General,Bottoms,Skirts,5,1,1009
General,Bottoms,Skirts,5,1,1009
General,Tops,Sweaters,4,1,936
General,Tops,Knits,3,0,860
General,Bottoms,Skirts,5,1,1009
General,Tops,Sweaters,1,0,936
Initmates,Intimate,Legwear,5,1,189
General,Bottoms,Jeans,5,1,1028
General,Tops,Blouses,5,1,825
General,Tops,Knits,3,0,860
General,Tops,Knits,5,1,860
General,Tops,Sweaters,5,1,936
General,Tops,Sweaters,5,1,936
General,Bottoms,Skirts,5,1,1009
General,Bottoms,Skirts,3,1,1009
General Petite,Tops,Fine gauge,3,1,912
General,Bottoms,Skirts,5,1,1009
General,Bottoms,Skirts,5,1,1009
General,Bottoms,Skirts,5,1,1009
General,Jackets,Outerwear,5,1,1114
General,Bottoms,Skirts,5,1,993
General,Tops,Knits,3,0,860
General,Tops,Knits,4,1,867
General Petite,Tops,Fine gauge,4,1,912
General,Tops,Sweaters,4,1,936
General,Tops,Knits,2,0,867
General,Tops,Knits,3,0,867
General,Bottoms,Skirts,5,1,1009
General,Tops,Knits,5,1,867
General,Tops,Knits,2,0,860
Initmates,Intimate,Legwear,5,1,189
General,Bottoms,Skirts,5,1,993
General,Tops,Knits,3,0,881
General,Jackets,Jackets,5,1,967
General,Bottoms,Skirts,5,1,1009
General,Tops,Knits,2,0,867
General,Bottoms,Skirts,5,1,1009
General,Bottoms,Skirts,5,1,1009
General,Tops,Knits,2,0,867
General,Tops,Sweaters,4,1,936
General,Tops,Knits,5,1,867
General,Tops,Blouses,5,1,825
General,Bottoms,Skirts,5,1,1009
General,Bottoms,Skirts,5,1,1009
General,Tops,Blouses,1,0,825
General,Tops,Sweaters,5,1,936
General,Bottoms,Skirts,5,1,1009
General,Bottoms,Skirts,5,1,1009
General,Tops,Knits,5,1,867
General,Tops,Knits,5,1,860
General,Jackets,Jackets,4,1,967
General,Tops,Sweaters,5,1,936
General,Tops,Sweaters,2,0,936
General,Tops,Knits,4,1,860
General,Tops,Knits,4,1,867
General,Tops,Sweaters,4,1,936
General,Tops,Sweaters,3,0,936
General,Tops,Blouses,5,1,842
General Petite,Tops,Knits,5,1,886
General,Bottoms,Skirts,5,1,1008
General,Bottoms,Skirts,4,1,1008
General Petite,Tops,Blouses,5,1,824
General Petite,Intimate,Lounge,1,0,635
General Petite,Dresses,Dresses,5,1,1075
General Petite,Bottoms,Skirts,5,1,1008
General,Tops,Blouses,4,1,825
General,Dresses,Dresses,5,1,1094
General,Tops,Knits,2,0,872
General Petite,Tops,Blouses,5,1,824
General Petite,Tops,Blouses,4,1,824
General,Tops,Knits,2,0,855
General Petite,Tops,Blouses,4,1,824
General,Tops,Knits,1,1,872
General Petite,Tops,Blouses,5,1,824
General,Tops,Knits,5,1,859
General Petite,Tops,Knits,5,1,886
General Petite,Tops,Blouses,5,1,824
General,Tops,Knits,4,1,859
General Petite,Intimate,Lounge,3,0,635
General Petite,Tops,Blouses,3,0,824
General Petite,Tops,Blouses,3,0,824
General Petite,Tops,Blouses,5,1,824
General Petite,Intimate,Lounge,2,0,635
General Petite,Bottoms,Skirts,5,1,1008
General Petite,Intimate,Lounge,2,0,635
General Petite,Tops,Knits,5,1,886
General Petite,Tops,Blouses,5,1,824
General Petite,Intimate,Lounge,2,0,635
General Petite,Tops,Blouses,5,1,824
General Petite,Tops,Blouses,5,1,824
General,Tops,Knits,1,0,855
Initmates,Intimate,Swim,4,1,346
General,Jackets,Jackets,1,0,986
General,Bottoms,Skirts,4,1,1016
General,Jackets,Jackets,2,0,986
General Petite,Dresses,Dresses,4,1,1110
General Petite,Tops,Blouses,5,1,850
General,Jackets,Jackets,1,0,986
General,Bottoms,Skirts,3,1,1016
General,Jackets,Jackets,2,0,986
General,Jackets,Jackets,4,1,986
General,Bottoms,Skirts,3,0,1016
General,Jackets,Jackets,1,0,986
Initmates,Intimate,Intimates,4,1,88
General Petite,Dresses,Dresses,4,1,1110
General,Jackets,Jackets,3,0,986
General,Jackets,Jackets,3,1,986
General,Jackets,Jackets,1,0,986
Initmates,Intimate,Swim,4,1,516
General Petite,Tops,Knits,5,1,867
General Petite,Tops,Knits,5,1,867
General,Tops,Sweaters,5,1,928
General Petite,Tops,Knits,5,1,872
General Petite,Tops,Knits,5,1,872
General Petite,Tops,Blouses,5,1,820
General Petite,Tops,Knits,5,1,872
General Petite,Tops,Blouses,2,0,820
General Petite,Tops,Blouses,5,1,820
General Petite,Tops,Knits,5,1,867
General Petite,Tops,Knits,4,1,867
General Petite,Tops,Knits,5,1,867
General Petite,Tops,Knits,5,1,867
General,Bottoms,Pants,4,1,1059
General Petite,Tops,Knits,4,1,872
General Petite,Tops,Blouses,5,1,820
General Petite,Tops,Knits,1,0,867
General Petite,Tops,Knits,4,1,867
General,Tops,Sweaters,4,1,928
General Petite,Tops,Knits,1,0,867
General,Bottoms,Pants,5,1,1059
General Petite,Tops,Knits,5,1,872
Initmates,Intimate,Swim,4,1,516
General Petite,Tops,Knits,5,1,872
General Petite,Tops,Knits,5,1,867
General Petite,Tops,Knits,5,1,872
General,Bottoms,Pants,4,1,1059
General,Bottoms,Skirts,5,1,1003
General,Tops,Sweaters,4,1,928
General,Bottoms,Pants,5,1,1059
General,Bottoms,Skirts,3,1,1003
General,Tops,Knits,3,0,868
General Petite,Tops,Knits,5,1,867
General,Bottoms,Pants,5,1,1059
General,Tops,Sweaters,4,1,928
General Petite,Tops,Blouses,5,1,820
General Petite,Tops,Knits,3,1,872
General,Bottoms,Pants,3,0,1054
General,Bottoms,Pants,4,1,1059
General,Bottoms,Pants,5,1,1059
General Petite,Tops,Knits,1,0,867
General Petite,Tops,Knits,5,1,867
General Petite,Tops,Knits,4,1,872
General Petite,Tops,Knits,5,1,872
General,Bottoms,Pants,4,0,1059
General,Bottoms,Pants,4,1,1059
General,Dresses,Dresses,5,1,1110
Initmates,Intimate,Legwear,5,1,137
General Petite,Dresses,Dresses,5,1,1078
General Petite,Jackets,Jackets,5,1,956
General,Dresses,Dresses,5,1,1110
General,Dresses,Dresses,3,0,1082
General,Dresses,Dresses,2,0,1082
General Petite,Tops,Blouses,5,1,839
General,Dresses,Dresses,1,0,1082
General Petite,Dresses,Dresses,3,0,1078
General Petite,Dresses,Dresses,1,0,1078
General,Dresses,Dresses,4,1,1082
General Petite,Dresses,Dresses,5,1,1110
General,Dresses,Dresses,5,1,1082
General,Bottoms,Pants,5,1,1059
General,Bottoms,Pants,2,0,1053
General,Dresses,Dresses,1,0,1082
General Petite,Jackets,Jackets,5,1,956
General,Bottoms,Shorts,4,1,478
General Petite,Dresses,Dresses,5,1,1078
General Petite,Dresses,Dresses,5,1,1078
General,Bottoms,Shorts,4,1,478
General,Bottoms,Pants,4,1,1059
General Petite,Dresses,Dresses,1,0,1078
General,Bottoms,Pants,3,0,1053
General Petite,Dresses,Dresses,5,1,1110
General,Dresses,Dresses,5,1,1078
General Petite,Jackets,Jackets,1,1,956
General,Tops,Blouses,3,0,822
General Petite,Tops,Blouses,5,1,835
General,Dresses,Dresses,2,0,1078
General,Dresses,Dresses,5,1,1082
General,Bottoms,Shorts,4,1,478
General Petite,Tops,Knits,5,1,872
General,Dresses,Dresses,3,0,1078
General,Bottoms,Pants,1,0,1059
General Petite,Jackets,Jackets,5,1,965
General,Dresses,Dresses,5,1,1078
General,Dresses,Dresses,4,1,1078
General Petite,Dresses,Dresses,4,1,1110
General Petite,Tops,Blouses,5,1,835
General,Bottoms,Pants,5,1,1053
General Petite,Dresses,Dresses,5,1,1110
General,Dresses,Dresses,3,1,1078
General,Dresses,Dresses,3,1,1078
General Petite,Tops,Knits,5,1,872
General,Bottoms,Shorts,4,1,478
General,Dresses,Dresses,2,0,1082
General,Dresses,Dresses,3,0,1078
General Petite,Tops,Knits,5,1,872
General,Dresses,Dresses,5,1,1078
General,Bottoms,Pants,4,0,1059
General Petite,Tops,Blouses,4,1,835
General,Jackets,Outerwear,5,1,1118
General Petite,Dresses,Dresses,5,1,1110
General,Dresses,Dresses,4,1,1078
General,Dresses,Dresses,5,1,1078
General Petite,Dresses,Dresses,5,1,1110
General,Dresses,Dresses,5,1,1078
General,Dresses,Dresses,5,1,1078
General Petite,Dresses,Dresses,5,1,1110
General,Dresses,Dresses,1,0,1078
General,Dresses,Dresses,4,1,1078
General,Dresses,Dresses,5,1,1078
General,Tops,Knits,4,1,860
General Petite,Tops,Knits,4,1,877
General Petite,Tops,Knits,4,1,877
General,Tops,Sweaters,5,1,943
General Petite,Tops,Knits,1,0,866
General Petite,Tops,Knits,4,1,866
General Petite,Tops,Knits,5,1,866
General Petite,Tops,Knits,4,1,877
General Petite,Tops,Knits,5,1,866
General Petite,Tops,Knits,5,1,866
General Petite,Tops,Knits,5,1,877
General Petite,Tops,Knits,5,1,877
General Petite,Tops,Knits,3,0,866
General Petite,Tops,Knits,4,1,877
General Petite,Tops,Knits,5,1,877
General Petite,Tops,Knits,4,1,866
General Petite,Tops,Knits,5,1,866
General Petite,Tops,Knits,5,1,866
General Petite,Tops,Knits,5,1,866
General Petite,Tops,Knits,5,1,866
General Petite,Tops,Knits,4,1,877
General Petite,Tops,Knits,3,0,877
General Petite,Tops,Knits,4,1,866
General Petite,Tops,Knits,5,1,877
General Petite,Tops,Knits,5,1,866
General Petite,Tops,Knits,5,1,877
General Petite,Tops,Knits,5,1,877
General Petite,Tops,Knits,5,1,866
General Petite,Tops,Knits,5,1,877
General Petite,Tops,Knits,2,0,866
General Petite,Tops,Knits,4,1,877
General Petite,Tops,Knits,3,1,866
General Petite,Tops,Knits,4,1,877
General Petite,Tops,Knits,2,0,866
General Petite,Tops,Knits,5,1,877
General Petite,Tops,Knits,4,1,877
General Petite,Tops,Knits,5,1,877
General Petite,Tops,Knits,2,0,866
General Petite,Tops,Knits,3,1,866
General Petite,Tops,Knits,3,0,866
General Petite,Tops,Knits,5,1,877
General Petite,Tops,Knits,2,0,866
General Petite,Tops,Knits,2,0,866
General Petite,Tops,Knits,5,1,877
General Petite,Tops,Knits,3,0,866
General Petite,Tops,Knits,4,1,866
General Petite,Tops,Knits,4,1,877
General,Tops,Knits,3,1,881
General Petite,Tops,Knits,5,1,866
General Petite,Tops,Knits,5,1,866
General Petite,Tops,Knits,3,0,866
General Petite,Tops,Knits,5,1,866
General Petite,Tops,Knits,3,0,877
General Petite,Tops,Knits,4,1,866
General Petite,Tops,Knits,1,0,866
General Petite,Tops,Knits,2,0,866
General Petite,Tops,Knits,3,1,877
General Petite,Tops,Knits,3,0,877
General Petite,Tops,Knits,5,1,877
General,Tops,Knits,5,1,862
General Petite,Dresses,Dresses,4,1,1099
General,Tops,Knits,4,1,862
General Petite,Dresses,Dresses,5,1,1099
General Petite,Tops,Knits,5,1,877
General,Tops,Knits,5,1,862
General Petite,Tops,Sweaters,5,1,939
General Petite,Tops,Sweaters,5,1,939
General Petite,Dresses,Dresses,5,1,1099
General,Tops,Blouses,4,1,833
General Petite,Dresses,Dresses,5,1,1092
General,Tops,Blouses,5,1,833
General Petite,Tops,Sweaters,5,1,939
General,Dresses,Dresses,5,1,1104
General,Bottoms,Jeans,5,1,1025
General Petite,Dresses,Dresses,5,1,1092
General Petite,Tops,Knits,5,1,877
General,Bottoms,Skirts,2,0,1006
General Petite,Tops,Sweaters,5,1,939
General Petite,Dresses,Dresses,2,0,1099
General Petite,Tops,Knits,3,1,862
General Petite,Dresses,Dresses,4,1,1099
General Petite,Tops,Knits,4,1,862
General,Dresses,Dresses,5,1,1103
General,Bottoms,Jeans,5,1,1025
General,Tops,Knits,5,1,862
General Petite,Dresses,Dresses,5,1,1099
General,Tops,Knits,2,0,862
General,Tops,Knits,5,1,862
General,Tops,Knits,4,1,862
General,Tops,Blouses,4,1,838
General Petite,Tops,Sweaters,3,0,939
General Petite,Tops,Sweaters,3,0,939
General Petite,Dresses,Dresses,5,1,1099
General Petite,Dresses,Dresses,4,1,1092
General Petite,Tops,Sweaters,5,1,939
General Petite,Tops,Knits,4,1,877
General,Tops,Blouses,5,1,833
General Petite,Tops,Knits,5,1,877
General,Tops,Knits,3,1,862
General,Dresses,Dresses,4,1,1103
General Petite,Dresses,Dresses,5,1,1099
General Petite,Tops,Sweaters,5,1,939
General Petite,Tops,Sweaters,5,1,939
General Petite,Dresses,Dresses,3,0,1099
General Petite,Dresses,Dresses,5,1,1092
General Petite,Tops,Sweaters,5,1,939
General Petite,Tops,Sweaters,5,1,939
Initmates,Intimate,Swim,5,1,396
General Petite,Dresses,Dresses,3,1,1092
General Petite,Dresses,Dresses,5,1,1092
General Petite,Tops,Sweaters,5,1,939
General Petite,Tops,Knits,5,1,877
General Petite,Dresses,Dresses,2,0,1092
General Petite,Dresses,Dresses,4,1,1092
General Petite,Dresses,Dresses,5,1,1092
Initmates,Intimate,Swim,4,1,396
General Petite,Dresses,Dresses,5,1,1092
General Petite,Tops,Knits,5,1,877
General,Bottoms,Skirts,3,0,1006
General Petite,Tops,Sweaters,2,0,939
General,Tops,Knits,4,1,862
General Petite,Dresses,Dresses,5,1,1099
General Petite,Dresses,Dresses,5,1,1099
General,Dresses,Dresses,5,1,1103
General,Bottoms,Jeans,5,1,1022
General Petite,Dresses,Dresses,4,1,1099
General Petite,Dresses,Dresses,3,0,1092
General Petite,Tops,Sweaters,5,1,939
General,Tops,Knits,5,1,862
General,Dresses,Dresses,4,1,1104
General Petite,Dresses,Dresses,5,1,1099
General Petite,Dresses,Dresses,5,1,1092
General,Dresses,Dresses,5,1,1104
General Petite,Dresses,Dresses,5,1,1099
General Petite,Dresses,Dresses,5,1,1099
General Petite,Dresses,Dresses,5,1,1099
General,Tops,Knits,4,1,862
General,Tops,Knits,4,1,868
General Petite,Tops,Knits,5,1,877
General Petite,Tops,Knits,5,1,877
General Petite,Tops,Knits,5,1,877
General Petite,Tops,Sweaters,5,1,939
Initmates,Intimate,Swim,5,1,396
General Petite,Tops,Knits,5,1,877
General Petite,Tops,Knits,5,1,877
General Petite,Dresses,Dresses,5,1,1092
General,Bottoms,Skirts,2,0,1006
General Petite,Tops,Sweaters,4,1,939
General,Tops,Sweaters,5,1,936
General,Tops,Knits,3,1,872
General Petite,Dresses,Dresses,5,1,1078
General,Tops,Sweaters,5,1,936
General,Tops,Sweaters,2,0,936
General,Tops,Sweaters,5,1,936
General Petite,Dresses,Dresses,5,1,1078
General,Tops,Sweaters,5,1,936
General,Tops,Sweaters,5,1,936
General,Tops,Sweaters,4,1,936
General,Bottoms,Shorts,5,1,612
General,Tops,Sweaters,3,0,936
General Petite,Dresses,Dresses,5,1,1078
General,Bottoms,Skirts,4,1,998
General Petite,Dresses,Dresses,5,1,1078
General Petite,Dresses,Dresses,4,1,1078
General,Tops,Sweaters,3,0,936
General,Tops,Sweaters,5,1,936
General Petite,Dresses,Dresses,3,0,1075
General,Bottoms,Skirts,5,1,1003
General Petite,Dresses,Dresses,5,1,1078
Initmates,Intimate,Swim,2,0,406
General Petite,Dresses,Dresses,3,1,1079
General,Tops,Sweaters,5,1,936
General Petite,Dresses,Dresses,1,0,1078
General,Tops,Sweaters,5,1,936
General,Tops,Knits,5,1,872
General,Tops,Sweaters,5,1,936
General Petite,Dresses,Dresses,5,1,1075
General Petite,Dresses,Dresses,5,1,1077
General Petite,Dresses,Dresses,5,1,1078
General,Tops,Sweaters,5,1,936
General Petite,Dresses,Dresses,5,1,1078
General Petite,Dresses,Dresses,1,0,1077
General Petite,Dresses,Dresses,3,0,1078
General,Bottoms,Skirts,2,0,998
General Petite,Dresses,Dresses,5,1,1078
General,Tops,Knits,5,1,872
General,Tops,Sweaters,4,1,936
General Petite,Dresses,Dresses,4,1,1078
General,Tops,Knits,5,1,872
General Petite,Tops,Sweaters,5,1,939
General Petite,Dresses,Dresses,5,1,1078
General,Tops,Sweaters,5,1,936
General,Bottoms,Skirts,5,1,1003
General Petite,Dresses,Dresses,1,0,1078
General Petite,Dresses,Dresses,5,1,1078
General Petite,Jackets,Outerwear,4,1,1117
General,Tops,Sweaters,5,1,936
General Petite,Dresses,Dresses,5,1,1078
General,Tops,Sweaters,3,0,936
General,Tops,Sweaters,5,1,936
General,Bottoms,Skirts,5,1,1003
General,Tops,Sweaters,5,1,936
General,Tops,Sweaters,5,1,936
General,Tops,Knits,5,1,872
General,Tops,Sweaters,5,1,936
General,Tops,Sweaters,5,1,936
General,Tops,Sweaters,4,1,936
Initmates,Intimate,Swim,4,1,406
General,Tops,Knits,4,0,872
General,Bottoms,Skirts,4,1,998
General,Tops,Knits,5,1,872
General,Tops,Sweaters,5,1,936
General Petite,Dresses,Dresses,5,1,1078
General Petite,Dresses,Dresses,5,1,1078
General Petite,Dresses,Dresses,5,1,1077
General,Bottoms,Skirts,1,0,998
General,Tops,Knits,5,1,872
General,Tops,Sweaters,5,1,936
General,Tops,Sweaters,5,1,936
General,Tops,Sweaters,4,1,936
General Petite,Dresses,Dresses,3,0,1078
General,Tops,Sweaters,5,1,936
General,Dresses,Dresses,4,1,1079
Initmates,Intimate,Swim,4,1,406
General Petite,Dresses,Dresses,5,1,1078
General Petite,Dresses,Dresses,5,1,1078
Initmates,Intimate,Swim,5,1,406
General Petite,Dresses,Dresses,5,1,1078
General,Tops,Sweaters,5,1,936
General Petite,Dresses,Dresses,4,1,1077
General,Tops,Knits,5,1,864
General Petite,Dresses,Dresses,4,1,1078
General,Tops,Fine gauge,5,1,920
General,Tops,Blouses,5,1,841
General,Tops,Blouses,3,0,833
General Petite,Bottoms,Pants,5,1,472
General,Tops,Blouses,4,1,833
General,Tops,Blouses,4,1,833
General Petite,Bottoms,Pants,5,1,472
General,Tops,Knits,5,1,860
General,Tops,Fine gauge,5,1,920
General,Tops,Fine gauge,5,1,920
General,Tops,Blouses,5,1,833
General,Tops,Blouses,5,1,833
General,Tops,Knits,5,1,860
General,Tops,Blouses,4,1,833
General Petite,Bottoms,Pants,5,1,472
General,Tops,Knits,5,1,860
Initmates,Intimate,Swim,4,1,47
General,Tops,Blouses,5,1,833
General,Bottoms,Shorts,3,1,323
General,Tops,Knits,1,0,878
General,Bottoms,Skirts,5,1,1008
General,Tops,Knits,5,1,860
General,Tops,Blouses,5,1,833
General Petite,Bottoms,Pants,5,1,472
General,Tops,Sweaters,5,1,952
General,Tops,Sweaters,3,0,949
General,Tops,Blouses,4,1,833
General,Tops,Blouses,2,0,833
General,Tops,Sweaters,5,1,949
General,Tops,Blouses,4,1,833
General,Tops,Knits,5,1,860
General Petite,Bottoms,Pants,5,1,472
General Petite,Bottoms,Pants,5,1,472
General,Dresses,Dresses,3,0,1079
General,Tops,Knits,5,1,868
Initmates,Intimate,Legwear,5,1,71
General Petite,Tops,Blouses,4,1,829
General Petite,Tops,Blouses,5,1,820
General Petite,Dresses,Dresses,3,0,1081
General Petite,Dresses,Dresses,2,0,1081
General,Tops,Blouses,5,1,819
General Petite,Tops,Blouses,5,1,820
General Petite,Tops,Blouses,5,1,820
Initmates,Intimate,Lounge,5,1,790
General Petite,Dresses,Dresses,5,1,1081
General Petite,Tops,Blouses,5,1,820
General Petite,Tops,Blouses,5,1,820
General Petite,Tops,Blouses,5,1,820
General Petite,Dresses,Dresses,2,0,1081
General Petite,Tops,Blouses,4,1,820
General Petite,Dresses,Dresses,5,1,1081
General,Tops,Blouses,5,1,825
General,Bottoms,Pants,5,1,1066
General Petite,Dresses,Dresses,4,1,1081
General,Bottoms,Pants,5,1,1066
General,Bottoms,Skirts,5,1,1008
General,Tops,Blouses,4,1,831
General Petite,Dresses,Dresses,4,1,1081
General,Tops,Knits,5,1,868
General,Tops,Blouses,5,1,831
General Petite,Dresses,Dresses,5,1,1081
General,Tops,Knits,5,1,868
General Petite,Tops,Blouses,5,1,820
General,Jackets,Jackets,5,1,974
General Petite,Tops,Blouses,5,1,829
General Petite,Tops,Blouses,5,1,820
General Petite,Tops,Blouses,4,1,820
General Petite,Tops,Blouses,5,1,820
General Petite,Tops,Blouses,5,1,820
General Petite,Tops,Blouses,4,1,820
General Petite,Dresses,Dresses,5,1,1081
General Petite,Tops,Blouses,4,1,820
General Petite,Tops,Blouses,5,1,820
General,Jackets,Jackets,3,0,974
General Petite,Tops,Blouses,5,1,820
General Petite,Tops,Blouses,5,1,820
General Petite,Bottoms,Skirts,4,1,988
General Petite,Dresses,Dresses,5,1,1081
General Petite,Tops,Blouses,5,1,820
General,Bottoms,Pants,5,1,1066
General,Tops,Blouses,5,1,819
General,Bottoms,Pants,5,1,1066
General Petite,Tops,Blouses,5,1,820
General,Bottoms,Pants,5,1,1066
General Petite,Tops,Blouses,5,1,820
General Petite,Tops,Blouses,4,1,820
General Petite,Tops,Blouses,5,1,820
Initmates,Intimate,Lounge,5,1,427
General Petite,Dresses,Dresses,2,0,1086
General Petite,Jackets,Outerwear,5,1,1116
General,Bottoms,Shorts,5,1,177
General,Tops,Knits,5,1,862
General,Tops,Knits,5,1,868
General,Bottoms,Shorts,5,1,177
Initmates,Intimate,Swim,4,1,627
General Petite,Tops,Knits,5,1,867
General Petite,Tops,Knits,5,1,867
General,Dresses,Dresses,3,1,1082
General Petite,Tops,Knits,5,1,867
General,Bottoms,Skirts,5,1,1020
General Petite,Bottoms,Pants,5,1,1060
General,Tops,Blouses,3,0,823
Initmates,Intimate,Lounge,5,1,365
General Petite,Intimate,Lounge,5,1,435
General Petite,Tops,Knits,2,0,862
General,Tops,Knits,3,0,868
General,Tops,Knits,3,0,867
General,Bottoms,Shorts,5,1,177
General,Tops,Knits,5,1,868
General,Bottoms,Shorts,5,1,70
General,Tops,Knits,5,1,867
General,Tops,Blouses,4,1,823
General Petite,Bottoms,Pants,4,1,1060
General,Tops,Knits,3,1,867
General,Dresses,Dresses,5,1,1082
General Petite,Tops,Sweaters,5,1,940
General,Tops,Knits,4,1,861
General Petite,Intimate,Lounge,5,1,435
General,Bottoms,Shorts,5,1,177
General,Dresses,Dresses,5,1,17
Initmates,Intimate,Lounge,5,1,365
General Petite,Tops,Knits,3,0,867
General Petite,Tops,Fine gauge,5,1,907
General Petite,Tops,Knits,5,1,867
General Petite,Bottoms,Pants,3,1,1060
General Petite,Tops,Knits,4,1,867
General Petite,Jackets,Outerwear,5,1,1116
General Petite,Tops,Fine gauge,4,1,907
General Petite,Intimate,Lounge,4,1,435
General,Tops,Knits,4,1,862
General Petite,Jackets,Outerwear,2,0,1116
General Petite,Tops,Knits,5,1,867
General,Bottoms,Skirts,5,1,1020
General Petite,Tops,Knits,5,1,867
General,Tops,Blouses,5,1,823
General,Tops,Knits,3,0,862
General,Dresses,Dresses,5,1,1082
General Petite,Tops,Knits,5,1,867
General Petite,Bottoms,Pants,1,0,1060
General Petite,Tops,Knits,3,0,867
General Petite,Tops,Knits,5,1,861
General Petite,Tops,Fine gauge,4,1,909
General,Tops,Knits,3,0,862
General,Dresses,Dresses,4,1,1096
General Petite,Tops,Knits,5,1,867
General Petite,Tops,Knits,5,1,867
General,Tops,Blouses,5,1,823
General,Tops,Blouses,5,1,823
General Petite,Tops,Sweaters,5,1,940
General Petite,Bottoms,Pants,5,1,1060
General,Tops,Knits,2,0,862
General Petite,Tops,Knits,5,1,867
General Petite,Tops,Blouses,5,1,829
General,Tops,Blouses,5,1,823
General,Tops,Blouses,5,1,823
General Petite,Tops,Sweaters,5,1,940
General Petite,Tops,Knits,3,1,867
General Petite,Tops,Knits,5,1,867
General,Dresses,Dresses,2,0,1082
General,Tops,Knits,5,1,862
General Petite,Bottoms,Pants,5,1,1060
General Petite,Jackets,Outerwear,5,1,1116
General Petite,Jackets,Outerwear,5,1,1116
General,Bottoms,Pants,5,1,1051
General Petite,Bottoms,Pants,5,1,1060
General Petite,Tops,Knits,5,1,867
General Petite,Bottoms,Pants,4,1,1060
General,Tops,Knits,1,0,868
General Petite,Tops,Knits,5,1,867
General Petite,Bottoms,Skirts,5,1,1020
General,Tops,Blouses,4,1,823
General Petite,Jackets,Outerwear,3,1,1116
General Petite,Tops,Knits,5,1,867
Initmates,Intimate,Sleep,4,1,113
General,Dresses,Dresses,2,0,1082
General,Dresses,Dresses,5,1,1098
General,Dresses,Dresses,4,1,1082
General,Tops,Knits,2,0,862
General,Dresses,Dresses,5,1,1098
General Petite,Dresses,Dresses,3,0,1087
General Petite,Dresses,Dresses,2,0,1078
General Petite,Bottoms,Pants,5,1,1047
General Petite,Dresses,Dresses,2,0,1087
General,Tops,Fine gauge,4,0,900
General,Dresses,Dresses,5,1,1103
General Petite,Dresses,Dresses,4,1,1109
General,Dresses,Dresses,2,0,1098
General,Dresses,Dresses,4,1,1098
General,Dresses,Dresses,3,1,1103
General,Tops,Knits,4,1,868
General,Dresses,Dresses,2,0,1082
General Petite,Tops,Sweaters,5,1,940
General Petite,Tops,Sweaters,5,1,940
General,Dresses,Dresses,4,1,1098
General,Tops,Knits,2,0,868
General Petite,Bottoms,Pants,4,1,1047
General Petite,Bottoms,Pants,5,1,1047
General Petite,Bottoms,Pants,5,1,1047
General Petite,Tops,Knits,2,0,876
General Petite,Dresses,Dresses,2,0,1094
General,Dresses,Dresses,4,1,1082
General,Dresses,Dresses,5,1,1082
General Petite,Dresses,Dresses,3,0,1087
General,Tops,Knits,4,1,868
General,Tops,Fine gauge,3,1,900
General Petite,Bottoms,Pants,3,0,1047
General Petite,Jackets,Outerwear,3,1,1116
General,Dresses,Dresses,4,1,1082
General,Dresses,Dresses,5,1,1078
General Petite,Dresses,Dresses,5,1,1094
General,Dresses,Dresses,4,1,1103
General,Dresses,Dresses,3,0,1098
General,Bottoms,Jeans,5,1,1022
General,Dresses,Dresses,3,1,1082
General Petite,Tops,Sweaters,5,1,940
General Petite,Bottoms,Pants,5,1,1047
General,Dresses,Dresses,5,1,1098
General,Dresses,Dresses,5,1,1098
General,Dresses,Dresses,5,1,1098
General,Dresses,Dresses,2,1,1098
General,Dresses,Dresses,5,1,1098
General,Dresses,Dresses,5,1,1098
General Petite,Jackets,Outerwear,5,1,1116
General,Dresses,Dresses,5,1,1098
General Petite,Dresses,Dresses,3,1,1094
General Petite,Dresses,Dresses,4,1,1087
General Petite,Bottoms,Pants,5,1,1047
General,Dresses,Dresses,3,0,1098
General Petite,Dresses,Dresses,3,1,1078
General Petite,Dresses,Dresses,5,1,1087
General,Dresses,Dresses,5,1,1098
General Petite,Tops,Sweaters,5,1,940
General Petite,Bottoms,Pants,5,1,1047
General,Dresses,Dresses,3,0,1103
General Petite,Tops,Knits,5,1,876
General,Dresses,Dresses,4,1,1098
General,Tops,Fine gauge,5,1,900
General,Dresses,Dresses,3,0,1098
General Petite,Jackets,Outerwear,1,0,1116
General Petite,Bottoms,Pants,3,0,1047
General Petite,Dresses,Dresses,3,1,1087
General,Dresses,Dresses,5,1,1098
General Petite,Tops,Sweaters,5,1,940
General,Dresses,Dresses,4,1,1082
General Petite,Dresses,Dresses,2,0,1094
General,Dresses,Dresses,5,1,1098
General Petite,Tops,Sweaters,4,1,940
General Petite,Dresses,Dresses,5,1,1109
General,Tops,Knits,3,0,862
General,Dresses,Dresses,5,1,1098
General,Dresses,Dresses,3,0,1098
General,Dresses,Dresses,5,1,1098
General Petite,Bottoms,Pants,5,1,1047
General,Bottoms,Pants,3,0,1059
General,Tops,Knits,3,0,864
General,Dresses,Dresses,3,1,1092
General,Dresses,Dresses,5,1,1092
General,Dresses,Dresses,2,1,1092
General,Dresses,Dresses,5,1,1092
General,Dresses,Dresses,5,1,1092
General,Dresses,Dresses,5,1,1092
General,Dresses,Dresses,5,1,1092
General Petite,Dresses,Dresses,5,1,1094
General,Dresses,Dresses,5,1,1092
General,Dresses,Dresses,5,1,1092
General,Dresses,Dresses,5,1,1092
General,Bottoms,Pants,3,0,1046
General,Dresses,Dresses,5,1,1092
General,Dresses,Dresses,5,1,1092
General,Bottoms,Pants,2,0,1054
General,Tops,Blouses,5,1,823
General,Bottoms,Pants,4,1,1046
General,Tops,Blouses,5,1,823
General,Dresses,Dresses,5,1,1092
General,Bottoms,Pants,2,0,1046
General,Bottoms,Pants,3,0,1054
General,Dresses,Dresses,5,1,1092
General,Dresses,Dresses,5,1,1092
General Petite,Intimate,Lounge,5,1,134
General Petite,Bottoms,Jeans,5,1,1038
General Petite,Bottoms,Jeans,4,1,1038
General,Dresses,Dresses,5,1,1092
General,Bottoms,Pants,5,1,1054
General,Bottoms,Pants,3,0,1046
General,Dresses,Dresses,4,1,1074
General,Dresses,Dresses,5,1,1092
General,Dresses,Dresses,4,1,1092
General,Tops,Knits,5,1,864
General,Tops,Knits,5,1,864
General Petite,Intimate,Lounge,5,1,134
General,Bottoms,Pants,5,1,1046
General,Bottoms,Pants,3,1,1046
General,Dresses,Dresses,4,0,1092
General,Dresses,Dresses,5,1,1092
General,Dresses,Dresses,3,0,1094
General,Dresses,Dresses,5,1,1092
General,Dresses,Dresses,5,1,1092
General,Dresses,Dresses,5,1,1092
General,Bottoms,Pants,3,1,1046
General,Dresses,Dresses,3,1,1074
General,Dresses,Dresses,5,1,1092
General,Bottoms,Skirts,5,1,1003
General,Bottoms,Pants,5,1,1046
General Petite,Intimate,Lounge,5,1,134
General,Bottoms,Jeans,5,1,1038
General,Bottoms,Pants,5,1,1046
General,Dresses,Dresses,5,1,1092
General,Dresses,Dresses,5,1,1092
General,Tops,Knits,2,0,864
General,Bottoms,Pants,5,1,1054
General,Bottoms,Pants,5,1,1046
General,Bottoms,Skirts,5,1,1003
General,Dresses,Dresses,5,1,1094
General,Dresses,Dresses,4,1,1092
General,Bottoms,Pants,5,1,1046
General,Dresses,Dresses,5,1,1074
General,Dresses,Dresses,5,1,1094
General,Dresses,Dresses,5,1,1092
General,Dresses,Dresses,5,1,1092
General,Dresses,Dresses,3,1,1094
General,Tops,Blouses,5,1,823
General,Bottoms,Pants,1,0,1046
General,Dresses,Dresses,2,0,1092
General,Bottoms,Pants,2,0,1046
General,Tops,Blouses,5,1,823
General,Tops,Knits,2,0,863
Initmates,Intimate,Layering,5,1,205
General,Tops,Knits,4,1,863
General,Tops,Knits,4,1,863
Initmates,Intimate,Layering,5,1,205
General,Tops,Knits,5,1,863
General Petite,Dresses,Dresses,5,1,1078
General,Tops,Fine gauge,5,1,895
General,Tops,Fine gauge,3,1,895
General Petite,Intimate,Lounge,5,1,510
General,Tops,Knits,4,1,863
General,Tops,Fine gauge,5,1,895
General,Tops,Knits,5,1,863
General Petite,Intimate,Lounge,5,1,510
General,Tops,Knits,4,1,863
General,Tops,Knits,4,1,863
Initmates,Intimate,Layering,5,1,205
General,Tops,Knits,4,1,863
General,Tops,Knits,3,0,863
General,Tops,Knits,4,1,863
General,Tops,Knits,5,1,863
General,Tops,Fine gauge,3,0,895
General Petite,Dresses,Dresses,5,1,1078
General Petite,Intimate,Lounge,4,1,510
General,Tops,Knits,4,1,863
General,Tops,Knits,5,1,863
General,Tops,Knits,5,1,863
General Petite,Dresses,Dresses,4,1,1078
General,Tops,Knits,3,0,863
General Petite,Dresses,Dresses,5,1,1078
General,Tops,Knits,5,1,863
General,Tops,Knits,4,1,863
General,Tops,Fine gauge,5,1,895
General,Tops,Knits,3,0,863
General,Tops,Knits,5,1,863
General,Tops,Fine gauge,3,1,895
General,Tops,Knits,3,0,863
General,Tops,Knits,5,1,861
General,Tops,Knits,3,1,866
General,Tops,Knits,5,1,861
General,Tops,Knits,5,1,861
General,Tops,Knits,3,0,861
General,Tops,Fine gauge,2,0,895
General,Bottoms,Pants,4,1,1050
General,Tops,Knits,4,1,861
General,Tops,Knits,5,1,861
General,Tops,Knits,5,1,861
General,Tops,Knits,4,1,866
General,Dresses,Dresses,2,1,1152
General,Tops,Knits,5,1,861
Initmates,Intimate,Swim,4,1,407
General,Tops,Knits,5,1,861
General,Tops,Knits,5,1,861
General,Tops,Knits,5,1,861
General,Tops,Knits,5,1,861
Initmates,Intimate,Lounge,4,1,397
General,Tops,Fine gauge,2,0,895
General,Tops,Knits,5,1,861
Initmates,Intimate,Lounge,5,1,397
General,Tops,Knits,5,1,861
General,Tops,Knits,1,0,861
General,Tops,Knits,3,1,861
Initmates,Intimate,Swim,5,1,407
General Petite,Bottoms,Jeans,5,1,1033
General,Tops,Fine gauge,4,1,916
General,Tops,Knits,5,1,861
Initmates,Intimate,Swim,3,0,407
General,Tops,Fine gauge,5,1,900
General,Bottoms,Pants,4,1,1050
General,Tops,Knits,3,1,861
General Petite,Bottoms,Skirts,4,1,1008
General,Tops,Fine gauge,5,1,895
General,Bottoms,Jeans,5,1,1030
General,Bottoms,Jeans,5,1,1030
Initmates,Intimate,Intimates,3,1,651
General Petite,Dresses,Dresses,3,1,1086
General,Dresses,Dresses,5,1,1074
General,Tops,Fine gauge,5,1,895
General Petite,Bottoms,Skirts,5,1,1008
General Petite,Dresses,Dresses,1,0,1086
General,Bottoms,Skirts,3,0,991
Initmates,Intimate,Lounge,5,1,312
General Petite,Bottoms,Skirts,4,1,1008
General,Dresses,Dresses,3,0,1074
General,Tops,Fine gauge,5,1,895
General Petite,Tops,Blouses,5,1,834
General Petite,Jackets,Jackets,5,1,964
General,Tops,Knits,4,1,873
General,Tops,Blouses,4,1,828
General Petite,Jackets,Jackets,5,1,964
General Petite,Jackets,Jackets,5,1,964
General Petite,Jackets,Jackets,5,1,964
General Petite,Jackets,Jackets,4,1,964
General Petite,Jackets,Jackets,4,1,964
General Petite,Jackets,Jackets,5,1,964
General Petite,Tops,Blouses,5,1,834
General,Tops,Knits,2,0,873
General Petite,Jackets,Jackets,5,1,964
General Petite,Bottoms,Pants,5,1,1059
General,Tops,Sweaters,5,1,952
General,Tops,Knits,4,1,873
General,Tops,Knits,5,1,873
General,Tops,Sweaters,4,1,952
Initmates,Intimate,Intimates,5,1,247
General,Tops,Sweaters,5,1,952
General Petite,Jackets,Jackets,5,1,964
General Petite,Jackets,Jackets,5,1,964
General Petite,Jackets,Jackets,2,0,964
General,Tops,Sweaters,4,1,952
General,Tops,Sweaters,1,0,952
General,Tops,Knits,5,1,873
General,Tops,Blouses,5,1,828
General Petite,Jackets,Jackets,5,1,964
General Petite,Jackets,Jackets,5,1,964
General,Tops,Knits,5,1,873
General Petite,Bottoms,Pants,3,0,1059
General,Tops,Sweaters,5,1,952
General Petite,Jackets,Jackets,5,1,964
General,Tops,Knits,4,1,873
General,Tops,Sweaters,3,0,952
General,Tops,Blouses,5,1,828
General Petite,Bottoms,Pants,5,1,1059
General Petite,Jackets,Jackets,5,1,964
General Petite,Jackets,Jackets,5,1,964
General,Tops,Knits,4,1,873
General,Tops,Sweaters,3,1,952
General,Tops,Sweaters,2,0,952
General,Tops,Sweaters,4,1,952
General,Tops,Knits,5,1,873
General Petite,Dresses,Dresses,3,1,1083
General,Dresses,Dresses,4,1,1078
General,Dresses,Dresses,5,1,1078
General,Dresses,Dresses,2,0,1078
Initmates,Intimate,Lounge,4,1,774
General,Dresses,Dresses,5,1,1078
Initmates,Intimate,Lounge,4,1,774
General,Dresses,Dresses,5,1,1078
Initmates,Intimate,Lounge,5,1,260
General,Bottoms,Shorts,5,1,496
Initmates,Intimate,Sleep,5,1,243
Initmates,Intimate,Lounge,3,0,774
Initmates,Intimate,Lounge,5,1,774
Initmates,Intimate,Lounge,5,1,774
General,Tops,Blouses,5,1,830
General,Tops,Blouses,3,0,828
General,Dresses,Dresses,5,1,1078
General,Dresses,Dresses,4,1,1096
Initmates,Intimate,Sleep,4,1,243
General,Tops,Sweaters,5,1,943
General,Dresses,Dresses,5,1,1078
Initmates,Intimate,Swim,5,1,1174
Initmates,Intimate,Lounge,4,1,774
General,Dresses,Dresses,3,1,1078
General,Dresses,Dresses,5,1,1078
Initmates,Intimate,Sleep,5,1,243
Initmates,Intimate,Lounge,5,1,260
Initmates,Intimate,Lounge,5,1,260
General,Dresses,Dresses,2,1,1078
General,Dresses,Dresses,5,1,1078
Initmates,Intimate,Lounge,4,1,260
Initmates,Intimate,Swim,5,1,1174
General Petite,Intimate,Lounge,1,0,279
General,Dresses,Dresses,4,1,1096
General Petite,Intimate,Lounge,4,1,279
General,Dresses,Dresses,4,1,1078
Initmates,Intimate,Lounge,5,1,260
Initmates,Intimate,Sleep,5,1,243
General,Tops,Fine gauge,4,1,920
Initmates,Intimate,Lounge,5,1,260
General,Dresses,Dresses,5,1,1083
Initmates,Intimate,Lounge,5,1,260
General Petite,Intimate,Lounge,5,1,279
General,Dresses,Dresses,3,0,1096
General Petite,Intimate,Lounge,5,1,279
General Petite,Dresses,Dresses,4,1,1078
General Petite,Dresses,Dresses,5,1,1078
General Petite,Dresses,Dresses,5,1,1078
General Petite,Intimate,Lounge,5,1,279
General,Tops,Blouses,3,1,828
Initmates,Intimate,Lounge,3,1,774
General,Dresses,Dresses,3,0,1096
General Petite,Dresses,Dresses,5,1,1078
Initmates,Intimate,Lounge,5,1,774
Initmates,Intimate,Lounge,1,0,774
General,Tops,Blouses,5,1,828
General Petite,Dresses,Dresses,5,1,1078
Initmates,Intimate,Lounge,4,1,774
General,Tops,Blouses,3,1,828
General Petite,Dresses,Dresses,5,1,1078
General,Tops,Blouses,5,1,828
General Petite,Dresses,Dresses,4,0,1078
Initmates,Intimate,Lounge,5,1,774
Initmates,Intimate,Lounge,4,1,774
General,Tops,Blouses,2,0,828
General Petite,Dresses,Dresses,5,1,1078
General Petite,Dresses,Dresses,5,1,1078
General Petite,Dresses,Dresses,5,1,1078
General,Tops,Blouses,2,0,828
General,Tops,Blouses,5,1,828
General Petite,Dresses,Dresses,5,1,1078
General,Dresses,Dresses,3,1,1096
Initmates,Intimate,Lounge,5,1,260
Initmates,Intimate,Lounge,5,1,260
General Petite,Intimate,Lounge,4,1,279
General,Tops,Blouses,4,1,828
General Petite,Dresses,Dresses,4,1,1078
General,Tops,Sweaters,5,1,943
General,Dresses,Dresses,4,1,1096
Initmates,Intimate,Lounge,4,1,774
General,Tops,Knits,2,0,867
Initmates,Intimate,Lounge,4,1,774
General,Dresses,Dresses,5,1,1096
General,Dresses,Dresses,4,1,1096
General,Dresses,Dresses,3,0,1083
General Petite,Dresses,Dresses,4,1,1078
Initmates,Intimate,Lounge,5,1,774
General Petite,Dresses,Dresses,5,1,1078
General Petite,Dresses,Dresses,5,1,1078
Initmates,Intimate,Lounge,5,1,260
General Petite,Tops,Knits,2,0,872
General,Dresses,Dresses,5,1,1096
General,Dresses,Dresses,3,1,1083
General,Dresses,Dresses,5,1,1096
General Petite,Dresses,Dresses,5,1,1078
General Petite,Dresses,Dresses,2,0,1078
General Petite,Dresses,Dresses,5,1,1078
Initmates,Intimate,Lounge,3,0,774
General Petite,Dresses,Dresses,5,1,1078
Initmates,Intimate,Lounge,1,0,774
General,Tops,Blouses,3,0,828
Initmates,Intimate,Lounge,5,1,260
General Petite,Dresses,Dresses,4,1,1078
General Petite,Dresses,Dresses,5,1,1078
General,Tops,Blouses,3,0,828
General Petite,Intimate,Lounge,4,1,279
Initmates,Intimate,Lounge,5,1,260
Initmates,Intimate,Lounge,5,1,260
General,Tops,Blouses,3,1,828
General Petite,Dresses,Dresses,5,1,1078
General Petite,Dresses,Dresses,4,1,1078
General,Tops,Blouses,5,1,828
General Petite,Dresses,Dresses,5,1,1078
General Petite,Dresses,Dresses,5,1,1078
Initmates,Intimate,Lounge,5,1,260
General,Dresses,Dresses,4,1,1078
General,Dresses,Dresses,3,1,1078
General,Dresses,Dresses,5,1,1096
General,Dresses,Dresses,5,1,1096
General,Dresses,Dresses,5,1,1078
Initmates,Intimate,Lounge,1,0,774
Initmates,Intimate,Lounge,3,1,260
General,Tops,Blouses,2,0,818
General,Tops,Blouses,5,1,841
General Petite,Tops,Blouses,1,0,829
General Petite,Tops,Blouses,3,0,829
General,Tops,Blouses,5,1,841
General,Tops,Blouses,5,1,836
General Petite,Tops,Blouses,2,0,829
General,Tops,Blouses,5,1,836
General,Tops,Blouses,4,1,836
General Petite,Tops,Blouses,2,0,829
General,Jackets,Outerwear,5,1,1116
General Petite,Tops,Blouses,5,1,829
General,Tops,Blouses,5,1,836
General,Jackets,Outerwear,5,1,1116
General Petite,Tops,Blouses,5,1,829
General Petite,Tops,Blouses,5,1,829
General,Tops,Blouses,5,1,836
General,Tops,Blouses,5,1,836
General,Tops,Blouses,5,1,836
General,Tops,Blouses,5,1,836
General,Tops,Blouses,5,1,836
General,Jackets,Outerwear,5,1,1116
General,Tops,Sweaters,4,1,943
General Petite,Tops,Blouses,5,1,829
General,Tops,Blouses,5,1,836
General,Tops,Blouses,4,1,836
General Petite,Tops,Blouses,2,0,829
General,Tops,Blouses,4,1,836
General,Tops,Blouses,5,1,836
General,Tops,Blouses,5,1,836
General Petite,Tops,Blouses,3,1,829
General Petite,Tops,Blouses,5,1,829
General,Tops,Blouses,5,1,836
General,Tops,Sweaters,2,0,943
General,Tops,Blouses,5,1,836
General,Tops,Blouses,1,0,836
General,Tops,Blouses,5,1,836
General,Tops,Sweaters,4,1,936
General,Bottoms,Pants,4,1,1050
General,Tops,Sweaters,5,1,952
General,Tops,Sweaters,5,1,949
General,Bottoms,Skirts,5,1,1008
General,Bottoms,Skirts,5,1,1008
General,Tops,Sweaters,5,1,952
General,Tops,Sweaters,4,1,927
General,Tops,Sweaters,5,1,952
General,Tops,Sweaters,3,0,952
General,Tops,Sweaters,4,1,952
General,Tops,Sweaters,5,1,952
General,Tops,Sweaters,5,1,952
General,Bottoms,Skirts,5,1,1019
General,Dresses,Dresses,5,1,1098
General,Tops,Fine gauge,5,1,903
General,Tops,Sweaters,4,1,927
General,Tops,Sweaters,1,0,952
General,Dresses,Dresses,5,1,1098
General Petite,Bottoms,Skirts,3,1,1008
General,Bottoms,Skirts,5,1,1021
General,Tops,Sweaters,5,1,949
General,Tops,Fine gauge,5,1,903
General,Tops,Sweaters,5,1,952
General,Tops,Sweaters,5,1,949
General,Dresses,Dresses,5,1,1151
General Petite,Bottoms,Pants,2,0,1051
General Petite,Bottoms,Jeans,4,1,1025
General,Dresses,Dresses,5,1,1151
General,Dresses,Dresses,5,1,1151
General Petite,Bottoms,Pants,4,1,1051
General Petite,Bottoms,Jeans,5,1,1025
General,Dresses,Dresses,4,1,1151
General Petite,Dresses,Dresses,2,0,1077
General,Dresses,Dresses,4,1,1151
General,Dresses,Dresses,4,1,1151
General Petite,Dresses,Dresses,3,1,1077
General Petite,Dresses,Dresses,4,1,1095
General,Dresses,Dresses,5,1,1151
General,Dresses,Dresses,5,1,1151
General,Bottoms,Pants,1,0,1044
General,Dresses,Dresses,4,1,1151
General,Bottoms,Jeans,5,1,1022
General Petite,Bottoms,Pants,5,1,1051
General,Dresses,Dresses,5,1,1151
General Petite,Bottoms,Jeans,4,1,1025
General,Dresses,Dresses,5,1,1151
Initmates,Intimate,Sleep,5,1,554
General Petite,Tops,Sweaters,4,1,936
General Petite,Tops,Sweaters,4,1,936
Initmates,Intimate,Swim,1,0,348
General Petite,Tops,Knits,2,0,866
General Petite,Tops,Sweaters,4,1,936
General Petite,Tops,Knits,2,0,861
General Petite,Tops,Sweaters,2,0,936
General Petite,Tops,Knits,2,0,866
General Petite,Tops,Fine gauge,5,1,907
General Petite,Tops,Fine gauge,5,1,907
General Petite,Tops,Sweaters,4,1,936
General Petite,Tops,Sweaters,3,0,936
General,Tops,Knits,5,1,881
General Petite,Tops,Sweaters,4,1,936
General Petite,Tops,Sweaters,5,1,936
General Petite,Tops,Knits,5,1,861
General Petite,Tops,Knits,5,1,861
General Petite,Tops,Sweaters,5,1,936
General Petite,Bottoms,Jeans,5,1,1028
General,Tops,Knits,5,1,881
General Petite,Bottoms,Jeans,1,0,1025
General Petite,Tops,Knits,3,1,866
General Petite,Tops,Sweaters,4,1,936
General Petite,Tops,Sweaters,1,0,936
General Petite,Tops,Sweaters,5,1,936
General Petite,Tops,Knits,2,0,866
General Petite,Tops,Knits,5,1,861
General Petite,Tops,Fine gauge,5,1,907
General Petite,Dresses,Dresses,5,1,1100
General Petite,Tops,Knits,5,1,861
General Petite,Tops,Knits,5,1,866
General,Tops,Knits,3,0,881
General Petite,Tops,Knits,3,0,868
General Petite,Tops,Sweaters,5,1,936
General,Bottoms,Jeans,5,1,1030
General Petite,Tops,Knits,4,1,866
General Petite,Tops,Knits,4,1,866
General Petite,Tops,Sweaters,5,1,936
General Petite,Tops,Sweaters,4,1,936
General Petite,Tops,Knits,3,1,861
General Petite,Tops,Sweaters,3,0,936
General Petite,Tops,Sweaters,3,0,936
General Petite,Tops,Sweaters,3,0,936
General Petite,Tops,Sweaters,3,1,936
Initmates,Intimate,Layering,5,1,359
General,Dresses,Dresses,4,1,1094
General,Jackets,Jackets,5,1,984
General Petite,Tops,Blouses,5,1,846
Initmates,Intimate,Lounge,5,1,283
General,Dresses,Dresses,5,1,1094
General Petite,Tops,Blouses,5,1,846
General Petite,Dresses,Dresses,5,1,1081
General,Dresses,Dresses,5,1,1094
General,Bottoms,Skirts,3,1,993
General,Dresses,Dresses,5,1,1094
Initmates,Intimate,Lounge,5,1,283
General,Dresses,Dresses,3,1,1094
General,Dresses,Dresses,4,1,1094
General,Dresses,Dresses,5,1,1094
General,Dresses,Dresses,5,1,1082
General,Dresses,Dresses,5,1,1094
General Petite,Bottoms,Jeans,5,1,1025
General,Tops,Blouses,5,1,822
General,Dresses,Dresses,2,0,1082
General,Dresses,Dresses,5,1,1094
Initmates,Intimate,Lounge,3,0,725
General,Dresses,Dresses,5,1,1094
General,Dresses,Dresses,3,1,1094
General Petite,Dresses,Dresses,5,1,1081
Initmates,Intimate,Lounge,3,1,283
General,Dresses,Dresses,1,0,1088
General,Dresses,Dresses,4,1,1094
General,Dresses,Dresses,2,0,1082
Initmates,Intimate,Lounge,5,1,283
General Petite,Dresses,Dresses,4,1,1081
General,Dresses,Dresses,5,1,1094
General,Dresses,Dresses,3,1,1082
General,Dresses,Dresses,1,0,1088
General,Dresses,Dresses,5,1,1094
General,Tops,Knits,1,0,877
General,Dresses,Dresses,4,1,1094
General,Dresses,Dresses,4,1,1094
General,Dresses,Dresses,3,1,1094
General,Tops,Knits,4,1,877
General,Bottoms,Skirts,5,1,993
General Petite,Dresses,Dresses,5,1,1081
General,Bottoms,Jeans,5,1,1024
General Petite,Dresses,Dresses,5,1,1080
General,Jackets,Jackets,5,1,984
General,Dresses,Dresses,4,1,1082
General,Tops,Knits,3,0,867
Initmates,Intimate,Intimates,5,1,83
General,Tops,Knits,1,0,867
General,Tops,Knits,2,0,867
General,Bottoms,Skirts,3,1,1020
General,Bottoms,Skirts,5,1,1020
General,Bottoms,Pants,5,1,1044
General,Tops,Knits,5,1,867
General,Bottoms,Skirts,3,0,1020
General,Bottoms,Skirts,5,1,1020
General,Tops,Knits,5,1,867
General,Tops,Knits,5,1,867
Initmates,Intimate,Sleep,2,1,785
General,Tops,Knits,5,1,867
General,Tops,Knits,1,0,867
General,Bottoms,Pants,5,1,1044
General,Tops,Knits,2,0,878
General,Tops,Knits,1,0,867
General,Bottoms,Skirts,5,1,1020
General,Bottoms,Skirts,5,1,1020
General,Bottoms,Skirts,4,1,1020
General,Tops,Knits,5,1,867
General,Bottoms,Skirts,4,1,1020
General,Bottoms,Skirts,3,1,1020
General,Bottoms,Skirts,4,1,1020
General,Tops,Knits,2,0,867
General,Bottoms,Skirts,3,0,1013
General,Tops,Blouses,5,1,828
General Petite,Tops,Knits,4,1,862
General Petite,Tops,Knits,4,1,862
General,Bottoms,Skirts,5,1,1013
General Petite,Dresses,Dresses,4,0,1072
General,Tops,Blouses,4,1,828
General Petite,Tops,Blouses,5,1,844
General,Bottoms,Skirts,4,1,1001
General,Tops,Blouses,5,1,828
General Petite,Tops,Knits,5,1,862
General Petite,Dresses,Dresses,5,1,1084
General Petite,Tops,Knits,4,1,862
General,Tops,Knits,5,1,854
General,Bottoms,Jeans,3,0,1033
General,Bottoms,Skirts,5,1,1001
General Petite,Tops,Knits,5,1,862
General Petite,Tops,Knits,1,0,862
General Petite,Tops,Knits,5,1,862
General Petite,Tops,Knits,5,1,862
General,Tops,Blouses,5,1,828
Initmates,Intimate,Lounge,4,1,337
General,Bottoms,Jeans,3,1,1033
General,Dresses,Dresses,3,1,1078
General,Bottoms,Skirts,3,0,1013
General Petite,Dresses,Dresses,5,1,1084
General,Tops,Blouses,5,1,828
Initmates,Intimate,Intimates,5,1,102
General,Tops,Knits,2,0,854
General,Dresses,Dresses,4,1,1110
General,Bottoms,Jeans,4,1,1033
General,Bottoms,Jeans,2,0,1033
General Petite,Tops,Blouses,4,1,844
General,Tops,Blouses,5,1,831
General,Tops,Knits,5,1,854
General Petite,Tops,Knits,5,1,862
General,Dresses,Dresses,5,1,1110
General,Bottoms,Skirts,5,1,1001
General Petite,Dresses,Dresses,1,0,1072
General,Tops,Blouses,2,0,828
General,Tops,Blouses,5,1,831
General Petite,Tops,Blouses,3,0,844
General,Tops,Knits,5,1,854
General Petite,Tops,Knits,5,1,862
General Petite,Tops,Knits,5,1,862
General Petite,Tops,Blouses,2,0,844
General Petite,Tops,Knits,5,1,862
General,Bottoms,Skirts,5,1,1001
General,Tops,Knits,3,0,854
General,Bottoms,Skirts,5,1,1001
General,Bottoms,Jeans,2,0,1022
General,Tops,Sweaters,3,0,951
General,Dresses,Dresses,5,1,1077
General,Tops,Sweaters,3,0,951
General,Dresses,Dresses,5,1,1097
General,Dresses,Dresses,1,0,1077
Initmates,Intimate,Intimates,5,1,760
General,Bottoms,Pants,3,1,1065
General,Dresses,Dresses,3,0,1079
Initmates,Intimate,Intimates,5,1,760
General,Dresses,Dresses,5,1,1077
General,Tops,Sweaters,5,1,940
General,Tops,Sweaters,5,1,940
General,Tops,Blouses,3,1,829
General,Tops,Sweaters,2,0,940
General,Bottoms,Jeans,5,1,1022
General Petite,Bottoms,Pants,5,1,1052
General,Tops,Blouses,3,0,829
General,Tops,Sweaters,5,1,940
General,Tops,Sweaters,5,1,940
General,Tops,Blouses,4,1,829
General Petite,Dresses,Dresses,4,1,1086
General,Tops,Sweaters,4,1,940
General,Tops,Sweaters,5,1,940
General,Tops,Blouses,4,1,829
General Petite,Bottoms,Pants,5,1,1052
General Petite,Bottoms,Pants,2,0,1052
General,Tops,Sweaters,5,1,940
General,Tops,Blouses,5,1,829
General,Tops,Blouses,4,1,829
General,Tops,Sweaters,5,1,940
General,Tops,Sweaters,1,0,940
General,Tops,Sweaters,5,1,940
General,Tops,Blouses,4,0,829
General,Tops,Sweaters,5,1,940
General,Tops,Sweaters,5,1,940
General Petite,Bottoms,Pants,4,1,1052
General,Tops,Sweaters,4,1,940
General,Tops,Sweaters,4,1,940
General,Tops,Sweaters,5,1,940
General,Tops,Blouses,5,1,829
General,Tops,Blouses,3,0,829
General,Tops,Sweaters,5,1,940
General Petite,Dresses,Dresses,5,1,1094
General Petite,Bottoms,Pants,5,1,1052
General,Tops,Sweaters,1,0,940
General,Jackets,Outerwear,5,1,1118
General,Bottoms,Jeans,5,1,1035
General,Tops,Knits,5,1,872
General,Tops,Knits,4,1,861
Initmates,Intimate,Layering,4,1,61
General,Tops,Blouses,4,1,824
General,Tops,Knits,5,1,861
General,Tops,Blouses,5,1,824
General,Tops,Fine gauge,2,0,909
General,Tops,Blouses,4,1,824
General,Jackets,Outerwear,4,1,1118
General Petite,Bottoms,Jeans,5,1,1035
General Petite,Jackets,Jackets,5,1,971
General,Tops,Knits,5,1,861
General Petite,Bottoms,Jeans,5,1,1035
General,Tops,Knits,5,1,872
General,Tops,Knits,5,1,872
General,Tops,Blouses,5,1,824
General,Bottoms,Pants,5,1,1055
General,Tops,Knits,4,1,872
Initmates,Intimate,Layering,5,1,61
Initmates,Intimate,Layering,5,1,61
General Petite,Bottoms,Jeans,5,1,1035
General,Tops,Blouses,3,0,824
General,Tops,Knits,5,1,861
General,Tops,Knits,3,0,872
General Petite,Tops,Knits,5,1,872
Initmates,Intimate,Intimates,5,1,57
Initmates,Intimate,Layering,2,0,61
General,Tops,Knits,5,1,861
General Petite,Tops,Knits,2,0,872
General Petite,Tops,Knits,3,0,863
General,Tops,Blouses,5,1,824
General,Bottoms,Jeans,5,1,1189
General,Tops,Blouses,5,1,824
General,Tops,Knits,5,1,861
General Petite,Tops,Knits,5,1,872
General,Tops,Blouses,4,1,824
General,Tops,Blouses,2,0,823
General Petite,Tops,Knits,5,1,863
General Petite,Tops,Knits,5,1,872
General Petite,Tops,Knits,5,1,863
General Petite,Tops,Knits,5,1,863
General Petite,Tops,Knits,5,1,872
General Petite,Tops,Knits,5,1,872
General,Bottoms,Skirts,2,0,1013
General Petite,Tops,Knits,5,1,865
General,Tops,Blouses,2,0,824
General,Bottoms,Jeans,4,1,1189
General Petite,Jackets,Jackets,1,0,971
General Petite,Tops,Knits,5,1,872
General,Tops,Blouses,4,0,824
General,Tops,Blouses,2,0,824
General,Tops,Fine gauge,5,1,898
General Petite,Tops,Knits,5,1,872
General,Tops,Blouses,5,1,824
General Petite,Bottoms,Jeans,4,1,1035
General,Tops,Blouses,5,1,824
General,Bottoms,Jeans,3,1,1189
General Petite,Tops,Knits,5,1,872
General,Jackets,Outerwear,5,1,1118
General Petite,Tops,Knits,5,1,872
General Petite,Dresses,Dresses,4,1,1100
General Petite,Jackets,Jackets,5,1,971
General,Tops,Knits,5,1,861
Initmates,Intimate,Intimates,5,1,38
General Petite,Bottoms,Jeans,5,1,1035
General,Tops,Blouses,4,1,830
Initmates,Intimate,Intimates,5,1,38
General,Tops,Knits,5,1,861
General,Jackets,Outerwear,5,1,1123
General,Tops,Blouses,4,1,830
General,Jackets,Outerwear,4,1,1123
General,Dresses,Dresses,3,0,1094
General,Tops,Blouses,5,1,830
General,Jackets,Outerwear,5,1,1123
General,Jackets,Outerwear,4,1,1123
General Petite,Bottoms,Jeans,2,0,1035
General,Jackets,Outerwear,5,1,1123
General,Dresses,Dresses,5,1,1094
General Petite,Bottoms,Jeans,5,1,1035
General,Jackets,Outerwear,4,1,1123
General,Dresses,Dresses,5,1,1094
General,Dresses,Dresses,5,1,1094
Initmates,Intimate,Sleep,2,0,265
General,Jackets,Outerwear,5,1,1123
General,Tops,Knits,1,0,871
General,Jackets,Outerwear,4,1,1123
General,Tops,Knits,4,1,861
General,Jackets,Outerwear,5,1,1123
General,Tops,Blouses,2,0,830
General,Dresses,Dresses,5,1,1094
General,Tops,Blouses,3,0,830
General,Jackets,Outerwear,4,1,1123
General Petite,Bottoms,Jeans,4,1,1035
General,Tops,Blouses,5,1,830
General Petite,Bottoms,Jeans,4,1,1035
General,Jackets,Outerwear,5,1,1123
General,Jackets,Outerwear,5,1,1123
General,Tops,Blouses,5,1,830
General,Jackets,Outerwear,5,1,1123
General,Jackets,Outerwear,5,1,1123
General Petite,Dresses,Dresses,5,1,1094
General Petite,Dresses,Dresses,5,1,1094
General,Tops,Knits,5,1,861
General,Tops,Knits,5,1,871
General Petite,Dresses,Dresses,4,1,1094
General Petite,Dresses,Dresses,3,1,1094
General Petite,Dresses,Dresses,5,1,1094
General,Tops,Knits,2,0,871
General Petite,Dresses,Dresses,1,0,1094
General,Bottoms,Jeans,5,1,1035
General,Bottoms,Jeans,4,1,1035
General,Tops,Blouses,2,0,828
General,Jackets,Outerwear,5,1,1123
General Petite,Dresses,Dresses,5,1,1094
General,Jackets,Outerwear,5,1,1123
General,Bottoms,Jeans,5,1,1035
Initmates,Intimate,Intimates,5,1,38
General,Jackets,Outerwear,4,1,1123
General Petite,Dresses,Dresses,5,1,1094
General,Jackets,Outerwear,5,1,1123
Initmates,Intimate,Sleep,4,1,265
General Petite,Dresses,Dresses,5,1,1094
Initmates,Intimate,Lounge,5,1,622
General Petite,Tops,Fine gauge,4,1,907
Initmates,Intimate,Lounge,4,1,622
General,Tops,Knits,2,0,870
General,Tops,Knits,3,0,870
Initmates,Intimate,Sleep,3,0,414
General Petite,Tops,Blouses,1,0,825
General,Tops,Blouses,4,1,832
General,Tops,Fine gauge,5,1,907
General,Tops,Knits,4,1,870
General Petite,Jackets,Jackets,5,1,984
General Petite,Tops,Knits,3,1,872
Initmates,Intimate,Lounge,5,1,622
General Petite,Jackets,Jackets,5,1,984
General Petite,Jackets,Jackets,5,1,984
General Petite,Jackets,Jackets,5,1,984
Initmates,Intimate,Lounge,4,1,622
Initmates,Intimate,Lounge,5,1,622
Initmates,Intimate,Lounge,4,1,622
General Petite,Tops,Blouses,5,1,825
General Petite,Tops,Knits,5,1,872
Initmates,Intimate,Lounge,4,1,622
General Petite,Jackets,Jackets,5,1,984
General,Bottoms,Skirts,5,1,1001
General Petite,Jackets,Jackets,5,1,984
General,Tops,Fine gauge,5,1,907
Initmates,Intimate,Lounge,2,0,622
General,Tops,Fine gauge,1,0,907
General,Bottoms,Jeans,5,1,1022
General Petite,Jackets,Jackets,5,1,984
General Petite,Tops,Sweaters,5,1,949
Initmates,Intimate,Lounge,4,1,622
General Petite,Tops,Knits,3,1,872
General,Tops,Fine gauge,5,1,907
General,Tops,Fine gauge,5,1,907
General,Bottoms,Jeans,5,1,1031
General,Tops,Knits,3,1,870
General,Bottoms,Jeans,4,1,1031
General,Tops,Knits,4,1,870
General Petite,Jackets,Jackets,5,1,984
Initmates,Intimate,Lounge,5,1,622
General,Tops,Fine gauge,5,1,907
Initmates,Intimate,Lounge,3,1,622
General,Bottoms,Skirts,5,1,993
General Petite,Tops,Knits,4,1,860
General Petite,Jackets,Outerwear,5,0,1126
General,Tops,Knits,5,1,862
General Petite,Tops,Knits,5,1,860
General,Bottoms,Skirts,5,1,993
General Petite,Jackets,Outerwear,5,1,1126
General Petite,Jackets,Outerwear,5,1,1126
General,Tops,Knits,5,1,862
General,Dresses,Dresses,5,1,1104
General,Tops,Knits,5,1,862
General,Tops,Knits,4,1,862
General Petite,Tops,Blouses,3,1,829
General,Bottoms,Skirts,5,1,993
General,Tops,Knits,5,1,862
General,Dresses,Dresses,3,0,1104
General,Tops,Knits,4,1,860
General,Tops,Knits,5,1,860
General,Dresses,Dresses,4,1,1104
General,Dresses,Dresses,5,1,1104
General,Tops,Blouses,5,1,829
General,Tops,Knits,1,0,862
General Petite,Trend,Trend,5,1,1146
General,Dresses,Dresses,5,1,1104
General Petite,Jackets,Outerwear,5,1,1126
General,Tops,Knits,5,1,862
General,Dresses,Dresses,5,1,1104
General,Tops,Knits,5,1,862
General,Tops,Knits,3,0,860
General,Tops,Knits,3,1,862
General,Tops,Knits,3,1,862
General,Tops,Knits,2,0,862
General,Tops,Knits,4,1,862
General,Tops,Knits,5,1,860
General Petite,Jackets,Outerwear,4,0,1126
General,Dresses,Dresses,2,0,1104
General Petite,Jackets,Outerwear,4,1,1126
General,Tops,Knits,5,1,862
General,Tops,Knits,1,0,862
General Petite,Jackets,Outerwear,5,1,1126
General,Tops,Knits,5,1,862
General,Tops,Knits,2,0,862
General,Tops,Knits,5,1,862
General,Dresses,Dresses,5,1,1074
General,Tops,Knits,4,1,862
General,Tops,Knits,4,1,860
General,Tops,Knits,3,0,860
General,Tops,Knits,1,0,862
General,Tops,Knits,5,1,862
General,Tops,Knits,5,1,860
General,Tops,Knits,5,1,862
General,Bottoms,Shorts,5,1,133
General,Tops,Knits,4,1,862
General,Tops,Blouses,5,1,829
General,Tops,Knits,5,1,862
General,Tops,Knits,5,1,862
General,Bottoms,Shorts,5,1,133
General,Dresses,Dresses,5,1,1104
General,Dresses,Dresses,2,1,1104
General,Tops,Knits,4,1,862
General,Tops,Knits,5,1,862
General Petite,Bottoms,Pants,5,1,1060
General,Bottoms,Shorts,5,1,133
General,Tops,Blouses,2,0,829
General,Dresses,Dresses,5,1,1086
General,Tops,Fine gauge,1,0,912
General,Tops,Fine gauge,5,1,912
General,Dresses,Dresses,4,1,1086
General Petite,Tops,Sweaters,5,1,927
General,Tops,Knits,3,1,868
General,Tops,Blouses,4,1,820
General,Dresses,Dresses,5,1,1086
General,Bottoms,Jeans,5,1,1027
General,Dresses,Dresses,3,1,1086
General,Dresses,Dresses,5,1,1086
General Petite,Dresses,Dresses,4,1,1072
General,Tops,Blouses,3,1,820
General,Tops,Fine gauge,5,1,916
General Petite,Tops,Sweaters,5,1,927
General,Dresses,Dresses,4,1,1086
General,Tops,Blouses,5,1,820
General Petite,Tops,Blouses,5,1,831
General,Tops,Knits,1,0,868
General Petite,Dresses,Dresses,3,1,1072
General,Bottoms,Jeans,5,1,1030
General,Dresses,Dresses,5,1,1086
General Petite,Dresses,Dresses,3,1,1072
General,Bottoms,Jeans,4,1,1027
General,Dresses,Dresses,5,1,1086
General Petite,Tops,Sweaters,4,1,927
General,Dresses,Dresses,4,1,1086
General,Dresses,Dresses,5,1,1086
General,Tops,Knits,2,0,863
General Petite,Tops,Sweaters,5,1,927
General,Tops,Blouses,5,1,818
General,Tops,Blouses,3,0,820
General,Tops,Fine gauge,5,1,916
General,Tops,Blouses,4,1,835
General,Tops,Blouses,5,1,835
General,Tops,Blouses,1,0,835
General,Dresses,Dresses,5,1,1086
General,Dresses,Dresses,5,1,1086
General,Dresses,Dresses,5,1,1079
General Petite,Dresses,Dresses,1,0,1072
General,Tops,Blouses,2,0,818
General,Dresses,Dresses,4,1,1086
General Petite,Tops,Blouses,4,1,831
General Petite,Tops,Sweaters,1,0,927
General Petite,Tops,Sweaters,5,1,927
General,Tops,Knits,4,1,868
General,Tops,Blouses,5,1,820
General Petite,Dresses,Dresses,5,1,1075
General,Tops,Knits,3,0,868
General,Dresses,Dresses,5,1,1086
General,Dresses,Dresses,2,0,1086
Initmates,Intimate,Swim,1,0,1176
General,Tops,Blouses,4,1,818
General Petite,Tops,Sweaters,3,0,927
General,Dresses,Dresses,4,0,1086
General,Dresses,Dresses,5,1,1080
General,Bottoms,Jeans,3,1,1030
General,Dresses,Dresses,5,1,1086
General Petite,Tops,Sweaters,1,0,927
General,Dresses,Dresses,5,1,1086
General,Dresses,Dresses,5,1,1080
General Petite,Tops,Sweaters,4,1,927
General Petite,Dresses,Dresses,2,0,1072
General,Dresses,Dresses,5,1,1086
General,Dresses,Dresses,4,1,1086
General,Tops,Fine gauge,4,1,916
General,Tops,Fine gauge,5,1,916
General,Dresses,Dresses,5,1,1086
General,Tops,Blouses,5,1,820
General,Dresses,Dresses,4,1,1080
General,Bottoms,Jeans,3,1,1027
General Petite,Dresses,Dresses,5,1,1072
General,Dresses,Dresses,5,1,1086
General Petite,Tops,Sweaters,1,0,927
General,Dresses,Dresses,5,1,1086
General,Bottoms,Jeans,2,0,1030
General,Dresses,Dresses,5,1,1086
General,Tops,Knits,5,1,881
General Petite,Jackets,Jackets,2,0,959
General Petite,Tops,Blouses,3,1,834
General Petite,Tops,Blouses,5,1,815
General,Tops,Sweaters,4,1,940
General Petite,Tops,Blouses,3,0,815
General Petite,Tops,Blouses,5,1,834
General Petite,Tops,Blouses,5,1,815
General Petite,Tops,Blouses,5,1,815
General Petite,Tops,Blouses,5,1,834
General Petite,Tops,Blouses,5,1,834
General Petite,Tops,Blouses,4,1,834
General,Bottoms,Skirts,4,1,999
General,Dresses,Dresses,3,1,1086
General Petite,Tops,Blouses,5,1,815
General Petite,Jackets,Jackets,3,1,959
General Petite,Tops,Blouses,5,1,815
General Petite,Tops,Blouses,5,1,834
General,Bottoms,Jeans,5,1,1039
General Petite,Tops,Blouses,5,1,834
General Petite,Tops,Blouses,5,1,815
General,Dresses,Dresses,5,1,1080
General,Bottoms,Skirts,5,1,999
General Petite,Tops,Blouses,5,1,834
General Petite,Tops,Blouses,5,1,834
General Petite,Tops,Blouses,5,1,834
General Petite,Jackets,Jackets,4,1,959
General Petite,Tops,Blouses,5,1,834
General,Tops,Sweaters,5,1,940
General,Dresses,Dresses,5,1,1086
General Petite,Tops,Blouses,5,1,834
General Petite,Tops,Blouses,5,1,815
General Petite,Tops,Blouses,4,1,834
General Petite,Tops,Blouses,5,1,834
General Petite,Tops,Knits,5,1,868
General Petite,Bottoms,Pants,5,1,1059
General,Tops,Fine gauge,1,0,895
General,Tops,Knits,1,0,854
General Petite,Tops,Knits,2,0,868
General,Jackets,Jackets,5,1,965
General Petite,Tops,Knits,5,1,868
General Petite,Bottoms,Pants,5,1,1059
General,Tops,Fine gauge,5,1,895
General,Bottoms,Pants,5,1,1066
General,Tops,Fine gauge,4,1,895
General,Jackets,Jackets,5,1,965
General,Tops,Fine gauge,5,1,895
General Petite,Tops,Knits,5,1,868
General,Tops,Fine gauge,5,1,895
General Petite,Tops,Knits,4,1,868
General Petite,Tops,Knits,5,1,868
General Petite,Tops,Knits,2,0,868
General Petite,Bottoms,Pants,5,1,1059
General,Tops,Knits,4,1,866
General,Tops,Fine gauge,5,1,895
General Petite,Dresses,Dresses,4,1,1110
General Petite,Bottoms,Pants,2,0,1059
General,Tops,Knits,5,1,854
General Petite,Tops,Knits,4,1,861
General Petite,Tops,Knits,5,1,854
General Petite,Tops,Knits,5,1,868
General Petite,Bottoms,Pants,5,1,1059
General Petite,Tops,Knits,4,1,868
General,Bottoms,Skirts,5,1,1004
General Petite,Tops,Knits,4,1,861
General Petite,Tops,Knits,5,1,854
General,Tops,Knits,5,1,863
General,Tops,Knits,5,1,861
General,Tops,Knits,4,1,866
General Petite,Bottoms,Pants,3,0,1059
General Petite,Dresses,Dresses,4,1,1110
General,Jackets,Jackets,5,1,965
General Petite,Tops,Knits,3,0,854
General,Tops,Knits,5,1,866
General,Tops,Knits,5,1,866
General,Tops,Knits,3,1,866
General Petite,Tops,Knits,5,1,854
General,Tops,Knits,4,1,866
General,Jackets,Jackets,5,1,965
General,Tops,Fine gauge,5,1,895
General,Tops,Knits,4,1,868
General,Tops,Fine gauge,5,1,895
General Petite,Dresses,Dresses,5,1,1110
General,Tops,Knits,5,1,861
General Petite,Bottoms,Pants,5,1,1059
General,Tops,Fine gauge,5,1,895
General,Tops,Fine gauge,5,1,895
General Petite,Tops,Knits,2,0,854
General,Tops,Fine gauge,5,1,895
General,Bottoms,Pants,4,1,1066
Initmates,Intimate,Swim,4,0,318
General Petite,Tops,Knits,4,1,854
General,Tops,Knits,3,0,868
General,Tops,Knits,5,1,861
General,Tops,Knits,5,1,868
General Petite,Tops,Knits,4,1,854
Initmates,Intimate,Swim,4,1,318
General,Tops,Knits,5,1,861
General,Tops,Blouses,2,0,830
General,Tops,Blouses,4,1,830
General Petite,Dresses,Dresses,5,1,1094
General,Tops,Knits,5,1,868
General Petite,Tops,Knits,5,1,872
General,Tops,Knits,3,1,868
General Petite,Dresses,Dresses,4,1,1094
General,Bottoms,Jeans,4,1,1030
General,Bottoms,Jeans,5,1,1030
General Petite,Dresses,Dresses,5,1,1094
General Petite,Dresses,Dresses,2,1,1094
General,Bottoms,Jeans,4,1,1022
General Petite,Tops,Knits,3,1,858
General Petite,Dresses,Dresses,4,1,1094
General Petite,Dresses,Dresses,4,1,1094
General Petite,Dresses,Dresses,5,1,1094
General Petite,Dresses,Dresses,4,1,1094
General Petite,Dresses,Dresses,5,1,1094
General Petite,Dresses,Dresses,3,0,1094
General Petite,Dresses,Dresses,1,0,1094
General,Tops,Blouses,2,0,841
General Petite,Dresses,Dresses,5,1,1094
General Petite,Dresses,Dresses,5,1,1094
General,Tops,Blouses,5,1,850
General Petite,Dresses,Dresses,4,1,1094
General Petite,Dresses,Dresses,1,0,1094
General Petite,Dresses,Dresses,4,1,1094
General Petite,Tops,Blouses,5,1,829
General,Dresses,Dresses,5,1,1104
General Petite,Dresses,Dresses,5,1,1094
General,Tops,Knits,3,0,868
General Petite,Dresses,Dresses,1,0,1094
General Petite,Dresses,Dresses,5,1,1094
General Petite,Dresses,Dresses,4,1,1094
General,Tops,Knits,2,0,868
Initmates,Intimate,Intimates,5,1,799
General,Dresses,Dresses,1,0,1104
General,Bottoms,Jeans,5,1,1022
General Petite,Dresses,Dresses,3,0,1094
General Petite,Dresses,Dresses,2,0,1094
General,Tops,Fine gauge,3,0,898
General Petite,Tops,Blouses,4,1,829
General Petite,Tops,Blouses,5,1,829
General,Tops,Fine gauge,2,1,898
General Petite,Tops,Knits,5,1,872
General,Tops,Blouses,5,1,829
Unknown,Unknown,Unknown,5,1,72
General Petite,Jackets,Jackets,5,1,974
General,Bottoms,Jeans,5,1,1022
General,Bottoms,Jeans,5,1,1022
General,Tops,Blouses,4,1,829
General Petite,Jackets,Jackets,5,1,974
General,Tops,Knits,3,0,885
General Petite,Tops,Blouses,5,1,825
General Petite,Jackets,Jackets,5,1,974
General,Tops,Knits,3,0,885
General Petite,Tops,Knits,5,1,872
General Petite,Tops,Knits,5,1,872
General,Tops,Fine gauge,4,1,898
General Petite,Tops,Knits,5,1,872
Initmates,Intimate,Legwear,4,1,162
General Petite,Tops,Knits,4,1,872
General Petite,Tops,Knits,4,1,872
General Petite,Tops,Knits,5,1,872
General Petite,Tops,Knits,5,1,872
Initmates,Intimate,Legwear,5,1,162
General Petite,Tops,Knits,4,1,854
General Petite,Tops,Knits,4,1,854
General,Dresses,Dresses,4,1,1086
General Petite,Tops,Knits,5,1,854
General Petite,Tops,Knits,3,0,854
General Petite,Bottoms,Pants,2,0,1047
General Petite,Tops,Knits,5,1,854
General,Tops,Blouses,4,1,829
General,Tops,Knits,5,1,863
General,Dresses,Dresses,1,0,1099
General Petite,Tops,Knits,4,1,854
General,Dresses,Dresses,3,1,1086
General,Tops,Knits,5,1,863
General,Tops,Knits,4,1,854
General,Tops,Knits,3,0,854
General,Tops,Blouses,5,1,829
General,Tops,Blouses,3,1,826
General,Tops,Knits,5,1,863
General,Tops,Knits,5,1,854
General Petite,Bottoms,Pants,5,1,1047
General,Tops,Blouses,3,0,829
General,Tops,Knits,4,1,854
General,Tops,Blouses,3,1,843
General,Tops,Blouses,5,1,829
General,Tops,Blouses,5,1,843
General Petite,Bottoms,Pants,4,1,1047
General,Tops,Knits,5,1,854
General,Tops,Knits,4,1,854
General,Tops,Blouses,5,1,826
General Petite,Dresses,Dresses,4,1,1094
General Petite,Dresses,Dresses,1,0,1075
General Petite,Dresses,Dresses,5,1,1094
General Petite,Dresses,Dresses,5,1,1094
General,Dresses,Dresses,5,1,1079
General,Tops,Fine gauge,2,0,895
General Petite,Dresses,Dresses,4,1,1094
General Petite,Tops,Knits,5,1,865
General,Tops,Blouses,5,1,839
General,Tops,Fine gauge,5,1,895
General Petite,Dresses,Dresses,3,1,1094
General Petite,Dresses,Dresses,5,1,1075
General Petite,Dresses,Dresses,5,1,1094
General,Tops,Fine gauge,5,1,895
General,Tops,Knits,1,0,860
General,Dresses,Dresses,5,1,1094
General Petite,Tops,Knits,3,1,867
General Petite,Tops,Knits,3,1,865
General Petite,Dresses,Dresses,3,1,1075
General,Tops,Fine gauge,4,1,895
General,Tops,Knits,5,1,871
General,Tops,Fine gauge,3,0,895
General Petite,Dresses,Dresses,5,1,1075
General Petite,Dresses,Dresses,3,1,1075
General,Tops,Knits,2,0,860
General,Dresses,Dresses,5,1,1094
General Petite,Tops,Knits,3,1,865
General,Tops,Fine gauge,3,1,895
General,Tops,Fine gauge,5,1,895
General,Dresses,Dresses,4,1,1094
General,Dresses,Dresses,5,1,1094
General,Tops,Fine gauge,5,1,895
General Petite,Dresses,Dresses,2,0,1075
General Petite,Dresses,Dresses,5,1,1075
General,Dresses,Dresses,5,1,1094
General,Dresses,Dresses,4,1,1094
General,Tops,Fine gauge,5,1,895
General,Tops,Fine gauge,5,1,895
General Petite,Dresses,Dresses,5,1,1075
General,Tops,Fine gauge,2,0,895
General,Tops,Blouses,5,1,820
General Petite,Tops,Blouses,5,1,836
General Petite,Tops,Knits,3,1,862
General Petite,Tops,Blouses,3,0,836
General,Tops,Knits,4,1,864
General Petite,Tops,Knits,3,0,862
General Petite,Tops,Knits,3,0,862
General,Tops,Knits,4,1,879
General,Dresses,Dresses,5,1,1104
General Petite,Tops,Fine gauge,5,1,912
General Petite,Tops,Blouses,2,0,836
General Petite,Tops,Blouses,5,1,836
General Petite,Bottoms,Skirts,2,0,996
General Petite,Bottoms,Skirts,4,1,996
General Petite,Tops,Blouses,2,0,836
General Petite,Tops,Knits,2,0,862
General Petite,Tops,Blouses,4,1,836
General,Dresses,Dresses,5,1,1104
General,Tops,Knits,5,1,879
General,Tops,Knits,3,1,879
General,Dresses,Dresses,5,1,1104
General,Dresses,Dresses,5,1,1104
General,Dresses,Dresses,3,0,1104
General,Dresses,Dresses,5,1,1104
General Petite,Tops,Blouses,5,1,836
General,Dresses,Dresses,1,0,1104
General,Tops,Blouses,5,1,820
General,Tops,Knits,4,1,864
General,Dresses,Dresses,5,1,1104
General,Dresses,Dresses,2,0,1104
General Petite,Tops,Blouses,3,1,836
General Petite,Tops,Blouses,1,0,836
General,Tops,Knits,4,1,862
General,Tops,Knits,5,1,862
General Petite,Dresses,Dresses,2,0,1095
General Petite,Dresses,Dresses,3,1,1095
Initmates,Intimate,Lounge,3,0,399
General Petite,Bottoms,Pants,5,1,1066
General,Tops,Knits,5,1,862
General,Dresses,Dresses,5,1,1083
General Petite,Bottoms,Pants,5,1,1066
General,Tops,Blouses,5,1,826
General Petite,Bottoms,Jeans,4,1,1148
General,Tops,Blouses,3,0,826
General Petite,Bottoms,Pants,4,1,1066
General,Tops,Knits,5,1,862
General,Tops,Blouses,4,1,826
General,Dresses,Dresses,4,1,1081
General,Jackets,Jackets,5,1,986
General,Dresses,Dresses,1,0,1081
General,Dresses,Dresses,4,1,1081
General Petite,Bottoms,Jeans,5,1,1148
General Petite,Bottoms,Jeans,5,1,1148
General,Tops,Blouses,5,1,826
General,Tops,Sweaters,3,1,928
General Petite,Bottoms,Pants,5,1,1066
General,Dresses,Dresses,2,0,1081
General,Dresses,Dresses,3,1,1081
General Petite,Tops,Knits,5,1,862
General,Dresses,Dresses,5,1,1104
General,Dresses,Dresses,5,1,1083
General,Tops,Sweaters,1,0,941
General Petite,Tops,Knits,5,1,862
General Petite,Tops,Knits,5,1,862
General,Dresses,Dresses,5,1,1104
General Petite,Bottoms,Pants,5,1,1066
General,Tops,Blouses,3,0,826
General Petite,Bottoms,Pants,4,1,1066
General,Tops,Sweaters,4,1,945
General,Tops,Knits,5,1,872
General,Tops,Blouses,5,1,820
General,Tops,Blouses,5,1,820
General,Tops,Knits,4,1,872
General,Tops,Knits,5,1,872
General,Tops,Knits,4,1,868
General,Tops,Blouses,5,1,820
General,Tops,Knits,5,1,872
General,Tops,Blouses,5,1,820
General Petite,Tops,Knits,1,0,862
General,Tops,Knits,5,1,868
General,Tops,Knits,5,1,872
General,Tops,Knits,2,0,868
General,Tops,Knits,3,1,868
General Petite,Tops,Knits,5,1,872
General,Tops,Knits,5,1,868
General,Tops,Knits,5,1,868
General Petite,Tops,Blouses,5,1,829
General Petite,Tops,Knits,5,1,872
General Petite,Tops,Knits,4,0,872
Initmates,Intimate,Lounge,3,0,764
General Petite,Tops,Knits,5,1,862
General Petite,Tops,Knits,5,1,872
General,Tops,Knits,4,0,872
General,Tops,Knits,4,1,872
General Petite,Tops,Knits,5,1,862
General,Tops,Knits,2,0,872
General,Tops,Knits,5,1,868
General,Tops,Knits,5,1,868
General,Tops,Knits,2,1,862
General,Tops,Knits,5,1,868
General,Tops,Knits,3,0,862
General,Tops,Blouses,5,1,820
General,Tops,Knits,5,1,862
General,Tops,Blouses,5,1,820
General,Tops,Knits,5,1,872
General,Tops,Knits,5,1,872
General,Tops,Knits,4,1,868
General,Tops,Knits,5,1,868
General,Tops,Knits,5,1,872
General,Tops,Sweaters,2,0,945
General,Tops,Knits,2,0,868
General,Tops,Knits,4,1,872
General Petite,Tops,Blouses,5,1,828
General,Dresses,Dresses,3,0,1095
General Petite,Tops,Blouses,5,1,828
General Petite,Tops,Blouses,5,1,828
Initmates,Intimate,Swim,1,0,219
General Petite,Tops,Blouses,4,1,828
General Petite,Bottoms,Pants,5,1,1059
General Petite,Bottoms,Pants,5,1,1059
General,Dresses,Dresses,5,1,1077
General Petite,Tops,Blouses,5,1,828
General Petite,Tops,Blouses,3,0,828
General Petite,Tops,Blouses,5,1,828
General,Dresses,Dresses,5,1,1095
General Petite,Tops,Blouses,5,1,828
General Petite,Tops,Blouses,5,1,828
General Petite,Tops,Blouses,5,1,828
General Petite,Bottoms,Pants,4,1,1059
General Petite,Tops,Blouses,5,1,828
General Petite,Tops,Blouses,4,1,827
General,Tops,Knits,5,1,865
General Petite,Tops,Blouses,3,1,828
General Petite,Tops,Blouses,5,1,828
General Petite,Tops,Blouses,4,1,828
General Petite,Tops,Blouses,5,1,828
General Petite,Tops,Blouses,2,1,828
General,Tops,Knits,4,1,865
General Petite,Tops,Blouses,5,1,828
General,Tops,Blouses,3,0,826
General,Tops,Knits,4,1,865
General Petite,Tops,Blouses,5,1,828
General,Tops,Knits,5,0,865
General,Bottoms,Skirts,4,1,996
General Petite,Tops,Blouses,5,1,828
General Petite,Bottoms,Pants,2,0,1059
General,Dresses,Dresses,5,1,1095
General Petite,Tops,Blouses,5,1,828
General,Tops,Knits,4,1,865
General Petite,Bottoms,Pants,4,1,1059
General,Bottoms,Jeans,4,1,1025
General,Tops,Knits,4,1,865
General,Tops,Blouses,5,0,828
General,Tops,Blouses,2,0,828
General,Tops,Blouses,5,1,828
General,Tops,Knits,5,1,865
General,Tops,Blouses,5,1,828
General,Tops,Blouses,4,1,828
General,Tops,Blouses,4,1,822
General,Tops,Knits,4,1,865
General,Tops,Knits,2,0,865
General,Tops,Blouses,5,1,828
General,Dresses,Dresses,5,1,1095
General,Dresses,Dresses,2,0,1095
General,Dresses,Dresses,5,1,1077
General Petite,Tops,Blouses,3,0,825
General,Tops,Knits,5,1,865
General,Bottoms,Jeans,5,1,1025
General,Tops,Blouses,3,0,828
General,Tops,Blouses,4,1,828
General,Dresses,Dresses,5,1,1077
General,Tops,Blouses,4,1,828
General,Tops,Blouses,5,1,828
General,Tops,Blouses,5,1,828
General,Tops,Blouses,5,1,828
General,Dresses,Dresses,5,1,1077
General,Tops,Blouses,4,1,828
General,Tops,Knits,4,1,865
General,Tops,Blouses,5,1,828
General,Tops,Knits,4,1,865
General,Bottoms,Jeans,5,1,1025
General,Dresses,Dresses,5,1,1095
General,Tops,Blouses,3,0,828
General,Tops,Blouses,5,1,828
General Petite,Bottoms,Pants,5,1,1059
General Petite,Tops,Blouses,2,0,827
General,Dresses,Dresses,4,1,1077
General,Bottoms,Pants,5,1,1056
Initmates,Intimate,Layering,5,1,545
General,Bottoms,Jeans,5,1,1022
General,Bottoms,Pants,5,1,1056
General,Bottoms,Jeans,5,1,1022
General,Bottoms,Pants,5,1,1056
General,Bottoms,Jeans,5,1,1022
General,Bottoms,Pants,5,1,1056
General Petite,Dresses,Dresses,5,1,1084
General,Bottoms,Pants,2,0,1056
General,Tops,Knits,5,1,875
General,Bottoms,Pants,2,0,1056
General,Bottoms,Pants,5,1,1056
General,Bottoms,Pants,5,1,1053
General,Bottoms,Pants,5,1,1056
General,Bottoms,Skirts,5,1,1003
General,Bottoms,Pants,3,1,1056
General,Bottoms,Pants,4,1,1056
General,Bottoms,Pants,4,1,1056
General,Bottoms,Pants,5,1,1053
General,Bottoms,Pants,5,1,1056
General,Bottoms,Jeans,4,1,1022
General,Bottoms,Pants,5,1,1056
General,Bottoms,Pants,4,1,1056
General Petite,Dresses,Dresses,1,0,1084
General,Bottoms,Jeans,1,0,1022
General,Tops,Blouses,5,1,850
General,Dresses,Dresses,5,1,1072
General,Tops,Sweaters,3,0,927
General,Tops,Fine gauge,5,1,895
General,Tops,Fine gauge,2,0,895
General,Trend,Trend,5,1,1135
General,Tops,Fine gauge,4,1,895
General,Tops,Fine gauge,5,1,895
General,Tops,Fine gauge,5,1,895
General Petite,Dresses,Dresses,3,0,1075
General Petite,Dresses,Dresses,1,0,1075
General Petite,Dresses,Dresses,1,0,1075
General,Tops,Blouses,4,1,850
General Petite,Dresses,Dresses,2,0,1075
General,Tops,Blouses,5,1,850
Initmates,Intimate,Layering,5,1,261
General,Tops,Blouses,5,1,850
General,Tops,Fine gauge,3,0,895
General,Tops,Blouses,5,1,850
General,Dresses,Dresses,2,1,1072
General,Tops,Blouses,2,0,850
General,Tops,Blouses,5,1,850
General Petite,Dresses,Dresses,5,1,1075
General,Tops,Fine gauge,4,1,895
General Petite,Tops,Blouses,5,1,850
General Petite,Dresses,Dresses,4,1,1075
General,Tops,Fine gauge,5,1,895
General,Dresses,Dresses,2,0,1072
General Petite,Tops,Blouses,2,1,850
General,Tops,Blouses,3,0,826
General,Tops,Blouses,5,1,835
General,Tops,Fine gauge,3,0,895
General,Dresses,Dresses,2,0,1072
General Petite,Tops,Sweaters,5,1,933
Initmates,Intimate,Swim,3,0,741
General Petite,Tops,Sweaters,5,1,933
General Petite,Tops,Sweaters,5,1,933
General Petite,Tops,Blouses,4,1,824
General,Tops,Sweaters,3,1,944
General Petite,Tops,Sweaters,4,1,933
General Petite,Tops,Sweaters,5,1,933
General Petite,Tops,Sweaters,5,1,933
General,Tops,Sweaters,5,1,944
General Petite,Tops,Sweaters,5,1,933
General Petite,Tops,Sweaters,5,1,933
General Petite,Tops,Sweaters,4,1,933
General,Tops,Sweaters,4,1,944
Initmates,Intimate,Swim,4,1,741
General Petite,Tops,Sweaters,5,1,933
Initmates,Intimate,Lounge,4,1,583
Initmates,Intimate,Swim,5,1,741
General Petite,Tops,Sweaters,5,1,933
General Petite,Tops,Sweaters,1,0,933
General Petite,Tops,Sweaters,3,1,933
Initmates,Intimate,Lounge,5,1,583
General Petite,Tops,Sweaters,5,1,933
Initmates,Intimate,Lounge,5,1,583
General Petite,Tops,Sweaters,5,1,933
General Petite,Tops,Sweaters,5,1,933
Initmates,Intimate,Lounge,5,1,583
General Petite,Tops,Sweaters,3,0,933
General,Bottoms,Pants,4,1,1052
Initmates,Intimate,Lounge,5,1,583
General,Bottoms,Pants,5,1,1052
General Petite,Tops,Sweaters,4,1,933
General Petite,Tops,Sweaters,5,1,933
General Petite,Tops,Sweaters,4,1,933
General,Tops,Blouses,3,1,828
General Petite,Tops,Sweaters,4,1,933
General Petite,Tops,Sweaters,5,1,933
General Petite,Tops,Sweaters,3,0,933
General Petite,Tops,Sweaters,4,1,933
General Petite,Tops,Sweaters,5,1,933
General Petite,Tops,Blouses,5,1,824
General Petite,Tops,Sweaters,5,1,933
General Petite,Tops,Sweaters,5,1,933
General Petite,Tops,Sweaters,5,1,933
General,Dresses,Dresses,4,1,1089
General,Tops,Sweaters,5,1,944
General,Dresses,Dresses,3,0,1080
General Petite,Dresses,Dresses,3,1,1078
General Petite,Tops,Knits,5,1,872
General Petite,Tops,Knits,2,0,872
General Petite,Dresses,Dresses,5,1,1078
General,Trend,Trend,4,1,1135
General,Bottoms,Pants,5,1,1056
General Petite,Dresses,Dresses,5,1,1078
General,Dresses,Dresses,5,1,1089
General Petite,Dresses,Dresses,4,1,1078
General Petite,Dresses,Dresses,4,1,1078
General,Dresses,Dresses,4,1,1080
General Petite,Dresses,Dresses,5,1,1078
General Petite,Dresses,Dresses,2,0,1082
General Petite,Dresses,Dresses,2,0,1082
General,Dresses,Dresses,5,1,1080
General,Tops,Fine gauge,3,0,899
General Petite,Dresses,Dresses,5,1,1078
General,Dresses,Dresses,4,1,1080
General,Tops,Fine gauge,4,1,899
General Petite,Dresses,Dresses,3,0,1078
General,Tops,Sweaters,2,0,944
General,Bottoms,Pants,4,1,1056
General,Bottoms,Pants,3,0,1056
General Petite,Dresses,Dresses,3,0,1078
General,Bottoms,Pants,5,1,1056
General,Dresses,Dresses,5,1,1089
General,Dresses,Dresses,5,1,1089
General Petite,Dresses,Dresses,4,1,1078
General,Dresses,Dresses,3,0,1089
General,Dresses,Dresses,5,1,1080
General,Trend,Trend,4,1,1135
General,Bottoms,Pants,2,0,1056
General,Tops,Sweaters,3,0,944
General,Dresses,Dresses,4,1,1078
General,Dresses,Dresses,5,1,1078
General,Bottoms,Pants,5,1,1056
General,Bottoms,Pants,5,1,1056
General,Dresses,Dresses,2,0,1078
General,Bottoms,Pants,5,1,1056
General,Dresses,Dresses,3,1,1078
General,Dresses,Dresses,5,1,1078
General,Bottoms,Pants,2,0,1056
General,Dresses,Dresses,5,1,1078
General Petite,Tops,Knits,5,1,872
General,Bottoms,Pants,5,1,1056
General,Dresses,Dresses,5,1,1089
General,Dresses,Dresses,5,1,1078
General Petite,Tops,Blouses,3,1,825
General,Bottoms,Pants,5,1,1056
General,Jackets,Outerwear,5,1,1115
General,Tops,Knits,5,1,860
General Petite,Dresses,Dresses,1,1,1084
General,Tops,Knits,5,1,860
General,Bottoms,Skirts,5,1,1008
General Petite,Tops,Knits,5,1,860
General,Jackets,Outerwear,4,1,1115
General,Jackets,Jackets,5,1,961
General Petite,Tops,Fine gauge,5,1,895
General,Jackets,Outerwear,5,1,1115
General,Jackets,Outerwear,4,1,1115
General Petite,Tops,Knits,5,1,860
Initmates,Intimate,Lounge,4,1,794
General,Bottoms,Shorts,4,1,588
General,Bottoms,Shorts,1,0,588
General Petite,Tops,Knits,4,1,860
General Petite,Tops,Fine gauge,3,0,895
General Petite,Tops,Knits,1,0,860
General Petite,Dresses,Dresses,3,0,1084
General Petite,Tops,Knits,4,1,860
General,Jackets,Outerwear,3,0,1115
General,Bottoms,Skirts,5,1,1008
General,Tops,Sweaters,5,1,941
General,Jackets,Outerwear,5,1,1115
General Petite,Tops,Knits,3,0,868
General,Bottoms,Shorts,1,0,588
General Petite,Tops,Knits,5,1,860
General,Jackets,Outerwear,5,1,1115
General Petite,Dresses,Dresses,4,1,1084
General,Tops,Knits,5,1,860
General,Tops,Knits,1,0,864
General,Jackets,Outerwear,5,1,1115
General,Jackets,Outerwear,5,1,1115
General Petite,Tops,Fine gauge,3,0,895
General,Jackets,Jackets,5,1,961
General,Tops,Knits,5,1,860
General,Tops,Knits,5,1,860
General,Dresses,Dresses,5,1,1074
General,Tops,Knits,4,1,860
General,Tops,Knits,4,1,860
General Petite,Tops,Fine gauge,5,1,895
General,Jackets,Outerwear,3,0,1115
General,Jackets,Outerwear,4,1,1115
General,Bottoms,Shorts,2,0,588
General Petite,Dresses,Dresses,4,1,1084
General,Tops,Knits,2,0,860
General,Jackets,Jackets,5,1,961
General,Jackets,Outerwear,5,1,1115
General,Tops,Knits,4,1,860
General Petite,Dresses,Dresses,2,0,1084
General,Tops,Fine gauge,3,1,895
General,Jackets,Outerwear,4,1,1115
General,Jackets,Jackets,5,1,961
General,Tops,Knits,4,1,860
General,Jackets,Outerwear,4,1,1115
General,Jackets,Outerwear,5,1,1115
General,Tops,Knits,5,1,860
General,Tops,Knits,3,1,860
General,Tops,Knits,1,0,864
Initmates,Intimate,Lounge,5,1,794
General,Tops,Knits,3,0,860
General,Jackets,Jackets,5,1,961
General,Tops,Knits,5,1,860
General,Tops,Knits,5,1,860
General,Jackets,Outerwear,5,1,1115
General,Tops,Knits,4,1,873
General,Jackets,Outerwear,4,1,1115
General,Tops,Fine gauge,4,1,899
General,Bottoms,Jeans,3,0,1035
General,Bottoms,Jeans,5,1,1035
General,Dresses,Dresses,4,1,1080
General,Bottoms,Jeans,5,1,1035
General Petite,Tops,Knits,5,1,862
General,Bottoms,Jeans,5,1,1022
General,Bottoms,Jeans,5,1,1022
General,Bottoms,Jeans,4,1,1022
General,Tops,Fine gauge,4,1,899
General,Bottoms,Jeans,5,1,1022
General,Bottoms,Jeans,4,1,1035
General,Bottoms,Jeans,4,1,1022
General,Bottoms,Jeans,5,1,1035
General,Bottoms,Jeans,3,0,1022
General,Bottoms,Jeans,5,1,1022
General,Dresses,Dresses,4,1,1111
General,Bottoms,Jeans,4,1,1022
General,Bottoms,Jeans,4,0,1035
General,Bottoms,Jeans,2,0,1022
General,Dresses,Dresses,5,1,1111
General Petite,Tops,Knits,5,1,862
General,Tops,Fine gauge,4,1,899
General,Dresses,Dresses,3,1,1080
General,Dresses,Dresses,5,1,1111
General,Tops,Fine gauge,3,0,899
General,Bottoms,Pants,2,0,1062
General,Bottoms,Jeans,4,1,1022
General,Bottoms,Jeans,5,1,1035
General,Dresses,Dresses,5,1,1080
General,Bottoms,Skirts,3,0,990
General,Dresses,Dresses,5,1,1111
General,Bottoms,Jeans,5,1,1035
General,Bottoms,Jeans,5,1,1028
General,Tops,Knits,5,1,864
General,Jackets,Jackets,4,1,965
General,Dresses,Dresses,4,1,1110
General,Dresses,Dresses,5,1,1110
General,Dresses,Dresses,5,1,1110
General,Dresses,Dresses,4,1,1110
General,Dresses,Dresses,5,1,1110
General,Dresses,Dresses,5,1,1110
General,Dresses,Dresses,5,1,1110
General,Dresses,Dresses,5,1,1110
General,Dresses,Dresses,5,1,1110
General Petite,Tops,Knits,5,1,863
General,Dresses,Dresses,5,1,1110
General,Dresses,Dresses,3,0,1110
General,Jackets,Jackets,4,1,965
General,Dresses,Dresses,5,1,1110
General,Dresses,Dresses,5,1,1110
General,Dresses,Dresses,5,1,1110
General,Dresses,Dresses,5,1,1110
General,Dresses,Dresses,4,1,1110
General,Dresses,Dresses,5,1,1110
General Petite,Tops,Knits,5,1,863
General Petite,Tops,Knits,5,1,863
General Petite,Tops,Blouses,5,1,817
General Petite,Tops,Knits,3,0,863
General,Dresses,Dresses,5,1,1110
General,Bottoms,Jeans,5,1,1028
General Petite,Bottoms,Pants,5,1,589
General,Dresses,Dresses,4,1,1110
General,Dresses,Dresses,5,1,1110
General Petite,Tops,Knits,5,1,863
General,Dresses,Dresses,3,0,1110
General,Dresses,Dresses,5,1,1110
General Petite,Tops,Blouses,4,1,817
General,Dresses,Dresses,5,1,1110
General,Dresses,Dresses,5,1,1110
General,Dresses,Dresses,5,1,1110
General,Dresses,Dresses,5,1,1110
General,Dresses,Dresses,5,1,1110
General,Dresses,Dresses,5,1,1110
General,Dresses,Dresses,4,1,1110
General,Dresses,Dresses,5,1,1110
General,Dresses,Dresses,3,1,1110
General,Jackets,Jackets,5,1,965
General,Dresses,Dresses,5,1,1110
General Petite,Jackets,Jackets,5,1,960
General,Bottoms,Jeans,5,1,1037
General,Dresses,Dresses,4,1,1087
General Petite,Dresses,Dresses,5,1,1081
General,Tops,Blouses,5,1,829
General Petite,Dresses,Dresses,5,1,1081
General,Dresses,Dresses,4,1,1087
General,Bottoms,Jeans,3,0,1037
General,Bottoms,Jeans,3,0,1037
General,Tops,Blouses,3,1,829
General Petite,Dresses,Dresses,5,1,1081
General,Dresses,Dresses,5,1,1087
General,Bottoms,Jeans,3,0,1037
General,Bottoms,Jeans,5,1,1037
General,Bottoms,Jeans,2,0,1037
General,Tops,Blouses,2,0,829
General,Dresses,Dresses,4,1,1087
General Petite,Dresses,Dresses,5,1,1081
General,Bottoms,Jeans,5,1,1037
General Petite,Dresses,Dresses,4,1,1103
General,Tops,Blouses,4,1,829
General,Bottoms,Jeans,4,1,1037
General,Bottoms,Jeans,5,1,1037
General,Dresses,Dresses,5,1,1087
General,Bottoms,Jeans,3,1,1037
General Petite,Dresses,Dresses,5,1,1103
General Petite,Dresses,Dresses,5,1,1103
General,Dresses,Dresses,5,1,1087
General Petite,Dresses,Dresses,4,1,1081
General Petite,Dresses,Dresses,5,1,1081
General,Bottoms,Jeans,3,0,1037
General,Bottoms,Jeans,2,0,1037
General Petite,Dresses,Dresses,4,1,1081
General Petite,Dresses,Dresses,5,1,1081
General,Bottoms,Jeans,5,1,1037
General Petite,Dresses,Dresses,5,1,1081
General Petite,Dresses,Dresses,5,1,1081
General,Bottoms,Jeans,1,0,1037
General Petite,Dresses,Dresses,5,1,1103
General,Bottoms,Jeans,5,1,1037
Initmates,Intimate,Swim,5,1,1171
General,Tops,Blouses,5,1,829
General Petite,Dresses,Dresses,5,1,1081
General,Bottoms,Jeans,5,1,1037
General Petite,Dresses,Dresses,4,0,1081
General,Bottoms,Jeans,5,1,1037
Initmates,Intimate,Swim,5,1,1171
General Petite,Dresses,Dresses,2,0,1081
General,Tops,Knits,5,1,863
General,Dresses,Dresses,2,0,1110
General Petite,Intimate,Lounge,2,0,498
General,Tops,Knits,5,1,863
General,Dresses,Dresses,5,1,1110
General Petite,Bottoms,Jeans,5,1,1036
General,Tops,Knits,5,1,881
General,Dresses,Dresses,1,0,1110
General,Tops,Knits,4,1,863
General Petite,Intimate,Lounge,5,1,498
General Petite,Intimate,Lounge,5,1,498
General,Tops,Knits,5,1,863
General,Jackets,Jackets,5,1,975
General,Tops,Blouses,5,1,835
General Petite,Dresses,Dresses,3,0,1110
General,Tops,Knits,2,0,863
General,Dresses,Dresses,4,1,1095
General,Tops,Knits,5,1,863
General Petite,Intimate,Lounge,4,1,498
General,Tops,Knits,2,0,863
General,Tops,Knits,4,1,863
General Petite,Dresses,Dresses,1,0,1110
General,Tops,Knits,4,0,863
General Petite,Intimate,Lounge,4,1,498
General,Dresses,Dresses,4,1,1074
General,Tops,Knits,5,1,863
General Petite,Dresses,Dresses,4,1,1110
General,Tops,Sweaters,1,0,937
General Petite,Dresses,Dresses,2,0,1110
General,Tops,Knits,5,1,863
General,Jackets,Jackets,2,0,975
General,Tops,Knits,5,1,863
General,Tops,Knits,5,1,881
General,Tops,Knits,4,1,863
General,Tops,Knits,1,0,863
General,Tops,Knits,5,1,863
General Petite,Intimate,Lounge,5,1,498
General,Tops,Knits,4,1,863
General,Tops,Sweaters,3,0,937
General Petite,Dresses,Dresses,2,1,1110
General,Tops,Knits,5,1,863
General,Tops,Knits,4,1,863
General,Jackets,Jackets,3,0,975
General,Tops,Knits,5,1,863
General,Bottoms,Skirts,5,1,996
General,Tops,Knits,5,1,863
General Petite,Bottoms,Jeans,5,1,1036
General,Tops,Knits,5,1,863
General,Jackets,Jackets,4,1,965
General,Tops,Blouses,3,1,835
General,Tops,Sweaters,2,0,937
General Petite,Dresses,Dresses,4,1,1110
General,Trend,Trend,5,1,560
General Petite,Tops,Blouses,5,1,820
General Petite,Tops,Blouses,4,1,839
General Petite,Tops,Blouses,4,1,820
General Petite,Dresses,Dresses,4,1,1081
General Petite,Tops,Blouses,1,0,820
General Petite,Tops,Blouses,2,1,820
General Petite,Tops,Blouses,5,1,829
General Petite,Tops,Knits,5,1,872
General Petite,Tops,Blouses,3,0,820
General Petite,Tops,Blouses,5,1,829
General Petite,Tops,Knits,5,1,872
General Petite,Tops,Blouses,5,1,820
General,Bottoms,Pants,4,1,1066
General,Bottoms,Pants,5,1,1066
General Petite,Tops,Blouses,2,0,820
General Petite,Tops,Knits,5,1,872
General Petite,Tops,Knits,4,1,872
General Petite,Tops,Blouses,2,0,820
General Petite,Tops,Blouses,5,1,839
General,Bottoms,Skirts,3,1,990
General Petite,Tops,Blouses,4,1,829
General,Tops,Blouses,3,1,837
General Petite,Tops,Knits,5,1,872
General Petite,Tops,Knits,5,1,872
General Petite,Tops,Blouses,3,0,820
General Petite,Tops,Blouses,1,0,820
General Petite,Tops,Knits,5,1,872
General Petite,Tops,Blouses,5,1,839
General Petite,Tops,Knits,5,1,872
General Petite,Tops,Blouses,4,0,829
General Petite,Tops,Knits,5,1,872
General Petite,Tops,Blouses,1,0,820
General Petite,Tops,Blouses,5,1,829
General Petite,Tops,Knits,4,1,872
General Petite,Tops,Blouses,5,1,820
General Petite,Tops,Knits,5,1,872
General Petite,Tops,Blouses,5,1,820
General,Tops,Knits,5,1,877
General,Bottoms,Skirts,5,1,1005
General,Tops,Knits,3,1,877
Initmates,Intimate,Lounge,5,1,376
General,Dresses,Dresses,5,1,1104
General,Tops,Knits,5,1,862
General,Tops,Sweaters,4,1,936
General,Tops,Sweaters,5,1,936
General,Dresses,Dresses,5,1,1096
General,Tops,Knits,5,1,862
Initmates,Intimate,Sleep,5,1,147
General,Jackets,Outerwear,5,1,1123
General,Tops,Knits,5,1,862
General,Dresses,Dresses,5,1,1096
General,Dresses,Dresses,5,1,1076
General,Jackets,Outerwear,4,1,1123
Initmates,Intimate,Lounge,3,0,376
General,Dresses,Dresses,4,1,1076
General,Dresses,Dresses,3,0,1096
Initmates,Intimate,Intimates,4,1,86
General,Tops,Knits,4,1,877
General,Jackets,Outerwear,5,1,1123
General,Tops,Knits,5,1,881
General,Dresses,Dresses,4,1,1096
General,Tops,Knits,5,1,862
Initmates,Intimate,Lounge,5,1,376
Initmates,Intimate,Legwear,5,1,264
General,Dresses,Dresses,1,0,1076
General,Dresses,Dresses,2,0,1076
General,Tops,Blouses,5,1,831
General,Dresses,Dresses,4,1,1076
Initmates,Intimate,Sleep,5,1,147
General,Dresses,Dresses,3,1,1096
General Petite,Tops,Fine gauge,5,1,909
General,Dresses,Dresses,5,1,1096
General,Dresses,Dresses,4,1,1076
General,Dresses,Dresses,2,0,1076
General,Trend,Trend,5,1,1135
General,Tops,Knits,1,0,865
General,Dresses,Dresses,1,0,1076
General,Tops,Sweaters,5,1,936
General,Bottoms,Pants,5,1,1059
Initmates,Intimate,Sleep,5,1,147
General Petite,Tops,Fine gauge,5,1,909
General,Dresses,Dresses,5,1,1096
General,Dresses,Dresses,1,0,1076
General,Dresses,Dresses,5,1,1096
General,Tops,Knits,5,1,877
General,Dresses,Dresses,2,0,1096
General,Tops,Sweaters,5,1,927
General,Tops,Sweaters,5,1,936
General,Tops,Sweaters,4,1,936
General,Tops,Sweaters,5,1,936
General,Dresses,Dresses,5,1,1096
General,Dresses,Dresses,5,1,1096
General,Tops,Sweaters,4,1,936
General,Tops,Sweaters,5,1,936
General,Jackets,Outerwear,4,1,1123
General,Tops,Knits,4,1,877
General,Trend,Trend,5,1,1135
General,Dresses,Dresses,3,0,1092
General,Dresses,Dresses,5,1,1096
General,Dresses,Dresses,1,0,1076
General,Tops,Knits,4,1,877
General,Dresses,Dresses,5,1,1096
Initmates,Intimate,Sleep,5,1,147
General,Jackets,Outerwear,5,1,1123
General,Jackets,Outerwear,5,1,1123
General,Tops,Sweaters,5,1,936
General,Tops,Knits,5,1,877
General,Tops,Sweaters,5,1,935
General,Dresses,Dresses,5,1,1096
General,Dresses,Dresses,4,1,1096
General,Tops,Knits,4,1,877
General Petite,Dresses,Dresses,4,1,1104
General,Jackets,Jackets,1,0,975
General,Bottoms,Shorts,5,1,131
General,Bottoms,Shorts,3,1,131
General,Tops,Knits,4,1,880
General Petite,Tops,Knits,4,1,870
General,Tops,Fine gauge,5,1,895
General,Tops,Fine gauge,5,1,895
General,Bottoms,Shorts,4,1,592
General,Bottoms,Shorts,5,1,592
General,Tops,Fine gauge,4,1,895
General,Tops,Fine gauge,5,1,895
General,Tops,Knits,5,1,880
General,Tops,Blouses,1,0,843
General Petite,Tops,Knits,2,0,863
General,Tops,Fine gauge,5,1,895
General,Bottoms,Shorts,3,0,131
General,Bottoms,Shorts,5,1,592
General,Bottoms,Shorts,4,1,592
General Petite,Tops,Knits,5,1,870
General,Tops,Knits,5,1,880
General,Bottoms,Shorts,5,1,131
General,Jackets,Jackets,3,0,975
General,Tops,Fine gauge,5,1,895
General,Tops,Fine gauge,5,1,895
General,Bottoms,Shorts,5,1,131
General,Bottoms,Jeans,5,1,1033
General,Tops,Knits,5,1,860
General,Bottoms,Pants,5,1,1056
General,Dresses,Dresses,5,1,1110
General,Jackets,Outerwear,5,1,1116
General,Tops,Knits,5,1,860
General,Dresses,Dresses,5,1,1110
General Petite,Tops,Knits,5,1,858
General,Bottoms,Jeans,3,0,1033
General,Dresses,Dresses,5,1,1110
General,Tops,Sweaters,3,0,950
General,Dresses,Dresses,5,1,1110
General Petite,Tops,Fine gauge,4,1,916
General,Bottoms,Shorts,5,1,619
General,Bottoms,Pants,5,1,1056
General,Bottoms,Jeans,5,1,1033
General Petite,Tops,Fine gauge,3,0,916
General,Tops,Knits,5,1,860
General,Jackets,Jackets,5,1,964
General,Bottoms,Pants,5,1,1056
General,Bottoms,Pants,5,1,1056
General,Tops,Knits,3,1,860
General Petite,Bottoms,Pants,3,0,626
General,Dresses,Dresses,5,1,1110
General Petite,Tops,Knits,5,1,858
General,Bottoms,Jeans,5,1,1033
General,Jackets,Jackets,5,1,964
General,Bottoms,Jeans,5,1,1033
General,Dresses,Dresses,4,1,1110
General,Tops,Sweaters,5,1,950
General,Bottoms,Jeans,5,1,1033
General,Jackets,Outerwear,2,0,1116
General Petite,Tops,Fine gauge,5,1,916
General,Tops,Knits,5,1,860
General,Bottoms,Pants,5,1,1056
General,Tops,Knits,4,1,860
General Petite,Tops,Knits,5,1,858
General Petite,Dresses,Dresses,5,1,1094
Initmates,Intimate,Sleep,5,1,148
General,Tops,Knits,3,0,860
General,Dresses,Dresses,5,1,1110
General,Bottoms,Jeans,5,1,1033
General,Jackets,Outerwear,5,1,1116
General Petite,Jackets,Jackets,5,1,964
General,Dresses,Dresses,4,1,1110
General,Bottoms,Shorts,3,0,619
General,Bottoms,Jeans,3,0,1033
General,Tops,Knits,4,1,860
General,Tops,Knits,5,1,860
General,Bottoms,Jeans,5,1,1033
General,Dresses,Dresses,4,1,1110
General,Bottoms,Pants,5,1,1056
General,Dresses,Dresses,5,1,1110
General,Tops,Knits,5,1,860
General,Bottoms,Jeans,5,1,1033
General Petite,Dresses,Dresses,5,1,1080
General,Tops,Knits,3,1,860
General,Dresses,Dresses,5,1,1110
General,Bottoms,Jeans,5,1,1033
General,Bottoms,Pants,5,1,1056
General,Dresses,Dresses,5,1,1110
General,Dresses,Dresses,3,0,1110
General,Bottoms,Jeans,4,1,1033
General Petite,Dresses,Dresses,3,0,1080
General,Bottoms,Jeans,5,1,1033
General,Bottoms,Shorts,4,1,619
General Petite,Bottoms,Pants,4,1,626
General,Bottoms,Jeans,5,1,1033
General Petite,Bottoms,Pants,2,0,626
General,Dresses,Dresses,4,1,1110
Initmates,Intimate,Sleep,5,1,148
General,Bottoms,Shorts,5,1,619
General,Dresses,Dresses,5,1,1110
General,Bottoms,Shorts,4,1,619
General,Dresses,Dresses,5,1,1110
General,Bottoms,Pants,3,1,1056
General,Tops,Knits,4,1,860
Initmates,Intimate,Sleep,5,1,148
General,Dresses,Dresses,5,1,1110
General,Bottoms,Shorts,2,0,619
General,Bottoms,Jeans,5,1,1033
General,Dresses,Dresses,5,1,1110
General,Bottoms,Shorts,3,0,619
General,Tops,Blouses,5,1,844
General,Dresses,Dresses,5,1,1110
General Petite,Dresses,Dresses,4,1,1094
General,Tops,Sweaters,3,0,950
General,Bottoms,Pants,4,1,1056
General,Bottoms,Pants,5,1,1056
General,Dresses,Dresses,5,1,1110
General,Jackets,Outerwear,5,1,1116
General,Bottoms,Jeans,5,1,1033
General,Dresses,Dresses,5,1,1110
General,Dresses,Dresses,5,1,1110
General Petite,Dresses,Dresses,4,1,1080
General,Dresses,Dresses,5,1,1110
General,Tops,Knits,4,1,860
General Petite,Dresses,Dresses,4,1,1094
General,Bottoms,Jeans,5,1,1033
General,Bottoms,Jeans,3,0,1033
General Petite,Jackets,Jackets,5,1,964
General,Bottoms,Jeans,5,1,1033
General,Dresses,Dresses,3,0,1072
General,Bottoms,Skirts,4,1,996
General,Bottoms,Skirts,5,1,1020
General,Bottoms,Jeans,1,0,1039
General Petite,Dresses,Dresses,5,1,1094
General,Dresses,Dresses,3,0,1111
General,Bottoms,Skirts,4,1,1020
General,Bottoms,Jeans,5,1,1033
General Petite,Dresses,Dresses,4,1,1094
General,Dresses,Dresses,5,1,1072
General,Bottoms,Pants,5,1,1056
General,Bottoms,Skirts,5,1,1020
General Petite,Dresses,Dresses,4,1,1094
General Petite,Dresses,Dresses,4,1,1094
General,Bottoms,Skirts,5,1,1020
General Petite,Dresses,Dresses,5,1,1094
General Petite,Dresses,Dresses,2,0,1094
General Petite,Dresses,Dresses,4,1,1094
General,Bottoms,Skirts,5,1,1020
General Petite,Dresses,Dresses,5,1,1094
General,Tops,Sweaters,5,1,941
General,Bottoms,Skirts,4,1,1020
General,Bottoms,Jeans,5,1,1033
General,Tops,Blouses,5,1,830
General Petite,Dresses,Dresses,3,0,1094
General Petite,Bottoms,Skirts,4,1,1008
General Petite,Dresses,Dresses,4,1,1094
General Petite,Dresses,Dresses,5,1,1094
General,Dresses,Dresses,5,1,1072
General Petite,Dresses,Dresses,4,1,1085
General,Bottoms,Skirts,3,1,1013
General,Bottoms,Jeans,5,1,1033
General Petite,Dresses,Dresses,4,1,1094
General,Tops,Sweaters,5,1,941
General,Dresses,Dresses,4,1,1072
General Petite,Bottoms,Skirts,5,1,1008
General,Bottoms,Jeans,5,1,1033
General,Dresses,Dresses,4,1,1094
General,Bottoms,Skirts,5,1,1020
General,Dresses,Dresses,4,1,1094
General Petite,Bottoms,Skirts,4,1,1020
General,Tops,Sweaters,4,1,941
General,Dresses,Dresses,3,0,1094
General,Tops,Sweaters,2,0,941
General Petite,Bottoms,Skirts,1,0,1020
General,Bottoms,Jeans,2,0,1039
General,Dresses,Dresses,5,1,1072
General,Dresses,Dresses,1,0,1094
General,Tops,Sweaters,2,0,941
General,Tops,Sweaters,3,0,941
General Petite,Bottoms,Skirts,3,1,1020
General,Bottoms,Jeans,3,0,1033
General Petite,Bottoms,Skirts,5,1,1020
General,Dresses,Dresses,5,1,1094
General Petite,Bottoms,Skirts,5,1,1020
General,Dresses,Dresses,4,1,1072
General,Bottoms,Pants,5,1,1056
General,Dresses,Dresses,5,1,1072
General,Bottoms,Skirts,3,0,996
General Petite,Bottoms,Skirts,2,0,1020
General,Dresses,Dresses,4,1,1072
General,Dresses,Dresses,5,1,1072
General,Dresses,Dresses,5,1,1094
General,Dresses,Dresses,5,1,1078
General,Dresses,Dresses,3,0,1078
General,Dresses,Dresses,5,1,1078
General Petite,Bottoms,Jeans,5,1,1038
General,Tops,Blouses,5,1,819
General,Dresses,Dresses,3,1,1078
General Petite,Jackets,Outerwear,4,0,1126
General,Tops,Knits,5,1,862
General,Dresses,Dresses,4,1,1078
General,Tops,Blouses,5,1,819
General,Dresses,Dresses,3,0,1078
General Petite,Bottoms,Jeans,5,1,1038
General,Dresses,Dresses,5,1,1078
General,Dresses,Dresses,5,1,1078
General,Tops,Blouses,5,1,819
General Petite,Jackets,Outerwear,5,1,1126
General,Dresses,Dresses,3,1,1078
General,Tops,Blouses,1,0,819
General,Jackets,Outerwear,5,1,1116
General,Dresses,Dresses,5,1,1078
General,Tops,Knits,5,1,862
General,Jackets,Outerwear,5,1,1116
General,Tops,Knits,5,1,873
General,Tops,Knits,3,0,888
General Petite,Tops,Blouses,3,0,827
General,Tops,Knits,5,1,862
General,Tops,Knits,2,0,862
General,Dresses,Dresses,5,1,1078
General Petite,Bottoms,Jeans,5,1,1035
General,Tops,Blouses,3,0,819
General,Jackets,Outerwear,4,1,1116
General Petite,Jackets,Outerwear,3,0,1126
General,Jackets,Outerwear,4,1,1116
General,Jackets,Outerwear,4,1,1116
General,Tops,Blouses,3,1,819
General,Dresses,Dresses,5,1,1078
General Petite,Bottoms,Jeans,1,0,1038
General,Jackets,Outerwear,5,1,1116
General,Tops,Knits,2,0,862
General Petite,Bottoms,Jeans,5,1,1038
General,Dresses,Dresses,4,1,1088
General,Tops,Knits,2,0,862
General,Dresses,Dresses,5,1,1078
General,Jackets,Outerwear,5,1,1116
General,Dresses,Dresses,3,1,1078
General Petite,Bottoms,Jeans,5,1,1038
General,Tops,Blouses,3,0,818
General,Tops,Knits,1,0,873
General,Dresses,Dresses,5,1,1078
General,Dresses,Dresses,4,1,1078
General Petite,Bottoms,Jeans,4,1,1035
General,Dresses,Dresses,5,1,1078
General,Dresses,Dresses,5,1,1078
General,Dresses,Dresses,5,1,1078
General,Tops,Knits,4,1,862
General,Tops,Knits,5,1,873
General,Tops,Knits,4,1,862
General Petite,Dresses,Dresses,1,0,1080
General Petite,Dresses,Dresses,5,1,1080
Initmates,Intimate,Layering,4,1,574
General,Dresses,Dresses,5,1,1110
General,Tops,Sweaters,4,1,929
General,Dresses,Dresses,5,1,1110
General Petite,Dresses,Dresses,5,1,1080
General,Tops,Knits,4,1,860
General,Tops,Fine gauge,3,0,909
Initmates,Intimate,Swim,2,0,254
General Petite,Tops,Blouses,5,1,833
General Petite,Dresses,Dresses,5,1,1080
General Petite,Dresses,Dresses,3,0,1080
General,Dresses,Dresses,5,1,1110
General,Bottoms,Jeans,5,1,1022
Initmates,Intimate,Swim,5,1,254
General Petite,Dresses,Dresses,2,0,1080
General Petite,Dresses,Dresses,2,0,1080
General,Dresses,Dresses,4,1,1110
Initmates,Intimate,Swim,3,0,254
Initmates,Intimate,Swim,5,1,254
General Petite,Dresses,Dresses,2,0,1080
General,Bottoms,Jeans,5,1,1022
General Petite,Dresses,Dresses,4,1,1080
General Petite,Dresses,Dresses,5,1,1080
General,Tops,Sweaters,2,0,929
General Petite,Dresses,Dresses,5,1,1080
General Petite,Tops,Blouses,5,1,833
General,Dresses,Dresses,5,1,1110
General,Dresses,Dresses,5,1,1110
General Petite,Dresses,Dresses,5,1,1080
General Petite,Dresses,Dresses,4,1,1080
General,Tops,Knits,5,1,860
General Petite,Dresses,Dresses,5,1,1080
Initmates,Intimate,Swim,2,1,254
Initmates,Intimate,Layering,4,1,574
General,Dresses,Dresses,1,1,1110
General,Tops,Knits,5,1,860
Initmates,Intimate,Swim,2,0,254
General,Tops,Fine gauge,2,0,909
General,Tops,Knits,2,0,860
General Petite,Dresses,Dresses,5,1,1080
General,Dresses,Dresses,5,1,1110
General,Bottoms,Jeans,5,1,1022
General Petite,Dresses,Dresses,5,1,1080
General Petite,Dresses,Dresses,4,1,1080
General,Dresses,Dresses,4,1,1110
General,Tops,Knits,4,1,860
General,Tops,Sweaters,3,0,929
General,Dresses,Dresses,4,0,1074
General,Tops,Sweaters,3,0,929
General,Tops,Blouses,4,1,833
General,Tops,Blouses,5,1,833
General,Tops,Sweaters,2,0,929
General,Dresses,Dresses,5,1,1110
General,Bottoms,Jeans,5,1,1022
General,Dresses,Dresses,5,1,1110
General Petite,Dresses,Dresses,5,1,1080
General,Tops,Knits,5,1,860
General,Dresses,Dresses,5,1,1110
General Petite,Dresses,Dresses,5,1,1080
General Petite,Dresses,Dresses,5,1,1080
General,Tops,Blouses,5,1,833
General,Tops,Knits,3,0,860
General,Trend,Trend,5,1,1135
General,Dresses,Dresses,5,1,1110
General,Tops,Blouses,5,1,833
General,Bottoms,Jeans,5,1,1028
General,Tops,Knits,5,1,860
General,Tops,Knits,3,1,860
Initmates,Intimate,Swim,5,1,254
General,Bottoms,Jeans,5,1,1022
General,Tops,Blouses,4,1,833
General,Dresses,Dresses,5,1,1074
General,Bottoms,Jeans,5,1,1022
Initmates,Intimate,Swim,5,1,254
Initmates,Intimate,Layering,1,0,574
General,Tops,Knits,3,1,860
General Petite,Dresses,Dresses,5,1,1080
General,Dresses,Dresses,5,1,1110
General,Bottoms,Jeans,5,1,1022
General,Tops,Fine gauge,5,1,909
General Petite,Dresses,Dresses,3,0,1080
General,Tops,Sweaters,5,1,929
General Petite,Dresses,Dresses,5,1,1080
General,Tops,Knits,2,0,860
General,Tops,Knits,3,1,860
General,Dresses,Dresses,4,1,1110
General,Tops,Sweaters,4,1,929
General,Dresses,Dresses,5,1,1110
General Petite,Dresses,Dresses,4,1,1080
General,Tops,Knits,5,1,860
General,Tops,Sweaters,5,1,929
General,Tops,Knits,5,1,860
General,Tops,Sweaters,4,1,929
General Petite,Dresses,Dresses,5,1,1080
General Petite,Dresses,Dresses,5,1,1080
Initmates,Intimate,Swim,5,1,254
General Petite,Dresses,Dresses,5,1,1080
General Petite,Dresses,Dresses,5,1,1080
General Petite,Dresses,Dresses,5,1,1080
General,Bottoms,Jeans,5,1,1022
General,Dresses,Dresses,5,1,1080
Initmates,Intimate,Swim,4,1,254
General Petite,Tops,Fine gauge,5,1,895
General,Dresses,Dresses,5,1,1080
General,Dresses,Dresses,5,1,1080
General,Bottoms,Jeans,5,1,1022
General,Tops,Sweaters,5,1,929
General,Dresses,Dresses,5,1,1110
General,Dresses,Dresses,3,1,1110
General,Tops,Knits,5,1,860
General,Dresses,Dresses,4,1,1080
General,Tops,Knits,5,1,879
General Petite,Bottoms,Skirts,5,1,1009
General Petite,Bottoms,Pants,5,1,1068
General,Tops,Knits,4,1,879
General,Bottoms,Jeans,3,1,1025
Initmates,Intimate,Intimates,1,0,284
General Petite,Tops,Knits,3,1,862
General Petite,Bottoms,Skirts,4,1,1009
General Petite,Dresses,Dresses,5,1,1086
General,Tops,Blouses,5,1,838
General,Tops,Blouses,5,1,838
General Petite,Dresses,Dresses,3,1,1100
General,Tops,Knits,2,1,877
Initmates,Intimate,Legwear,5,1,157
General Petite,Bottoms,Pants,4,1,1068
General Petite,Tops,Knits,4,1,862
General,Tops,Knits,5,1,879
Initmates,Intimate,Legwear,5,1,157
General,Tops,Blouses,2,0,838
General,Bottoms,Jeans,4,1,1028
General,Bottoms,Jeans,4,1,1028
Initmates,Intimate,Legwear,4,1,157
General Petite,Bottoms,Pants,5,1,1068
General,Bottoms,Jeans,2,0,1028
General,Tops,Knits,4,1,877
General Petite,Bottoms,Pants,5,1,1068
General,Tops,Blouses,2,0,838
General,Tops,Blouses,2,0,838
General Petite,Dresses,Dresses,2,0,1100
General,Tops,Knits,2,1,877
General,Tops,Knits,3,1,877
General,Tops,Knits,3,0,877
General Petite,Bottoms,Pants,5,1,1060
General,Bottoms,Jeans,3,1,1036
General,Tops,Knits,2,0,879
General,Tops,Blouses,5,1,836
General,Bottoms,Jeans,5,1,1036
General Petite,Bottoms,Pants,5,1,1068
General,Tops,Knits,3,1,879
General,Tops,Knits,4,1,879
General Petite,Bottoms,Pants,5,1,1060
General Petite,Bottoms,Pants,5,1,1068
General Petite,Tops,Knits,5,1,862
General,Tops,Blouses,5,1,838
General Petite,Tops,Knits,5,1,862
General Petite,Bottoms,Pants,5,1,1068
General,Tops,Knits,1,0,879
General Petite,Bottoms,Pants,5,1,1068
General,Tops,Blouses,5,1,838
General,Tops,Knits,3,0,877
General Petite,Bottoms,Pants,4,1,771
General,Tops,Knits,3,0,879
General,Bottoms,Jeans,5,1,1025
General,Tops,Knits,3,1,862
General,Bottoms,Jeans,4,1,1028
General Petite,Bottoms,Pants,5,1,1068
General,Tops,Knits,4,1,877
General,Dresses,Dresses,5,1,1083
General Petite,Dresses,Dresses,5,1,1078
General,Dresses,Dresses,5,1,1083
General,Dresses,Dresses,5,1,1083
General,Dresses,Dresses,5,1,1083
General,Dresses,Dresses,5,1,1083
General,Dresses,Dresses,5,1,1083
General,Dresses,Dresses,5,1,1083
General,Dresses,Dresses,5,1,1083
General,Dresses,Dresses,5,1,1083
General,Dresses,Dresses,5,1,1083
General,Dresses,Dresses,5,1,1083
General,Dresses,Dresses,5,1,1083
General,Dresses,Dresses,3,0,1083
General Petite,Dresses,Dresses,4,1,1078
General,Dresses,Dresses,5,1,1083
General,Dresses,Dresses,5,1,1083
General,Dresses,Dresses,5,1,1083
General,Dresses,Dresses,3,1,1083
General,Dresses,Dresses,5,1,1083
General,Dresses,Dresses,5,1,1083
General,Dresses,Dresses,4,1,1083
General,Dresses,Dresses,4,1,1083
General,Bottoms,Skirts,5,1,1002
General,Dresses,Dresses,4,1,1083
General,Dresses,Dresses,5,1,1083
General Petite,Dresses,Dresses,5,1,1078
Initmates,Intimate,Lounge,5,1,632
General,Dresses,Dresses,5,1,1083
General Petite,Dresses,Dresses,5,1,1078
General,Bottoms,Jeans,5,1,1022
General,Dresses,Dresses,5,1,1083
General,Dresses,Dresses,5,1,1083
General,Tops,Fine gauge,5,1,907
General,Dresses,Dresses,5,1,1083
General,Bottoms,Skirts,5,1,1002
General,Dresses,Dresses,5,1,1083
General,Dresses,Dresses,5,1,1083
General,Dresses,Dresses,5,1,1083
General,Dresses,Dresses,5,1,1083
General,Dresses,Dresses,5,1,1083
General,Dresses,Dresses,5,1,1083
General,Dresses,Dresses,5,1,1083
General,Dresses,Dresses,5,1,1083
General,Dresses,Dresses,5,1,1083
General,Dresses,Dresses,5,1,1083
General,Dresses,Dresses,5,1,1083
General,Dresses,Dresses,3,0,1083
General,Dresses,Dresses,5,1,1083
General,Tops,Fine gauge,5,1,907
General,Dresses,Dresses,5,1,1083
General,Tops,Knits,5,1,871
General,Dresses,Dresses,5,1,1083
General,Bottoms,Jeans,2,0,1022
General,Dresses,Dresses,3,0,1083
General Petite,Tops,Sweaters,4,0,936
General,Dresses,Dresses,5,1,1083
Initmates,Intimate,Lounge,5,1,632
General,Dresses,Dresses,4,1,1083
General,Dresses,Dresses,5,1,1083
General,Bottoms,Jeans,5,1,1022
General,Bottoms,Jeans,5,1,1022
General,Dresses,Dresses,5,1,1083
General,Dresses,Dresses,5,1,1083
General,Dresses,Dresses,5,1,1083
General,Tops,Knits,5,1,867
General,Tops,Knits,2,0,865
General,Bottoms,Pants,2,0,1066
General,Tops,Knits,4,1,867
Initmates,Intimate,Intimates,3,0,87
General,Tops,Knits,5,1,867
General,Bottoms,Shorts,4,1,456
General,Tops,Knits,4,1,865
General Petite,Bottoms,Jeans,4,1,1037
General Petite,Bottoms,Jeans,2,0,1037
General,Bottoms,Shorts,4,1,456
General Petite,Bottoms,Skirts,2,0,1009
General,Tops,Knits,4,1,865
General,Bottoms,Pants,3,0,1066
General,Bottoms,Shorts,5,1,456
General,Bottoms,Jeans,5,1,1037
General,Bottoms,Pants,2,0,1066
General,Tops,Knits,4,1,886
General,Tops,Knits,3,0,865
General,Tops,Knits,5,1,865
General,Bottoms,Jeans,5,1,1037
General,Bottoms,Jeans,5,1,1037
General,Tops,Knits,2,0,867
General,Bottoms,Jeans,5,1,1037
General Petite,Bottoms,Pants,5,1,1067
Initmates,Intimate,Sleep,5,1,477
General,Tops,Blouses,5,1,838
General,Tops,Knits,4,1,886
General Petite,Bottoms,Pants,5,1,1067
General,Bottoms,Pants,4,1,1066
General,Bottoms,Jeans,5,1,1037
General,Bottoms,Pants,5,1,1066
General,Bottoms,Skirts,5,1,1008
General,Bottoms,Jeans,5,1,1037
General,Tops,Knits,4,1,886
Initmates,Intimate,Intimates,5,1,704
General,Bottoms,Shorts,5,1,456
General Petite,Tops,Knits,4,1,864
General,Bottoms,Jeans,5,1,1037
General,Tops,Sweaters,4,1,945
General,Jackets,Jackets,5,1,960
General Petite,Tops,Knits,3,1,864
General,Bottoms,Jeans,3,1,1030
General,Bottoms,Jeans,2,0,1030
General,Bottoms,Jeans,4,1,1037
General Petite,Tops,Knits,5,1,864
General,Dresses,Dresses,4,1,1081
General Petite,Tops,Knits,5,1,864
General,Dresses,Dresses,3,0,1081
General Petite,Tops,Knits,5,1,864
General Petite,Tops,Knits,3,1,864
General,Bottoms,Jeans,4,1,1037
General Petite,Tops,Knits,4,1,864
General,Bottoms,Jeans,5,1,1037
General,Jackets,Jackets,5,1,960
General,Jackets,Jackets,5,1,960
Initmates,Intimate,Intimates,5,1,209
General Petite,Tops,Knits,4,1,864
General Petite,Tops,Knits,5,1,864
General Petite,Dresses,Dresses,4,0,1081
General,Jackets,Jackets,5,1,960
General,Bottoms,Jeans,5,1,1037
General,Bottoms,Jeans,4,1,1037
General,Tops,Knits,2,0,867
General,Jackets,Jackets,4,1,960
General,Tops,Knits,5,1,864
General Petite,Dresses,Dresses,5,1,1110
General,Tops,Fine gauge,3,0,904
General Petite,Dresses,Dresses,4,1,1110
General Petite,Dresses,Dresses,5,1,1110
General Petite,Bottoms,Jeans,5,1,1038
General,Dresses,Dresses,5,1,1078
General,Tops,Fine gauge,5,1,907
General Petite,Bottoms,Skirts,3,1,1020
General,Tops,Fine gauge,2,0,907
General,Bottoms,Skirts,5,1,996
General,Tops,Fine gauge,4,1,907
General,Dresses,Dresses,2,0,1110
General,Dresses,Dresses,5,1,1110
General,Tops,Knits,5,1,868
Initmates,Intimate,Swim,1,0,315
Initmates,Intimate,Swim,5,1,315
General,Bottoms,Skirts,3,0,1003
General Petite,Dresses,Dresses,3,0,1104
General,Dresses,Dresses,4,1,1110
General,Tops,Knits,5,1,22
Initmates,Intimate,Layering,4,1,125
General,Tops,Knits,5,1,868
General,Tops,Fine gauge,5,1,907
General,Dresses,Dresses,5,1,1078
General,Tops,Fine gauge,5,1,907
General,Tops,Fine gauge,1,0,907
General,Tops,Fine gauge,5,1,907
General,Dresses,Dresses,5,1,1110
General Petite,Bottoms,Pants,5,1,437
General,Dresses,Dresses,5,1,1110
General,Tops,Fine gauge,3,1,907
General Petite,Bottoms,Pants,5,1,437
General,Dresses,Dresses,5,1,1110
General,Tops,Fine gauge,4,1,907
General,Dresses,Dresses,4,1,1110
General,Tops,Fine gauge,5,1,907
Initmates,Intimate,Swim,4,1,315
General Petite,Bottoms,Skirts,5,1,1020
General,Tops,Fine gauge,1,0,907
General,Dresses,Dresses,5,1,1110
General,Dresses,Dresses,5,1,1110
General Petite,Bottoms,Skirts,4,1,1020
General,Tops,Fine gauge,5,1,907
General,Dresses,Dresses,5,1,1110
General,Tops,Fine gauge,2,0,907
General,Bottoms,Skirts,4,1,1003
General,Bottoms,Jeans,5,1,1038
General,Dresses,Dresses,5,1,1110
General,Tops,Fine gauge,5,1,907
General,Dresses,Dresses,5,1,1110
General,Dresses,Dresses,1,0,1078
General,Dresses,Dresses,5,1,1110
General,Bottoms,Jeans,5,1,1038
General,Bottoms,Jeans,5,1,1038
General,Dresses,Dresses,4,1,1110
General,Dresses,Dresses,4,1,1078
General,Dresses,Dresses,5,1,1110
General,Dresses,Dresses,5,1,1078
General,Dresses,Dresses,5,1,1110
General,Dresses,Dresses,3,1,1078
General,Dresses,Dresses,5,1,1110
General,Dresses,Dresses,5,1,1078
General,Dresses,Dresses,1,0,1078
General,Dresses,Dresses,5,1,1110
General,Tops,Fine gauge,5,1,907
General,Dresses,Dresses,5,1,1110
Initmates,Intimate,Layering,2,0,125
General Petite,Bottoms,Pants,4,1,437
General,Tops,Knits,5,1,854
General,Tops,Knits,3,0,854
General Petite,Dresses,Dresses,4,1,1081
General Petite,Dresses,Dresses,5,1,1081
General,Tops,Sweaters,5,1,939
General,Tops,Knits,5,1,854
General Petite,Dresses,Dresses,5,1,1081
General,Bottoms,Jeans,5,1,1025
Initmates,Intimate,Intimates,2,0,743
General,Bottoms,Jeans,5,1,1025
General,Tops,Knits,4,1,863
General Petite,Dresses,Dresses,4,1,1081
General Petite,Dresses,Dresses,5,1,1081
General,Tops,Knits,5,1,860
General,Bottoms,Skirts,5,1,992
General Petite,Dresses,Dresses,5,1,1081
General Petite,Dresses,Dresses,5,1,1081
General,Tops,Knits,5,1,863
General Petite,Dresses,Dresses,4,1,1081
General,Tops,Knits,5,1,863
General,Dresses,Dresses,4,0,1099
General,Tops,Knits,5,1,863
General Petite,Dresses,Dresses,5,1,1081
General,Dresses,Dresses,5,1,1099
General,Tops,Knits,4,1,860
Initmates,Intimate,Swim,4,1,119
Initmates,Intimate,Swim,5,1,119
General Petite,Dresses,Dresses,3,0,1081
General,Tops,Knits,5,1,860
General,Dresses,Dresses,1,0,1099
General,Tops,Knits,4,1,863
General Petite,Dresses,Dresses,5,1,1081
General,Tops,Knits,5,1,854
General,Tops,Knits,5,1,863
General Petite,Dresses,Dresses,5,1,1081
General,Jackets,Jackets,5,1,960
General Petite,Dresses,Dresses,5,1,1081
General Petite,Dresses,Dresses,5,1,1081
General Petite,Dresses,Dresses,4,1,1081
General,Tops,Knits,4,1,863
General,Bottoms,Jeans,5,1,1026
General Petite,Dresses,Dresses,5,1,1081
General,Tops,Knits,5,1,863
General,Dresses,Dresses,2,0,1099
General,Dresses,Dresses,4,1,1099
General,Tops,Knits,5,1,863
General,Tops,Knits,4,1,863
Initmates,Intimate,Swim,5,1,119
General,Tops,Knits,2,0,860
General Petite,Dresses,Dresses,5,1,1081
General Petite,Dresses,Dresses,5,1,1081
General,Bottoms,Jeans,5,1,1026
Initmates,Intimate,Lounge,1,0,759
General Petite,Dresses,Dresses,1,0,1081
General,Tops,Blouses,3,1,815
General Petite,Dresses,Dresses,5,1,1081
General,Bottoms,Jeans,5,1,1025
General Petite,Dresses,Dresses,5,1,1081
General Petite,Dresses,Dresses,5,1,1081
General,Bottoms,Skirts,5,1,992
General,Dresses,Dresses,4,1,1099
General Petite,Dresses,Dresses,5,1,1081
General Petite,Dresses,Dresses,4,1,1081
General,Bottoms,Jeans,3,0,1027
General,Tops,Knits,5,1,863
General,Tops,Knits,5,1,854
General,Tops,Blouses,5,1,815
General,Tops,Knits,4,1,854
General,Jackets,Jackets,4,1,960
General,Dresses,Dresses,5,1,1083
General,Dresses,Dresses,4,0,1086
General Petite,Dresses,Dresses,5,1,1092
General Petite,Dresses,Dresses,5,1,1092
General Petite,Dresses,Dresses,2,0,1094
General,Dresses,Dresses,5,1,1083
General,Dresses,Dresses,5,1,1083
General Petite,Dresses,Dresses,4,1,1092
General,Dresses,Dresses,5,1,1083
General,Dresses,Dresses,3,0,1086
General,Dresses,Dresses,5,1,1083
General,Dresses,Dresses,3,0,1083
General,Dresses,Dresses,3,0,1083
General Petite,Dresses,Dresses,4,1,1094
General,Dresses,Dresses,4,1,1083
General Petite,Dresses,Dresses,5,1,1092
General Petite,Dresses,Dresses,5,1,1092
General Petite,Dresses,Dresses,5,1,1092
General,Dresses,Dresses,5,1,1083
General,Dresses,Dresses,4,1,1083
General Petite,Dresses,Dresses,4,1,1092
General Petite,Dresses,Dresses,2,0,1094
General,Dresses,Dresses,5,1,1086
General Petite,Dresses,Dresses,5,1,1092
Initmates,Intimate,Sleep,5,1,172
General Petite,Dresses,Dresses,5,1,1092
Initmates,Intimate,Sleep,5,1,172
Initmates,Intimate,Sleep,5,1,172
General,Dresses,Dresses,4,1,1107
General Petite,Dresses,Dresses,5,1,1092
General,Dresses,Dresses,3,1,1107
General Petite,Dresses,Dresses,5,1,1092
General,Dresses,Dresses,5,1,1083
General,Dresses,Dresses,4,1,1083
General,Dresses,Dresses,5,1,1083
General,Dresses,Dresses,5,1,1094
General Petite,Dresses,Dresses,3,0,1092
General Petite,Dresses,Dresses,2,0,1092
General,Jackets,Jackets,5,1,986
General,Dresses,Dresses,5,1,1086
General,Dresses,Dresses,3,1,1083
General,Bottoms,Pants,5,1,1053
General,Dresses,Dresses,5,1,1086
General,Dresses,Dresses,5,1,1094
General Petite,Dresses,Dresses,5,1,1092
General,Dresses,Dresses,5,1,1083
General,Dresses,Dresses,4,1,1086
General,Dresses,Dresses,1,0,1094
General Petite,Dresses,Dresses,1,0,1092
General Petite,Dresses,Dresses,5,1,1092
General,Bottoms,Skirts,3,0,1008
General Petite,Dresses,Dresses,2,0,1092
General,Dresses,Dresses,5,1,1083
General,Tops,Sweaters,5,1,934
Initmates,Intimate,Sleep,5,1,172
General Petite,Dresses,Dresses,3,0,1092
General Petite,Dresses,Dresses,5,1,1092
General Petite,Dresses,Dresses,5,1,1092
General,Dresses,Dresses,5,1,1086
General,Bottoms,Skirts,5,1,1008
General Petite,Dresses,Dresses,2,0,1092
General Petite,Dresses,Dresses,5,1,1092
General Petite,Dresses,Dresses,5,1,1092
Initmates,Intimate,Sleep,3,0,172
General Petite,Dresses,Dresses,5,1,1092
General Petite,Dresses,Dresses,5,1,1092
General,Dresses,Dresses,3,1,1107
General Petite,Dresses,Dresses,3,0,1092
General Petite,Dresses,Dresses,5,1,1092
General Petite,Dresses,Dresses,5,1,1092
General Petite,Dresses,Dresses,5,1,1092
General Petite,Dresses,Dresses,5,1,1092
General Petite,Dresses,Dresses,5,1,1092
General,Dresses,Dresses,5,1,1083
General Petite,Dresses,Dresses,4,1,1092
General,Dresses,Dresses,2,0,1086
Initmates,Intimate,Sleep,4,1,172
General Petite,Dresses,Dresses,4,1,1092
Initmates,Intimate,Sleep,2,0,172
General,Bottoms,Skirts,5,1,1008
General,Dresses,Dresses,5,1,1086
General,Dresses,Dresses,5,1,1086
General,Dresses,Dresses,3,0,1086
General,Jackets,Jackets,5,1,986
General,Dresses,Dresses,5,1,1086
General,Dresses,Dresses,5,1,1083
General,Bottoms,Skirts,5,1,990
General Petite,Dresses,Dresses,4,1,1092
General Petite,Dresses,Dresses,5,1,1092
General,Dresses,Dresses,5,1,1086
Initmates,Intimate,Sleep,5,1,172
General Petite,Bottoms,Pants,3,0,1066
General,Dresses,Dresses,5,1,1093
General,Tops,Sweaters,3,0,943
General,Dresses,Dresses,5,1,1093
General,Tops,Blouses,2,1,825
General Petite,Dresses,Dresses,5,1,1094
General,Dresses,Dresses,5,1,1093
General,Dresses,Dresses,5,1,1093
General,Dresses,Dresses,3,1,1086
General Petite,Bottoms,Jeans,2,0,1035
General,Tops,Knits,5,1,877
General Petite,Bottoms,Jeans,1,0,1035
General,Dresses,Dresses,4,1,1093
General,Tops,Sweaters,4,1,943
General Petite,Bottoms,Jeans,1,0,1035
General Petite,Bottoms,Pants,4,1,1050
General Petite,Tops,Blouses,2,0,830
General Petite,Tops,Blouses,5,1,830
Initmates,Intimate,Layering,5,1,143
General,Tops,Knits,4,1,872
General,Tops,Knits,5,1,877
General,Tops,Blouses,1,0,823
General,Tops,Knits,5,1,872
General,Dresses,Dresses,5,1,1093
General,Tops,Knits,5,1,877
General,Dresses,Dresses,3,1,1093
General,Dresses,Dresses,4,1,1093
General Petite,Bottoms,Pants,5,1,1050
General Petite,Tops,Blouses,5,1,830
General,Dresses,Dresses,2,0,1093
General Petite,Bottoms,Pants,3,1,1050
General Petite,Bottoms,Pants,5,1,1050
General,Dresses,Dresses,5,1,1093
General,Tops,Knits,5,1,12
General,Tops,Knits,5,1,877
General,Dresses,Dresses,4,1,1093
General,Dresses,Dresses,5,1,1093
General,Dresses,Dresses,5,1,1094
General Petite,Intimate,Lounge,5,1,356
General,Dresses,Dresses,5,1,1093
General Petite,Bottoms,Pants,5,1,1050
General,Dresses,Dresses,5,1,1093
General Petite,Bottoms,Pants,5,1,1050
General Petite,Dresses,Dresses,4,1,1103
General,Tops,Knits,5,1,866
General Petite,Dresses,Dresses,2,0,1092
General,Tops,Knits,4,1,866
Initmates,Intimate,Sleep,4,1,664
General Petite,Dresses,Dresses,5,1,1092
General,Tops,Knits,5,1,866
Initmates,Intimate,Swim,5,1,403
General Petite,Dresses,Dresses,3,0,1103
General Petite,Tops,Blouses,4,1,831
General Petite,Tops,Knits,5,1,868
Initmates,Intimate,Lounge,5,1,791
General Petite,Dresses,Dresses,5,1,1092
General,Tops,Knits,4,1,866
General,Tops,Knits,5,1,866
Initmates,Intimate,Swim,4,1,403
General,Dresses,Dresses,5,1,1086
General,Dresses,Dresses,5,1,1086
General Petite,Dresses,Dresses,4,1,1103
General Petite,Dresses,Dresses,1,0,1092
General,Dresses,Dresses,5,1,1086
Initmates,Intimate,Lounge,5,1,628
Initmates,Intimate,Sleep,5,1,664
General,Tops,Knits,4,1,866
General Petite,Tops,Blouses,4,1,831
Initmates,Intimate,Legwear,5,1,90
General Petite,Tops,Knits,5,1,876
General,Tops,Knits,5,1,873
General,Bottoms,Jeans,5,1,1030
Initmates,Intimate,Legwear,5,1,90
Initmates,Intimate,Legwear,3,1,90
Initmates,Intimate,Legwear,5,1,90
Initmates,Intimate,Legwear,5,1,90
Initmates,Intimate,Layering,5,1,208
General,Tops,Knits,4,1,872
Initmates,Intimate,Legwear,5,1,90
General Petite,Tops,Blouses,4,1,829
General,Tops,Knits,5,1,872
Initmates,Intimate,Legwear,4,1,90
General Petite,Tops,Blouses,5,1,829
General,Tops,Knits,2,1,873
General,Tops,Knits,4,1,873
General,Bottoms,Jeans,4,1,1030
General,Tops,Knits,5,1,873
General Petite,Tops,Blouses,3,1,829
General,Tops,Knits,5,1,873
General,Tops,Knits,5,1,873
Initmates,Intimate,Legwear,5,1,90
General,Dresses,Dresses,5,1,1110
Initmates,Intimate,Legwear,5,1,90
General,Tops,Knits,5,1,873
General Petite,Tops,Knits,1,0,876
General Petite,Tops,Blouses,2,0,829
General Petite,Tops,Blouses,3,1,829
Initmates,Intimate,Legwear,5,1,90
General,Tops,Knits,5,1,872
Initmates,Intimate,Legwear,2,0,90
Initmates,Intimate,Legwear,4,1,90
General,Tops,Knits,5,1,873
General Petite,Tops,Blouses,2,0,829
Initmates,Intimate,Legwear,1,0,90
General Petite,Tops,Blouses,5,1,829
General,Tops,Knits,5,1,873
General Petite,Tops,Knits,5,1,876
General Petite,Tops,Blouses,2,0,829
General Petite,Tops,Blouses,4,1,829
Initmates,Intimate,Legwear,5,1,90
General,Dresses,Dresses,5,1,1075
General Petite,Tops,Blouses,5,1,820
General Petite,Tops,Knits,5,1,862
General Petite,Tops,Fine gauge,5,1,906
General Petite,Tops,Fine gauge,5,1,906
General Petite,Bottoms,Skirts,4,1,996
General Petite,Tops,Knits,3,0,862
General,Dresses,Dresses,4,1,1080
General,Bottoms,Jeans,5,1,1025
General,Dresses,Dresses,5,1,1075
General,Tops,Knits,2,0,862
General,Tops,Knits,5,1,862
General,Bottoms,Jeans,5,1,1025
General,Bottoms,Skirts,4,1,1020
General,Dresses,Dresses,5,1,1078
General Petite,Bottoms,Jeans,5,1,1028
General,Tops,Knits,5,1,862
General,Trend,Trend,5,1,575
General,Dresses,Dresses,2,0,1078
General,Tops,Knits,4,1,862
General,Dresses,Dresses,5,1,1078
General,Jackets,Outerwear,5,1,1115
General,Bottoms,Jeans,5,1,1025
General,Dresses,Dresses,4,1,1075
General,Dresses,Dresses,1,0,1075
General Petite,Bottoms,Jeans,5,1,1028
General,Tops,Knits,3,1,862
General,Dresses,Dresses,5,1,1078
General,Tops,Knits,5,1,862
General,Tops,Knits,5,1,862
General,Tops,Knits,5,1,862
General Petite,Tops,Fine gauge,5,1,906
General,Jackets,Outerwear,5,1,1115
General,Dresses,Dresses,4,0,1075
General,Dresses,Dresses,1,0,1075
General,Bottoms,Skirts,5,1,1020
General,Tops,Knits,5,1,862
General,Tops,Knits,4,1,862
General,Tops,Knits,5,1,862
General,Bottoms,Jeans,5,1,1025
General,Dresses,Dresses,2,0,1078
General Petite,Tops,Fine gauge,5,1,906
General,Bottoms,Skirts,4,1,1020
General Petite,Bottoms,Skirts,3,0,996
General Petite,Bottoms,Skirts,5,1,996
General,Tops,Knits,5,1,862
General,Dresses,Dresses,3,1,1078
General Petite,Tops,Fine gauge,4,1,906
General,Tops,Knits,1,0,862
General,Tops,Knits,5,1,862
General,Dresses,Dresses,5,1,1075
General,Bottoms,Jeans,5,1,1025
General,Tops,Knits,3,0,862
General Petite,Bottoms,Skirts,2,0,996
General,Bottoms,Jeans,5,1,1025
General,Dresses,Dresses,5,1,1075
General Petite,Tops,Fine gauge,4,1,906
General Petite,Dresses,Dresses,5,1,1078
General Petite,Bottoms,Skirts,5,1,996
General,Dresses,Dresses,5,1,1075
General Petite,Dresses,Dresses,4,1,1078
General,Bottoms,Jeans,5,1,1025
General Petite,Tops,Blouses,4,1,820
General Petite,Bottoms,Skirts,5,1,996
General,Bottoms,Jeans,5,1,1025
General Petite,Tops,Knits,5,1,862
General Petite,Tops,Blouses,4,1,820
General Petite,Dresses,Dresses,1,0,1078
General,Bottoms,Jeans,5,1,1024
Initmates,Intimate,Lounge,4,1,375
Initmates,Intimate,Lounge,5,1,111
Initmates,Intimate,Lounge,5,1,375
General,Tops,Knits,5,1,864
Initmates,Intimate,Lounge,5,1,375
General,Tops,Knits,5,1,872
General,Tops,Knits,4,1,864
Initmates,Intimate,Lounge,5,1,375
Initmates,Intimate,Lounge,5,1,375
General Petite,Tops,Sweaters,5,1,949
General,Tops,Knits,5,1,872
General Petite,Tops,Knits,5,1,858
Initmates,Intimate,Layering,5,1,558
General Petite,Dresses,Dresses,5,1,1095
General,Tops,Blouses,5,1,830
Initmates,Intimate,Lounge,3,0,375
General,Tops,Knits,5,1,872
General,Tops,Knits,2,0,864
Initmates,Intimate,Lounge,4,1,375
Initmates,Intimate,Lounge,5,1,375
General,Tops,Knits,4,1,872
General,Tops,Knits,5,1,872
General,Tops,Blouses,5,1,830
General,Tops,Knits,4,1,872
General,Tops,Knits,5,1,872
General,Bottoms,Pants,3,0,1068
General,Jackets,Outerwear,5,1,1126
Initmates,Intimate,Lounge,5,1,375
General,Tops,Knits,5,1,872
General,Bottoms,Pants,5,1,1068
Initmates,Intimate,Layering,5,1,558
Initmates,Intimate,Lounge,5,1,375
Initmates,Intimate,Lounge,5,1,375
General,Tops,Knits,5,1,872
General,Tops,Knits,4,1,872
General,Tops,Knits,3,1,872
Initmates,Intimate,Lounge,5,1,375
Initmates,Intimate,Lounge,5,1,375
General,Jackets,Outerwear,3,1,1126
General,Tops,Knits,5,1,872
General Petite,Tops,Sweaters,3,0,949
General,Bottoms,Pants,1,0,1068
General,Tops,Knits,5,1,872
General,Tops,Knits,4,1,864
General,Tops,Knits,5,1,872
General,Tops,Knits,5,1,872
General,Tops,Knits,5,1,872
Initmates,Intimate,Layering,5,1,558
General,Tops,Knits,5,1,872
Initmates,Intimate,Lounge,5,1,375
General,Tops,Knits,5,1,872
Initmates,Intimate,Layering,4,1,558
General,Bottoms,Pants,4,1,1068
Initmates,Intimate,Lounge,5,1,375
General Petite,Tops,Knits,3,1,864
General,Tops,Blouses,5,1,830
General,Tops,Knits,5,1,872
Initmates,Intimate,Lounge,5,1,375
General Petite,Dresses,Dresses,5,1,1087
General,Bottoms,Skirts,5,1,1009
Initmates,Intimate,Lounge,5,1,375
General,Tops,Knits,4,1,872
General,Tops,Knits,5,1,872
General Petite,Tops,Knits,4,1,864
General,Tops,Knits,5,1,872
General Petite,Tops,Knits,5,1,864
General Petite,Tops,Knits,1,0,864
General Petite,Tops,Knits,4,1,864
General,Tops,Knits,5,1,872
Initmates,Intimate,Lounge,5,1,375
General,Tops,Blouses,5,1,830
General Petite,Tops,Knits,5,1,864
General,Bottoms,Jeans,4,1,1022
General,Tops,Knits,5,1,872
Initmates,Intimate,Lounge,5,1,375
General,Tops,Knits,4,1,872
General,Bottoms,Pants,5,1,1045
General Petite,Dresses,Dresses,5,1,1096
General Petite,Dresses,Dresses,5,1,1094
General,Tops,Blouses,2,0,829
General Petite,Dresses,Dresses,4,1,1096
General Petite,Dresses,Dresses,3,1,1096
General Petite,Dresses,Dresses,5,1,1096
General,Tops,Blouses,5,1,829
General,Tops,Blouses,2,0,829
General,Tops,Blouses,1,0,829
General,Tops,Blouses,5,1,829
General,Tops,Blouses,4,1,829
General,Tops,Blouses,5,1,829
General,Tops,Knits,5,1,872
General Petite,Dresses,Dresses,4,1,1096
General,Dresses,Dresses,5,1,1094
General,Tops,Blouses,1,0,829
General Petite,Dresses,Dresses,5,1,1096
General,Tops,Blouses,5,1,829
General,Tops,Blouses,5,1,829
General Petite,Dresses,Dresses,4,1,1096
General,Dresses,Dresses,5,1,1094
General,Tops,Blouses,3,0,829
General,Tops,Blouses,4,1,829
General Petite,Dresses,Dresses,4,1,1096
General Petite,Dresses,Dresses,2,0,1096
General,Tops,Knits,5,1,873
General,Dresses,Dresses,2,0,1094
General,Tops,Blouses,5,1,829
General,Tops,Blouses,5,1,829
General,Tops,Knits,1,0,868
General,Tops,Knits,5,1,873
General Petite,Dresses,Dresses,2,0,1096
General,Tops,Blouses,5,1,829
General,Tops,Blouses,5,1,829
General,Tops,Blouses,4,1,829
General Petite,Dresses,Dresses,4,1,1096
General,Tops,Blouses,2,0,829
General,Tops,Blouses,5,1,830
General,Tops,Blouses,5,1,829
General Petite,Tops,Knits,3,0,877
General Petite,Dresses,Dresses,5,1,1096
General,Tops,Knits,5,1,873
General,Tops,Blouses,2,0,829
General,Jackets,Jackets,1,0,986
General Petite,Dresses,Dresses,1,0,1094
General,Jackets,Jackets,1,0,986
General,Tops,Knits,5,1,873
General,Tops,Blouses,5,1,829
General,Tops,Blouses,2,0,829
General Petite,Tops,Blouses,1,0,831
General,Tops,Knits,5,1,873
General,Tops,Blouses,4,1,829
General Petite,Dresses,Dresses,3,0,1094
General,Tops,Blouses,4,1,829
General,Tops,Blouses,5,1,829
General Petite,Dresses,Dresses,5,1,1094
General,Tops,Blouses,2,0,829
General,Tops,Knits,5,1,872
General Petite,Dresses,Dresses,5,1,1096
General,Tops,Knits,4,1,873
General,Tops,Blouses,5,1,829
General,Tops,Blouses,5,1,829
General Petite,Dresses,Dresses,5,1,1096
General Petite,Dresses,Dresses,5,1,1081
General Petite,Dresses,Dresses,5,1,1096
General,Tops,Blouses,4,1,829
General Petite,Dresses,Dresses,4,1,1096
General,Tops,Blouses,3,0,829
General,Tops,Blouses,5,1,829
General,Tops,Knits,4,1,873
General Petite,Dresses,Dresses,5,1,1096
General,Tops,Blouses,3,0,829
General,Tops,Blouses,5,1,829
General Petite,Dresses,Dresses,4,0,1096
General Petite,Tops,Blouses,5,1,829
General Petite,Tops,Blouses,5,1,829
General Petite,Tops,Blouses,2,0,831
General Petite,Tops,Blouses,5,1,829
General Petite,Tops,Blouses,1,0,829
General,Dresses,Dresses,4,1,1086
General Petite,Jackets,Jackets,5,1,956
General,Dresses,Dresses,5,1,1086
General,Dresses,Dresses,5,1,1086
General Petite,Trend,Trend,3,1,561
General,Bottoms,Jeans,3,1,1022
General Petite,Jackets,Jackets,5,1,975
General,Bottoms,Jeans,5,1,1022
General,Bottoms,Jeans,5,1,1022
General,Bottoms,Jeans,5,1,1022
Initmates,Intimate,Lounge,5,1,731
General,Dresses,Dresses,2,0,1086
General,Dresses,Dresses,5,1,1086
General,Bottoms,Skirts,3,1,995
General Petite,Jackets,Jackets,5,1,956
General,Bottoms,Jeans,5,1,1022
General,Bottoms,Jeans,5,1,1022
General,Dresses,Dresses,5,1,1086
General,Dresses,Dresses,3,0,1089
General Petite,Jackets,Jackets,5,1,956
General Petite,Jackets,Jackets,2,0,975
General,Dresses,Dresses,2,0,1086
General,Bottoms,Jeans,5,1,1022
General,Bottoms,Skirts,5,1,995
General,Tops,Sweaters,5,1,933
General,Dresses,Dresses,4,1,1086
General,Dresses,Dresses,4,1,1086
General,Dresses,Dresses,4,1,1086
General,Dresses,Dresses,5,1,1089
Initmates,Intimate,Lounge,4,1,731
General,Bottoms,Jeans,5,1,1022
General,Bottoms,Jeans,5,1,1022
General,Bottoms,Jeans,5,1,1022
General,Bottoms,Skirts,2,0,995
General,Bottoms,Jeans,5,1,1022
General,Dresses,Dresses,5,1,1086
General,Tops,Sweaters,3,1,933
General,Bottoms,Jeans,2,0,1022
General Petite,Dresses,Dresses,4,1,1081
General,Tops,Fine gauge,4,1,895
General Petite,Bottoms,Jeans,5,1,1025
General Petite,Dresses,Dresses,3,0,1094
General Petite,Bottoms,Jeans,4,1,1025
General Petite,Bottoms,Jeans,5,1,1025
General Petite,Dresses,Dresses,4,1,1081
General,Jackets,Jackets,5,1,967
General,Dresses,Dresses,4,1,1074
General Petite,Dresses,Dresses,5,1,1094
General Petite,Dresses,Dresses,5,1,1081
General,Dresses,Dresses,3,0,1074
General,Bottoms,Jeans,5,1,1022
General Petite,Tops,Blouses,2,0,847
General,Dresses,Dresses,5,1,1074
General Petite,Dresses,Dresses,5,1,1081
General,Bottoms,Pants,5,1,1070
General Petite,Dresses,Dresses,5,1,1081
General,Dresses,Dresses,5,1,1074
General Petite,Tops,Blouses,5,1,834
General,Bottoms,Jeans,5,1,1030
General Petite,Dresses,Dresses,5,1,1081
General Petite,Tops,Fine gauge,3,0,895
General,Trend,Trend,1,0,572
General Petite,Tops,Blouses,4,1,834
General Petite,Tops,Blouses,5,1,834
General,Jackets,Jackets,5,1,967
General,Dresses,Dresses,5,1,1074
General Petite,Dresses,Dresses,5,1,1094
General Petite,Bottoms,Jeans,5,1,1025
General,Dresses,Dresses,5,1,1081
General,Bottoms,Pants,5,1,1070
General,Bottoms,Jeans,3,1,1030
General,Dresses,Dresses,3,1,1074
General Petite,Tops,Fine gauge,3,1,895
General,Dresses,Dresses,5,1,1081
General,Trend,Trend,2,0,572
General,Bottoms,Jeans,4,1,1022
General Petite,Tops,Knits,1,0,868
General,Tops,Knits,3,1,861
General,Dresses,Dresses,5,1,1072
General,Dresses,Dresses,5,1,1072
General Petite,Dresses,Dresses,5,1,1104
General Petite,Tops,Knits,4,1,868
General,Tops,Blouses,1,0,825
General Petite,Dresses,Dresses,5,1,1104
General,Bottoms,Jeans,4,1,1022
General Petite,Dresses,Dresses,2,1,1104
General Petite,Tops,Fine gauge,5,1,903
General Petite,Dresses,Dresses,5,1,1104
General Petite,Tops,Knits,5,1,868
General Petite,Tops,Knits,5,1,868
General Petite,Tops,Knits,5,1,868
General,Dresses,Dresses,4,1,1072
General Petite,Tops,Knits,5,1,868
General,Tops,Knits,3,0,868
General,Tops,Knits,3,0,868
General,Tops,Knits,3,0,868
General,Dresses,Dresses,4,1,1072
General,Tops,Blouses,3,0,825
General,Dresses,Dresses,2,0,1072
General,Tops,Knits,4,1,868
General,Tops,Knits,4,1,868
General,Tops,Knits,5,1,868
General,Bottoms,Jeans,3,1,1022
General,Tops,Knits,3,1,868
General,Tops,Knits,5,1,868
General,Tops,Knits,4,1,868
General,Dresses,Dresses,3,0,1072
General,Bottoms,Jeans,3,1,1022
General,Tops,Knits,4,1,868
General,Tops,Knits,5,1,868
General,Tops,Knits,5,1,861
Initmates,Intimate,Swim,3,1,701
General,Bottoms,Pants,4,1,1065
General,Tops,Knits,5,1,868
General,Tops,Knits,5,1,868
General,Tops,Knits,5,1,868
General,Dresses,Dresses,5,1,1072
General,Dresses,Dresses,5,1,1072
General,Dresses,Dresses,5,1,1072
General,Tops,Knits,5,1,868
General,Dresses,Dresses,4,1,1072
General Petite,Bottoms,Jeans,5,1,1025
General Petite,Tops,Fine gauge,1,0,903
General,Dresses,Dresses,5,1,1072
General Petite,Bottoms,Jeans,5,1,1025
General Petite,Bottoms,Jeans,5,1,1025
General,Bottoms,Jeans,5,1,1022
General Petite,Tops,Fine gauge,3,0,903
General Petite,Bottoms,Jeans,5,1,1025
General,Tops,Blouses,5,1,825
General,Tops,Knits,3,0,868
General Petite,Bottoms,Jeans,4,1,1025
General,Tops,Knits,3,1,868
General,Tops,Knits,4,1,868
General,Tops,Knits,4,1,861
General Petite,Bottoms,Jeans,5,1,1025
General,Tops,Knits,4,1,868
General,Tops,Knits,4,1,868
General,Tops,Knits,4,1,868
General,Tops,Knits,5,1,868
General,Tops,Blouses,5,1,825
General,Tops,Sweaters,5,1,939
General,Tops,Knits,4,1,868
General Petite,Bottoms,Jeans,5,1,1025
General,Tops,Knits,5,1,868
General,Tops,Knits,3,0,868
General,Tops,Knits,4,1,868
General,Tops,Knits,4,1,868
General,Dresses,Dresses,5,1,1072
General,Tops,Knits,5,1,868
General,Dresses,Dresses,5,1,1104
General,Tops,Knits,3,0,868
General,Tops,Sweaters,5,1,939
General Petite,Tops,Knits,4,1,862
General,Tops,Sweaters,2,0,941
General Petite,Dresses,Dresses,5,1,1081
General,Tops,Sweaters,5,1,941
General,Tops,Sweaters,1,0,941
General Petite,Dresses,Dresses,5,1,1081
General Petite,Tops,Knits,3,1,862
General,Tops,Sweaters,3,0,941
General,Tops,Sweaters,5,1,941
General,Tops,Sweaters,5,1,941
General Petite,Dresses,Dresses,4,1,1081
General,Tops,Sweaters,5,1,941
General,Tops,Sweaters,4,1,941
General Petite,Dresses,Dresses,4,1,1081
General Petite,Dresses,Dresses,5,1,1081
General Petite,Dresses,Dresses,5,1,1081
General Petite,Bottoms,Pants,3,0,1066
General Petite,Dresses,Dresses,5,1,1081
General,Tops,Sweaters,4,1,941
General Petite,Tops,Knits,3,0,862
General Petite,Bottoms,Pants,5,1,1066
General,Jackets,Outerwear,3,1,1131
General,Tops,Sweaters,4,1,941
Initmates,Intimate,Legwear,5,1,141
General,Tops,Sweaters,5,1,941
General,Jackets,Jackets,3,0,965
General,Tops,Sweaters,5,1,941
General,Tops,Sweaters,3,0,941
General Petite,Dresses,Dresses,1,0,1081
General,Tops,Sweaters,5,1,941
General,Jackets,Outerwear,5,1,1131
General Petite,Tops,Knits,2,0,862
General Petite,Tops,Knits,5,1,862
General,Tops,Sweaters,4,1,941
General,Tops,Sweaters,5,1,941
General,Jackets,Outerwear,5,1,1119
General,Tops,Knits,4,1,867
General,Tops,Knits,5,1,867
General,Tops,Sweaters,5,1,949
General,Tops,Knits,4,0,867
General Petite,Intimate,Lounge,5,1,667
General Petite,Tops,Knits,5,1,863
General Petite,Tops,Knits,4,1,863
General,Tops,Knits,3,1,867
General,Bottoms,Skirts,4,1,998
General,Bottoms,Skirts,5,1,998
General,Tops,Knits,3,0,867
General,Tops,Sweaters,4,1,949
General Petite,Bottoms,Skirts,2,0,995
General Petite,Intimate,Lounge,5,1,667
General,Tops,Sweaters,5,1,949
General Petite,Tops,Knits,5,1,863
General,Tops,Knits,5,1,867
General,Tops,Knits,4,1,867
General,Jackets,Outerwear,5,1,1119
General,Tops,Knits,2,0,867
General Petite,Intimate,Lounge,5,1,667
General,Tops,Knits,3,0,858
General Petite,Tops,Knits,2,0,863
General Petite,Intimate,Lounge,5,1,667
General,Tops,Knits,4,1,867
General,Tops,Knits,5,1,867
General,Tops,Sweaters,5,1,949
General,Tops,Knits,5,1,867
General,Jackets,Outerwear,5,1,1119
General Petite,Tops,Knits,5,1,863
General Petite,Tops,Knits,5,1,863
General Petite,Tops,Knits,5,1,863
General,Tops,Knits,4,1,867
General,Jackets,Outerwear,5,1,1119
General Petite,Intimate,Lounge,4,1,667
General Petite,Intimate,Lounge,5,1,667
General,Tops,Knits,2,0,862
General,Tops,Blouses,5,1,835
General,Jackets,Jackets,4,1,983
General,Tops,Blouses,5,1,835
General,Tops,Blouses,5,1,835
General,Tops,Knits,5,1,862
General Petite,Tops,Blouses,5,1,824
General Petite,Tops,Blouses,4,1,824
General Petite,Dresses,Dresses,5,1,1110
General,Tops,Knits,5,1,862
General,Tops,Knits,5,1,862
General Petite,Tops,Blouses,5,1,824
General Petite,Dresses,Dresses,5,1,1078
General Petite,Tops,Fine gauge,5,1,903
General,Dresses,Dresses,5,1,1110
General,Tops,Blouses,4,1,835
General,Tops,Knits,4,1,862
General,Tops,Knits,1,0,862
General Petite,Tops,Blouses,4,1,824
General,Tops,Blouses,5,1,835
General Petite,Tops,Fine gauge,4,1,903
General,Tops,Blouses,3,0,835
General Petite,Tops,Fine gauge,5,1,903
General,Dresses,Dresses,3,0,1110
General,Tops,Sweaters,5,1,950
General Petite,Dresses,Dresses,4,1,1078
General,Tops,Sweaters,5,1,939
General,Tops,Sweaters,4,1,950
General Petite,Dresses,Dresses,1,0,1078
General,Tops,Blouses,5,1,835
General,Tops,Knits,3,0,858
General,Tops,Knits,5,1,862
General,Tops,Blouses,3,0,835
General,Tops,Knits,5,1,862
General,Tops,Knits,5,1,862
General,Tops,Blouses,5,1,835
General,Jackets,Jackets,4,1,983
General,Tops,Blouses,3,0,835
General,Dresses,Dresses,4,1,1110
General Petite,Tops,Blouses,5,1,824
General,Tops,Sweaters,1,0,950
General Petite,Tops,Blouses,5,1,824
General,Tops,Blouses,5,1,835
General,Jackets,Jackets,5,1,983
General,Dresses,Dresses,4,1,1110
General,Tops,Knits,2,0,862
General,Dresses,Dresses,4,1,1078
General,Tops,Sweaters,4,1,939
General,Tops,Blouses,5,1,840
General,Tops,Knits,5,1,862
General,Tops,Knits,5,1,862
General,Dresses,Dresses,5,1,1078
General,Tops,Knits,4,1,862
General,Tops,Knits,3,0,862
General,Jackets,Jackets,2,0,983
General,Tops,Blouses,3,0,835
General,Tops,Blouses,5,1,835
General,Jackets,Jackets,5,1,983
General,Tops,Sweaters,5,1,950
General,Tops,Blouses,3,1,835
General,Tops,Blouses,4,1,840
General,Dresses,Dresses,5,1,1078
General,Jackets,Jackets,5,1,983
General,Dresses,Dresses,3,1,1110
General,Tops,Blouses,5,1,840
General,Tops,Knits,1,0,862
General,Tops,Sweaters,5,0,939
General,Tops,Blouses,5,1,835
General,Dresses,Dresses,3,1,1078
General Petite,Tops,Blouses,5,1,824
General,Tops,Knits,4,1,858
General,Tops,Sweaters,4,1,950
General,Tops,Blouses,5,1,840
General,Tops,Knits,1,0,862
General,Tops,Blouses,4,0,835
General Petite,Tops,Blouses,4,1,824
General,Tops,Blouses,4,1,835
General,Tops,Blouses,5,1,835
General,Tops,Knits,3,1,868
General,Dresses,Dresses,4,1,1078
General Petite,Intimate,Lounge,5,1,693
General Petite,Tops,Blouses,3,1,850
General,Bottoms,Jeans,5,1,1022
General,Bottoms,Jeans,5,1,1022
General,Tops,Knits,5,1,861
General Petite,Tops,Blouses,5,1,850
General,Tops,Knits,4,1,868
General,Dresses,Dresses,5,1,1078
General Petite,Tops,Blouses,2,0,850
General,Tops,Knits,4,1,868
General,Bottoms,Jeans,3,0,1022
General Petite,Jackets,Jackets,5,1,964
General,Dresses,Dresses,4,1,1078
General,Tops,Knits,3,0,861
General,Bottoms,Jeans,5,1,1022
General,Dresses,Dresses,4,1,1078
General,Tops,Fine gauge,4,1,901
General,Dresses,Dresses,4,1,1078
General,Bottoms,Jeans,5,1,1022
General,Tops,Knits,5,1,868
Initmates,Intimate,Lounge,4,1,682
General Petite,Tops,Blouses,2,0,850
General Petite,Intimate,Lounge,2,0,693
General Petite,Intimate,Lounge,3,0,693
General,Dresses,Dresses,4,1,1078
General Petite,Dresses,Dresses,5,1,1092
General,Tops,Blouses,5,1,825
General,Tops,Blouses,5,1,825
General,Tops,Blouses,5,1,830
General,Tops,Blouses,4,1,830
General,Dresses,Dresses,4,1,1078
General,Tops,Blouses,5,1,825
General,Tops,Blouses,5,1,825
General,Tops,Blouses,5,1,825
General,Tops,Blouses,5,1,830
General,Tops,Blouses,2,0,825
Initmates,Intimate,Legwear,5,1,457
General,Dresses,Dresses,5,1,1078
General,Tops,Blouses,5,1,825
General,Tops,Blouses,5,1,830
General,Dresses,Dresses,3,0,1078
General Petite,Dresses,Dresses,5,1,1092
General,Dresses,Dresses,5,1,1078
General,Bottoms,Jeans,4,1,1028
General,Bottoms,Jeans,4,1,1028
General,Tops,Blouses,5,1,825
General,Dresses,Dresses,5,1,1078
General,Bottoms,Jeans,4,1,1028
General,Dresses,Dresses,4,1,1078
General Petite,Dresses,Dresses,5,1,1092
General,Bottoms,Jeans,5,1,1028
General,Tops,Blouses,5,1,825
General,Dresses,Dresses,4,1,1078
General Petite,Bottoms,Jeans,3,1,1025
General Petite,Bottoms,Jeans,5,1,1025
General,Dresses,Dresses,4,1,1078
General,Dresses,Dresses,5,1,1099
General,Tops,Knits,4,1,867
General,Bottoms,Jeans,5,1,1036
General,Dresses,Dresses,5,1,1078
General,Tops,Knits,5,1,867
General,Tops,Knits,4,1,867
General,Dresses,Dresses,5,1,1078
General Petite,Tops,Blouses,5,1,815
General,Tops,Knits,5,1,867
General,Jackets,Jackets,5,1,960
General Petite,Tops,Sweaters,4,1,927
General Petite,Tops,Blouses,5,1,850
General,Tops,Knits,4,1,867
General Petite,Tops,Blouses,5,1,850
General,Dresses,Dresses,3,1,1078
General Petite,Tops,Sweaters,3,0,927
General,Jackets,Jackets,1,0,975
General Petite,Dresses,Dresses,3,0,1078
General,Tops,Knits,5,1,867
General Petite,Tops,Blouses,5,1,850
General Petite,Jackets,Outerwear,3,0,1117
General,Tops,Knits,3,0,867
General,Jackets,Jackets,3,1,960
General Petite,Tops,Sweaters,3,0,927
General Petite,Dresses,Dresses,4,0,1078
General Petite,Tops,Blouses,5,1,850
General,Jackets,Jackets,5,1,960
General Petite,Tops,Blouses,5,1,850
General Petite,Tops,Blouses,5,1,850
General,Tops,Knits,5,1,867
General Petite,Dresses,Dresses,5,1,1078
General Petite,Tops,Blouses,5,1,850
General,Tops,Knits,4,1,867
General,Jackets,Jackets,5,1,960
General Petite,Dresses,Dresses,5,1,1078
General Petite,Dresses,Dresses,3,0,1078
General,Jackets,Jackets,5,1,960
General,Jackets,Jackets,5,1,960
General Petite,Bottoms,Jeans,5,1,1038
General Petite,Dresses,Dresses,5,1,1078
General,Tops,Knits,3,1,867
General Petite,Tops,Sweaters,1,0,927
General,Tops,Knits,5,1,867
General Petite,Dresses,Dresses,5,1,1078
General Petite,Dresses,Dresses,4,1,1078
General,Tops,Knits,4,1,867
General Petite,Dresses,Dresses,3,0,1078
General Petite,Tops,Blouses,5,1,850
General,Jackets,Jackets,5,1,960
General,Tops,Blouses,2,0,818
General,Tops,Knits,4,1,868
General,Bottoms,Jeans,5,1,1022
Initmates,Intimate,Lounge,5,1,518
General,Dresses,Dresses,5,1,1079
General,Bottoms,Jeans,5,1,1022
General,Tops,Fine gauge,5,1,907
General,Dresses,Dresses,1,0,1079
General,Bottoms,Jeans,5,1,1022
General,Tops,Knits,2,0,868
General,Dresses,Dresses,2,1,1079
General,Jackets,Jackets,5,1,986
General,Dresses,Dresses,2,0,1079
General,Dresses,Dresses,5,1,1079
General,Bottoms,Jeans,4,1,1022
General Petite,Tops,Blouses,2,1,829
General,Bottoms,Pants,4,1,1054
General,Tops,Knits,5,1,865
General,Jackets,Jackets,4,1,986
General,Bottoms,Jeans,5,1,1022
General Petite,Tops,Blouses,5,1,829
General Petite,Tops,Blouses,5,1,829
General Petite,Bottoms,Pants,2,1,1052
General,Bottoms,Jeans,5,1,1022
General,Bottoms,Pants,5,1,1054
General,Dresses,Dresses,4,1,1079
General,Tops,Knits,5,1,865
General,Bottoms,Pants,4,0,1054
General,Tops,Knits,3,0,868
General Petite,Bottoms,Pants,2,0,1052
General Petite,Tops,Blouses,4,1,829
General,Dresses,Dresses,5,1,1079
General Petite,Bottoms,Pants,2,0,1052
Initmates,Intimate,Intimates,4,1,695
General,Dresses,Dresses,5,1,1079
General,Tops,Knits,5,1,865
General,Dresses,Dresses,5,1,1079
General Petite,Bottoms,Pants,4,1,1052
General,Tops,Blouses,5,1,829
General,Tops,Fine gauge,5,1,907
General,Tops,Fine gauge,3,1,907
General,Bottoms,Pants,5,1,1054
General,Bottoms,Jeans,5,1,1022
General,Tops,Blouses,5,1,829
General,Bottoms,Pants,5,1,1054
General,Bottoms,Pants,5,1,1054
General,Dresses,Dresses,4,1,1079
General,Tops,Fine gauge,5,1,907
General,Dresses,Dresses,2,0,1079
General,Tops,Fine gauge,5,1,907
General,Dresses,Dresses,3,1,1079
General,Dresses,Dresses,4,1,1079
General,Tops,Knits,4,1,868
General,Dresses,Dresses,1,0,1079
General,Tops,Knits,5,1,865
Initmates,Intimate,Intimates,5,1,695
General,Tops,Blouses,4,1,829
General,Dresses,Dresses,4,1,1079
General,Tops,Knits,5,1,868
Initmates,Intimate,Lounge,4,1,518
General,Dresses,Dresses,2,0,1079
General,Tops,Blouses,5,1,829
General,Dresses,Dresses,4,1,1079
General,Tops,Blouses,5,1,829
General Petite,Bottoms,Jeans,5,1,1022
General,Dresses,Dresses,3,0,1079
General,Trend,Trend,4,1,1138
General Petite,Bottoms,Pants,5,1,1052
General,Dresses,Dresses,3,1,1079
General,Dresses,Dresses,4,0,1099
General,Tops,Knits,4,1,865
General,Bottoms,Jeans,4,1,1022
General,Tops,Blouses,3,0,823
General,Dresses,Dresses,5,1,1079
General,Dresses,Dresses,4,1,1079
General,Dresses,Dresses,4,1,1079
General,Dresses,Dresses,5,1,1098
General,Bottoms,Jeans,5,1,1022
General,Tops,Knits,4,1,865
General,Dresses,Dresses,4,1,1079
General,Tops,Blouses,5,1,829
General,Tops,Fine gauge,5,1,907
General,Dresses,Dresses,4,1,1079
General,Tops,Knits,5,1,872
General,Tops,Knits,5,1,872
General,Tops,Knits,4,1,872
General,Tops,Knits,4,1,872
General Petite,Dresses,Dresses,5,1,1111
General,Bottoms,Shorts,5,1,333
General,Bottoms,Pants,4,1,1059
General Petite,Tops,Knits,5,1,872
General Petite,Tops,Knits,5,1,872
General,Bottoms,Shorts,5,1,333
General Petite,Tops,Knits,5,1,872
General Petite,Tops,Knits,5,1,872
General,Bottoms,Shorts,3,1,333
General Petite,Tops,Knits,5,1,872
General,Bottoms,Pants,5,1,1045
General,Bottoms,Pants,5,1,1059
General,Bottoms,Pants,5,1,1054
General,Tops,Knits,5,1,872
General,Bottoms,Shorts,4,1,333
General,Tops,Knits,5,1,872
General,Tops,Knits,4,1,872
General,Tops,Knits,4,1,872
General,Tops,Knits,4,1,872
General Petite,Tops,Knits,5,1,879
General,Tops,Knits,5,1,872
General,Bottoms,Pants,5,1,1059
General,Bottoms,Shorts,4,1,333
General Petite,Tops,Knits,2,0,879
General,Tops,Knits,5,1,872
General,Tops,Blouses,1,0,818
General,Tops,Knits,3,1,872
General,Bottoms,Jeans,5,1,1022
General Petite,Tops,Knits,5,1,879
General,Tops,Knits,5,1,872
General,Jackets,Outerwear,5,1,1117
General,Tops,Knits,4,1,872
General,Bottoms,Pants,5,1,1054
General,Tops,Sweaters,5,1,936
General,Bottoms,Pants,1,0,1059
General,Tops,Knits,5,1,872
General,Tops,Knits,5,1,872
General,Tops,Knits,3,0,872
General,Tops,Knits,2,0,868
General Petite,Jackets,Jackets,5,1,964
General,Tops,Blouses,5,1,829
General,Tops,Knits,5,1,868
General,Tops,Knits,5,1,872
General,Tops,Knits,5,1,872
General,Tops,Knits,3,1,860
General,Tops,Knits,4,1,854
General,Tops,Knits,4,1,860
General,Tops,Knits,5,1,854
General,Tops,Knits,5,1,872
General,Tops,Knits,3,0,872
General,Tops,Knits,5,1,872
Initmates,Intimate,Sleep,5,1,196
General Petite,Jackets,Jackets,1,0,964
General,Tops,Knits,2,0,854
Initmates,Intimate,Sleep,5,1,196
General,Tops,Knits,5,1,872
General Petite,Tops,Knits,4,1,866
General,Tops,Knits,5,1,854
General Petite,Bottoms,Pants,3,0,1052
General,Tops,Knits,5,1,860
General,Tops,Knits,5,1,860
General,Tops,Knits,3,0,872
General Petite,Jackets,Jackets,5,1,964
Initmates,Intimate,Sleep,5,1,196
General,Dresses,Dresses,4,1,1089
General Petite,Tops,Blouses,5,1,829
General Petite,Bottoms,Pants,4,1,1052
General,Tops,Knits,4,1,872
General,Tops,Knits,4,1,860
General Petite,Tops,Knits,4,1,860
Initmates,Intimate,Intimates,4,1,78
General,Dresses,Dresses,5,1,1089
General Petite,Tops,Knits,4,1,860
General Petite,Tops,Knits,3,0,860
General Petite,Tops,Knits,3,1,860
Initmates,Intimate,Swim,5,1,342
General Petite,Tops,Blouses,3,1,829
General,Tops,Knits,4,1,872
General,Tops,Knits,4,1,854
General Petite,Tops,Blouses,3,1,829
General Petite,Tops,Knits,4,1,860
Initmates,Intimate,Sleep,5,1,196
General,Tops,Knits,5,1,872
General Petite,Tops,Knits,5,1,860
Initmates,Intimate,Swim,5,1,79
Initmates,Intimate,Sleep,5,1,196
General Petite,Tops,Blouses,5,1,829
General Petite,Tops,Blouses,2,0,829
General Petite,Tops,Knits,5,1,868
General Petite,Tops,Blouses,5,1,829
General Petite,Tops,Blouses,4,1,829
General Petite,Tops,Blouses,1,0,815
General Petite,Tops,Blouses,5,1,829
General Petite,Tops,Blouses,4,1,829
General Petite,Tops,Knits,5,1,868
General Petite,Tops,Blouses,5,1,829
General Petite,Tops,Blouses,5,1,829
General Petite,Tops,Blouses,5,1,824
General Petite,Tops,Blouses,4,1,829
General Petite,Bottoms,Pants,4,1,473
General Petite,Tops,Blouses,3,0,829
General Petite,Tops,Blouses,5,1,829
General Petite,Tops,Blouses,4,1,829
General Petite,Tops,Blouses,5,1,829
General Petite,Tops,Blouses,5,1,829
General Petite,Tops,Sweaters,4,1,941
General,Tops,Blouses,4,1,829
General,Tops,Blouses,5,1,829
General,Tops,Blouses,5,1,829
General,Tops,Blouses,5,1,829
General,Tops,Blouses,4,1,829
General Petite,Tops,Blouses,5,1,824
General,Tops,Knits,1,0,869
General,Dresses,Dresses,3,0,1077
General,Tops,Blouses,2,0,829
General,Tops,Blouses,5,1,829
General,Dresses,Dresses,5,1,1077
General,Tops,Blouses,5,1,829
General,Tops,Blouses,5,1,829
General,Tops,Blouses,5,1,829
General,Tops,Blouses,5,1,829
General,Tops,Blouses,5,1,829
General Petite,Tops,Blouses,1,0,829
General,Dresses,Dresses,5,1,1077
General Petite,Tops,Blouses,5,1,824
General,Tops,Knits,5,1,869
General Petite,Tops,Blouses,4,1,829
General Petite,Tops,Blouses,5,1,829
General Petite,Tops,Blouses,4,1,824
General,Tops,Knits,5,1,872
General Petite,Tops,Blouses,5,1,829
General,Tops,Knits,5,1,872
General Petite,Tops,Blouses,5,1,824
General,Dresses,Dresses,5,1,1077
General,Jackets,Jackets,3,0,964
General Petite,Tops,Blouses,5,1,829
General Petite,Tops,Blouses,5,1,829
General Petite,Bottoms,Pants,5,1,473
General Petite,Tops,Blouses,3,0,829
General Petite,Tops,Blouses,5,1,829
General Petite,Tops,Blouses,5,1,824
General Petite,Tops,Blouses,5,1,829
General Petite,Tops,Blouses,5,1,831
General,Bottoms,Jeans,5,1,1031
Initmates,Intimate,Lounge,4,1,804
General,Dresses,Dresses,5,1,1077
General,Bottoms,Shorts,5,1,602
General,Tops,Blouses,5,1,820
General,Dresses,Dresses,4,1,1077
Initmates,Intimate,Lounge,5,1,303
General,Dresses,Dresses,5,1,1077
General,Dresses,Dresses,4,1,1077
General,Dresses,Dresses,5,1,1077
General,Bottoms,Skirts,5,1,1008
General,Bottoms,Pants,3,0,1042
Initmates,Intimate,Lounge,5,1,804
General,Bottoms,Shorts,3,0,602
General Petite,Tops,Blouses,4,1,831
General,Bottoms,Shorts,5,1,602
General,Dresses,Dresses,5,1,1094
General,Bottoms,Shorts,5,1,602
General Petite,Tops,Blouses,5,1,831
General,Dresses,Dresses,4,1,1077
General,Bottoms,Jeans,4,1,1031
General,Bottoms,Jeans,4,1,1031
General,Bottoms,Shorts,4,1,602
General,Bottoms,Skirts,4,1,1008
General,Dresses,Dresses,5,1,1077
General,Bottoms,Skirts,5,1,1008
General,Dresses,Dresses,4,1,1077
General,Tops,Blouses,4,1,820
General Petite,Tops,Blouses,3,1,831
General,Dresses,Dresses,4,1,1077
General,Dresses,Dresses,5,1,1077
General,Bottoms,Shorts,3,1,602
General,Bottoms,Pants,5,1,1042
General,Bottoms,Pants,3,1,1042
General,Bottoms,Skirts,5,1,1008
General,Bottoms,Shorts,4,1,602
General,Bottoms,Skirts,5,1,1008
General,Bottoms,Skirts,4,1,1008
General Petite,Tops,Blouses,5,1,831
General,Bottoms,Shorts,5,1,602
General,Bottoms,Skirts,5,1,1008
General Petite,Dresses,Dresses,3,1,1077
General Petite,Dresses,Dresses,5,1,1077
General Petite,Dresses,Dresses,4,1,1077
General,Bottoms,Pants,5,1,1042
General Petite,Tops,Blouses,3,0,831
General,Bottoms,Shorts,5,1,602
Initmates,Intimate,Legwear,5,0,776
General Petite,Dresses,Dresses,2,0,1077
General,Tops,Knits,4,1,872
General,Bottoms,Pants,5,1,1059
General,Tops,Knits,4,1,872
General,Tops,Knits,3,0,872
General,Tops,Knits,4,1,872
General,Tops,Knits,5,1,863
General,Dresses,Dresses,4,1,1092
General,Bottoms,Pants,5,1,1059
General,Dresses,Dresses,4,1,1092
General,Bottoms,Pants,4,1,1059
General,Tops,Knits,5,1,863
General,Tops,Knits,3,0,872
General,Dresses,Dresses,5,1,1080
General,Dresses,Dresses,4,1,1080
General Petite,Dresses,Dresses,5,1,1110
General,Dresses,Dresses,5,1,1080
General,Tops,Knits,5,1,863
General,Dresses,Dresses,5,1,1092
General,Tops,Blouses,5,1,828
Initmates,Intimate,Sleep,5,1,668
General,Dresses,Dresses,1,0,1092
General,Tops,Knits,5,1,863
General,Tops,Knits,5,1,872
General,Bottoms,Jeans,5,1,1027
General Petite,Dresses,Dresses,4,1,1092
General Petite,Bottoms,Pants,5,1,1059
General Petite,Bottoms,Pants,5,1,1059
General,Tops,Knits,5,1,872
General,Tops,Knits,4,1,872
General Petite,Dresses,Dresses,5,1,1092
General,Dresses,Dresses,2,1,1080
General Petite,Bottoms,Pants,5,1,1059
General,Dresses,Dresses,4,1,1080
General Petite,Bottoms,Pants,4,1,1059
General Petite,Dresses,Dresses,5,1,1092
General Petite,Dresses,Dresses,5,1,1110
General Petite,Dresses,Dresses,5,1,1110
General Petite,Bottoms,Pants,5,1,1059
General,Bottoms,Jeans,5,1,1033
General,Bottoms,Shorts,4,1,633
General,Bottoms,Pants,5,1,1059
General,Bottoms,Pants,2,0,1059
General Petite,Dresses,Dresses,4,1,1092
General,Tops,Knits,5,1,872
General,Dresses,Dresses,1,0,1080
General,Jackets,Jackets,5,1,985
General Petite,Intimate,Lounge,3,0,734
General Petite,Tops,Sweaters,5,1,933
General Petite,Bottoms,Pants,2,0,1046
General,Bottoms,Pants,5,1,1055
General Petite,Dresses,Dresses,4,1,1094
General,Bottoms,Pants,4,1,1055
General,Dresses,Dresses,3,0,1095
General,Dresses,Dresses,4,1,1095
General,Jackets,Jackets,5,1,985
General,Jackets,Jackets,5,1,985
Initmates,Intimate,Sleep,5,1,501
General,Bottoms,Jeans,5,1,1022
General Petite,Dresses,Dresses,5,1,1094
Initmates,Intimate,Sleep,5,1,501
General,Dresses,Dresses,4,1,1095
General Petite,Tops,Sweaters,2,0,933
General,Bottoms,Pants,4,1,1055
Initmates,Intimate,Sleep,5,1,501
General Petite,Dresses,Dresses,3,0,1094
General,Jackets,Jackets,5,1,985
General,Dresses,Dresses,5,1,1095
Initmates,Intimate,Lounge,5,1,711
General Petite,Tops,Sweaters,5,1,933
Initmates,Intimate,Sleep,5,1,501
General,Bottoms,Jeans,5,1,1022
General,Bottoms,Shorts,3,1,629
General,Dresses,Dresses,4,1,1095
General,Dresses,Dresses,4,1,1095
General,Dresses,Dresses,1,0,1095
General,Jackets,Jackets,5,1,985
General,Dresses,Dresses,2,0,1095
General,Tops,Knits,4,1,872
General,Tops,Knits,5,1,872
General,Tops,Knits,4,1,872
General,Tops,Sweaters,2,0,935
General,Tops,Knits,3,0,872
General,Tops,Knits,2,0,872
General,Jackets,Outerwear,4,1,1126
General,Jackets,Outerwear,5,1,1126
General,Tops,Knits,5,1,872
General,Tops,Knits,3,0,872
General,Tops,Knits,4,1,872
General,Tops,Knits,3,1,872
General,Tops,Knits,5,1,868
General,Jackets,Outerwear,4,1,1126
General,Tops,Knits,1,0,868
General Petite,Dresses,Dresses,5,1,1072
General,Tops,Knits,3,0,868
General,Bottoms,Skirts,5,1,1009
General,Jackets,Jackets,5,1,964
Initmates,Intimate,Lounge,5,1,519
General Petite,Tops,Knits,5,1,872
General Petite,Tops,Knits,5,1,872
General,Tops,Knits,5,1,868
General Petite,Tops,Knits,4,1,872
General Petite,Dresses,Dresses,5,1,1078
General,Tops,Blouses,4,1,828
General Petite,Tops,Blouses,5,1,827
General,Tops,Knits,2,0,865
General,Bottoms,Pants,4,1,1068
General,Trend,Trend,5,1,563
General,Tops,Knits,2,0,865
General,Tops,Knits,1,0,865
General,Bottoms,Pants,4,1,1068
General,Tops,Knits,3,0,862
General,Tops,Knits,4,1,865
General,Tops,Knits,2,1,865
General Petite,Tops,Knits,4,1,857
General,Tops,Knits,3,0,865
Initmates,Intimate,Lounge,4,1,287
General,Tops,Knits,4,1,865
General Petite,Dresses,Dresses,4,1,1078
General,Bottoms,Pants,2,0,1068
Initmates,Intimate,Lounge,5,1,287
General,Bottoms,Pants,5,1,1068
Initmates,Intimate,Sleep,1,0,91
General,Tops,Blouses,3,1,828
General,Bottoms,Pants,5,1,1068
General Petite,Dresses,Dresses,2,0,1078
General,Tops,Knits,3,0,865
General Petite,Dresses,Dresses,4,1,1078
General,Trend,Trend,5,1,563
General Petite,Dresses,Dresses,3,0,1078
Initmates,Intimate,Lounge,3,1,287
General Petite,Dresses,Dresses,1,0,1078
General Petite,Tops,Knits,1,0,857
General Petite,Tops,Knits,4,1,857
Initmates,Intimate,Lounge,5,1,287
General,Tops,Knits,3,1,865
General Petite,Dresses,Dresses,3,0,1078
General,Bottoms,Pants,5,1,1068
General,Tops,Knits,2,0,865
General Petite,Dresses,Dresses,2,0,1078
General,Tops,Knits,3,0,862
General,Tops,Blouses,5,1,828
General,Tops,Blouses,5,1,828
General,Bottoms,Pants,5,1,1068
General,Dresses,Dresses,5,1,1074
General,Tops,Knits,5,1,869
General,Tops,Knits,4,1,869
General,Tops,Fine gauge,5,1,895
General,Dresses,Dresses,5,1,1075
General,Tops,Knits,5,1,869
General,Tops,Knits,5,1,869
General,Dresses,Dresses,5,1,1083
General,Tops,Fine gauge,5,1,895
General,Tops,Blouses,4,1,828
General,Tops,Fine gauge,5,1,895
Initmates,Intimate,Legwear,5,1,186
General,Dresses,Dresses,5,1,1083
General,Tops,Knits,5,1,869
General,Bottoms,Pants,5,1,1068
General,Tops,Fine gauge,5,1,895
General,Tops,Fine gauge,5,1,895
General,Tops,Knits,4,1,869
General,Dresses,Dresses,5,1,1083
General,Tops,Knits,5,1,869
General,Tops,Fine gauge,4,1,895
General Petite,Jackets,Jackets,5,1,966
General,Tops,Blouses,5,1,828
General,Tops,Fine gauge,5,1,895
General,Tops,Blouses,4,1,828
General,Tops,Knits,5,1,869
General,Tops,Knits,5,1,869
General,Dresses,Dresses,5,1,1083
General,Tops,Blouses,5,1,828
General,Tops,Knits,5,1,869
General,Dresses,Dresses,5,1,1083
General,Dresses,Dresses,5,1,1091
General,Dresses,Dresses,5,1,1110
General,Tops,Sweaters,5,1,927
General,Dresses,Dresses,4,1,1091
General,Dresses,Dresses,5,1,1091
Initmates,Intimate,Swim,5,1,301
General,Dresses,Dresses,3,1,1091
General,Dresses,Dresses,3,0,1091
General Petite,Tops,Knits,4,1,879
General,Dresses,Dresses,5,1,1091
General,Dresses,Dresses,3,1,1091
General,Tops,Sweaters,5,1,927
General,Tops,Sweaters,1,0,927
General,Dresses,Dresses,3,1,1091
General,Tops,Sweaters,3,0,927
Initmates,Intimate,Swim,3,0,301
General Petite,Tops,Knits,4,1,879
General,Dresses,Dresses,5,1,1110
General,Dresses,Dresses,3,0,1091
General,Dresses,Dresses,5,1,1091
Initmates,Intimate,Swim,5,1,301
General,Tops,Fine gauge,1,0,903
General,Tops,Fine gauge,4,1,903
General,Dresses,Dresses,5,1,1074
General,Tops,Sweaters,5,1,927
General Petite,Tops,Knits,5,1,879
General,Dresses,Dresses,3,1,1091
General,Dresses,Dresses,3,1,1091
Initmates,Intimate,Swim,5,1,301
General Petite,Tops,Knits,5,1,879
General,Dresses,Dresses,5,1,1110
General,Dresses,Dresses,5,1,1074
General,Jackets,Jackets,4,1,964
General,Jackets,Jackets,5,1,964
General,Dresses,Dresses,3,0,1110
General Petite,Dresses,Dresses,5,1,1078
General,Dresses,Dresses,2,0,1110
General,Dresses,Dresses,5,1,1110
General Petite,Dresses,Dresses,5,1,1078
Initmates,Intimate,Lounge,3,0,110
General Petite,Dresses,Dresses,5,1,1078
General,Bottoms,Pants,4,1,1059
General Petite,Intimate,Lounge,5,1,112
General Petite,Dresses,Dresses,5,1,1078
General,Dresses,Dresses,5,1,1110
General,Dresses,Dresses,3,1,1110
Initmates,Intimate,Lounge,5,1,377
General,Dresses,Dresses,3,0,1110
General,Tops,Knits,1,0,868
General,Dresses,Dresses,5,1,1110
General Petite,Dresses,Dresses,5,1,1078
General Petite,Dresses,Dresses,5,1,1078
Initmates,Intimate,Lounge,4,1,377
Initmates,Intimate,Lounge,5,1,377
General,Bottoms,Pants,5,1,1059
Initmates,Intimate,Lounge,5,1,377
General,Bottoms,Jeans,5,1,1030
General,Bottoms,Pants,3,0,1059
General,Dresses,Dresses,5,1,1110
Initmates,Intimate,Lounge,1,0,377
General Petite,Intimate,Lounge,4,1,112
General,Bottoms,Jeans,5,1,1028
General,Dresses,Dresses,3,1,1110
Initmates,Intimate,Lounge,5,1,377
General Petite,Dresses,Dresses,5,1,1078
General,Dresses,Dresses,5,1,1110
Initmates,Intimate,Lounge,5,1,377
General Petite,Dresses,Dresses,5,1,1078
General Petite,Dresses,Dresses,5,1,1078
Initmates,Intimate,Lounge,5,1,377
General Petite,Dresses,Dresses,5,1,1078
General,Bottoms,Pants,3,0,1059
Initmates,Intimate,Legwear,4,1,488
General Petite,Dresses,Dresses,3,1,1081
General,Jackets,Outerwear,5,1,1134
General Petite,Dresses,Dresses,4,1,1081
General,Tops,Knits,5,1,875
General,Tops,Knits,2,0,873
General Petite,Dresses,Dresses,3,1,1081
Initmates,Intimate,Sleep,5,1,258
General,Dresses,Dresses,4,1,1080
General,Tops,Knits,2,0,868
General,Tops,Knits,5,1,873
General Petite,Dresses,Dresses,5,1,1081
Initmates,Intimate,Sleep,5,1,509
General,Bottoms,Skirts,5,1,996
General,Trend,Trend,2,0,569
Initmates,Intimate,Sleep,5,1,509
General Petite,Dresses,Dresses,5,1,1081
Initmates,Intimate,Sleep,2,0,509
General,Trend,Trend,3,1,569
General,Tops,Knits,4,1,873
General,Trend,Trend,1,0,569
General,Tops,Fine gauge,3,0,899
Initmates,Intimate,Sleep,5,1,509
General,Trend,Trend,2,0,569
General,Bottoms,Jeans,4,1,1033
General Petite,Dresses,Dresses,2,0,1081
General,Trend,Trend,1,0,569
General,Tops,Knits,3,0,873
General,Dresses,Dresses,5,1,1078
General Petite,Dresses,Dresses,2,0,1081
General Petite,Dresses,Dresses,3,1,1081
General,Jackets,Outerwear,4,1,1134
General,Bottoms,Skirts,5,1,996
Initmates,Intimate,Sleep,2,0,509
General,Tops,Knits,4,1,873
Initmates,Intimate,Swim,5,1,471
General,Dresses,Dresses,2,0,1074
General,Tops,Knits,5,1,875
General Petite,Bottoms,Skirts,4,1,1012
General Petite,Dresses,Dresses,5,1,1081
General,Bottoms,Jeans,5,1,1022
General Petite,Bottoms,Pants,5,1,1060
General,Bottoms,Jeans,2,0,1022
General,Bottoms,Jeans,5,1,1022
General Petite,Bottoms,Pants,5,1,1060
General,Tops,Knits,2,0,868
General,Bottoms,Jeans,5,1,1022
General,Tops,Knits,5,1,868
General Petite,Bottoms,Pants,5,1,1060
General Petite,Bottoms,Skirts,3,1,999
General Petite,Bottoms,Pants,3,1,1060
General,Tops,Knits,5,1,868
General,Bottoms,Jeans,5,1,1022
General,Bottoms,Jeans,5,1,1022
General,Bottoms,Jeans,5,1,1022
General Petite,Tops,Blouses,2,1,823
General,Bottoms,Jeans,5,1,1022
General,Tops,Knits,4,1,868
General,Dresses,Dresses,3,1,1081
General Petite,Tops,Blouses,3,0,823
General,Tops,Knits,5,1,868
General,Bottoms,Jeans,5,1,1022
General,Bottoms,Jeans,5,1,1022
General Petite,Tops,Blouses,3,0,823
Initmates,Intimate,Swim,4,1,415
General Petite,Tops,Blouses,5,1,817
General,Tops,Knits,4,1,868
General,Tops,Blouses,5,1,822
General,Tops,Knits,1,0,868
General Petite,Tops,Blouses,4,1,850
General,Tops,Knits,3,0,868
General,Tops,Knits,5,1,868
General Petite,Dresses,Dresses,4,1,1078
General,Tops,Knits,2,0,868
General Petite,Tops,Sweaters,5,1,933
General,Tops,Knits,4,1,868
General,Tops,Blouses,3,0,822
General,Jackets,Jackets,5,1,985
General,Tops,Knits,3,1,868
General Petite,Dresses,Dresses,4,1,1078
General,Tops,Blouses,5,1,822
General Petite,Tops,Blouses,5,1,817
General,Tops,Knits,5,1,868
General,Tops,Knits,3,0,868
General,Tops,Blouses,5,1,822
General,Tops,Knits,5,1,868
General,Tops,Fine gauge,4,1,903
General,Tops,Blouses,5,1,839
General Petite,Tops,Blouses,5,1,850
General,Tops,Knits,5,1,868
General,Tops,Knits,5,1,868
General,Tops,Knits,3,0,868
General,Tops,Sweaters,4,1,934
General,Jackets,Jackets,4,1,985
General,Tops,Knits,4,1,868
General Petite,Dresses,Dresses,5,1,1078
General,Tops,Knits,3,0,868
General,Dresses,Dresses,4,1,1078
General,Dresses,Dresses,5,1,1078
General,Tops,Knits,5,1,868
General,Dresses,Dresses,5,1,1078
General,Tops,Knits,5,1,868
General Petite,Tops,Blouses,4,1,850
General,Dresses,Dresses,5,1,1078
General,Tops,Blouses,5,1,822
General Petite,Tops,Blouses,2,0,817
General,Tops,Blouses,4,1,822
General,Tops,Knits,4,1,868
General,Dresses,Dresses,4,1,1078
General,Tops,Knits,2,0,868
General,Bottoms,Jeans,5,1,1033
General Petite,Tops,Sweaters,5,1,936
General,Tops,Knits,5,1,863
General,Tops,Blouses,5,1,839
General,Tops,Blouses,3,0,839
General,Tops,Blouses,3,1,839
General,Tops,Knits,5,1,863
General,Bottoms,Casual bottoms,4,1,45
General,Tops,Knits,4,1,863
General,Tops,Blouses,3,1,839
General,Tops,Knits,5,1,863
General,Tops,Knits,4,1,863
General,Tops,Knits,5,1,863
General,Tops,Blouses,5,1,839
General,Tops,Knits,5,1,863
General Petite,Tops,Blouses,5,1,829
General,Tops,Knits,5,1,863
General,Tops,Knits,5,1,863
General,Tops,Knits,5,1,863
General,Tops,Blouses,5,1,828
General Petite,Tops,Blouses,5,1,829
General,Tops,Blouses,5,1,839
General,Tops,Knits,4,0,863
General,Tops,Knits,5,1,863
General,Tops,Knits,5,1,863
General,Tops,Knits,5,1,863
General,Tops,Blouses,5,1,839
General Petite,Tops,Sweaters,5,1,936
General,Tops,Knits,5,1,863
General,Tops,Blouses,5,1,839
General,Tops,Blouses,5,1,839
Initmates,Intimate,Sleep,3,1,267
General,Tops,Blouses,5,1,829
General,Tops,Blouses,4,0,839
General,Tops,Knits,5,1,863
General,Tops,Knits,5,1,863
General,Tops,Blouses,4,1,839
General,Tops,Blouses,5,1,815
General,Tops,Knits,2,0,863
General,Tops,Blouses,5,1,839
Initmates,Intimate,Sleep,5,1,267
General Petite,Tops,Sweaters,5,1,936
General,Tops,Knits,5,1,863
General,Tops,Blouses,5,1,828
General,Tops,Blouses,4,1,839
General Petite,Tops,Blouses,5,1,829
General,Tops,Knits,5,1,863
General Petite,Tops,Sweaters,5,1,936
General Petite,Tops,Sweaters,5,1,936
General Petite,Tops,Sweaters,3,0,936
General Petite,Tops,Sweaters,4,1,936
General Petite,Tops,Sweaters,3,1,927
General Petite,Bottoms,Jeans,5,1,1035
General Petite,Tops,Sweaters,5,1,936
General Petite,Tops,Sweaters,1,0,936
General Petite,Tops,Sweaters,5,1,936
General Petite,Tops,Sweaters,4,1,936
General Petite,Bottoms,Jeans,5,1,1035
General Petite,Tops,Blouses,5,1,823
General Petite,Tops,Sweaters,5,1,936
General,Tops,Knits,3,0,858
General,Tops,Knits,5,1,872
General Petite,Tops,Sweaters,5,1,936
General Petite,Tops,Knits,5,1,862
General Petite,Bottoms,Jeans,5,1,1035
General Petite,Tops,Sweaters,5,1,936
General Petite,Tops,Knits,5,1,862
General Petite,Bottoms,Jeans,5,1,1035
General Petite,Tops,Knits,2,0,862
General Petite,Tops,Sweaters,5,1,936
General Petite,Tops,Sweaters,3,1,927
General Petite,Tops,Blouses,5,1,823
General Petite,Dresses,Dresses,1,0,1072
General,Dresses,Dresses,5,1,1108
General,Tops,Knits,1,0,862
General Petite,Tops,Sweaters,5,1,936
General Petite,Tops,Sweaters,5,1,927
General Petite,Tops,Sweaters,5,1,936
General Petite,Tops,Sweaters,5,1,936
General Petite,Bottoms,Jeans,4,1,1035
General Petite,Tops,Sweaters,5,1,936
General Petite,Bottoms,Jeans,4,1,1035
General Petite,Tops,Sweaters,4,1,936
General Petite,Tops,Sweaters,5,1,936
Initmates,Intimate,Swim,3,1,1170
General Petite,Tops,Sweaters,4,1,936
General,Bottoms,Shorts,5,1,605
General Petite,Dresses,Dresses,3,1,1072
General Petite,Tops,Sweaters,3,0,936
General Petite,Tops,Sweaters,5,1,936
General Petite,Tops,Sweaters,5,1,936
General Petite,Tops,Sweaters,5,1,936
General,Tops,Knits,5,1,872
General Petite,Bottoms,Jeans,3,0,1035
General Petite,Tops,Sweaters,5,1,936
General Petite,Tops,Sweaters,4,1,936
Initmates,Intimate,Intimates,5,1,48
General Petite,Tops,Sweaters,5,1,936
General,Bottoms,Shorts,5,1,605
General Petite,Tops,Sweaters,5,1,936
General Petite,Tops,Sweaters,4,1,936
General Petite,Tops,Sweaters,3,1,927
General,Tops,Knits,3,0,862
General,Dresses,Dresses,5,1,1108
General Petite,Bottoms,Jeans,3,0,1035
General Petite,Tops,Sweaters,2,0,936
General Petite,Bottoms,Jeans,5,1,1035
General Petite,Bottoms,Jeans,5,1,1035
General,Tops,Knits,3,0,862
General Petite,Bottoms,Jeans,5,1,1035
General Petite,Tops,Sweaters,5,1,936
General Petite,Tops,Sweaters,4,1,927
General,Dresses,Dresses,5,1,1108
General Petite,Tops,Sweaters,5,1,936
General Petite,Tops,Sweaters,2,0,936
General Petite,Tops,Blouses,5,1,835
General,Tops,Knits,4,1,862
General,Dresses,Dresses,5,1,1108
General,Jackets,Jackets,5,1,975
General Petite,Bottoms,Jeans,5,1,1035
General,Tops,Knits,1,0,862
General Petite,Dresses,Dresses,4,1,1072
General,Dresses,Dresses,1,0,1108
General Petite,Tops,Sweaters,5,1,936
General Petite,Tops,Sweaters,3,0,936
General Petite,Tops,Sweaters,3,1,936
General,Bottoms,Pants,5,1,1059
Initmates,Intimate,Swim,3,1,175
General,Bottoms,Pants,3,0,1060
General Petite,Tops,Knits,5,1,883
General Petite,Tops,Fine gauge,3,1,911
General,Bottoms,Pants,5,1,1059
General,Bottoms,Pants,5,1,1059
General,Bottoms,Pants,3,0,1060
General,Dresses,Dresses,5,1,1081
General Petite,Tops,Sweaters,5,1,936
General,Dresses,Dresses,2,0,1081
General Petite,Tops,Knits,5,1,883
General Petite,Tops,Knits,5,1,862
General Petite,Tops,Blouses,5,1,824
General,Bottoms,Pants,5,1,1059
General Petite,Tops,Knits,5,1,883
General,Bottoms,Pants,5,1,1059
General,Bottoms,Pants,4,1,1059
General,Dresses,Dresses,5,1,1081
General,Bottoms,Pants,5,1,1060
General,Bottoms,Pants,4,1,1059
General Petite,Tops,Sweaters,4,1,936
General Petite,Tops,Knits,5,1,883
General,Bottoms,Pants,3,0,1060
General,Tops,Knits,2,0,862
General,Bottoms,Pants,4,1,1060
General,Bottoms,Pants,4,1,1060
General,Dresses,Dresses,5,1,1081
General Petite,Tops,Knits,2,0,883
General,Bottoms,Pants,4,1,1060
General Petite,Tops,Knits,5,1,883
General Petite,Tops,Knits,4,1,883
General Petite,Tops,Sweaters,5,1,936
General,Bottoms,Jeans,4,1,1030
General,Bottoms,Pants,5,1,1059
General Petite,Tops,Blouses,5,1,824
General Petite,Tops,Sweaters,5,1,936
General Petite,Tops,Sweaters,3,0,936
General Petite,Tops,Knits,1,0,862
General Petite,Tops,Sweaters,4,1,936
General Petite,Bottoms,Pants,4,1,1060
General Petite,Tops,Sweaters,5,1,936
General Petite,Tops,Sweaters,2,0,936
General,Dresses,Dresses,4,1,1081
General Petite,Tops,Knits,5,1,883
General Petite,Tops,Blouses,5,1,824
General,Bottoms,Pants,5,1,1059
General,Bottoms,Pants,5,1,1059
General,Bottoms,Pants,4,1,1059
General Petite,Tops,Sweaters,3,0,936
General Petite,Bottoms,Pants,5,1,1060
General,Bottoms,Jeans,3,1,1030
General,Bottoms,Jeans,4,1,1030
General Petite,Tops,Sweaters,4,1,936
General Petite,Tops,Knits,5,1,862
General Petite,Bottoms,Pants,3,0,1060
General,Bottoms,Pants,1,0,1059
General Petite,Bottoms,Pants,3,0,1060
General Petite,Tops,Blouses,3,1,824
General Petite,Tops,Sweaters,5,1,936
General Petite,Tops,Sweaters,5,1,936
General Petite,Tops,Knits,4,1,883
General Petite,Bottoms,Pants,5,1,1060
General,Bottoms,Pants,5,1,1059
General Petite,Tops,Knits,4,1,883
General Petite,Bottoms,Pants,5,1,1060
General Petite,Bottoms,Pants,3,1,1060
General Petite,Bottoms,Pants,3,1,1060
General Petite,Tops,Sweaters,5,1,936
Initmates,Intimate,Lounge,5,1,646
General Petite,Tops,Blouses,5,1,820
General,Tops,Blouses,5,1,833
General,Tops,Sweaters,5,1,937
General Petite,Tops,Knits,5,1,862
General Petite,Tops,Knits,5,1,862
General,Tops,Blouses,5,1,833
General,Tops,Sweaters,5,1,937
General Petite,Jackets,Jackets,5,1,984
General,Tops,Blouses,5,1,820
General Petite,Tops,Blouses,2,1,824
Initmates,Intimate,Lounge,5,1,370
General,Bottoms,Jeans,5,1,1022
General Petite,Trend,Trend,5,1,1147
General Petite,Jackets,Jackets,2,0,984
General,Bottoms,Jeans,5,1,1024
General,Dresses,Dresses,5,1,1111
General,Dresses,Dresses,1,0,1081
General,Bottoms,Skirts,5,1,996
General Petite,Jackets,Jackets,5,1,984
General Petite,Tops,Knits,3,1,862
Initmates,Intimate,Lounge,2,0,104
General,Tops,Sweaters,4,0,937
General Petite,Dresses,Dresses,3,1,1100
General,Tops,Blouses,3,1,833
General,Tops,Sweaters,3,0,937
General,Dresses,Dresses,2,0,1111
General,Tops,Sweaters,5,1,937
Initmates,Intimate,Sleep,4,1,752
General Petite,Dresses,Dresses,4,1,1100
Initmates,Intimate,Legwear,5,1,728
General,Dresses,Dresses,5,1,1111
General Petite,Jackets,Jackets,5,1,984
General,Tops,Blouses,5,1,820
General,Tops,Knits,3,0,860
General,Bottoms,Jeans,5,1,1024
General,Tops,Blouses,5,1,833
General,Tops,Blouses,4,1,820
General,Dresses,Dresses,1,0,1081
General,Bottoms,Jeans,5,1,1024
General,Tops,Blouses,5,1,820
General Petite,Tops,Knits,4,1,868
Initmates,Intimate,Lounge,5,1,370
General Petite,Jackets,Jackets,5,1,984
General,Tops,Blouses,4,1,820
General,Dresses,Dresses,4,1,1081
General,Dresses,Dresses,2,0,1081
General Petite,Tops,Knits,5,1,862
General,Tops,Blouses,3,0,824
General Petite,Tops,Blouses,3,0,820
Initmates,Intimate,Swim,5,1,28
General Petite,Jackets,Jackets,5,1,984
General Petite,Tops,Knits,5,1,862
General Petite,Jackets,Jackets,5,1,984
General Petite,Tops,Blouses,4,1,820
General Petite,Tops,Knits,5,1,862
General Petite,Tops,Blouses,4,1,820
General Petite,Bottoms,Pants,2,0,1057
General Petite,Jackets,Jackets,5,1,984
Initmates,Intimate,Lounge,5,1,370
General Petite,Tops,Knits,5,1,862
Initmates,Intimate,Sleep,5,1,752
General Petite,Bottoms,Pants,5,1,1057
General Petite,Tops,Blouses,5,1,820
General,Tops,Knits,4,1,866
General,Tops,Knits,5,1,875
General,Tops,Knits,4,1,875
General,Tops,Knits,4,1,875
General,Tops,Knits,5,1,875
General,Tops,Knits,4,1,875
General,Tops,Knits,5,1,875
General,Tops,Knits,4,1,875
General Petite,Intimate,Lounge,5,1,762
General,Tops,Knits,4,1,875
General,Bottoms,Pants,5,1,1059
General,Dresses,Dresses,4,1,1110
General,Tops,Knits,2,0,866
General,Bottoms,Pants,3,0,1059
General,Bottoms,Skirts,1,0,999
General,Bottoms,Pants,5,1,1059
General,Bottoms,Skirts,4,1,999
General,Bottoms,Jeans,5,1,1030
General,Tops,Knits,4,1,875
General,Bottoms,Pants,5,1,1059
General,Dresses,Dresses,5,1,1110
General,Dresses,Dresses,1,0,1110
General,Dresses,Dresses,5,1,1110
General,Bottoms,Pants,5,1,1059
General,Tops,Knits,5,1,875
General,Dresses,Dresses,5,1,1110
General,Tops,Knits,3,0,875
General,Dresses,Dresses,3,1,1110
General,Tops,Sweaters,5,1,937
General,Tops,Sweaters,5,1,937
General,Tops,Knits,5,1,875
General,Tops,Knits,3,0,875
General,Bottoms,Pants,5,1,1059
General,Tops,Knits,3,0,875
Initmates,Intimate,Swim,5,1,618
General,Tops,Sweaters,5,1,937
Initmates,Intimate,Layering,2,0,210
Initmates,Intimate,Lounge,5,1,304
General,Tops,Knits,4,1,866
General,Tops,Knits,2,0,875
General,Tops,Knits,5,1,875
General,Tops,Knits,4,1,866
General,Tops,Knits,3,0,875
General Petite,Dresses,Dresses,5,1,1082
General Petite,Bottoms,Pants,5,1,1051
General Petite,Dresses,Dresses,5,1,1082
General Petite,Tops,Knits,5,1,868
General Petite,Bottoms,Pants,5,1,1051
General,Dresses,Dresses,1,0,1110
General Petite,Tops,Blouses,5,1,829
General,Dresses,Dresses,5,1,1110
General,Tops,Knits,4,1,866
General Petite,Dresses,Dresses,4,1,1082
General Petite,Dresses,Dresses,5,1,1082
General Petite,Bottoms,Pants,5,1,1051
General,Tops,Knits,4,1,866
General,Dresses,Dresses,4,1,1110
General Petite,Dresses,Dresses,4,1,1082
General Petite,Tops,Blouses,5,1,829
General,Dresses,Dresses,5,1,1110
General Petite,Tops,Knits,5,1,868
General,Dresses,Dresses,3,1,1110
General Petite,Bottoms,Pants,5,1,1051
General Petite,Tops,Knits,5,1,868
General,Dresses,Dresses,4,1,1110
General Petite,Tops,Blouses,3,0,829
General Petite,Dresses,Dresses,5,1,1082
General,Tops,Knits,2,0,866
General Petite,Dresses,Dresses,5,1,1082
General Petite,Tops,Blouses,4,1,829
General Petite,Dresses,Dresses,4,1,1082
General,Dresses,Dresses,4,1,1110
General,Dresses,Dresses,5,1,1110
General Petite,Dresses,Dresses,4,1,1082
General,Tops,Blouses,3,1,829
General Petite,Dresses,Dresses,5,1,1082
General Petite,Dresses,Dresses,2,0,1082
General,Dresses,Dresses,5,1,1110
General Petite,Dresses,Dresses,5,1,1082
General Petite,Dresses,Dresses,5,1,1082
General Petite,Dresses,Dresses,4,1,1082
General Petite,Dresses,Dresses,5,1,1082
General,Dresses,Dresses,5,1,1110
General Petite,Bottoms,Pants,5,1,1051
General Petite,Dresses,Dresses,2,0,1082
General,Dresses,Dresses,3,0,1110
General Petite,Dresses,Dresses,5,1,1082
General,Dresses,Dresses,5,1,1110
General Petite,Dresses,Dresses,5,1,1082
General Petite,Bottoms,Pants,5,1,1051
General,Dresses,Dresses,5,1,1110
General,Tops,Knits,4,1,866
General Petite,Dresses,Dresses,4,1,1082
General Petite,Dresses,Dresses,4,1,1082
General,Dresses,Dresses,3,0,1110
General,Dresses,Dresses,5,1,1110
General,Dresses,Dresses,4,1,1110
General Petite,Bottoms,Pants,4,1,1051
Initmates,Intimate,Legwear,5,1,215
General,Tops,Knits,5,1,876
Initmates,Intimate,Legwear,4,1,215
General,Tops,Blouses,5,1,820
General,Tops,Blouses,5,1,834
General,Tops,Knits,5,1,876
Initmates,Intimate,Legwear,4,1,215
General,Tops,Knits,5,1,876
General Petite,Bottoms,Jeans,5,1,1022
General,Dresses,Dresses,3,0,1084
General,Tops,Blouses,4,1,820
Initmates,Intimate,Legwear,5,1,215
Initmates,Intimate,Swim,4,1,428
Initmates,Intimate,Lounge,4,1,423
General,Tops,Knits,4,1,876
General,Tops,Knits,4,1,876
General,Tops,Knits,5,1,876
General,Tops,Blouses,4,1,834
General,Tops,Knits,5,1,876
Initmates,Intimate,Legwear,5,1,215
General,Tops,Knits,1,0,876
General,Tops,Blouses,5,1,820
General,Tops,Knits,5,1,876
General,Tops,Knits,5,1,876
General,Tops,Knits,5,1,876
General,Tops,Blouses,5,1,834
General,Tops,Knits,4,1,876
Initmates,Intimate,Legwear,4,1,215
General,Tops,Knits,4,1,876
General,Tops,Knits,4,1,876
Initmates,Intimate,Legwear,5,1,215
Initmates,Intimate,Legwear,4,1,215
General,Tops,Knits,5,1,876
General,Tops,Knits,4,1,876
Initmates,Intimate,Legwear,5,1,215
General,Tops,Blouses,5,1,834
General Petite,Tops,Knits,5,1,860
General,Tops,Blouses,5,1,820
General,Bottoms,Skirts,4,1,1008
General Petite,Dresses,Dresses,5,1,1081
General Petite,Dresses,Dresses,5,1,1081
General,Bottoms,Skirts,3,1,1008
General,Bottoms,Skirts,5,1,1008
General Petite,Dresses,Dresses,3,1,1104
General Petite,Bottoms,Pants,5,1,703
General,Tops,Blouses,5,1,828
General,Bottoms,Jeans,5,1,1028
General,Dresses,Dresses,5,1,1081
General,Dresses,Dresses,2,0,1081
General,Tops,Blouses,5,1,828
General,Dresses,Dresses,4,1,1081
General Petite,Tops,Blouses,5,1,819
General,Tops,Blouses,5,1,822
General,Bottoms,Jeans,4,1,1028
General,Dresses,Dresses,5,1,1081
General,Trend,Trend,4,1,555
Initmates,Intimate,Swim,2,0,625
General,Dresses,Dresses,4,1,1081
General,Bottoms,Skirts,5,1,1008
Initmates,Intimate,Swim,4,1,625
General,Bottoms,Skirts,5,1,1008
General,Dresses,Dresses,3,1,1081
General,Dresses,Dresses,5,1,1081
General,Tops,Blouses,5,1,828
General,Tops,Blouses,3,0,828
General,Tops,Blouses,5,1,828
General,Bottoms,Skirts,5,1,1008
General,Dresses,Dresses,3,0,1081
General,Trend,Trend,4,1,555
General,Dresses,Dresses,5,1,1081
Initmates,Intimate,Lounge,4,1,300
Initmates,Intimate,Lounge,5,1,300
Initmates,Intimate,Lounge,4,1,300
General,Tops,Fine gauge,4,1,920
General,Jackets,Jackets,5,1,975
Initmates,Intimate,Lounge,5,1,300
General,Jackets,Jackets,4,0,975
General,Bottoms,Skirts,5,1,1009
General,Jackets,Jackets,5,1,975
Initmates,Intimate,Lounge,5,1,300
Initmates,Intimate,Lounge,5,1,300
General,Jackets,Jackets,5,1,975
General Petite,Dresses,Dresses,4,1,1100
Initmates,Intimate,Lounge,4,1,300
General,Bottoms,Skirts,3,0,1009
General,Bottoms,Skirts,4,1,1009
General,Bottoms,Pants,4,1,1059
General,Bottoms,Skirts,5,1,1009
Initmates,Intimate,Lounge,5,1,300
Initmates,Intimate,Lounge,5,1,300
General,Jackets,Jackets,5,1,975
General,Tops,Blouses,3,1,837
General,Bottoms,Pants,5,1,1059
General,Jackets,Jackets,3,0,975
General,Jackets,Jackets,5,1,975
General,Bottoms,Pants,2,0,1059
General,Jackets,Jackets,5,1,975
General,Jackets,Jackets,4,1,975
Initmates,Intimate,Lounge,3,0,300
General,Jackets,Jackets,2,0,975
General,Jackets,Jackets,3,0,975
General,Jackets,Jackets,2,0,975
General,Jackets,Jackets,5,1,975
General,Bottoms,Skirts,5,1,1009
Initmates,Intimate,Lounge,5,1,300
Initmates,Intimate,Lounge,5,1,300
General,Jackets,Jackets,5,1,975
General,Bottoms,Pants,2,0,1059
General,Bottoms,Pants,5,1,1059
General,Jackets,Jackets,5,1,975
General,Bottoms,Skirts,5,1,1009
General,Jackets,Jackets,4,1,975
General,Bottoms,Skirts,5,1,1009
General,Bottoms,Skirts,5,1,1009
Initmates,Intimate,Lounge,5,1,300
Initmates,Intimate,Lounge,4,1,300
Initmates,Intimate,Intimates,4,1,74
General,Bottoms,Pants,5,1,1059
General Petite,Dresses,Dresses,5,1,1100
Initmates,Intimate,Lounge,5,1,300
General Petite,Dresses,Dresses,5,1,1078
General Petite,Dresses,Dresses,4,1,1078
General Petite,Bottoms,Skirts,5,1,1020
General Petite,Dresses,Dresses,4,1,1078
General Petite,Dresses,Dresses,5,1,1078
General Petite,Jackets,Jackets,4,1,984
General,Bottoms,Jeans,5,1,1030
General,Tops,Sweaters,3,0,941
General Petite,Dresses,Dresses,4,1,1078
General Petite,Dresses,Dresses,5,1,1078
General Petite,Dresses,Dresses,2,0,1078
General Petite,Dresses,Dresses,3,0,1078
General Petite,Jackets,Jackets,5,1,984
General Petite,Jackets,Jackets,2,0,984
General Petite,Dresses,Dresses,2,0,1078
General Petite,Intimate,Lounge,5,1,733
General Petite,Tops,Sweaters,5,1,936
General Petite,Dresses,Dresses,5,1,1078
General Petite,Dresses,Dresses,5,1,1078
General Petite,Jackets,Jackets,5,1,984
General Petite,Dresses,Dresses,4,1,1078
General,Tops,Blouses,2,0,841
General Petite,Tops,Blouses,4,1,829
General,Bottoms,Shorts,4,1,540
General,Bottoms,Jeans,5,1,1030
General Petite,Dresses,Dresses,1,0,1099
General Petite,Tops,Blouses,3,0,829
General,Tops,Knits,3,0,863
General,Bottoms,Skirts,2,0,991
General Petite,Tops,Sweaters,5,1,936
General Petite,Tops,Sweaters,3,0,936
General,Tops,Sweaters,5,1,941
General Petite,Dresses,Dresses,3,0,1078
General,Tops,Knits,3,0,863
General Petite,Dresses,Dresses,3,0,1078
General Petite,Dresses,Dresses,2,0,1078
General Petite,Dresses,Dresses,5,1,1078
General Petite,Dresses,Dresses,3,0,1078
General Petite,Tops,Sweaters,3,1,936
General Petite,Jackets,Jackets,4,1,984
General Petite,Dresses,Dresses,5,1,1099
General Petite,Dresses,Dresses,1,0,1078
General Petite,Dresses,Dresses,2,0,1078
General Petite,Dresses,Dresses,4,1,1078
General Petite,Tops,Blouses,3,0,829
General,Tops,Knits,5,1,863
General Petite,Dresses,Dresses,5,1,1078
General Petite,Dresses,Dresses,3,1,1078
General,Tops,Sweaters,4,1,941
General,Tops,Sweaters,4,1,941
General Petite,Dresses,Dresses,4,1,1078
General Petite,Dresses,Dresses,5,1,1078
General,Tops,Knits,4,1,888
General Petite,Jackets,Outerwear,5,1,1126
General Petite,Dresses,Dresses,2,0,1078
General Petite,Intimate,Lounge,5,1,733
General Petite,Dresses,Dresses,4,1,1099
General Petite,Tops,Sweaters,4,1,936
General Petite,Dresses,Dresses,3,1,1078
General Petite,Dresses,Dresses,2,0,1078
General Petite,Intimate,Lounge,4,1,733
General Petite,Intimate,Lounge,5,1,733
General,Tops,Sweaters,5,1,941
General Petite,Dresses,Dresses,5,1,1078
General,Tops,Sweaters,5,1,941
General Petite,Dresses,Dresses,4,1,1078
General,Tops,Sweaters,5,1,941
General,Tops,Sweaters,5,1,941
General Petite,Dresses,Dresses,5,1,1078
General Petite,Dresses,Dresses,1,0,1078
General Petite,Dresses,Dresses,3,1,1078
General Petite,Tops,Sweaters,5,1,936
General,Tops,Sweaters,5,1,927
General Petite,Tops,Blouses,5,1,840
General,Tops,Sweaters,4,1,927
General,Tops,Sweaters,1,0,927
General Petite,Tops,Knits,5,1,872
General Petite,Tops,Blouses,4,1,840
Initmates,Intimate,Swim,5,1,444
Initmates,Intimate,Swim,3,0,218
General,Tops,Sweaters,4,1,927
Initmates,Intimate,Intimates,4,1,736
General Petite,Tops,Knits,5,1,872
Initmates,Intimate,Swim,4,1,444
Initmates,Intimate,Intimates,4,1,736
General Petite,Tops,Knits,5,1,872
General Petite,Tops,Knits,5,1,872
General,Tops,Blouses,5,1,838
Initmates,Intimate,Layering,4,1,103
General Petite,Tops,Blouses,2,0,829
General,Tops,Knits,5,1,859
General Petite,Dresses,Dresses,2,0,1078
General Petite,Tops,Sweaters,5,1,942
General Petite,Dresses,Dresses,2,0,1078
General,Tops,Sweaters,4,1,940
General Petite,Tops,Blouses,5,1,829
General,Tops,Sweaters,5,1,940
General Petite,Tops,Blouses,5,1,829
General Petite,Tops,Blouses,5,1,829
General Petite,Tops,Blouses,5,1,829
General Petite,Intimate,Lounge,5,1,661
General Petite,Tops,Blouses,4,1,829
General Petite,Dresses,Dresses,4,1,1078
General Petite,Tops,Blouses,5,1,829
General Petite,Dresses,Dresses,5,1,1078
General Petite,Intimate,Lounge,4,1,661
General,Tops,Knits,5,1,871
General Petite,Tops,Knits,3,0,865
General Petite,Dresses,Dresses,3,1,1078
General Petite,Tops,Blouses,5,1,829
General,Dresses,Dresses,3,1,1078
General,Dresses,Dresses,5,1,1078
General Petite,Tops,Blouses,5,1,829
General,Tops,Blouses,4,1,829
General,Tops,Blouses,5,1,829
General,Dresses,Dresses,4,1,1078
General,Tops,Blouses,4,1,829
General,Dresses,Dresses,5,1,1078
General,Dresses,Dresses,1,0,1078
General Petite,Dresses,Dresses,2,0,1081
General,Dresses,Dresses,4,1,1078
General Petite,Tops,Sweaters,5,1,942
General Petite,Tops,Sweaters,3,0,942
General Petite,Intimate,Lounge,1,0,661
General,Tops,Blouses,5,1,829
General,Dresses,Dresses,3,1,1078
General,Tops,Blouses,4,1,829
General,Tops,Blouses,5,1,829
General,Dresses,Dresses,5,1,1078
General,Tops,Blouses,5,1,829
General,Tops,Knits,5,1,859
Initmates,Intimate,Lounge,5,1,808
General Petite,Dresses,Dresses,5,1,1094
General Petite,Intimate,Lounge,5,1,661
General,Tops,Sweaters,5,1,940
General,Tops,Blouses,4,1,829
General,Dresses,Dresses,5,1,1078
General Petite,Tops,Sweaters,2,0,942
General Petite,Dresses,Dresses,5,1,1081
General,Dresses,Dresses,3,1,1078
General,Tops,Blouses,5,1,829
General,Dresses,Dresses,5,1,1078
General,Dresses,Dresses,3,0,1078
General,Dresses,Dresses,5,1,1078
General Petite,Bottoms,Pants,5,1,1059
General Petite,Dresses,Dresses,2,0,1081
General,Bottoms,Pants,5,1,1192
General,Tops,Sweaters,3,1,926
General,Bottoms,Pants,5,1,1042
General,Dresses,Dresses,4,0,1078
General Petite,Bottoms,Pants,4,1,1059
General Petite,Dresses,Dresses,5,1,1081
General Petite,Bottoms,Pants,5,1,1059
Initmates,Intimate,Sleep,5,1,692
Initmates,Intimate,Intimates,5,1,347
General Petite,Jackets,Jackets,5,1,969
General,Dresses,Dresses,4,1,1078
General,Tops,Sweaters,5,1,926
General Petite,Bottoms,Pants,4,1,1059
General,Tops,Fine gauge,4,1,917
General,Dresses,Dresses,5,1,1082
General Petite,Bottoms,Pants,5,1,1059
General,Tops,Fine gauge,4,1,917
General Petite,Bottoms,Pants,5,1,1059
General,Tops,Sweaters,2,0,926
General Petite,Dresses,Dresses,5,1,1081
General,Dresses,Dresses,5,1,1078
General,Dresses,Dresses,5,1,1078
General,Bottoms,Pants,5,1,1192
General Petite,Bottoms,Pants,5,1,1059
General,Bottoms,Jeans,5,1,1033
General Petite,Bottoms,Pants,5,1,1059
General,Bottoms,Pants,4,1,1192
General Petite,Dresses,Dresses,4,1,1078
General Petite,Bottoms,Pants,3,1,1059
General Petite,Dresses,Dresses,4,0,1078
General,Tops,Sweaters,5,1,926
General,Tops,Sweaters,5,1,926
General Petite,Dresses,Dresses,5,1,1081
General,Bottoms,Pants,5,1,1192
General,Jackets,Jackets,5,1,986
General,Bottoms,Skirts,3,0,1020
General,Dresses,Dresses,4,1,1078
General Petite,Bottoms,Jeans,5,1,1037
General,Dresses,Dresses,4,1,1094
General,Tops,Sweaters,5,1,933
General Petite,Jackets,Jackets,5,1,975
Initmates,Intimate,Intimates,5,1,98
General Petite,Bottoms,Jeans,3,1,1037
General,Tops,Sweaters,5,1,933
General Petite,Tops,Sweaters,5,1,936
General Petite,Tops,Sweaters,5,1,936
General,Dresses,Dresses,3,0,1094
General,Tops,Blouses,4,0,828
General,Dresses,Dresses,5,1,1094
General,Dresses,Dresses,5,1,1081
General Petite,Tops,Sweaters,5,1,936
General Petite,Tops,Sweaters,5,1,936
General,Bottoms,Jeans,5,1,1031
General,Dresses,Dresses,5,1,1078
General Petite,Jackets,Jackets,5,1,975
General,Dresses,Dresses,4,1,1094
General,Dresses,Dresses,3,0,1081
General,Dresses,Dresses,3,0,1078
General,Dresses,Dresses,2,0,1094
General,Dresses,Dresses,3,1,1094
General,Bottoms,Skirts,4,1,1020
General,Bottoms,Skirts,3,0,1020
General,Bottoms,Pants,5,1,1059
General Petite,Jackets,Jackets,5,1,975
General,Dresses,Dresses,5,1,1081
General,Dresses,Dresses,4,1,1078
General,Dresses,Dresses,2,0,1094
General,Dresses,Dresses,5,1,1094
General Petite,Tops,Sweaters,5,1,936
General,Dresses,Dresses,5,1,1094
General Petite,Tops,Sweaters,3,0,936
General Petite,Bottoms,Jeans,5,1,1037
General,Dresses,Dresses,3,0,1094
General,Dresses,Dresses,5,1,1094
General Petite,Bottoms,Jeans,5,1,1037
General Petite,Bottoms,Jeans,5,1,1037
General,Dresses,Dresses,4,1,1078
General Petite,Jackets,Jackets,5,1,975
General,Dresses,Dresses,5,1,1094
General,Dresses,Dresses,5,1,1094
General Petite,Tops,Sweaters,4,1,936
General,Bottoms,Jeans,5,1,1037
General,Tops,Blouses,4,1,850
General,Dresses,Dresses,5,1,1081
General,Dresses,Dresses,5,1,1081
General,Bottoms,Skirts,4,0,1020
General,Bottoms,Pants,4,1,1059
General,Tops,Sweaters,5,1,933
General Petite,Jackets,Jackets,5,1,975
General Petite,Jackets,Jackets,5,1,975
General,Bottoms,Skirts,5,1,1020
General,Dresses,Dresses,5,1,1078
General,Bottoms,Jeans,5,1,1037
General,Bottoms,Skirts,3,1,1020
General,Dresses,Dresses,5,1,1078
General,Bottoms,Jeans,2,0,1037
General,Dresses,Dresses,5,1,1094
General,Dresses,Dresses,5,1,1078
General Petite,Dresses,Dresses,4,1,1081
General,Dresses,Dresses,5,1,1078
General,Bottoms,Skirts,5,1,1020
General,Dresses,Dresses,5,1,1094
General,Dresses,Dresses,4,1,1094
General,Dresses,Dresses,5,1,1078
General,Dresses,Dresses,5,1,1094
General,Dresses,Dresses,4,1,1094
General Petite,Jackets,Jackets,5,0,975
General Petite,Tops,Sweaters,5,1,936
General Petite,Dresses,Dresses,5,1,1081
General Petite,Dresses,Dresses,2,0,1099
General,Dresses,Dresses,3,0,1094
General,Dresses,Dresses,5,1,1078
General Petite,Tops,Sweaters,5,1,936
General,Dresses,Dresses,5,1,1094
General,Dresses,Dresses,3,0,1078
General Petite,Jackets,Jackets,5,1,975
General Petite,Dresses,Dresses,2,0,1099
General Petite,Jackets,Jackets,5,1,975
General Petite,Tops,Sweaters,5,1,936
General,Dresses,Dresses,4,1,1078
General,Dresses,Dresses,5,1,1094
General,Dresses,Dresses,5,1,1094
General,Tops,Sweaters,5,1,933
General Petite,Tops,Sweaters,5,1,936
General,Bottoms,Skirts,5,1,1020
General,Dresses,Dresses,3,1,1078
General Petite,Jackets,Jackets,5,1,975
General,Dresses,Dresses,5,1,1078
General,Dresses,Dresses,4,1,1094
General,Bottoms,Jeans,3,1,1037
General,Dresses,Dresses,4,1,1094
General Petite,Jackets,Jackets,5,1,975
General,Dresses,Dresses,5,1,1078
General,Bottoms,Skirts,3,0,1020
General,Bottoms,Jeans,5,1,1037
General Petite,Tops,Sweaters,5,1,936
General Petite,Tops,Sweaters,5,1,936
General,Dresses,Dresses,5,1,1094
General Petite,Tops,Sweaters,5,1,936
General,Bottoms,Jeans,5,1,1037
General Petite,Jackets,Jackets,5,1,975
General,Dresses,Dresses,5,1,1078
General,Bottoms,Jeans,5,1,1037
General,Bottoms,Jeans,5,1,1037
General,Dresses,Dresses,3,0,1094
General,Tops,Sweaters,5,1,933
General Petite,Jackets,Jackets,5,1,975
General,Dresses,Dresses,5,1,1078
General Petite,Jackets,Jackets,5,1,975
General,Dresses,Dresses,3,1,1078
General Petite,Tops,Sweaters,5,1,936
General,Dresses,Dresses,5,1,1094
General,Dresses,Dresses,5,1,1078
General,Dresses,Dresses,4,1,1078
General Petite,Dresses,Dresses,3,0,1081
General,Dresses,Dresses,4,1,1095
General,Dresses,Dresses,5,1,1078
General,Dresses,Dresses,5,1,1078
General Petite,Tops,Blouses,3,0,850
General,Dresses,Dresses,1,0,1084
General,Dresses,Dresses,5,1,1078
General,Dresses,Dresses,5,1,1095
General,Dresses,Dresses,2,0,1078
General Petite,Dresses,Dresses,3,0,1081
General,Bottoms,Jeans,5,1,1030
General,Bottoms,Jeans,5,1,1025
General,Bottoms,Shorts,5,1,167
General Petite,Dresses,Dresses,4,1,1081
General,Dresses,Dresses,5,1,1078
General,Dresses,Dresses,5,1,1078
General Petite,Dresses,Dresses,4,1,1081
General,Dresses,Dresses,4,1,1095
General,Tops,Sweaters,5,1,940
General,Dresses,Dresses,5,1,1078
General Petite,Dresses,Dresses,5,1,1081
General,Dresses,Dresses,4,1,1078
General,Dresses,Dresses,3,1,1078
General,Dresses,Dresses,5,1,1078
General,Dresses,Dresses,5,1,1078
General,Bottoms,Jeans,5,1,1025
Initmates,Intimate,Layering,4,1,263
General,Dresses,Dresses,4,1,1078
General,Dresses,Dresses,5,1,1078
General,Dresses,Dresses,4,1,1084
General Petite,Tops,Blouses,2,1,850
General,Dresses,Dresses,5,1,1078
General,Dresses,Dresses,4,1,1078
General,Dresses,Dresses,5,1,1078
General Petite,Tops,Blouses,5,1,850
General,Dresses,Dresses,4,1,1078
General,Bottoms,Jeans,3,0,1030
General,Dresses,Dresses,4,1,1081
General,Bottoms,Jeans,5,1,1033
General Petite,Tops,Blouses,5,1,850
General,Dresses,Dresses,5,1,1078
General,Dresses,Dresses,5,1,1078
General,Dresses,Dresses,4,1,1078
General,Dresses,Dresses,5,1,1078
General,Dresses,Dresses,5,1,1078
General,Dresses,Dresses,5,1,1078
General,Dresses,Dresses,5,1,1078
General,Dresses,Dresses,5,1,1078
General Petite,Tops,Blouses,5,1,850
General,Dresses,Dresses,4,1,1078
General,Dresses,Dresses,5,1,1078
General,Dresses,Dresses,5,1,1078
General,Dresses,Dresses,5,1,1081
General,Dresses,Dresses,5,1,1078
General,Dresses,Dresses,5,1,1078
General,Dresses,Dresses,5,1,1078
General,Bottoms,Shorts,5,1,167
General,Dresses,Dresses,5,1,1078
General,Dresses,Dresses,5,1,1078
General,Dresses,Dresses,5,1,1078
General Petite,Tops,Sweaters,4,1,927
General,Dresses,Dresses,5,1,1078
General,Bottoms,Pants,5,1,1054
General,Dresses,Dresses,5,1,1078
General,Dresses,Dresses,4,1,1078
General,Dresses,Dresses,5,1,1078
General,Dresses,Dresses,4,1,1078
General,Dresses,Dresses,5,1,1078
General,Dresses,Dresses,5,1,1095
General,Tops,Blouses,5,1,850
General,Bottoms,Shorts,5,1,167
General,Dresses,Dresses,5,1,1078
General,Bottoms,Jeans,5,1,1030
General,Dresses,Dresses,4,1,1078
General,Bottoms,Shorts,5,1,167
General,Dresses,Dresses,4,1,1084
General,Dresses,Dresses,5,1,1078
General,Dresses,Dresses,4,1,1078
General,Dresses,Dresses,5,1,1078
General,Dresses,Dresses,4,1,1095
General,Dresses,Dresses,4,1,1078
General,Dresses,Dresses,4,1,1078
General,Dresses,Dresses,5,1,1078
General,Bottoms,Shorts,5,1,167
General,Bottoms,Shorts,5,1,167
General,Dresses,Dresses,5,1,1078
General,Bottoms,Shorts,5,1,167
General,Dresses,Dresses,2,0,1076
General,Dresses,Dresses,5,1,1078
General,Tops,Knits,5,1,862
General Petite,Tops,Sweaters,5,1,936
General,Bottoms,Jeans,4,1,1039
General,Tops,Knits,4,1,855
General Petite,Tops,Fine gauge,5,1,903
General,Tops,Blouses,5,1,823
General Petite,Tops,Fine gauge,5,1,909
General Petite,Tops,Fine gauge,3,1,903
General Petite,Tops,Sweaters,3,0,936
General,Tops,Knits,2,0,862
General Petite,Tops,Fine gauge,5,1,909
General Petite,Tops,Sweaters,5,1,936
General Petite,Tops,Sweaters,4,1,936
General,Tops,Knits,5,1,862
General Petite,Tops,Fine gauge,4,1,909
General Petite,Tops,Sweaters,4,1,936
General Petite,Tops,Fine gauge,3,0,909
General Petite,Tops,Sweaters,5,1,936
General Petite,Bottoms,Skirts,4,1,995
General Petite,Tops,Fine gauge,3,0,903
General Petite,Tops,Sweaters,5,1,936
General,Bottoms,Jeans,5,1,1040
General Petite,Tops,Sweaters,5,1,936
General Petite,Tops,Sweaters,5,1,936
General,Tops,Fine gauge,5,1,914
General Petite,Tops,Sweaters,2,0,936
General Petite,Tops,Sweaters,3,0,936
General Petite,Tops,Sweaters,5,1,936
General Petite,Tops,Sweaters,5,1,936
General Petite,Tops,Fine gauge,4,1,909
General,Tops,Knits,5,1,862
Initmates,Intimate,Lounge,4,1,710
General Petite,Tops,Sweaters,2,0,936
Initmates,Intimate,Lounge,5,1,710
General Petite,Tops,Sweaters,4,1,936
General Petite,Bottoms,Skirts,5,1,995
General,Tops,Blouses,4,1,823
General Petite,Tops,Sweaters,5,1,936
General Petite,Tops,Sweaters,5,1,936
General Petite,Tops,Sweaters,3,0,936
General,Tops,Knits,4,1,862
General,Tops,Sweaters,2,0,930
General Petite,Tops,Knits,5,1,875
General Petite,Tops,Blouses,4,1,829
General Petite,Bottoms,Jeans,5,1,1038
General Petite,Tops,Blouses,5,1,836
General Petite,Tops,Blouses,5,1,836
General,Bottoms,Jeans,4,1,1035
General Petite,Tops,Knits,5,1,875
Initmates,Intimate,Lounge,5,1,789
General Petite,Bottoms,Jeans,4,1,1038
General Petite,Tops,Blouses,5,1,836
General Petite,Bottoms,Jeans,5,1,1038
General Petite,Tops,Knits,2,0,864
General,Tops,Knits,5,1,872
General Petite,Bottoms,Jeans,5,1,1038
General,Bottoms,Pants,2,0,1049
General Petite,Tops,Blouses,4,1,836
General Petite,Dresses,Dresses,5,1,1077
General Petite,Bottoms,Jeans,3,0,1038
General Petite,Bottoms,Jeans,5,1,1038
General Petite,Tops,Blouses,5,1,836
General Petite,Dresses,Dresses,4,1,1077
General,Bottoms,Jeans,2,0,1035
General Petite,Dresses,Dresses,5,1,1077
General,Tops,Sweaters,5,1,930
General Petite,Dresses,Dresses,3,1,1077
General Petite,Bottoms,Jeans,4,1,1038
General Petite,Bottoms,Jeans,2,1,1038
General,Bottoms,Pants,4,1,1049
General Petite,Bottoms,Jeans,3,1,1038
General Petite,Bottoms,Jeans,5,1,1038
General Petite,Jackets,Jackets,5,1,980
General Petite,Bottoms,Jeans,5,1,1038
General Petite,Tops,Knits,5,1,875
General,Tops,Knits,5,1,872
General Petite,Tops,Blouses,5,1,836
General Petite,Jackets,Jackets,5,1,980
General Petite,Tops,Blouses,5,1,829
General Petite,Bottoms,Jeans,2,1,1038
General Petite,Bottoms,Jeans,4,1,1038
General Petite,Bottoms,Jeans,3,1,1038
General Petite,Bottoms,Skirts,3,0,988
General Petite,Tops,Blouses,4,1,829
General Petite,Tops,Blouses,5,1,836
General Petite,Tops,Blouses,5,1,829
General Petite,Dresses,Dresses,5,1,1077
General,Bottoms,Jeans,4,1,1036
General Petite,Tops,Blouses,5,1,836
General,Tops,Knits,4,1,872
Initmates,Intimate,Lounge,4,1,803
General Petite,Bottoms,Jeans,5,1,1038
General Petite,Bottoms,Jeans,1,0,1038
General Petite,Bottoms,Jeans,3,0,1038
General Petite,Bottoms,Jeans,5,1,1038
General Petite,Bottoms,Jeans,5,1,1038
Initmates,Intimate,Lounge,4,1,803
General Petite,Bottoms,Jeans,5,1,1038
Initmates,Intimate,Swim,5,1,393
General Petite,Tops,Knits,5,1,875
General Petite,Bottoms,Jeans,4,1,1038
General,Dresses,Dresses,3,1,1074
General Petite,Tops,Knits,5,1,870
General Petite,Tops,Knits,2,0,870
General Petite,Tops,Knits,2,0,870
General Petite,Jackets,Jackets,5,1,975
General Petite,Tops,Knits,4,1,866
General Petite,Tops,Knits,5,1,866
General Petite,Tops,Knits,5,1,870
General,Tops,Sweaters,5,1,948
General Petite,Tops,Knits,3,0,866
General,Dresses,Dresses,3,0,1074
General,Dresses,Dresses,5,1,1072
General,Dresses,Dresses,5,1,1099
General,Dresses,Dresses,5,1,1072
General Petite,Tops,Fine gauge,4,1,909
General Petite,Tops,Fine gauge,4,1,909
General,Dresses,Dresses,2,1,1072
General,Dresses,Dresses,2,0,1153
General Petite,Tops,Sweaters,5,1,936
General Petite,Tops,Sweaters,5,1,936
General Petite,Tops,Fine gauge,5,1,909
General,Dresses,Dresses,3,1,1153
General Petite,Bottoms,Pants,5,1,1059
General,Dresses,Dresses,5,1,1072
General,Dresses,Dresses,5,1,1072
General,Dresses,Dresses,5,1,1072
General,Dresses,Dresses,5,1,1153
General,Dresses,Dresses,5,1,1072
General,Dresses,Dresses,5,1,1153
Initmates,Intimate,Lounge,5,1,811
General,Jackets,Jackets,5,1,967
General Petite,Tops,Sweaters,5,1,936
General,Dresses,Dresses,5,1,1072
General Petite,Tops,Sweaters,5,1,936
Initmates,Intimate,Lounge,5,1,811
General,Dresses,Dresses,5,1,1072
General,Dresses,Dresses,5,1,1153
General,Dresses,Dresses,1,0,1072
General,Dresses,Dresses,5,1,1072
General,Jackets,Jackets,2,0,975
General,Dresses,Dresses,5,1,1072
General Petite,Dresses,Dresses,5,1,1094
General Petite,Tops,Sweaters,5,1,927
General Petite,Tops,Sweaters,5,1,927
General,Bottoms,Pants,4,1,1049
General Petite,Tops,Sweaters,3,1,927
General Petite,Tops,Knits,2,0,864
General,Dresses,Dresses,3,0,1078
General Petite,Tops,Knits,5,1,864
General Petite,Tops,Sweaters,5,1,927
General Petite,Dresses,Dresses,2,0,1110
General Petite,Tops,Sweaters,5,1,927
General Petite,Tops,Knits,5,1,864
General,Dresses,Dresses,4,1,1103
General,Dresses,Dresses,5,1,1078
General Petite,Dresses,Dresses,5,1,1094
General Petite,Dresses,Dresses,4,1,1110
General Petite,Tops,Sweaters,3,0,927
General Petite,Tops,Sweaters,2,0,927
General Petite,Dresses,Dresses,5,1,1094
General,Trend,Trend,5,1,1135
General,Tops,Knits,5,1,864
General,Tops,Knits,5,1,864
General,Dresses,Dresses,4,1,1078
General,Dresses,Dresses,4,1,1078
General Petite,Dresses,Dresses,5,1,1094
General Petite,Dresses,Dresses,5,1,1094
General Petite,Dresses,Dresses,5,1,1094
General Petite,Dresses,Dresses,5,1,1094
General Petite,Tops,Sweaters,5,1,927
General Petite,Dresses,Dresses,5,1,1094
General,Dresses,Dresses,5,1,1078
General,Bottoms,Pants,5,1,1049
Initmates,Intimate,Chemises,4,1,10
General,Dresses,Dresses,4,1,1110
Initmates,Intimate,Sleep,5,1,244
General Petite,Tops,Sweaters,5,1,927
General Petite,Dresses,Dresses,5,1,1094
General,Bottoms,Jeans,2,0,1024
General Petite,Bottoms,Jeans,4,1,1037
General Petite,Jackets,Outerwear,5,1,1125
General Petite,Jackets,Outerwear,5,0,1125
General,Tops,Knits,5,1,867
General Petite,Jackets,Outerwear,2,0,1125
General Petite,Bottoms,Jeans,4,1,1037
General,Tops,Knits,5,1,867
General Petite,Bottoms,Jeans,4,1,1037
General,Bottoms,Jeans,3,1,1024
General Petite,Bottoms,Jeans,5,1,1037
General,Tops,Knits,4,1,867
General Petite,Jackets,Outerwear,5,1,1125
General Petite,Dresses,Dresses,5,1,1099
General Petite,Jackets,Outerwear,5,1,1125
General Petite,Dresses,Dresses,5,1,1099
General Petite,Jackets,Outerwear,4,1,1125
General,Dresses,Dresses,3,0,1102
General Petite,Jackets,Outerwear,5,1,1125
General,Tops,Knits,4,1,867
General Petite,Jackets,Outerwear,3,0,1125
General Petite,Dresses,Dresses,5,1,1099
General Petite,Jackets,Outerwear,5,1,1125
General,Tops,Knits,5,1,867
Initmates,Intimate,Swim,5,1,253
General,Bottoms,Jeans,5,1,1024
General,Bottoms,Pants,3,0,1054
General Petite,Jackets,Outerwear,5,1,1125
General Petite,Bottoms,Jeans,5,1,1037
General,Tops,Knits,3,1,867
General,Bottoms,Pants,3,0,1054
General,Tops,Sweaters,3,0,921
Initmates,Intimate,Swim,5,1,253
General Petite,Dresses,Dresses,4,1,1099
Initmates,Intimate,Swim,2,0,253
General,Bottoms,Jeans,4,1,1024
General,Dresses,Dresses,3,1,1102
General Petite,Jackets,Outerwear,2,0,1125
General,Bottoms,Jeans,5,1,1024
General,Tops,Knits,5,1,867
General Petite,Dresses,Dresses,3,0,1099
Initmates,Intimate,Swim,5,1,1168
General,Tops,Knits,5,1,867
General,Dresses,Dresses,5,1,1094
General,Dresses,Dresses,5,1,1094
General,Tops,Knits,5,1,873
General,Dresses,Dresses,1,0,1094
General,Dresses,Dresses,5,1,1094
General,Dresses,Dresses,5,1,1094
General,Dresses,Dresses,5,1,1094
General Petite,Tops,Sweaters,5,1,927
General Petite,Tops,Sweaters,3,0,927
General Petite,Tops,Sweaters,2,0,927
General Petite,Tops,Fine gauge,2,0,909
General Petite,Tops,Sweaters,5,1,927
General,Dresses,Dresses,5,1,1094
General Petite,Tops,Fine gauge,4,1,909
General,Dresses,Dresses,4,1,1079
General Petite,Tops,Fine gauge,5,1,909
General Petite,Tops,Sweaters,4,1,927
General,Dresses,Dresses,5,1,1094
General Petite,Tops,Sweaters,5,1,927
General Petite,Tops,Sweaters,4,1,927
General,Dresses,Dresses,4,1,1094
General Petite,Tops,Sweaters,2,0,927
General Petite,Tops,Sweaters,5,1,927
General,Tops,Fine gauge,2,0,909
General,Tops,Knits,3,1,868
General,Dresses,Dresses,5,1,1094
General Petite,Bottoms,Pants,4,1,611
General Petite,Dresses,Dresses,4,1,1092
General Petite,Bottoms,Pants,5,1,1053
General Petite,Dresses,Dresses,4,1,1092
General Petite,Bottoms,Pants,5,1,1053
General Petite,Bottoms,Pants,5,1,611
General Petite,Tops,Sweaters,2,0,942
General Petite,Tops,Sweaters,3,0,927
General Petite,Bottoms,Pants,5,1,1053
General Petite,Dresses,Dresses,4,1,1094
General,Tops,Fine gauge,5,1,909
General,Tops,Fine gauge,5,1,909
General Petite,Tops,Sweaters,2,0,927
General Petite,Bottoms,Pants,5,1,1053
General Petite,Tops,Sweaters,4,1,927
General Petite,Dresses,Dresses,4,1,1094
General Petite,Dresses,Dresses,2,0,1094
General Petite,Bottoms,Pants,3,1,1053
General Petite,Dresses,Dresses,2,0,1094
General,Tops,Fine gauge,5,1,909
General Petite,Tops,Sweaters,5,1,927
General Petite,Tops,Sweaters,4,1,927
General,Tops,Fine gauge,5,1,909
General Petite,Bottoms,Pants,3,0,1053
General Petite,Bottoms,Pants,4,1,611
General Petite,Dresses,Dresses,3,0,1094
General,Tops,Fine gauge,5,1,909
General Petite,Bottoms,Pants,5,1,611
General,Bottoms,Skirts,4,1,1003
General,Tops,Knits,5,1,873
General Petite,Tops,Sweaters,2,0,927
General Petite,Dresses,Dresses,5,1,1094
General Petite,Tops,Sweaters,4,1,927
General Petite,Bottoms,Pants,5,1,611
General Petite,Dresses,Dresses,5,1,1094
General,Tops,Fine gauge,4,1,909
General Petite,Bottoms,Pants,5,1,611
General,Tops,Fine gauge,5,1,909
General Petite,Dresses,Dresses,5,1,1094
General Petite,Tops,Sweaters,5,1,927
General Petite,Dresses,Dresses,5,1,1094
General Petite,Tops,Sweaters,2,0,927
General Petite,Dresses,Dresses,2,0,1094
General Petite,Dresses,Dresses,5,1,1094
General,Tops,Knits,4,1,868
General Petite,Dresses,Dresses,3,1,1094
General Petite,Tops,Sweaters,3,0,927
General Petite,Bottoms,Pants,5,1,611
General,Tops,Knits,3,1,868
General Petite,Tops,Sweaters,4,1,927
General Petite,Bottoms,Pants,5,1,611
General Petite,Bottoms,Pants,5,1,611
General Petite,Dresses,Dresses,5,1,1094
General Petite,Dresses,Dresses,4,0,1104
General Petite,Dresses,Dresses,5,1,1072
General,Tops,Knits,5,1,868
General Petite,Tops,Knits,5,1,857
General Petite,Dresses,Dresses,5,1,1095
General,Dresses,Dresses,5,1,1080
General,Dresses,Dresses,1,0,1080
General,Dresses,Dresses,3,0,1077
General,Dresses,Dresses,2,0,1077
General,Tops,Blouses,2,0,828
General,Dresses,Dresses,5,1,1080
General,Dresses,Dresses,2,0,1077
General Petite,Dresses,Dresses,4,1,1095
General,Dresses,Dresses,5,1,1104
General,Dresses,Dresses,5,1,1080
General,Dresses,Dresses,3,1,1077
General,Dresses,Dresses,5,1,1104
General,Dresses,Dresses,5,1,1077
General,Dresses,Dresses,4,1,1077
General,Dresses,Dresses,5,1,1077
General,Dresses,Dresses,4,1,1104
General,Dresses,Dresses,4,1,1077
General Petite,Dresses,Dresses,1,0,1072
General,Tops,Blouses,4,0,828
General Petite,Dresses,Dresses,2,0,1072
General,Bottoms,Skirts,5,1,1000
General,Dresses,Dresses,5,1,1080
General Petite,Dresses,Dresses,3,0,1072
General,Dresses,Dresses,5,1,1080
General,Tops,Knits,1,0,868
General,Tops,Knits,5,1,868
Initmates,Intimate,Lounge,5,1,698
General,Dresses,Dresses,5,1,1077
General,Tops,Knits,5,1,872
General,Tops,Knits,5,1,868
General,Tops,Knits,4,0,872
General,Dresses,Dresses,5,1,1077
General,Tops,Knits,1,0,868
General,Tops,Blouses,3,1,828
General,Dresses,Dresses,3,0,1080
General,Tops,Knits,5,1,868
General,Dresses,Dresses,2,0,1077
General,Dresses,Dresses,5,1,1077
General Petite,Dresses,Dresses,1,0,1072
General,Dresses,Dresses,3,0,1104
General,Tops,Knits,2,0,868
General,Dresses,Dresses,5,1,1080
General,Dresses,Dresses,4,1,1080
General Petite,Dresses,Dresses,1,0,1072
General,Tops,Blouses,3,0,828
General,Dresses,Dresses,1,1,1075
General Petite,Jackets,Outerwear,5,1,1124
General Petite,Dresses,Dresses,5,1,1095
General,Dresses,Dresses,5,1,1077
General,Dresses,Dresses,5,1,1077
General,Dresses,Dresses,5,1,1080
General,Tops,Knits,3,1,868
General,Dresses,Dresses,5,1,1077
General,Dresses,Dresses,5,1,1080
General,Dresses,Dresses,5,1,1080
General,Dresses,Dresses,5,1,1077
General,Dresses,Dresses,5,1,1080
General,Dresses,Dresses,5,1,1080
General,Tops,Knits,5,1,868
General Petite,Dresses,Dresses,5,1,1095
General,Dresses,Dresses,5,1,1075
General Petite,Dresses,Dresses,2,0,1072
General,Dresses,Dresses,4,1,1104
General,Dresses,Dresses,3,1,1077
General,Dresses,Dresses,5,1,1077
General,Dresses,Dresses,5,1,1080
General,Dresses,Dresses,5,1,1078
General,Dresses,Dresses,3,0,1078
General,Dresses,Dresses,5,1,1078
General,Dresses,Dresses,2,0,1078
General,Dresses,Dresses,2,0,1078
General,Dresses,Dresses,4,1,1078
General,Dresses,Dresses,3,1,1078
General,Dresses,Dresses,5,1,1078
General,Dresses,Dresses,5,1,1078
General,Dresses,Dresses,5,1,1078
General,Dresses,Dresses,4,1,1078
General,Dresses,Dresses,4,1,1078
Initmates,Intimate,Lounge,5,1,436
General,Dresses,Dresses,3,0,1078
General,Dresses,Dresses,3,1,1078
General,Dresses,Dresses,3,0,1078
General,Dresses,Dresses,5,1,1078
General,Dresses,Dresses,5,1,1078
General,Dresses,Dresses,2,0,1078
General,Tops,Sweaters,4,1,934
General,Dresses,Dresses,5,1,1078
General,Dresses,Dresses,5,1,1078
General,Dresses,Dresses,4,1,1078
General,Dresses,Dresses,3,0,1078
General,Tops,Fine gauge,5,1,907
General,Dresses,Dresses,5,1,1078
General,Dresses,Dresses,2,0,1078
Initmates,Intimate,Swim,3,0,280
General,Dresses,Dresses,5,1,1078
General,Dresses,Dresses,5,1,1078
General,Dresses,Dresses,3,0,1078
General,Tops,Knits,3,1,877
General,Dresses,Dresses,5,1,1078
General,Dresses,Dresses,3,1,1078
General,Bottoms,Skirts,5,1,1008
General Petite,Dresses,Dresses,1,0,1088
General Petite,Tops,Blouses,5,1,824
General,Bottoms,Skirts,4,1,1008
General,Bottoms,Jeans,2,0,1022
General Petite,Intimate,Lounge,3,0,806
General,Tops,Blouses,4,1,831
General,Bottoms,Pants,5,1,1056
General,Jackets,Jackets,1,0,967
General Petite,Dresses,Dresses,4,1,1088
General,Bottoms,Skirts,5,1,1008
General,Bottoms,Skirts,5,1,1008
General Petite,Dresses,Dresses,1,0,1088
Initmates,Intimate,Swim,4,1,500
General,Tops,Knits,5,1,873
General,Bottoms,Skirts,5,1,1008
General Petite,Intimate,Lounge,1,0,669
General,Tops,Knits,5,1,873
General Petite,Dresses,Dresses,1,0,1088
General,Tops,Knits,5,1,873
General,Tops,Knits,4,1,873
General,Bottoms,Jeans,5,1,1033
General Petite,Intimate,Lounge,2,0,806
General,Bottoms,Skirts,5,1,1008
General,Bottoms,Skirts,5,1,1008
General Petite,Tops,Blouses,5,1,824
General Petite,Dresses,Dresses,4,1,1088
General,Tops,Blouses,5,1,831
General,Bottoms,Skirts,4,1,1008
General,Tops,Knits,5,1,873
General,Tops,Knits,4,1,873
General,Tops,Blouses,4,1,831
General,Jackets,Jackets,4,0,960
General Petite,Dresses,Dresses,5,1,1088
General,Bottoms,Skirts,5,1,1008
General Petite,Tops,Knits,4,1,873
General Petite,Tops,Blouses,5,1,824
General,Bottoms,Skirts,4,1,1008
General,Tops,Sweaters,5,1,927
General,Bottoms,Skirts,4,1,1008
General Petite,Tops,Knits,5,1,873
General Petite,Tops,Knits,4,1,873
General Petite,Tops,Knits,5,1,873
General,Jackets,Jackets,5,1,960
General Petite,Tops,Knits,5,1,873
General,Bottoms,Skirts,3,1,1008
General,Tops,Sweaters,2,0,927
General,Bottoms,Skirts,4,1,1008
General Petite,Tops,Knits,4,1,873
General,Tops,Knits,5,1,862
General,Tops,Knits,4,1,862
General,Tops,Knits,4,1,862
General,Dresses,Dresses,5,1,1078
General,Dresses,Dresses,5,1,1078
General,Tops,Knits,5,1,862
General,Tops,Knits,4,1,862
General,Tops,Knits,5,1,862
General Petite,Dresses,Dresses,4,1,1072
General,Tops,Knits,3,0,862
General,Dresses,Dresses,4,1,1078
General,Tops,Knits,2,0,862
General,Dresses,Dresses,2,0,1078
General,Dresses,Dresses,3,1,1078
General,Tops,Knits,4,1,862
General,Dresses,Dresses,5,1,1078
General,Tops,Knits,5,1,862
General,Bottoms,Jeans,4,1,1022
General,Tops,Knits,4,1,868
General,Tops,Knits,5,1,862
General,Tops,Knits,5,1,862
General,Tops,Knits,5,1,862
General Petite,Dresses,Dresses,3,0,1078
General Petite,Dresses,Dresses,4,1,1078
General,Tops,Knits,5,1,862
General Petite,Dresses,Dresses,4,1,1078
General Petite,Dresses,Dresses,5,1,1078
General,Bottoms,Jeans,5,1,1022
General,Tops,Knits,5,1,862
General Petite,Tops,Blouses,5,1,822
General Petite,Dresses,Dresses,3,0,1078
General,Tops,Knits,5,1,862
General Petite,Dresses,Dresses,5,1,1078
General Petite,Dresses,Dresses,5,1,1078
General Petite,Dresses,Dresses,5,1,1078
General Petite,Dresses,Dresses,5,1,1078
General Petite,Dresses,Dresses,4,1,1078
General,Tops,Blouses,3,1,835
General Petite,Dresses,Dresses,4,1,1078
General Petite,Tops,Knits,4,1,872
General,Tops,Fine gauge,4,1,909
General,Tops,Knits,5,1,868
General,Tops,Fine gauge,2,0,909
General,Tops,Knits,4,0,868
General Petite,Tops,Knits,5,1,857
General,Dresses,Dresses,5,1,1078
General,Dresses,Dresses,1,0,1078
General,Dresses,Dresses,5,1,1078
General,Dresses,Dresses,5,1,1095
General Petite,Tops,Knits,5,1,872
General Petite,Tops,Knits,5,1,857
General Petite,Tops,Knits,4,1,857
General,Dresses,Dresses,3,1,1078
General Petite,Dresses,Dresses,5,1,1104
General Petite,Tops,Knits,5,1,857
General,Dresses,Dresses,5,1,1095
Unknown,Unknown,Unknown,5,1,492
Unknown,Unknown,Unknown,5,1,492
General,Dresses,Dresses,4,1,1078
General Petite,Tops,Knits,5,1,868
General,Dresses,Dresses,4,1,1078
General,Dresses,Dresses,4,1,1078
General,Bottoms,Pants,4,1,1070
General,Dresses,Dresses,5,1,1078
General,Dresses,Dresses,5,1,1095
General,Dresses,Dresses,4,1,1095
General,Dresses,Dresses,5,1,1095
General,Dresses,Dresses,5,1,1095
General,Bottoms,Pants,5,1,1066
General,Dresses,Dresses,4,1,1095
General,Dresses,Dresses,5,1,1078
General,Dresses,Dresses,4,1,1078
General,Jackets,Jackets,4,1,974
General,Dresses,Dresses,4,1,1095
General,Bottoms,Pants,4,0,1070
General,Bottoms,Pants,5,1,1070
Unknown,Unknown,Unknown,5,1,492
General,Tops,Blouses,5,1,836
General,Dresses,Dresses,4,1,1078
General,Dresses,Dresses,2,0,1095
General,Tops,Blouses,5,1,831
General,Dresses,Dresses,1,0,1078
General Petite,Tops,Knits,4,1,868
General,Dresses,Dresses,3,0,1095
General Petite,Tops,Knits,3,1,868
General Petite,Tops,Knits,2,0,872
General Petite,Tops,Knits,3,0,872
General,Dresses,Dresses,4,1,1078
General,Dresses,Dresses,5,1,1078
General,Tops,Knits,4,1,868
General Petite,Tops,Knits,5,1,857
General,Dresses,Dresses,5,1,1095
General,Dresses,Dresses,5,1,1078
General,Dresses,Dresses,4,1,1095
General,Dresses,Dresses,5,1,1078
General,Dresses,Dresses,5,1,1078
General,Dresses,Dresses,5,1,1078
General Petite,Tops,Knits,5,1,872
General Petite,Dresses,Dresses,5,1,1095
General Petite,Dresses,Dresses,4,1,1095
General,Tops,Blouses,5,1,831
General Petite,Tops,Fine gauge,2,1,909
General Petite,Dresses,Dresses,4,1,1095
General,Dresses,Dresses,4,1,1078
General,Dresses,Dresses,5,1,1078
General,Bottoms,Jeans,5,1,1022
General,Tops,Blouses,5,1,831
General,Tops,Blouses,5,1,831
General Petite,Tops,Knits,5,1,857
General,Dresses,Dresses,5,1,1078
General Petite,Tops,Fine gauge,4,1,909
General,Jackets,Jackets,5,1,974
General,Dresses,Dresses,5,1,1078
General,Tops,Fine gauge,5,1,898
General Petite,Dresses,Dresses,5,1,1095
General,Dresses,Dresses,5,1,1078
General,Dresses,Dresses,5,1,1078
General,Bottoms,Pants,4,1,1070
General,Bottoms,Pants,5,1,1070
General,Tops,Knits,5,1,868
General,Tops,Blouses,4,1,836
General,Dresses,Dresses,2,0,1078
General Petite,Tops,Fine gauge,5,1,909
General,Dresses,Dresses,4,1,1078
General Petite,Dresses,Dresses,5,1,1095
General,Tops,Knits,3,1,868
General Petite,Dresses,Dresses,4,1,1095
General,Dresses,Dresses,3,1,1078
General,Dresses,Dresses,5,1,1078
General Petite,Tops,Knits,4,1,857
General Petite,Dresses,Dresses,5,1,1095
General,Dresses,Dresses,4,1,1078
General Petite,Tops,Knits,5,1,857
General,Bottoms,Pants,5,1,1070
General,Tops,Blouses,5,1,836
General,Dresses,Dresses,4,1,1078
General,Tops,Blouses,5,1,836
General,Tops,Knits,3,0,872
General,Bottoms,Jeans,5,1,1022
General,Bottoms,Jeans,5,1,1022
General,Dresses,Dresses,3,0,1078
General,Dresses,Dresses,4,1,1078
General,Bottoms,Pants,5,1,1070
General,Bottoms,Pants,5,1,1066
General Petite,Dresses,Dresses,4,1,1095
General Petite,Tops,Knits,3,0,857
General,Bottoms,Pants,4,1,1066
General,Tops,Knits,5,1,868
General Petite,Bottoms,Pants,3,0,1070
General,Bottoms,Pants,5,1,1066
General Petite,Tops,Knits,4,1,857
General,Tops,Blouses,4,1,831
General Petite,Dresses,Dresses,4,1,1095
General Petite,Dresses,Dresses,3,1,1095
General Petite,Dresses,Dresses,5,1,1078
General,Tops,Knits,5,1,868
General,Tops,Blouses,5,1,831
General Petite,Dresses,Dresses,5,1,1078
General Petite,Dresses,Dresses,4,1,1095
General Petite,Dresses,Dresses,5,1,1095
General,Tops,Knits,5,1,868
General,Tops,Blouses,4,1,835
General Petite,Tops,Knits,5,1,857
General Petite,Dresses,Dresses,2,0,1095
General Petite,Dresses,Dresses,5,1,1078
General Petite,Dresses,Dresses,5,1,1095
General,Tops,Knits,4,1,868
General,Tops,Blouses,4,1,835
General,Tops,Blouses,5,1,831
General Petite,Dresses,Dresses,4,1,1095
General Petite,Dresses,Dresses,5,1,1078
General,Dresses,Dresses,3,0,1075
General,Tops,Knits,5,1,872
General,Bottoms,Jeans,4,1,1030
General,Dresses,Dresses,4,1,1080
General,Tops,Knits,5,1,872
General,Tops,Knits,5,1,872
General,Dresses,Dresses,1,0,1087
General,Jackets,Jackets,4,1,960
Initmates,Intimate,Swim,2,0,281
General,Tops,Blouses,4,1,850
Initmates,Intimate,Swim,5,1,281
General,Tops,Blouses,4,1,850
Initmates,Intimate,Swim,5,1,281
General,Bottoms,Jeans,4,1,1025
General,Dresses,Dresses,3,1,1110
General,Dresses,Dresses,5,1,1110
General,Bottoms,Pants,4,1,1047
General,Dresses,Dresses,5,1,1110
General,Dresses,Dresses,3,1,1110
General,Bottoms,Pants,5,1,1047
General,Bottoms,Pants,5,1,1047
General,Bottoms,Pants,5,1,1047
General,Dresses,Dresses,5,1,1110
General,Bottoms,Skirts,4,0,996
General,Tops,Knits,3,0,868
General,Tops,Blouses,4,1,825
General,Tops,Knits,5,1,865
General,Tops,Knits,2,0,868
Initmates,Intimate,Lounge,5,1,420
General,Bottoms,Skirts,5,1,996
General,Tops,Blouses,5,1,825
General,Bottoms,Skirts,5,1,996
General,Bottoms,Pants,4,1,1047
General,Bottoms,Skirts,5,1,996
General,Tops,Knits,3,1,865
General,Tops,Knits,2,0,865
General,Tops,Blouses,5,1,825
General,Bottoms,Pants,5,1,1047
General,Bottoms,Skirts,3,1,996
General,Dresses,Dresses,5,1,1110
General,Bottoms,Pants,5,1,1047
Initmates,Intimate,Lounge,5,1,420
General,Bottoms,Skirts,5,1,996
General,Bottoms,Skirts,1,0,996
General,Trend,Trend,4,1,1135
General,Bottoms,Pants,4,0,1047
General,Tops,Knits,3,1,868
General,Bottoms,Pants,3,0,1047
General,Tops,Blouses,5,1,825
Initmates,Intimate,Lounge,4,1,420
General,Dresses,Dresses,5,1,1110
General,Bottoms,Pants,5,1,1047
General,Bottoms,Skirts,5,1,1016
General,Tops,Knits,3,1,865
General,Dresses,Dresses,5,1,1098
General Petite,Dresses,Dresses,3,0,1110
General Petite,Dresses,Dresses,2,0,1110
General Petite,Dresses,Dresses,5,1,1110
General,Bottoms,Skirts,5,1,996
General Petite,Dresses,Dresses,5,1,1110
General Petite,Dresses,Dresses,4,1,1110
Initmates,Intimate,Lounge,3,1,420
General,Tops,Blouses,3,0,825
General Petite,Dresses,Dresses,5,1,1111
General,Dresses,Dresses,2,1,1098
General Petite,Dresses,Dresses,5,1,1110
General,Tops,Knits,5,1,868
General,Bottoms,Pants,5,1,1047
General,Bottoms,Pants,5,1,1047
General,Bottoms,Skirts,5,1,996
General Petite,Intimate,Lounge,1,0,128
General,Tops,Blouses,4,1,828
General Petite,Intimate,Lounge,5,1,128
General,Tops,Blouses,5,1,828
General Petite,Tops,Knits,5,1,862
Initmates,Intimate,Layering,5,1,343
General Petite,Tops,Knits,2,0,862
General Petite,Dresses,Dresses,3,1,1094
General,Tops,Blouses,2,0,828
General Petite,Dresses,Dresses,4,1,1094
General,Dresses,Dresses,5,1,1098
General,Tops,Blouses,4,1,828
General Petite,Intimate,Lounge,5,1,128
General,Tops,Knits,5,1,862
General,Tops,Knits,5,1,862
General Petite,Intimate,Lounge,5,1,128
General,Tops,Knits,5,1,871
General Petite,Dresses,Dresses,4,0,1094
Initmates,Intimate,Intimates,1,0,757
General,Tops,Knits,5,1,862
General,Tops,Knits,5,1,862
Initmates,Intimate,Layering,5,1,343
Initmates,Intimate,Layering,5,1,343
Initmates,Intimate,Intimates,5,1,757
General,Tops,Blouses,3,0,828
General,Tops,Knits,5,1,862
Initmates,Intimate,Intimates,5,1,757
General Petite,Intimate,Lounge,5,1,128
General,Dresses,Dresses,1,0,1098
General,Tops,Knits,2,0,862
General,Tops,Knits,3,0,863
General,Tops,Blouses,5,1,818
General,Dresses,Dresses,1,0,1094
General,Tops,Blouses,5,1,831
Initmates,Intimate,Layering,5,1,343
General,Tops,Knits,5,1,863
General,Tops,Knits,5,1,862
General,Tops,Knits,5,1,862
General,Tops,Knits,5,1,862
General,Dresses,Dresses,4,1,1094
General,Tops,Knits,4,1,862
General,Tops,Knits,3,0,871
General,Dresses,Dresses,5,1,1094
General,Tops,Knits,4,1,863
Initmates,Intimate,Layering,3,0,343
General,Tops,Blouses,5,1,828
General Petite,Intimate,Lounge,5,1,128
General,Tops,Knits,5,1,863
General,Tops,Knits,2,0,863
General,Tops,Blouses,2,0,828
Initmates,Intimate,Intimates,4,1,757
General,Bottoms,Skirts,5,1,1001
General Petite,Tops,Sweaters,5,1,939
General Petite,Tops,Sweaters,4,1,939
General Petite,Tops,Sweaters,4,1,939
General Petite,Tops,Fine gauge,5,1,903
General,Dresses,Dresses,1,0,1094
General Petite,Tops,Sweaters,5,1,939
General Petite,Dresses,Dresses,2,0,1110
General,Dresses,Dresses,4,1,1081
General Petite,Tops,Sweaters,5,1,939
General Petite,Tops,Sweaters,5,1,939
General Petite,Tops,Sweaters,5,1,927
General Petite,Tops,Fine gauge,4,1,903
General,Dresses,Dresses,4,1,1081
General,Dresses,Dresses,5,1,1094
General,Dresses,Dresses,5,1,1081
General,Bottoms,Skirts,5,1,1001
General Petite,Tops,Sweaters,5,1,939
General Petite,Tops,Sweaters,5,1,939
General Petite,Dresses,Dresses,5,1,1110
General Petite,Intimate,Lounge,5,1,621
General,Tops,Blouses,5,1,828
General,Tops,Knits,4,1,864
General Petite,Tops,Sweaters,5,1,939
General Petite,Tops,Sweaters,4,1,939
General Petite,Intimate,Lounge,5,1,621
General Petite,Intimate,Lounge,5,1,621
General Petite,Intimate,Lounge,5,1,621
General Petite,Tops,Sweaters,5,1,939
General Petite,Intimate,Lounge,4,1,621
General Petite,Intimate,Lounge,4,0,621
General Petite,Dresses,Dresses,5,1,1094
General Petite,Tops,Sweaters,5,1,939
General Petite,Dresses,Dresses,5,1,1110
General Petite,Tops,Sweaters,5,1,939
General Petite,Intimate,Lounge,4,1,621
General Petite,Intimate,Lounge,5,1,621
General,Dresses,Dresses,4,1,1081
General Petite,Tops,Fine gauge,5,1,903
General Petite,Dresses,Dresses,5,1,1110
General Petite,Tops,Sweaters,5,1,939
General Petite,Tops,Fine gauge,5,1,903
General Petite,Tops,Fine gauge,1,0,903
General,Bottoms,Skirts,5,1,1001
General Petite,Dresses,Dresses,3,1,1110
General Petite,Intimate,Lounge,5,1,621
General Petite,Tops,Knits,5,1,864
General Petite,Tops,Sweaters,5,1,939
General Petite,Intimate,Lounge,5,1,621
General Petite,Tops,Fine gauge,4,1,903
General Petite,Tops,Knits,5,1,864
General Petite,Dresses,Dresses,5,1,1110
General Petite,Intimate,Lounge,4,1,621
General Petite,Intimate,Lounge,5,1,621
General,Dresses,Dresses,5,1,1081
General Petite,Tops,Knits,5,1,864
General,Bottoms,Skirts,5,1,1001
General Petite,Intimate,Lounge,5,1,621
General Petite,Tops,Sweaters,5,1,939
General,Tops,Knits,5,1,25
General,Dresses,Dresses,5,1,1081
General Petite,Tops,Sweaters,5,1,939
General,Tops,Blouses,2,0,830
Initmates,Intimate,Swim,4,1,654
General Petite,Tops,Sweaters,5,1,927
General,Bottoms,Skirts,5,1,1001
General Petite,Dresses,Dresses,5,1,1110
General Petite,Dresses,Dresses,5,1,1110
General Petite,Tops,Sweaters,4,1,939
General Petite,Tops,Knits,4,1,864
General Petite,Tops,Sweaters,5,1,939
General Petite,Dresses,Dresses,5,1,1110
General Petite,Dresses,Dresses,4,0,1110
General Petite,Dresses,Dresses,4,1,1110
General Petite,Dresses,Dresses,4,1,1076
General,Tops,Blouses,3,1,829
General,Tops,Sweaters,3,0,927
General Petite,Dresses,Dresses,5,1,1076
General Petite,Bottoms,Skirts,5,1,1009
General,Dresses,Dresses,5,1,1081
General Petite,Jackets,Jackets,5,1,980
General,Tops,Sweaters,5,1,927
General,Dresses,Dresses,2,0,1077
General,Tops,Blouses,2,0,829
General,Tops,Blouses,4,1,829
Initmates,Intimate,Sleep,2,0,93
General Petite,Dresses,Dresses,4,1,1076
General Petite,Bottoms,Skirts,5,1,1009
General,Tops,Blouses,5,1,829
General,Tops,Sweaters,5,1,944
General,Tops,Blouses,5,1,829
General,Tops,Blouses,4,1,831
General,Dresses,Dresses,4,1,1081
General,Tops,Blouses,5,1,829
General Petite,Jackets,Jackets,2,0,980
General,Dresses,Dresses,5,1,1081
Initmates,Intimate,Sleep,5,1,686
General,Tops,Blouses,3,1,829
General Petite,Dresses,Dresses,5,1,1077
General Petite,Dresses,Dresses,4,1,1077
General Petite,Dresses,Dresses,3,1,1077
General Petite,Dresses,Dresses,5,1,1077
General,Tops,Blouses,4,1,829
General,Tops,Sweaters,5,1,927
General,Tops,Blouses,4,1,829
General,Tops,Blouses,3,0,829
General,Tops,Blouses,2,0,829
General,Tops,Blouses,5,1,829
Initmates,Intimate,Sleep,4,1,93
General,Tops,Blouses,5,1,828
General,Tops,Blouses,4,1,829
General Petite,Dresses,Dresses,5,1,1077
General,Bottoms,Jeans,5,1,1033
General,Tops,Sweaters,2,0,921
General Petite,Tops,Blouses,2,0,850
General Petite,Dresses,Dresses,5,1,1076
General Petite,Dresses,Dresses,4,1,1076
General,Bottoms,Jeans,5,1,1024
General,Jackets,Jackets,4,1,975
General,Jackets,Jackets,5,1,975
General,Tops,Sweaters,3,1,921
General Petite,Tops,Fine gauge,3,1,911
General Petite,Dresses,Dresses,3,0,1076
General,Tops,Sweaters,5,1,921
General,Jackets,Jackets,5,1,975
General Petite,Jackets,Jackets,2,0,985
General Petite,Tops,Knits,5,1,862
Initmates,Intimate,Sleep,5,1,180
Initmates,Intimate,Sleep,5,1,180
General Petite,Jackets,Jackets,3,0,985
General Petite,Tops,Knits,3,0,862
General,Bottoms,Shorts,5,1,680
General Petite,Tops,Knits,2,0,862
General Petite,Tops,Knits,4,1,862
General,Bottoms,Pants,5,1,1059
Initmates,Intimate,Swim,5,1,534
General Petite,Tops,Knits,5,1,862
Initmates,Intimate,Sleep,3,0,180
General,Bottoms,Pants,5,1,1059
General,Tops,Knits,5,1,872
General,Bottoms,Pants,4,1,1059
Initmates,Intimate,Swim,4,1,534
General Petite,Tops,Knits,5,1,862
General Petite,Tops,Knits,4,1,862
General,Bottoms,Shorts,5,1,606
General,Bottoms,Shorts,3,0,606
General Petite,Tops,Blouses,1,0,829
General Petite,Bottoms,Jeans,4,1,1033
General,Bottoms,Jeans,5,1,1028
General,Dresses,Dresses,3,0,1083
General,Dresses,Dresses,5,1,1083
General,Jackets,Outerwear,4,1,1129
General,Dresses,Dresses,5,1,1083
General,Dresses,Dresses,5,1,1083
General Petite,Tops,Knits,5,1,862
General,Tops,Knits,3,0,866
General,Jackets,Outerwear,5,1,1129
General Petite,Tops,Knits,5,1,862
General Petite,Tops,Knits,4,1,862
General,Jackets,Outerwear,5,1,1129
General,Bottoms,Jeans,5,1,1030
General,Tops,Knits,5,1,866
General Petite,Tops,Knits,3,1,876
Initmates,Intimate,Lounge,4,1,761
General,Tops,Knits,5,1,867
General,Bottoms,Jeans,5,1,1030
General Petite,Tops,Blouses,1,0,840
General Petite,Tops,Knits,4,1,876
Initmates,Intimate,Lounge,5,1,761
General,Tops,Knits,3,0,867
General Petite,Tops,Knits,3,1,876
General,Dresses,Dresses,4,1,1083
General,Dresses,Dresses,4,1,1083
General Petite,Tops,Knits,3,1,876
General,Tops,Knits,4,1,867
General,Dresses,Dresses,2,0,1083
General Petite,Tops,Knits,2,0,876
General,Tops,Knits,5,1,862
General,Bottoms,Jeans,4,1,1028
Initmates,Intimate,Lounge,5,1,761
General,Tops,Knits,5,1,867
General,Bottoms,Skirts,5,1,999
General,Dresses,Dresses,4,1,1083
General,Dresses,Dresses,4,1,1083
General,Tops,Knits,4,1,866
General,Bottoms,Shorts,5,1,606
General,Jackets,Outerwear,3,0,1129
General Petite,Tops,Fine gauge,4,1,895
General,Dresses,Dresses,1,0,1083
General Petite,Tops,Knits,4,1,876
General Petite,Tops,Knits,4,1,876
General,Tops,Knits,5,1,862
General,Tops,Knits,3,1,867
General,Bottoms,Jeans,5,1,1030
General Petite,Tops,Knits,4,1,876
General,Tops,Knits,5,1,867
General,Bottoms,Jeans,3,1,1028
General Petite,Tops,Knits,2,0,876
General,Jackets,Outerwear,1,0,1129
General,Dresses,Dresses,5,1,1083
General Petite,Dresses,Dresses,5,1,1077
General Petite,Tops,Knits,5,1,857
General,Bottoms,Pants,3,1,1049
General,Bottoms,Pants,5,1,1049
General,Tops,Knits,5,1,865
General Petite,Tops,Knits,5,1,857
General Petite,Dresses,Dresses,4,1,1077
General Petite,Dresses,Dresses,4,1,1077
General Petite,Tops,Knits,1,0,857
General Petite,Tops,Knits,5,1,857
General Petite,Tops,Knits,5,1,861
General,Dresses,Dresses,3,1,1085
General Petite,Tops,Knits,5,1,857
General Petite,Tops,Knits,5,1,857
General Petite,Tops,Knits,5,1,857
General,Dresses,Dresses,5,1,1085
General Petite,Dresses,Dresses,5,1,1077
General Petite,Tops,Knits,2,0,857
General Petite,Tops,Knits,5,1,861
General Petite,Dresses,Dresses,3,1,1077
General Petite,Dresses,Dresses,2,1,1077
General,Tops,Sweaters,3,0,932
General,Tops,Knits,5,1,867
General,Jackets,Jackets,5,1,966
General,Tops,Knits,5,1,867
General,Tops,Sweaters,3,1,932
General Petite,Dresses,Dresses,3,1,1111
General,Tops,Knits,5,1,867
General,Tops,Knits,5,1,867
General,Tops,Knits,5,1,867
General,Tops,Knits,5,1,867
General,Tops,Knits,5,1,867
General,Jackets,Jackets,5,1,966
General,Jackets,Jackets,4,1,966
General,Tops,Knits,4,1,867
General,Jackets,Jackets,5,1,966
General,Jackets,Jackets,5,1,966
General,Tops,Knits,5,1,867
General,Tops,Knits,2,0,867
General,Tops,Knits,3,1,867
General,Jackets,Jackets,3,0,966
General,Tops,Knits,4,1,867
General,Jackets,Jackets,5,1,966
General,Jackets,Jackets,5,1,966
General,Jackets,Jackets,5,1,966
General,Jackets,Jackets,5,1,966
General,Tops,Knits,3,0,867
General Petite,Jackets,Outerwear,5,1,1124
General,Dresses,Dresses,5,1,1081
General,Tops,Blouses,5,1,848
General,Tops,Knits,5,1,867
General Petite,Tops,Knits,4,1,879
Initmates,Intimate,Legwear,2,0,185
Initmates,Intimate,Swim,5,1,402
General Petite,Tops,Knits,5,1,879
General Petite,Tops,Knits,5,1,879
General,Dresses,Dresses,3,0,1110
General,Jackets,Jackets,4,1,965
General Petite,Tops,Knits,3,0,879
General,Tops,Knits,3,1,869
General Petite,Tops,Knits,3,0,879
General Petite,Tops,Fine gauge,5,1,895
General Petite,Tops,Knits,4,1,879
General Petite,Tops,Knits,5,1,879
Initmates,Intimate,Layering,5,1,139
General,Jackets,Jackets,5,1,965
General,Dresses,Dresses,4,1,1075
General,Dresses,Dresses,4,1,1094
General Petite,Tops,Knits,4,1,879
General Petite,Tops,Knits,3,1,879
General Petite,Tops,Knits,5,1,879
General Petite,Tops,Knits,3,0,879
General Petite,Tops,Knits,5,1,879
General,Dresses,Dresses,3,1,1110
General,Tops,Knits,5,1,869
General Petite,Tops,Knits,4,1,879
General Petite,Tops,Knits,5,1,879
General,Dresses,Dresses,3,1,1110
Initmates,Intimate,Layering,5,1,139
General Petite,Tops,Knits,5,1,879
Initmates,Intimate,Layering,5,1,139
General Petite,Tops,Knits,4,1,879
General Petite,Tops,Knits,4,1,879
Initmates,Intimate,Swim,3,1,402
Initmates,Intimate,Layering,3,1,139
General Petite,Tops,Knits,1,0,879
General Petite,Dresses,Dresses,5,1,1073
General Petite,Tops,Knits,4,1,879
General Petite,Dresses,Dresses,2,0,1073
General Petite,Tops,Knits,4,1,879
General Petite,Tops,Knits,5,1,879
General Petite,Tops,Knits,3,0,879
General,Jackets,Jackets,5,1,965
General Petite,Bottoms,Pants,4,1,1047
General,Tops,Knits,4,1,886
General Petite,Dresses,Dresses,5,1,1111
General Petite,Tops,Blouses,5,1,829
General,Tops,Blouses,5,1,835
General,Tops,Knits,3,0,886
General,Tops,Knits,5,1,886
General,Tops,Knits,4,1,886
General,Tops,Knits,3,0,886
Initmates,Intimate,Lounge,3,0,677
General,Tops,Knits,4,1,886
General,Tops,Knits,5,1,886
General,Dresses,Dresses,4,1,1083
Initmates,Intimate,Lounge,5,1,677
General Petite,Dresses,Dresses,3,1,1111
General,Tops,Knits,4,1,862
General,Tops,Knits,5,1,886
General,Tops,Knits,4,1,862
General,Dresses,Dresses,5,1,1083
General,Tops,Sweaters,4,1,949
General Petite,Bottoms,Pants,3,0,1047
General,Tops,Knits,1,0,862
General,Dresses,Dresses,5,1,1083
General,Tops,Knits,5,1,886
General,Dresses,Dresses,5,1,1083
General,Dresses,Dresses,4,1,1083
General,Tops,Knits,4,1,862
General Petite,Tops,Blouses,3,1,829
General Petite,Dresses,Dresses,2,0,1111
General,Tops,Knits,5,1,886
General,Dresses,Dresses,3,1,1083
General,Dresses,Dresses,5,1,1083
General,Tops,Knits,5,1,862
General,Dresses,Dresses,4,1,1083
General,Tops,Blouses,5,1,835
General Petite,Tops,Blouses,4,1,829
General Petite,Tops,Blouses,4,1,817
Initmates,Intimate,Swim,1,0,432
General Petite,Dresses,Dresses,5,1,1088
General Petite,Tops,Blouses,4,1,829
General Petite,Tops,Blouses,4,1,829
General Petite,Tops,Blouses,1,0,817
General Petite,Tops,Blouses,5,1,829
General Petite,Tops,Blouses,5,1,829
General Petite,Tops,Blouses,4,1,817
General,Tops,Blouses,4,1,838
General Petite,Tops,Blouses,5,1,829
General Petite,Dresses,Dresses,3,0,1094
General,Dresses,Dresses,5,1,1086
General Petite,Tops,Blouses,5,1,829
General Petite,Tops,Blouses,5,1,829
General Petite,Tops,Blouses,5,1,829
General,Dresses,Dresses,4,1,1086
General Petite,Dresses,Dresses,5,1,1081
General Petite,Tops,Blouses,5,1,829
General Petite,Tops,Blouses,5,1,829
General Petite,Dresses,Dresses,5,1,1081
General Petite,Tops,Blouses,3,0,829
General Petite,Tops,Blouses,5,1,829
Initmates,Intimate,Swim,3,0,174
General,Bottoms,Pants,3,0,1059
General Petite,Bottoms,Jeans,2,0,1025
General Petite,Dresses,Dresses,3,0,1081
General Petite,Tops,Blouses,5,1,829
General,Dresses,Dresses,5,1,1086
General,Tops,Sweaters,2,0,935
General,Tops,Blouses,5,1,838
General Petite,Tops,Blouses,4,1,829
General,Dresses,Dresses,3,1,1086
General,Tops,Blouses,3,1,838
General,Bottoms,Pants,4,1,1059
General,Dresses,Dresses,3,0,1081
General,Dresses,Dresses,5,1,1086
General Petite,Tops,Blouses,5,1,829
General,Tops,Blouses,4,1,828
General Petite,Tops,Blouses,5,1,829
General Petite,Tops,Blouses,5,1,817
General Petite,Dresses,Dresses,5,1,1078
General,Bottoms,Pants,5,1,1059
Initmates,Intimate,Lounge,5,1,581
General,Tops,Knits,3,0,875
Initmates,Intimate,Lounge,5,1,713
General Petite,Dresses,Dresses,5,1,1078
General Petite,Dresses,Dresses,5,1,1078
General Petite,Dresses,Dresses,5,1,1078
General Petite,Dresses,Dresses,5,1,1078
General Petite,Dresses,Dresses,2,0,1078
General,Dresses,Dresses,5,1,1094
General Petite,Dresses,Dresses,3,1,1078
General Petite,Dresses,Dresses,5,1,1094
General Petite,Dresses,Dresses,2,0,1078
General Petite,Tops,Knits,3,0,862
General Petite,Bottoms,Pants,5,1,1060
General Petite,Dresses,Dresses,5,1,1094
Initmates,Intimate,Intimates,2,0,1158
Initmates,Intimate,Lounge,5,1,713
General Petite,Dresses,Dresses,4,1,1078
General Petite,Tops,Knits,4,1,862
General Petite,Dresses,Dresses,4,1,1078
General Petite,Dresses,Dresses,4,1,1078
General Petite,Tops,Knits,3,0,862
Initmates,Intimate,Lounge,4,1,713
General Petite,Dresses,Dresses,3,0,1078
General Petite,Tops,Knits,3,0,862
General Petite,Dresses,Dresses,5,1,1078
General,Tops,Blouses,3,0,835
General,Tops,Blouses,5,1,835
General Petite,Dresses,Dresses,2,0,1078
General Petite,Tops,Knits,3,0,862
General Petite,Tops,Knits,3,0,862
General Petite,Bottoms,Pants,5,1,1060
General Petite,Dresses,Dresses,1,0,1078
General Petite,Tops,Knits,4,1,862
General Petite,Dresses,Dresses,4,1,1078
General Petite,Dresses,Dresses,3,0,1078
General Petite,Bottoms,Pants,5,1,1060
General Petite,Dresses,Dresses,3,1,1078
General Petite,Dresses,Dresses,5,1,1078
General Petite,Dresses,Dresses,5,1,1078
General Petite,Dresses,Dresses,3,1,1078
General Petite,Tops,Knits,5,1,862
General Petite,Dresses,Dresses,5,1,1078
General Petite,Dresses,Dresses,5,1,1078
General Petite,Dresses,Dresses,2,0,1078
General Petite,Dresses,Dresses,5,1,1078
General Petite,Dresses,Dresses,5,1,1078
General,Tops,Blouses,5,1,831
General,Tops,Blouses,5,1,831
General Petite,Dresses,Dresses,5,1,1078
General Petite,Tops,Knits,4,1,862
General Petite,Tops,Knits,4,1,862
General Petite,Bottoms,Pants,5,1,1060
General,Tops,Knits,4,1,875
General,Dresses,Dresses,3,0,1094
General Petite,Tops,Knits,5,1,862
General Petite,Dresses,Dresses,4,1,1078
Initmates,Intimate,Lounge,3,1,713
General Petite,Tops,Knits,5,1,862
General Petite,Dresses,Dresses,2,0,1078
General Petite,Bottoms,Pants,5,1,1060
General,Dresses,Dresses,5,1,1104
General Petite,Dresses,Dresses,3,0,1078
General Petite,Bottoms,Pants,5,1,1060
General Petite,Tops,Knits,4,1,862
General Petite,Dresses,Dresses,4,1,1078
General Petite,Dresses,Dresses,5,1,1078
Initmates,Intimate,Lounge,5,1,713
General Petite,Dresses,Dresses,5,1,1078
General Petite,Bottoms,Pants,4,1,1060
General,Tops,Blouses,5,1,850
General,Bottoms,Jeans,5,1,1028
Initmates,Intimate,Swim,5,1,378
General,Bottoms,Jeans,5,1,1028
General Petite,Bottoms,Skirts,5,1,1008
Initmates,Intimate,Swim,5,1,378
General,Tops,Knits,5,1,863
General,Tops,Knits,5,1,863
General Petite,Jackets,Jackets,5,1,974
Initmates,Intimate,Swim,5,1,378
General,Tops,Knits,4,1,863
General Petite,Tops,Knits,5,1,859
General Petite,Bottoms,Skirts,4,1,1008
Initmates,Intimate,Swim,5,1,378
General,Bottoms,Jeans,5,1,1028
General,Tops,Knits,3,0,863
General,Bottoms,Jeans,5,1,1028
General Petite,Jackets,Jackets,5,1,974
General,Tops,Blouses,5,1,835
General,Tops,Knits,4,1,863
General Petite,Jackets,Jackets,4,1,974
Initmates,Intimate,Swim,5,1,378
General,Bottoms,Jeans,3,1,1028
General,Dresses,Dresses,4,1,1086
Initmates,Intimate,Swim,5,1,378
General Petite,Jackets,Jackets,4,1,974
Initmates,Intimate,Swim,5,1,378
General Petite,Tops,Blouses,5,1,850
General,Bottoms,Shorts,5,1,480
General,Dresses,Dresses,4,1,1080
General,Bottoms,Skirts,5,1,1008
General,Bottoms,Skirts,5,1,1008
General Petite,Tops,Knits,5,1,864
General,Tops,Fine gauge,4,1,909
Initmates,Intimate,Layering,5,1,109
Initmates,Intimate,Layering,4,1,109
General,Dresses,Dresses,4,1,1099
General,Bottoms,Skirts,4,1,1008
General Petite,Tops,Knits,5,1,876
General,Dresses,Dresses,4,1,1086
General,Bottoms,Skirts,4,1,1008
Initmates,Intimate,Layering,5,1,109
General,Tops,Blouses,5,1,826
General,Tops,Fine gauge,3,0,909
General,Dresses,Dresses,4,1,1080
General,Dresses,Dresses,5,1,1083
General,Tops,Blouses,4,1,826
General,Dresses,Dresses,5,1,1099
General Petite,Tops,Knits,5,1,864
General Petite,Tops,Knits,3,0,864
General,Tops,Fine gauge,1,0,909
General,Dresses,Dresses,3,0,1080
General,Tops,Blouses,3,0,826
General,Dresses,Dresses,2,0,1099
General,Dresses,Dresses,5,1,1080
General Petite,Tops,Knits,2,0,864
General,Tops,Fine gauge,5,1,909
General,Dresses,Dresses,3,0,1080
General,Dresses,Dresses,5,1,1080
General,Tops,Fine gauge,1,0,909
General,Dresses,Dresses,5,1,1099
General,Dresses,Dresses,5,1,1086
Initmates,Intimate,Layering,5,1,109
General,Bottoms,Shorts,5,1,480
General Petite,Tops,Knits,5,1,864
General,Dresses,Dresses,5,1,1099
General,Dresses,Dresses,4,1,1080
General,Dresses,Dresses,5,1,1080
General,Bottoms,Skirts,5,1,1008
General,Bottoms,Shorts,5,1,480
Initmates,Intimate,Lounge,5,1,642
Initmates,Intimate,Lounge,5,1,642
Initmates,Intimate,Intimates,3,1,40
Initmates,Intimate,Lounge,5,1,642
General,Tops,Knits,3,0,866
General,Dresses,Dresses,5,1,1086
Initmates,Intimate,Intimates,5,1,40
General,Dresses,Dresses,2,0,1086
General,Tops,Knits,5,1,866
General,Tops,Knits,4,0,866
General,Dresses,Dresses,4,1,1094
General,Bottoms,Jeans,5,1,1035
General Petite,Tops,Knits,3,0,876
Initmates,Intimate,Lounge,5,1,642
General,Bottoms,Jeans,5,1,1028
General Petite,Jackets,Outerwear,5,1,1112
General,Tops,Knits,3,0,866
General Petite,Tops,Knits,5,1,876
General,Tops,Knits,5,1,866
Initmates,Intimate,Intimates,5,1,40
General,Dresses,Dresses,2,0,1086
General,Dresses,Dresses,5,1,1094
General,Tops,Knits,3,1,866
Initmates,Intimate,Lounge,5,1,642
Initmates,Intimate,Lounge,5,1,1162
General Petite,Tops,Knits,5,1,876
General Petite,Tops,Knits,4,1,876
General,Tops,Knits,3,0,866
General,Tops,Knits,5,1,862
General,Trend,Trend,5,1,564
General Petite,Tops,Fine gauge,5,1,904
General Petite,Tops,Blouses,3,0,822
General Petite,Tops,Blouses,4,1,822
General,Dresses,Dresses,5,1,1074
General,Tops,Knits,5,1,862
General,Tops,Knits,5,1,862
General,Tops,Blouses,5,1,850
Initmates,Intimate,Intimates,1,0,758
General,Tops,Blouses,5,1,850
General,Tops,Knits,5,1,862
General Petite,Tops,Fine gauge,3,1,904
General,Tops,Blouses,3,0,850
General Petite,Tops,Blouses,4,1,822
General,Tops,Blouses,5,1,850
General,Tops,Blouses,3,1,850
Initmates,Intimate,Swim,4,1,740
General Petite,Tops,Fine gauge,4,0,904
General,Tops,Blouses,4,1,850
General,Dresses,Dresses,5,1,1074
General Petite,Tops,Blouses,5,1,822
General Petite,Tops,Blouses,5,1,822
General,Tops,Blouses,4,1,850
General,Tops,Knits,5,1,862
General,Tops,Sweaters,3,1,929
General,Dresses,Dresses,5,1,1074
Initmates,Intimate,Swim,5,1,441
General,Tops,Blouses,4,1,850
General,Tops,Blouses,5,1,850
General Petite,Tops,Blouses,5,1,822
General,Tops,Blouses,5,1,850
General,Tops,Blouses,5,1,850
General,Tops,Knits,4,1,862
General,Bottoms,Jeans,4,1,1033
General,Tops,Blouses,4,1,850
General,Dresses,Dresses,5,1,1074
General Petite,Tops,Blouses,5,1,850
General,Tops,Knits,5,1,862
General Petite,Tops,Blouses,4,1,850
General Petite,Tops,Blouses,5,1,850
General,Tops,Knits,5,1,862
General Petite,Tops,Blouses,5,1,850
General Petite,Tops,Blouses,5,1,850
General,Tops,Knits,5,1,862
Initmates,Intimate,Swim,5,1,441
General,Dresses,Dresses,5,1,1074
General,Jackets,Jackets,5,1,975
General,Bottoms,Shorts,5,1,332
General,Dresses,Dresses,5,1,1081
General,Dresses,Dresses,5,1,1081
General Petite,Tops,Blouses,1,0,850
General,Bottoms,Shorts,5,1,332
General,Jackets,Jackets,5,1,960
General Petite,Tops,Blouses,4,1,850
General,Dresses,Dresses,3,1,1081
General,Dresses,Dresses,1,0,1084
General,Tops,Knits,3,1,882
General,Bottoms,Shorts,5,1,332
General,Dresses,Dresses,3,0,1084
General,Tops,Knits,2,0,882
General,Dresses,Dresses,5,1,1081
General Petite,Tops,Blouses,5,1,850
General,Dresses,Dresses,5,1,1081
General,Dresses,Dresses,5,1,1098
General,Dresses,Dresses,2,0,1086
General Petite,Tops,Blouses,5,1,850
General,Tops,Knits,5,1,882
General,Tops,Knits,5,1,882
General,Jackets,Jackets,5,1,966
General,Bottoms,Shorts,4,1,332
General,Bottoms,Shorts,5,1,332
General,Dresses,Dresses,4,1,1084
General,Jackets,Jackets,5,1,966
General,Dresses,Dresses,5,1,1081
General,Dresses,Dresses,5,1,1081
General,Tops,Knits,5,1,882
General Petite,Tops,Blouses,2,0,850
General,Jackets,Jackets,5,1,966
General,Dresses,Dresses,5,1,1081
General,Tops,Knits,5,1,882
General,Tops,Knits,4,1,882
General,Bottoms,Shorts,5,1,332
General,Tops,Knits,5,1,882
General Petite,Tops,Blouses,5,1,850
General,Dresses,Dresses,4,1,1081
General,Dresses,Dresses,4,1,1084
General Petite,Tops,Blouses,1,0,850
Initmates,Intimate,Lounge,3,1,82
Initmates,Intimate,Lounge,5,1,82
General,Dresses,Dresses,5,1,1081
General,Dresses,Dresses,5,1,1081
General,Dresses,Dresses,5,1,1081
General,Dresses,Dresses,2,1,1084
General,Dresses,Dresses,4,1,1081
General,Dresses,Dresses,2,0,1081
General,Tops,Knits,5,1,882
General,Bottoms,Shorts,3,0,332
General,Bottoms,Shorts,5,1,332
General,Jackets,Jackets,4,1,966
General,Bottoms,Shorts,5,1,332
General Petite,Dresses,Dresses,5,1,1081
General,Dresses,Dresses,2,0,1084
General,Bottoms,Shorts,5,1,332
General,Dresses,Dresses,5,1,1084
General Petite,Dresses,Dresses,5,1,1081
General Petite,Dresses,Dresses,5,1,1081
General Petite,Tops,Blouses,5,1,850
General Petite,Tops,Blouses,4,1,833
General Petite,Dresses,Dresses,5,1,1081
General,Dresses,Dresses,4,1,1084
General Petite,Bottoms,Jeans,5,1,1033
General,Dresses,Dresses,3,1,1084
General Petite,Dresses,Dresses,5,1,1081
General,Dresses,Dresses,2,1,1084
General Petite,Bottoms,Jeans,5,1,1033
General Petite,Dresses,Dresses,5,1,1081
General Petite,Dresses,Dresses,5,1,1081
General Petite,Dresses,Dresses,4,1,1081
General,Tops,Knits,3,1,863
General,Tops,Knits,5,1,863
General Petite,Bottoms,Pants,5,1,1070
General,Tops,Blouses,3,1,832
General,Bottoms,Jeans,5,1,1028
General,Tops,Knits,5,1,863
General,Dresses,Dresses,4,1,1072
General,Tops,Knits,5,1,863
General,Dresses,Dresses,3,0,1072
General Petite,Tops,Sweaters,5,1,927
General,Tops,Blouses,5,1,828
General Petite,Bottoms,Skirts,5,1,1004
General Petite,Tops,Sweaters,5,1,927
General,Tops,Knits,4,1,863
General,Tops,Knits,4,1,868
General,Dresses,Dresses,1,0,1072
General Petite,Tops,Sweaters,5,1,927
General Petite,Bottoms,Skirts,5,1,1004
General,Tops,Knits,5,1,863
General,Dresses,Dresses,5,1,1072
General,Tops,Blouses,5,1,828
General Petite,Bottoms,Pants,5,1,1070
General Petite,Bottoms,Skirts,4,1,1004
General Petite,Bottoms,Pants,5,1,1070
General Petite,Bottoms,Skirts,5,1,1004
General Petite,Tops,Sweaters,5,1,927
General Petite,Bottoms,Skirts,5,1,1004
General Petite,Bottoms,Skirts,5,1,1004
General,Tops,Blouses,5,1,828
General,Tops,Knits,5,1,863
General,Tops,Knits,5,1,863
General,Tops,Knits,5,1,863
General Petite,Bottoms,Skirts,5,1,1004
General Petite,Bottoms,Skirts,4,1,1004
General,Dresses,Dresses,3,0,1072
General,Tops,Fine gauge,5,1,898
General Petite,Bottoms,Skirts,5,1,1004
General Petite,Bottoms,Pants,4,1,1070
General,Dresses,Dresses,5,1,1072
General,Tops,Knits,4,1,863
General,Tops,Knits,4,1,868
General,Dresses,Dresses,5,1,1072
General Petite,Tops,Sweaters,2,0,927
General,Tops,Knits,5,1,863
General Petite,Tops,Sweaters,2,0,927
General,Tops,Knits,3,0,863
General,Tops,Blouses,5,1,832
General,Tops,Blouses,5,1,828
General Petite,Bottoms,Skirts,5,1,1004
General Petite,Tops,Sweaters,5,1,927
General Petite,Bottoms,Skirts,5,1,1004
General Petite,Tops,Sweaters,4,1,927
General Petite,Tops,Sweaters,4,1,927
General,Dresses,Dresses,1,0,1072
General,Tops,Blouses,5,1,832
General,Bottoms,Pants,4,1,1044
General,Dresses,Dresses,3,0,1095
General,Dresses,Dresses,5,1,1095
General,Bottoms,Skirts,1,0,1020
General,Tops,Blouses,5,1,818
General,Dresses,Dresses,5,1,1095
General,Bottoms,Skirts,5,1,1020
General,Dresses,Dresses,4,1,1095
General,Dresses,Dresses,2,0,1095
General,Bottoms,Skirts,5,1,1020
General Petite,Dresses,Dresses,4,1,1075
General,Dresses,Dresses,3,0,1095
General,Tops,Knits,5,1,868
General,Dresses,Dresses,3,0,1095
General,Tops,Knits,5,1,868
General,Dresses,Dresses,4,1,1095
General,Tops,Knits,5,1,868
General,Dresses,Dresses,2,0,1095
General,Dresses,Dresses,3,0,1095
General,Tops,Knits,5,1,868
General,Dresses,Dresses,3,1,1095
General,Dresses,Dresses,1,0,1095
Initmates,Intimate,Intimates,5,1,349
General,Tops,Knits,4,1,868
General,Dresses,Dresses,3,0,1095
General,Dresses,Dresses,4,1,1095
General Petite,Dresses,Dresses,3,0,1078
General Petite,Dresses,Dresses,3,1,1095
General Petite,Dresses,Dresses,3,0,1095
General,Jackets,Outerwear,5,1,0
General Petite,Dresses,Dresses,5,1,1095
General Petite,Dresses,Dresses,5,1,1095
General Petite,Dresses,Dresses,5,1,1095
General,Tops,Blouses,4,1,818
General,Tops,Blouses,5,1,818
General Petite,Dresses,Dresses,3,1,1095
General,Tops,Knits,5,1,868
General,Tops,Knits,1,0,868
General Petite,Dresses,Dresses,4,1,1095
General Petite,Dresses,Dresses,4,1,1095
General,Tops,Knits,2,0,868
General,Tops,Knits,5,1,868
General,Tops,Knits,4,1,868
General,Bottoms,Skirts,5,1,1020
General Petite,Dresses,Dresses,4,1,1075
General,Tops,Knits,5,1,868
General Petite,Dresses,Dresses,5,1,1078
General,Bottoms,Jeans,5,1,1022
General Petite,Intimate,Lounge,5,1,194
General Petite,Dresses,Dresses,5,1,1094
General,Dresses,Dresses,1,0,1089
General,Bottoms,Jeans,4,1,1022
General Petite,Intimate,Lounge,3,0,194
General Petite,Intimate,Lounge,2,0,194
General Petite,Intimate,Lounge,5,1,194
General Petite,Tops,Knits,1,0,860
General Petite,Intimate,Lounge,5,1,194
General,Bottoms,Jeans,3,0,1025
General Petite,Intimate,Lounge,5,1,194
General Petite,Tops,Knits,3,1,873
General Petite,Bottoms,Pants,3,0,1055
General,Dresses,Dresses,5,1,1089
General Petite,Tops,Knits,4,1,873
General Petite,Intimate,Lounge,5,1,194
General Petite,Intimate,Lounge,5,1,194
General,Dresses,Dresses,5,1,1089
General Petite,Dresses,Dresses,5,1,1094
General Petite,Bottoms,Pants,1,0,1053
General,Tops,Knits,4,1,871
General,Tops,Knits,3,0,871
General,Dresses,Dresses,5,1,1089
General,Bottoms,Jeans,3,1,1022
General,Dresses,Dresses,2,0,1089
General Petite,Intimate,Lounge,4,1,194
General,Tops,Fine gauge,1,0,896
General,Dresses,Dresses,4,1,1089
General Petite,Dresses,Dresses,4,1,1094
General Petite,Dresses,Dresses,5,1,1094
General Petite,Intimate,Lounge,5,1,194
General Petite,Dresses,Dresses,5,1,1094
General,Bottoms,Jeans,2,0,1022
General Petite,Dresses,Dresses,5,1,1094
General,Bottoms,Jeans,3,1,1022
General Petite,Bottoms,Pants,5,1,1055
General,Bottoms,Jeans,4,1,1022
General Petite,Dresses,Dresses,5,1,1094
General Petite,Intimate,Lounge,5,1,194
General,Dresses,Dresses,5,1,1089
General Petite,Intimate,Lounge,5,1,194
General Petite,Intimate,Lounge,5,1,194
General Petite,Tops,Knits,4,1,873
General Petite,Dresses,Dresses,5,1,1094
General Petite,Intimate,Lounge,4,1,194
General,Dresses,Dresses,3,1,1089
General,Bottoms,Jeans,5,1,1022
General Petite,Intimate,Lounge,4,1,194
General Petite,Intimate,Lounge,5,1,194
General Petite,Dresses,Dresses,5,1,1094
General Petite,Dresses,Dresses,4,1,1094
General,Tops,Knits,1,0,871
General Petite,Intimate,Lounge,4,1,194
General Petite,Dresses,Dresses,5,1,1094
General Petite,Tops,Knits,4,1,862
General Petite,Tops,Knits,5,1,862
General,Tops,Knits,5,1,868
General,Bottoms,Skirts,2,0,994
General,Dresses,Dresses,3,0,1103
General,Dresses,Dresses,5,1,1103
General,Dresses,Dresses,5,1,1103
General,Dresses,Dresses,4,0,1110
General,Tops,Sweaters,2,0,929
General,Bottoms,Skirts,3,0,994
General,Dresses,Dresses,5,1,1110
General,Tops,Knits,4,1,868
General,Tops,Knits,5,1,868
General,Tops,Fine gauge,4,1,917
General,Tops,Knits,5,1,868
General,Tops,Sweaters,2,0,929
General,Tops,Sweaters,3,1,929
General,Dresses,Dresses,2,0,1110
General,Dresses,Dresses,3,0,1103
General,Dresses,Dresses,4,1,1103
General,Bottoms,Skirts,4,1,994
General,Tops,Sweaters,4,1,929
General,Bottoms,Jeans,3,1,1035
General,Dresses,Dresses,5,1,1110
General,Tops,Knits,5,1,868
General,Dresses,Dresses,3,1,1110
Initmates,Intimate,Swim,4,1,466
General Petite,Tops,Knits,4,1,868
General Petite,Tops,Knits,5,1,868
General,Dresses,Dresses,4,1,1110
General Petite,Tops,Knits,5,1,868
General,Bottoms,Pants,5,1,1066
General,Dresses,Dresses,5,1,1103
General,Tops,Knits,3,0,862
General,Tops,Sweaters,5,1,940
General,Tops,Blouses,3,1,833
General,Jackets,Jackets,5,1,984
General,Tops,Blouses,2,0,833
General,Jackets,Jackets,5,1,984
General,Jackets,Jackets,4,1,984
General,Tops,Blouses,5,1,833
Initmates,Intimate,Swim,5,1,382
Initmates,Intimate,Swim,5,1,382
General,Tops,Blouses,5,1,833
General,Tops,Blouses,2,0,844
General,Tops,Blouses,4,1,833
General,Tops,Blouses,5,1,833
General,Tops,Knits,5,1,873
General,Jackets,Jackets,5,1,984
General,Tops,Blouses,4,1,833
General,Tops,Blouses,5,1,833
Initmates,Intimate,Swim,5,1,382
General,Tops,Blouses,5,1,833
General,Tops,Blouses,4,1,833
Initmates,Intimate,Swim,5,1,382
Initmates,Intimate,Swim,5,1,382
General,Tops,Blouses,5,1,833
General,Tops,Blouses,5,1,833
General,Tops,Blouses,3,0,833
Initmates,Intimate,Swim,5,1,382
General,Tops,Blouses,5,1,833
Initmates,Intimate,Swim,4,1,445
Initmates,Intimate,Swim,5,1,382
General,Tops,Blouses,5,1,844
General,Tops,Blouses,5,1,833
General,Jackets,Jackets,5,1,984
General,Tops,Sweaters,3,1,940
General,Tops,Blouses,5,1,833
General,Tops,Blouses,5,1,833
Initmates,Intimate,Swim,5,1,382
General,Tops,Blouses,5,1,833
General,Tops,Blouses,5,1,833
General,Tops,Sweaters,4,1,940
General,Jackets,Jackets,3,1,984
Initmates,Intimate,Swim,5,1,382
General,Tops,Blouses,1,0,833
General,Tops,Blouses,5,1,833
General,Tops,Blouses,5,1,833
Initmates,Intimate,Swim,5,1,382
Initmates,Intimate,Swim,4,1,382
General,Tops,Blouses,4,1,833
General,Jackets,Jackets,5,1,984
General,Tops,Blouses,3,0,833
General,Tops,Blouses,3,0,833
General,Jackets,Jackets,3,1,984
General,Tops,Blouses,4,1,833
Initmates,Intimate,Swim,3,0,382
General,Tops,Blouses,5,1,833
General,Jackets,Jackets,4,1,984
General,Tops,Blouses,5,1,833
General,Tops,Blouses,5,1,833
Initmates,Intimate,Swim,5,1,382
General,Jackets,Outerwear,2,0,1117
General,Dresses,Dresses,4,1,1098
General,Dresses,Dresses,3,1,1098
General,Dresses,Dresses,5,1,1098
General,Tops,Blouses,5,1,828
General Petite,Dresses,Dresses,5,1,1094
General,Jackets,Outerwear,5,1,1117
General,Bottoms,Skirts,5,1,1010
General,Bottoms,Skirts,5,0,1020
General,Bottoms,Skirts,3,1,1010
General,Tops,Blouses,5,1,828
General,Tops,Sweaters,5,1,944
General,Tops,Blouses,4,1,828
General,Jackets,Outerwear,5,1,1117
General Petite,Tops,Knits,3,1,867
General,Tops,Blouses,4,1,828
General Petite,Dresses,Dresses,5,1,1094
General,Dresses,Dresses,5,1,1098
General,Dresses,Dresses,4,1,1084
General,Tops,Blouses,3,1,828
General Petite,Tops,Knits,5,1,867
General,Jackets,Outerwear,5,1,1117
General,Bottoms,Skirts,5,1,1010
General,Dresses,Dresses,4,1,1098
General,Tops,Sweaters,4,1,935
General,Dresses,Dresses,5,1,1094
General,Tops,Blouses,5,1,828
General Petite,Tops,Knits,5,1,867
General Petite,Tops,Knits,2,1,878
General,Jackets,Outerwear,5,1,1117
General Petite,Tops,Knits,5,1,867
General,Tops,Blouses,5,1,828
General,Jackets,Outerwear,5,1,1117
General,Jackets,Outerwear,5,1,1117
General Petite,Tops,Knits,3,0,867
General,Dresses,Dresses,5,1,1094
General,Dresses,Dresses,4,1,1094
General Petite,Tops,Knits,4,1,878
General,Jackets,Outerwear,2,0,1117
General,Dresses,Dresses,5,1,1098
General,Tops,Blouses,4,1,828
General,Bottoms,Pants,5,1,1050
General,Bottoms,Skirts,3,1,1010
General Petite,Dresses,Dresses,5,1,1088
General Petite,Tops,Knits,5,1,867
General,Tops,Blouses,5,1,828
General,Dresses,Dresses,4,1,1098
General,Dresses,Dresses,5,1,1098
General Petite,Tops,Knits,5,1,867
General Petite,Tops,Knits,4,1,878
General,Tops,Blouses,5,1,828
General,Tops,Knits,5,1,864
General,Tops,Knits,4,1,862
Initmates,Intimate,Swim,2,0,220
General Petite,Dresses,Dresses,5,1,1097
General,Tops,Sweaters,3,1,933
General Petite,Tops,Blouses,5,1,831
General,Bottoms,Jeans,5,1,1025
General,Jackets,Outerwear,2,0,1127
General,Tops,Sweaters,4,1,933
General,Tops,Knits,5,1,864
General Petite,Tops,Fine gauge,5,1,895
General,Tops,Sweaters,4,1,933
General,Tops,Knits,5,1,862
General,Tops,Knits,2,0,862
General,Tops,Knits,5,1,864
General Petite,Tops,Fine gauge,3,0,895
General Petite,Tops,Blouses,4,1,831
Initmates,Intimate,Swim,2,0,220
General,Tops,Sweaters,3,1,933
Initmates,Intimate,Intimates,3,1,644
General Petite,Tops,Fine gauge,5,1,895
General,Bottoms,Jeans,4,1,1025
General Petite,Tops,Blouses,5,1,831
General,Tops,Knits,4,1,868
General,Tops,Knits,4,1,862
General,Tops,Knits,5,1,865
General Petite,Tops,Fine gauge,4,1,895
General Petite,Tops,Fine gauge,2,0,895
General Petite,Dresses,Dresses,5,1,1097
General,Tops,Knits,5,1,865
General Petite,Tops,Fine gauge,3,0,895
General Petite,Tops,Fine gauge,5,1,895
General,Tops,Knits,5,1,862
Initmates,Intimate,Intimates,1,0,644
General Petite,Dresses,Dresses,2,0,1097
General,Bottoms,Jeans,5,1,1025
Initmates,Intimate,Intimates,5,1,644
General Petite,Tops,Blouses,4,1,831
General,Bottoms,Jeans,5,1,1025
General,Tops,Sweaters,5,1,933
General,Tops,Knits,5,1,862
General Petite,Tops,Fine gauge,5,1,895
General Petite,Tops,Knits,5,1,859
General,Dresses,Dresses,4,1,1076
General Petite,Dresses,Dresses,5,1,1086
General,Bottoms,Shorts,3,0,438
General,Tops,Sweaters,5,1,936
General Petite,Dresses,Dresses,4,1,1086
General Petite,Dresses,Dresses,5,1,1086
General,Tops,Sweaters,5,1,936
General,Tops,Sweaters,5,1,936
Initmates,Intimate,Sleep,5,1,1163
General,Tops,Sweaters,5,1,936
General,Tops,Sweaters,5,1,936
General,Tops,Sweaters,5,1,921
General,Tops,Sweaters,5,1,936
General Petite,Tops,Knits,4,1,857
General Petite,Dresses,Dresses,5,1,1086
General,Tops,Sweaters,5,1,921
General,Bottoms,Pants,5,1,1045
General,Tops,Sweaters,5,1,936
General Petite,Tops,Knits,4,1,859
Initmates,Intimate,Intimates,5,1,386
General,Dresses,Dresses,3,0,1200
General,Tops,Sweaters,5,1,936
General Petite,Dresses,Dresses,5,1,1086
General,Tops,Sweaters,4,1,936
General Petite,Dresses,Dresses,5,1,1086
General Petite,Tops,Knits,5,1,857
General,Dresses,Dresses,5,1,1087
General,Tops,Sweaters,5,1,936
General Petite,Dresses,Dresses,5,1,1082
General,Tops,Sweaters,4,1,936
General,Tops,Sweaters,5,1,936
General,Tops,Knits,5,1,864
General,Dresses,Dresses,2,0,1087
General,Tops,Knits,5,1,864
General,Dresses,Dresses,5,1,1095
General Petite,Dresses,Dresses,5,1,1082
General,Tops,Sweaters,4,1,921
General,Dresses,Dresses,2,0,1095
General,Tops,Sweaters,4,1,936
General Petite,Dresses,Dresses,5,1,1086
General,Dresses,Dresses,5,1,1076
General,Tops,Sweaters,5,1,936
General,Tops,Sweaters,4,1,936
General,Tops,Sweaters,5,1,936
General,Tops,Sweaters,5,1,936
General Petite,Dresses,Dresses,3,0,1111
General,Tops,Sweaters,4,1,936
General Petite,Dresses,Dresses,4,1,1086
General,Tops,Knits,5,1,864
General Petite,Tops,Knits,1,0,872
General,Tops,Fine gauge,5,1,897
Initmates,Intimate,Legwear,5,1,187
General,Tops,Knits,3,0,875
General,Tops,Knits,5,1,886
General,Tops,Knits,1,0,881
General Petite,Tops,Knits,1,0,872
General Petite,Tops,Knits,1,0,872
General,Trend,Trend,4,1,1136
General,Tops,Knits,5,1,862
General Petite,Bottoms,Jeans,5,1,1028
General Petite,Bottoms,Jeans,5,1,1028
General Petite,Tops,Knits,5,1,872
General,Tops,Knits,3,0,886
General,Tops,Blouses,3,0,818
General,Bottoms,Skirts,2,0,996
General,Tops,Knits,2,0,862
General Petite,Bottoms,Jeans,5,1,1028
Initmates,Intimate,Swim,5,1,750
General,Tops,Knits,4,1,881
General Petite,Tops,Knits,5,1,872
General,Tops,Blouses,5,1,818
General,Tops,Knits,5,1,875
General,Tops,Knits,1,0,881
General Petite,Tops,Knits,4,1,872
General,Tops,Knits,5,1,875
General,Tops,Knits,5,1,886
General,Tops,Knits,3,0,872
General,Tops,Knits,5,1,886
General,Tops,Knits,2,0,872
General,Tops,Knits,5,1,886
General,Bottoms,Skirts,4,1,996
General,Tops,Knits,4,1,881
General,Tops,Knits,5,1,875
Initmates,Intimate,Legwear,4,1,187
Initmates,Intimate,Legwear,4,1,187
General,Tops,Knits,1,0,872
General,Tops,Knits,5,1,872
General,Tops,Knits,5,1,886
General,Tops,Knits,1,0,881
General Petite,Bottoms,Pants,4,1,1049
General,Tops,Knits,1,0,862
General,Tops,Knits,4,1,881
General,Tops,Knits,1,0,872
General,Tops,Blouses,5,1,828
General,Tops,Blouses,5,1,828
General,Bottoms,Jeans,4,1,1025
General,Bottoms,Jeans,5,1,1025
General,Bottoms,Jeans,5,1,1022
Initmates,Intimate,Swim,5,1,394
Initmates,Intimate,Swim,5,1,394
Initmates,Intimate,Swim,5,1,394
Initmates,Intimate,Swim,5,1,394
General,Tops,Blouses,5,1,828
General,Tops,Blouses,5,1,828
General,Bottoms,Jeans,3,1,1025
General,Tops,Blouses,4,1,828
General,Tops,Blouses,5,1,828
General Petite,Bottoms,Skirts,5,1,996
General,Bottoms,Jeans,5,1,1025
General,Tops,Blouses,4,1,828
General,Tops,Blouses,4,1,828
General,Tops,Blouses,4,1,828
General,Bottoms,Skirts,5,1,1008
General,Tops,Blouses,5,1,828
Initmates,Intimate,Swim,5,1,394
General,Bottoms,Jeans,4,1,1025
General,Tops,Blouses,5,1,828
General,Bottoms,Jeans,4,1,1025
Initmates,Intimate,Swim,5,1,394
General,Tops,Blouses,5,1,828
General,Tops,Sweaters,1,0,940
General,Tops,Knits,3,1,862
General,Tops,Sweaters,1,0,940
General,Tops,Sweaters,4,1,940
General,Bottoms,Skirts,5,1,991
General,Tops,Sweaters,5,1,940
General,Tops,Knits,5,1,862
General Petite,Jackets,Jackets,4,1,984
General,Tops,Knits,5,1,862
General Petite,Jackets,Jackets,3,0,984
General,Tops,Sweaters,5,1,940
General Petite,Tops,Fine gauge,5,1,890
General Petite,Tops,Blouses,5,1,850
General,Tops,Sweaters,5,1,940
General,Tops,Sweaters,5,1,940
General,Tops,Sweaters,4,1,940
General,Tops,Blouses,5,1,844
General,Tops,Knits,5,1,862
General,Tops,Sweaters,4,1,940
General,Tops,Knits,2,1,862
General,Tops,Knits,4,1,862
General,Tops,Blouses,3,0,844
General,Tops,Sweaters,5,1,940
General,Bottoms,Jeans,5,1,1022
General,Tops,Blouses,5,1,850
General Petite,Jackets,Jackets,5,1,984
General,Tops,Knits,5,1,862
General,Tops,Knits,4,1,862
General,Tops,Sweaters,3,1,940
General,Tops,Sweaters,5,1,940
General Petite,Dresses,Dresses,5,1,1080
General,Tops,Blouses,5,1,850
General,Tops,Sweaters,5,1,940
General,Tops,Blouses,5,1,850
General Petite,Dresses,Dresses,5,1,1080
General,Tops,Knits,5,1,862
General,Tops,Blouses,5,1,844
General Petite,Jackets,Jackets,5,1,984
General,Tops,Blouses,5,1,850
General,Tops,Sweaters,5,1,940
General,Tops,Blouses,3,0,850
General,Tops,Knits,4,1,862
General Petite,Dresses,Dresses,4,1,1104
General,Tops,Sweaters,5,1,940
General Petite,Jackets,Jackets,5,1,984
General,Tops,Sweaters,5,1,940
General,Jackets,Jackets,5,1,975
General,Bottoms,Jeans,5,1,1035
General Petite,Dresses,Dresses,5,1,1080
General Petite,Jackets,Jackets,5,1,984
General,Tops,Sweaters,5,1,940
General,Tops,Blouses,4,1,850
General,Tops,Sweaters,5,1,940
General,Tops,Sweaters,5,1,940
General Petite,Jackets,Jackets,5,1,984
General,Tops,Sweaters,4,1,940
General Petite,Jackets,Jackets,3,0,984
General Petite,Jackets,Jackets,3,0,984
General Petite,Jackets,Jackets,4,1,984
General,Tops,Sweaters,3,0,940
General,Tops,Knits,5,1,868
General Petite,Tops,Blouses,5,1,831
General Petite,Bottoms,Jeans,4,1,1033
General Petite,Tops,Blouses,5,1,831
General,Bottoms,Skirts,3,0,988
General Petite,Tops,Knits,4,1,868
General Petite,Bottoms,Skirts,5,1,996
General Petite,Tops,Blouses,5,1,831
General Petite,Tops,Knits,4,1,868
General,Tops,Knits,5,1,862
General Petite,Tops,Blouses,5,1,831
General,Tops,Knits,4,1,875
General Petite,Tops,Knits,5,1,868
General Petite,Bottoms,Jeans,4,1,1033
General,Tops,Knits,4,1,875
General Petite,Bottoms,Jeans,5,1,1033
General Petite,Tops,Blouses,4,1,831
General Petite,Bottoms,Skirts,5,1,996
General,Tops,Knits,4,1,862
General,Tops,Knits,3,1,862
General,Tops,Knits,5,1,862
General Petite,Tops,Blouses,5,1,831
General Petite,Tops,Blouses,1,0,831
General Petite,Tops,Blouses,5,1,831
General,Tops,Knits,5,1,862
General Petite,Bottoms,Jeans,4,1,1033
Initmates,Intimate,Intimates,5,1,362
General Petite,Bottoms,Jeans,5,1,1033
General Petite,Tops,Blouses,4,1,831
General Petite,Bottoms,Jeans,5,1,1033
General,Tops,Knits,5,1,862
General Petite,Bottoms,Jeans,5,1,1033
Initmates,Intimate,Intimates,5,1,362
General Petite,Bottoms,Jeans,4,1,1033
General Petite,Tops,Knits,5,1,862
General Petite,Tops,Blouses,5,1,831
General Petite,Tops,Knits,4,1,868
General Petite,Tops,Knits,5,1,862
General Petite,Tops,Knits,5,1,868
General Petite,Bottoms,Jeans,4,1,1033
General Petite,Tops,Knits,1,0,868
General Petite,Bottoms,Jeans,4,1,1033
General Petite,Tops,Knits,5,1,862
General Petite,Tops,Knits,5,1,868
General Petite,Dresses,Dresses,5,1,1086
General Petite,Bottoms,Jeans,5,1,1033
General Petite,Tops,Blouses,3,0,831
General Petite,Tops,Blouses,5,1,831
General Petite,Bottoms,Jeans,5,1,1033
General Petite,Bottoms,Jeans,5,1,1033
General Petite,Bottoms,Skirts,2,0,996
General Petite,Bottoms,Jeans,5,1,1033
General Petite,Tops,Knits,5,1,862
General Petite,Tops,Knits,5,1,862
General Petite,Bottoms,Jeans,5,1,1033
General Petite,Bottoms,Jeans,4,1,1033
General Petite,Tops,Knits,4,1,868
General Petite,Bottoms,Jeans,5,1,1033
General Petite,Bottoms,Jeans,5,1,1033
General Petite,Tops,Blouses,3,1,831
General Petite,Tops,Knits,4,1,862
General,Tops,Knits,5,1,868
General Petite,Tops,Blouses,5,1,831
General Petite,Bottoms,Jeans,3,1,1033
General Petite,Tops,Knits,4,1,862
General Petite,Bottoms,Jeans,5,1,1033
General Petite,Tops,Knits,5,1,862
General Petite,Tops,Blouses,5,1,831
General Petite,Tops,Blouses,5,1,831
General,Bottoms,Pants,5,1,1060
General Petite,Tops,Knits,5,1,862
General Petite,Tops,Blouses,3,1,835
General Petite,Tops,Knits,5,1,862
General,Dresses,Dresses,3,0,1078
General Petite,Dresses,Dresses,3,1,1082
General Petite,Tops,Knits,5,1,862
General Petite,Dresses,Dresses,5,1,1083
General Petite,Dresses,Dresses,5,1,1083
General,Dresses,Dresses,4,1,1078
General Petite,Dresses,Dresses,5,1,1083
General,Tops,Knits,5,1,864
General Petite,Dresses,Dresses,3,0,1082
General Petite,Dresses,Dresses,5,1,1083
General Petite,Tops,Blouses,5,1,835
General,Tops,Knits,5,1,864
General Petite,Dresses,Dresses,5,1,1083
General Petite,Dresses,Dresses,5,1,1082
General,Tops,Knits,2,1,864
General Petite,Dresses,Dresses,1,0,1082
General Petite,Tops,Blouses,3,0,835
General Petite,Tops,Knits,3,0,862
General,Dresses,Dresses,5,1,1083
General,Tops,Knits,4,1,875
General,Dresses,Dresses,5,1,1083
General,Dresses,Dresses,5,1,1083
General,Dresses,Dresses,4,1,1078
General,Tops,Fine gauge,3,1,897
General,Tops,Fine gauge,5,1,895
General,Tops,Fine gauge,5,1,916
General,Dresses,Dresses,5,1,1078
General,Tops,Knits,4,1,875
General,Tops,Knits,5,1,865
General,Tops,Fine gauge,5,1,916
General,Dresses,Dresses,5,1,1078
General Petite,Dresses,Dresses,5,1,1110
General,Tops,Fine gauge,4,1,895
General,Dresses,Dresses,4,0,1078
General,Tops,Fine gauge,5,1,916
General Petite,Bottoms,Pants,5,1,1049
General,Bottoms,Pants,3,0,1059
General,Dresses,Dresses,5,1,1078
General,Bottoms,Pants,5,1,1059
General,Dresses,Dresses,5,1,1078
General Petite,Bottoms,Pants,3,0,1049
General,Dresses,Dresses,5,1,1078
General,Bottoms,Pants,5,1,1059
General,Dresses,Dresses,5,1,1078
General,Dresses,Dresses,5,1,1078
General,Bottoms,Pants,5,1,1059
General,Tops,Fine gauge,5,1,916
General,Tops,Fine gauge,5,1,895
General,Bottoms,Jeans,5,1,1036
General,Tops,Fine gauge,5,1,916
General,Tops,Fine gauge,4,1,897
General,Tops,Fine gauge,5,1,916
General,Tops,Fine gauge,4,1,895
General,Tops,Fine gauge,3,1,897
General,Bottoms,Shorts,5,1,65
General,Dresses,Dresses,5,1,1078
General,Tops,Knits,5,1,875
General,Tops,Fine gauge,4,1,897
General,Dresses,Dresses,5,1,1078
General,Dresses,Dresses,5,1,1078
General,Tops,Fine gauge,4,1,895
Initmates,Intimate,Layering,5,1,557
General,Tops,Fine gauge,5,1,895
General,Tops,Blouses,5,1,823
General,Tops,Blouses,2,0,823
General,Tops,Fine gauge,5,1,916
General Petite,Bottoms,Pants,5,1,1059
General,Dresses,Dresses,5,1,1104
General,Tops,Fine gauge,5,1,897
General,Tops,Fine gauge,4,1,897
General Petite,Bottoms,Pants,5,1,1059
General,Tops,Fine gauge,4,1,895
General Petite,Bottoms,Pants,5,1,1059
General Petite,Bottoms,Pants,5,1,1059
General,Tops,Knits,4,1,865
General,Bottoms,Skirts,5,1,998
General,Dresses,Dresses,4,1,1078
General,Tops,Fine gauge,4,1,916
General,Tops,Fine gauge,4,1,916
General,Dresses,Dresses,4,1,1078
General,Dresses,Dresses,4,1,1078
General,Tops,Fine gauge,5,1,895
General,Tops,Fine gauge,5,1,897
General,Tops,Fine gauge,5,1,916
General Petite,Bottoms,Pants,5,1,1059
General Petite,Bottoms,Pants,5,1,1059
General,Tops,Fine gauge,5,1,916
General,Dresses,Dresses,5,1,1078
General,Tops,Fine gauge,5,1,916
General,Dresses,Dresses,3,1,1078
Initmates,Intimate,Swim,5,1,395
General Petite,Dresses,Dresses,2,0,1086
General,Bottoms,Shorts,3,0,577
General Petite,Intimate,Lounge,5,1,249
General Petite,Dresses,Dresses,5,1,1086
General,Bottoms,Shorts,3,0,577
Initmates,Intimate,Swim,5,1,395
General,Tops,Blouses,5,1,833
General Petite,Dresses,Dresses,4,1,1088
General,Bottoms,Shorts,4,1,577
General Petite,Intimate,Lounge,5,1,249
Initmates,Intimate,Swim,5,1,395
Initmates,Intimate,Swim,5,1,395
General Petite,Intimate,Lounge,5,1,249
General,Bottoms,Pants,4,1,1045
General,Dresses,Dresses,4,1,1083
General,Dresses,Dresses,5,1,1083
General Petite,Intimate,Lounge,5,1,249
General,Tops,Sweaters,5,1,932
General,Dresses,Dresses,3,1,1083
General Petite,Dresses,Dresses,2,0,1086
Initmates,Intimate,Swim,4,1,395
General,Dresses,Dresses,4,1,1083
General,Dresses,Dresses,2,0,1083
Initmates,Intimate,Swim,5,1,395
General Petite,Intimate,Lounge,3,1,249
General Petite,Dresses,Dresses,3,0,1088
General,Tops,Blouses,5,1,829
General Petite,Intimate,Lounge,5,1,249
General Petite,Dresses,Dresses,5,1,1088
General,Bottoms,Shorts,1,0,577
Initmates,Intimate,Swim,5,1,395
General,Dresses,Dresses,4,1,1083
General,Bottoms,Shorts,4,1,577
General,Tops,Blouses,4,1,829
General,Tops,Sweaters,4,1,936
Initmates,Intimate,Swim,5,1,395
General,Tops,Sweaters,5,1,936
General,Tops,Sweaters,5,1,936
Initmates,Intimate,Swim,5,1,395
General,Tops,Knits,5,1,876
General,Tops,Blouses,4,1,833
General,Dresses,Dresses,5,1,1076
General,Tops,Knits,5,1,876
General Petite,Dresses,Dresses,1,0,1084
General,Tops,Knits,5,1,876
General,Tops,Knits,5,1,876
General Petite,Dresses,Dresses,4,1,1084
General,Tops,Knits,5,1,876
General,Tops,Knits,3,0,866
General Petite,Dresses,Dresses,5,1,1099
General Petite,Dresses,Dresses,5,1,1099
General Petite,Dresses,Dresses,5,1,1099
General Petite,Dresses,Dresses,5,1,1099
General Petite,Dresses,Dresses,5,1,1099
General Petite,Dresses,Dresses,5,1,1099
General Petite,Dresses,Dresses,4,1,1099
General Petite,Tops,Knits,5,1,854
General,Dresses,Dresses,5,1,1080
General Petite,Tops,Knits,3,1,854
General,Dresses,Dresses,5,1,1104
General Petite,Dresses,Dresses,5,1,1099
General Petite,Dresses,Dresses,5,1,1099
General Petite,Dresses,Dresses,5,1,1099
General Petite,Dresses,Dresses,5,1,1099
General,Dresses,Dresses,3,1,1075
General Petite,Dresses,Dresses,5,1,1099
General Petite,Tops,Knits,2,0,854
Initmates,Intimate,Intimates,5,1,27
General Petite,Dresses,Dresses,5,0,1099
Initmates,Intimate,Layering,4,1,578
General Petite,Bottoms,Pants,1,0,1055
General Petite,Tops,Knits,5,1,854
General Petite,Dresses,Dresses,5,1,1099
General Petite,Tops,Knits,3,0,854
General,Bottoms,Jeans,5,1,1022
General Petite,Bottoms,Pants,3,0,1055
General Petite,Dresses,Dresses,4,1,1099
General Petite,Bottoms,Skirts,3,1,1016
General Petite,Dresses,Dresses,5,1,1099
General,Bottoms,Jeans,5,1,1030
General Petite,Dresses,Dresses,5,1,1099
General Petite,Dresses,Dresses,5,1,1099
General Petite,Dresses,Dresses,5,1,1099
General Petite,Dresses,Dresses,5,1,1099
General Petite,Tops,Blouses,5,1,836
Initmates,Intimate,Intimates,3,1,737
General,Bottoms,Skirts,5,1,1011
General,Tops,Fine gauge,5,1,916
General,Dresses,Dresses,4,1,1083
General Petite,Tops,Blouses,4,1,836
General,Bottoms,Jeans,2,0,11
General Petite,Dresses,Dresses,4,1,1077
Initmates,Intimate,Intimates,4,1,737
General,Tops,Fine gauge,4,1,916
General Petite,Tops,Blouses,5,1,827
General,Dresses,Dresses,5,1,1087
General,Dresses,Dresses,4,1,1083
General Petite,Tops,Blouses,5,1,836
General Petite,Tops,Blouses,5,1,836
General,Jackets,Jackets,2,0,974
General,Jackets,Jackets,5,1,974
General,Dresses,Dresses,5,1,1095
General,Bottoms,Pants,4,1,1052
General Petite,Jackets,Jackets,4,1,975
Initmates,Intimate,Intimates,5,1,85
General,Dresses,Dresses,4,1,1095
General,Jackets,Jackets,3,0,974
General,Dresses,Dresses,5,1,1095
General Petite,Jackets,Jackets,5,1,975
General Petite,Jackets,Jackets,5,1,975
General,Jackets,Jackets,5,1,974
Initmates,Intimate,Intimates,5,1,503
General Petite,Bottoms,Jeans,5,1,1028
General Petite,Jackets,Jackets,5,1,975
General,Dresses,Dresses,4,1,1095
General Petite,Bottoms,Jeans,5,1,1028
General Petite,Bottoms,Jeans,5,1,1028
General,Jackets,Jackets,5,1,974
General,Jackets,Jackets,1,0,974
General Petite,Bottoms,Skirts,4,1,1020
General,Bottoms,Pants,5,1,1052
General,Jackets,Jackets,5,1,974
General,Bottoms,Pants,3,0,1052
General Petite,Bottoms,Jeans,5,1,1028
General Petite,Jackets,Jackets,5,1,975
General,Jackets,Jackets,1,0,974
General Petite,Intimate,Lounge,5,1,256
General Petite,Dresses,Dresses,3,0,1099
General Petite,Intimate,Lounge,5,1,256
General,Tops,Blouses,4,1,829
Initmates,Intimate,Sleep,5,1,193
General Petite,Dresses,Dresses,5,1,1082
General Petite,Intimate,Lounge,3,1,256
General Petite,Bottoms,Pants,5,1,1070
General Petite,Bottoms,Jeans,5,1,1033
Initmates,Intimate,Sleep,5,1,193
General,Tops,Blouses,3,0,829
General Petite,Dresses,Dresses,5,1,1099
General Petite,Intimate,Lounge,5,1,256
General,Tops,Blouses,5,1,829
General,Tops,Blouses,5,1,829
Initmates,Intimate,Sleep,5,1,193
General Petite,Dresses,Dresses,5,1,1099
Initmates,Intimate,Sleep,5,1,193
Initmates,Intimate,Sleep,5,1,193
General,Bottoms,Pants,4,1,1056
General,Tops,Blouses,5,1,829
General Petite,Tops,Knits,5,1,862
General,Tops,Knits,5,1,865
General,Tops,Blouses,5,1,829
General Petite,Dresses,Dresses,5,1,1099
Initmates,Intimate,Sleep,5,1,193
General,Tops,Blouses,5,1,829
General,Bottoms,Jeans,4,1,1022
General Petite,Dresses,Dresses,5,1,1099
General Petite,Dresses,Dresses,5,1,1099
General Petite,Dresses,Dresses,5,1,1099
General Petite,Dresses,Dresses,4,1,1099
General Petite,Dresses,Dresses,5,1,1099
General Petite,Dresses,Dresses,5,1,1099
General Petite,Tops,Knits,2,0,862
General Petite,Tops,Knits,4,1,862
Initmates,Intimate,Sleep,2,1,193
General Petite,Dresses,Dresses,3,0,1099
General Petite,Dresses,Dresses,3,1,1099
General Petite,Dresses,Dresses,5,1,1099
Initmates,Intimate,Sleep,4,1,193
General,Tops,Blouses,5,1,829
General Petite,Dresses,Dresses,5,1,1099
General Petite,Dresses,Dresses,5,1,1099
General Petite,Dresses,Dresses,5,1,1099
General Petite,Tops,Knits,2,0,862
General Petite,Intimate,Lounge,5,1,256
General Petite,Bottoms,Pants,5,1,1070
General,Bottoms,Jeans,5,1,1033
Initmates,Intimate,Sleep,5,1,193
General,Tops,Blouses,5,1,829
General,Tops,Knits,4,1,862
General,Tops,Knits,5,1,865
General,Dresses,Dresses,5,1,1099
General,Tops,Knits,3,1,862
General,Tops,Blouses,5,1,829
General,Dresses,Dresses,5,1,1194
Initmates,Intimate,Lounge,2,0,482
General,Tops,Blouses,3,0,852
General Petite,Tops,Sweaters,5,1,941
General,Tops,Blouses,5,1,829
Initmates,Intimate,Lounge,5,1,482
General,Tops,Blouses,5,1,829
Initmates,Intimate,Lounge,3,0,482
General Petite,Tops,Sweaters,5,1,941
General,Bottoms,Pants,5,1,1056
General,Tops,Knits,4,1,862
Initmates,Intimate,Lounge,2,0,482
General,Bottoms,Shorts,5,1,579
General Petite,Tops,Knits,5,1,867
General,Tops,Knits,1,0,868
General Petite,Tops,Knits,1,0,867
General,Tops,Blouses,5,1,829
General Petite,Tops,Knits,5,1,867
Initmates,Intimate,Lounge,3,0,482
General,Tops,Sweaters,5,1,926
Initmates,Intimate,Lounge,5,1,482
Initmates,Intimate,Lounge,1,0,482
General Petite,Tops,Knits,4,1,867
General Petite,Tops,Sweaters,5,1,941
General,Tops,Blouses,3,0,829
General,Bottoms,Shorts,5,1,579
General Petite,Tops,Sweaters,3,1,941
General,Bottoms,Pants,5,1,1044
General Petite,Tops,Knits,4,1,867
General,Tops,Knits,4,0,862
General Petite,Tops,Sweaters,5,1,941
General,Bottoms,Pants,5,1,1056
Initmates,Intimate,Lounge,4,1,274
General Petite,Tops,Sweaters,3,0,941
General Petite,Tops,Sweaters,1,0,941
General Petite,Tops,Sweaters,5,1,941
General,Bottoms,Pants,2,0,1044
Initmates,Intimate,Lounge,2,0,482
General,Bottoms,Pants,5,1,1044
Initmates,Intimate,Intimates,4,1,100
General Petite,Tops,Knits,5,1,867
General Petite,Tops,Sweaters,5,1,941
General Petite,Tops,Sweaters,5,1,941
General,Bottoms,Pants,2,0,1056
General,Bottoms,Pants,3,1,1056
General,Tops,Blouses,5,1,829
Initmates,Intimate,Lounge,5,1,482
General,Tops,Knits,4,1,868
General,Tops,Blouses,5,1,829
General Petite,Tops,Sweaters,5,1,941
General Petite,Tops,Knits,4,1,867
Initmates,Intimate,Lounge,5,1,482
General Petite,Tops,Knits,5,1,867
General Petite,Tops,Sweaters,5,1,941
General Petite,Tops,Sweaters,5,1,941
General,Tops,Knits,4,1,862
General Petite,Tops,Sweaters,2,0,941
General Petite,Tops,Sweaters,5,1,941
General Petite,Tops,Knits,5,1,867
General,Tops,Blouses,5,1,829
General Petite,Tops,Knits,4,1,867
Initmates,Intimate,Lounge,3,0,482
General Petite,Tops,Knits,1,0,867
General Petite,Tops,Knits,4,1,867
General,Tops,Knits,4,1,862
General,Bottoms,Shorts,5,1,579
General,Bottoms,Shorts,5,1,579
General,Tops,Sweaters,5,1,949
General Petite,Dresses,Dresses,3,1,1077
General Petite,Tops,Knits,5,1,867
General,Tops,Sweaters,5,1,949
General Petite,Dresses,Dresses,4,1,1077
General,Tops,Sweaters,5,1,949
General Petite,Tops,Knits,5,1,867
General,Tops,Sweaters,5,1,949
General Petite,Dresses,Dresses,5,1,1077
General,Tops,Blouses,5,1,818
General,Tops,Blouses,2,0,818
General,Tops,Sweaters,1,0,949
General Petite,Dresses,Dresses,5,1,1077
General Petite,Tops,Knits,5,1,867
General Petite,Tops,Sweaters,5,1,949
General,Trend,Trend,5,1,597
General,Dresses,Dresses,1,0,1093
General Petite,Tops,Sweaters,5,1,949
General Petite,Tops,Sweaters,4,1,949
General Petite,Tops,Sweaters,5,1,949
General,Tops,Blouses,5,1,818
General,Tops,Sweaters,5,1,953
General Petite,Dresses,Dresses,5,1,1077
General Petite,Tops,Knits,4,1,867
General Petite,Tops,Sweaters,5,1,949
General Petite,Dresses,Dresses,2,0,1077
General Petite,Tops,Knits,3,0,867
General,Dresses,Dresses,5,1,1089
General,Bottoms,Pants,5,1,1063
General,Dresses,Dresses,2,0,1089
General,Dresses,Dresses,5,1,1089
General,Tops,Sweaters,5,1,925
General Petite,Jackets,Jackets,2,0,981
Initmates,Intimate,Swim,5,1,513
General,Tops,Sweaters,5,1,940
General Petite,Jackets,Jackets,3,1,981
General Petite,Jackets,Jackets,4,1,965
General,Dresses,Dresses,2,0,1089
General,Bottoms,Pants,5,1,1063
General,Dresses,Dresses,5,1,1089
General,Tops,Sweaters,5,1,940
General,Bottoms,Pants,2,0,1063
General,Bottoms,Pants,5,1,1059
General,Tops,Blouses,5,1,828
General Petite,Jackets,Jackets,5,1,981
General,Tops,Sweaters,5,1,940
General,Tops,Fine gauge,2,0,909
General Petite,Jackets,Jackets,4,1,981
General,Dresses,Dresses,5,1,1089
General,Tops,Sweaters,5,1,940
General,Tops,Sweaters,4,1,940
General,Dresses,Dresses,3,0,1089
General,Dresses,Dresses,5,1,1089
General Petite,Tops,Blouses,2,0,827
General,Dresses,Dresses,5,1,1089
General,Dresses,Dresses,5,1,1089
General Petite,Jackets,Jackets,5,1,981
Initmates,Intimate,Swim,5,1,513
General Petite,Jackets,Jackets,5,1,981
General,Tops,Fine gauge,5,1,909
General,Tops,Fine gauge,4,1,909
General Petite,Dresses,Dresses,4,1,1078
General,Tops,Knits,5,1,865
General,Tops,Fine gauge,4,1,895
General Petite,Dresses,Dresses,5,1,1078
General Petite,Dresses,Dresses,4,1,1078
Initmates,Intimate,Swim,5,1,221
General,Tops,Knits,2,0,862
General,Tops,Knits,4,1,862
General,Tops,Fine gauge,4,1,907
General,Tops,Fine gauge,5,1,895
General,Tops,Knits,5,1,865
General,Tops,Knits,5,1,865
General,Tops,Knits,5,1,862
General,Tops,Sweaters,5,1,945
General,Tops,Knits,5,1,862
General Petite,Dresses,Dresses,3,0,1078
General,Tops,Knits,3,0,865
General Petite,Dresses,Dresses,4,1,1078
General,Tops,Fine gauge,5,1,895
General,Tops,Fine gauge,5,1,895
General,Tops,Sweaters,5,1,945
General Petite,Dresses,Dresses,4,1,1078
General,Tops,Fine gauge,5,1,907
General,Dresses,Dresses,4,1,1078
General,Tops,Knits,4,1,865
General,Tops,Fine gauge,5,1,907
General,Tops,Knits,3,1,865
General,Tops,Sweaters,5,1,945
General,Tops,Fine gauge,3,0,907
General,Tops,Sweaters,5,1,921
General,Tops,Fine gauge,5,1,907
General,Tops,Sweaters,5,1,945
General,Tops,Knits,4,1,865
General Petite,Tops,Fine gauge,5,1,895
General,Tops,Sweaters,5,1,945
General,Tops,Knits,5,1,865
General Petite,Tops,Fine gauge,5,1,895
General Petite,Tops,Fine gauge,3,1,895
General,Tops,Fine gauge,5,1,907
General Petite,Tops,Knits,5,1,862
General,Tops,Knits,5,1,865
General Petite,Tops,Fine gauge,5,1,895
General,Tops,Knits,4,1,865
General,Tops,Knits,3,0,865
General,Dresses,Dresses,5,1,1078
General,Tops,Fine gauge,5,1,907
General,Tops,Knits,3,1,865
General,Tops,Knits,5,1,865
General,Dresses,Dresses,5,1,1078
General,Tops,Fine gauge,5,1,907
General Petite,Tops,Fine gauge,5,1,895
General,Tops,Fine gauge,4,1,907
General,Tops,Fine gauge,5,1,907
General,Dresses,Dresses,5,1,1078
General,Dresses,Dresses,4,1,1078
General,Tops,Knits,5,1,865
General,Tops,Knits,4,1,865
General Petite,Tops,Fine gauge,5,1,895
General,Dresses,Dresses,5,1,1078
General,Dresses,Dresses,2,0,1078
General,Tops,Knits,5,1,865
General Petite,Tops,Fine gauge,5,1,895
General,Tops,Knits,2,0,865
General,Tops,Sweaters,5,1,945
General,Tops,Sweaters,5,1,945
General,Tops,Fine gauge,5,1,907
General,Tops,Sweaters,5,1,945
General,Dresses,Dresses,3,0,1078
General,Tops,Fine gauge,4,1,907
General,Tops,Knits,5,1,865
General Petite,Tops,Fine gauge,5,1,895
General Petite,Tops,Knits,1,0,862
General,Tops,Fine gauge,5,0,895
General,Tops,Knits,5,1,865
General Petite,Tops,Knits,5,1,862
General,Tops,Knits,4,1,865
General,Tops,Fine gauge,5,1,907
General,Tops,Fine gauge,5,1,907
General,Tops,Knits,2,0,865
General,Tops,Knits,5,1,865
General Petite,Tops,Knits,3,0,862
General,Tops,Fine gauge,5,1,907
General Petite,Tops,Knits,5,1,862
General,Tops,Sweaters,5,1,945
General,Tops,Knits,5,1,865
General,Tops,Fine gauge,4,1,907
General,Tops,Sweaters,5,1,945
General,Tops,Fine gauge,5,1,907
General,Tops,Fine gauge,5,1,907
General,Tops,Sweaters,3,1,921
General,Tops,Knits,4,1,865
General,Tops,Fine gauge,5,1,907
General,Dresses,Dresses,2,0,1078
General,Tops,Fine gauge,5,1,907
General,Tops,Knits,4,1,865
General,Dresses,Dresses,4,1,1078
General,Tops,Fine gauge,5,1,907
General Petite,Tops,Fine gauge,5,1,895
General Petite,Tops,Fine gauge,5,1,895
General Petite,Tops,Knits,3,0,862
General,Dresses,Dresses,4,1,1078
General,Tops,Knits,4,0,865
General,Tops,Fine gauge,3,0,907
General,Tops,Knits,5,1,865
General Petite,Tops,Knits,4,1,862
General,Tops,Knits,5,1,865
General,Bottoms,Jeans,5,1,1025
General,Tops,Fine gauge,5,1,907
General,Dresses,Dresses,5,1,1078
General,Tops,Sweaters,5,1,945
General,Tops,Knits,4,1,865
General,Dresses,Dresses,4,1,1078
General Petite,Tops,Fine gauge,5,1,895
General,Tops,Fine gauge,5,1,907
General,Tops,Fine gauge,5,1,907
General,Tops,Knits,3,1,865
General,Tops,Knits,5,1,865
General,Tops,Sweaters,5,1,945
General,Tops,Knits,5,1,865
General Petite,Tops,Knits,5,1,862
General,Tops,Knits,5,1,865
General,Tops,Knits,5,1,865
General,Tops,Sweaters,5,1,945
General,Tops,Knits,4,1,865
General,Dresses,Dresses,5,1,1078
General,Tops,Knits,5,1,865
General,Tops,Fine gauge,5,1,907
General,Tops,Sweaters,5,1,945
General,Tops,Knits,5,1,865
General,Tops,Knits,5,1,865
General,Dresses,Dresses,2,0,1084
General Petite,Dresses,Dresses,5,1,1078
General Petite,Dresses,Dresses,2,0,1094
General,Dresses,Dresses,5,1,1084
General Petite,Dresses,Dresses,1,0,1092
General,Jackets,Jackets,1,0,974
General Petite,Tops,Knits,5,1,872
General Petite,Dresses,Dresses,5,1,1078
General Petite,Dresses,Dresses,2,0,1094
General Petite,Dresses,Dresses,1,0,1092
General Petite,Tops,Knits,5,1,872
General Petite,Bottoms,Jeans,5,1,1028
General Petite,Dresses,Dresses,5,1,1092
General Petite,Bottoms,Jeans,3,0,1028
General,Jackets,Jackets,5,1,986
General,Tops,Fine gauge,5,1,909
General Petite,Tops,Knits,5,1,872
General Petite,Tops,Knits,5,1,872
General,Tops,Fine gauge,5,1,909
General,Dresses,Dresses,1,0,1084
Initmates,Intimate,Sleep,5,1,672
General Petite,Dresses,Dresses,3,0,1094
General Petite,Dresses,Dresses,2,0,1094
General,Jackets,Jackets,5,1,974
General Petite,Jackets,Jackets,4,1,974
General Petite,Jackets,Jackets,5,1,974
General,Tops,Knits,5,1,872
General Petite,Dresses,Dresses,5,1,1078
General Petite,Dresses,Dresses,2,0,1094
General Petite,Dresses,Dresses,4,1,1110
General Petite,Dresses,Dresses,5,1,1078
General Petite,Jackets,Jackets,3,0,974
General,Jackets,Jackets,5,1,986
General,Tops,Knits,4,1,872
General,Tops,Knits,5,1,872
General Petite,Dresses,Dresses,5,1,1094
General,Tops,Knits,5,1,872
General Petite,Dresses,Dresses,5,1,1078
General Petite,Dresses,Dresses,1,0,1092
General Petite,Jackets,Jackets,5,1,974
General Petite,Dresses,Dresses,2,0,1094
General,Tops,Fine gauge,5,1,909
Initmates,Intimate,Intimates,4,1,1178
General Petite,Dresses,Dresses,3,1,1078
General,Jackets,Jackets,5,1,986
General Petite,Bottoms,Jeans,5,1,1028
General Petite,Dresses,Dresses,5,1,1094
General,Dresses,Dresses,5,1,1077
Initmates,Intimate,Lounge,5,1,328
General,Dresses,Dresses,5,1,1077
General,Tops,Blouses,4,1,815
General,Tops,Blouses,3,0,815
Initmates,Intimate,Sleep,5,1,64
General,Dresses,Dresses,5,1,1077
General Petite,Tops,Sweaters,5,1,936
General,Bottoms,Jeans,5,1,1033
General,Bottoms,Jeans,3,1,1033
General,Tops,Blouses,5,1,815
General,Tops,Blouses,5,1,815
General Petite,Bottoms,Jeans,5,1,1025
General,Bottoms,Jeans,5,1,1033
General,Tops,Blouses,3,0,815
General,Dresses,Dresses,4,1,1077
General,Bottoms,Jeans,5,1,1033
General,Dresses,Dresses,5,1,1077
General,Bottoms,Jeans,5,1,1033
Initmates,Intimate,Lounge,5,1,707
General,Bottoms,Skirts,5,1,991
General,Tops,Blouses,5,1,815
General,Bottoms,Skirts,5,1,991
General Petite,Tops,Sweaters,4,1,936
General,Tops,Blouses,5,1,815
General,Dresses,Dresses,3,0,1077
General,Tops,Blouses,2,0,815
General,Tops,Blouses,5,1,815
General,Tops,Blouses,5,1,815
General,Dresses,Dresses,5,1,1077
General,Tops,Blouses,5,1,835
General Petite,Bottoms,Skirts,3,0,996
General Petite,Dresses,Dresses,5,1,1081
General Petite,Bottoms,Skirts,5,1,996
General Petite,Bottoms,Skirts,5,1,996
General Petite,Dresses,Dresses,4,1,1094
General Petite,Jackets,Jackets,5,1,984
General Petite,Jackets,Jackets,3,1,984
General,Tops,Knits,5,1,867
General,Tops,Blouses,5,1,835
General,Tops,Knits,4,1,867
General Petite,Bottoms,Skirts,5,1,996
General,Tops,Blouses,5,1,835
General Petite,Bottoms,Skirts,4,0,996
General Petite,Dresses,Dresses,4,1,1081
General,Tops,Knits,4,1,867
General Petite,Jackets,Jackets,5,1,984
Initmates,Intimate,Swim,5,1,601
General,Dresses,Dresses,5,1,1086
General Petite,Jackets,Jackets,5,1,984
General,Tops,Knits,3,0,867
General,Dresses,Dresses,5,1,1086
General,Tops,Knits,5,1,867
General,Dresses,Dresses,5,1,1086
General Petite,Dresses,Dresses,5,1,1094
General Petite,Tops,Blouses,5,1,831
General Petite,Tops,Blouses,5,1,825
General Petite,Tops,Blouses,5,1,825
General Petite,Tops,Blouses,5,1,825
General Petite,Tops,Sweaters,3,0,936
General Petite,Tops,Sweaters,5,1,936
General Petite,Tops,Blouses,5,1,825
General Petite,Tops,Sweaters,5,1,936
General,Tops,Fine gauge,2,0,899
General,Dresses,Dresses,2,0,1076
General Petite,Dresses,Dresses,4,1,1094
General Petite,Tops,Sweaters,4,1,936
Initmates,Intimate,Lounge,3,0,94
General,Tops,Sweaters,4,1,936
General,Dresses,Dresses,5,1,1076
General,Bottoms,Pants,5,1,1047
General,Bottoms,Pants,5,1,1047
General Petite,Tops,Sweaters,4,1,939
General,Bottoms,Pants,4,1,1047
General,Bottoms,Jeans,5,1,1027
General Petite,Dresses,Dresses,3,1,1094
General Petite,Tops,Blouses,5,1,825
General,Tops,Sweaters,5,1,936
General,Bottoms,Pants,5,1,1047
General,Tops,Knits,5,1,862
General,Bottoms,Jeans,5,1,1035
Initmates,Intimate,Intimates,3,0,233
General,Tops,Knits,5,1,867
General,Bottoms,Jeans,5,1,1035
General,Bottoms,Jeans,5,1,1035
General,Bottoms,Jeans,1,0,1035
General,Tops,Knits,5,1,862
General,Dresses,Dresses,5,1,1095
General,Tops,Knits,5,1,867
General,Tops,Knits,2,1,867
General,Bottoms,Jeans,5,1,1030
General,Dresses,Dresses,5,1,1087
General,Bottoms,Jeans,4,1,1035
General,Bottoms,Jeans,5,1,1035
General,Tops,Knits,4,1,867
General,Dresses,Dresses,5,1,1087
General Petite,Tops,Fine gauge,3,1,912
General Petite,Tops,Fine gauge,2,0,912
General,Tops,Knits,5,1,867
General,Dresses,Dresses,3,0,1087
General Petite,Bottoms,Jeans,2,1,1025
General Petite,Bottoms,Jeans,5,1,1035
General,Tops,Knits,5,1,867
General,Tops,Knits,3,0,867
General Petite,Bottoms,Jeans,5,1,1035
General Petite,Bottoms,Jeans,3,1,1035
General,Tops,Knits,1,0,867
General Petite,Bottoms,Jeans,4,1,1035
General Petite,Bottoms,Jeans,3,1,1035
General,Tops,Knits,2,0,867
General,Dresses,Dresses,3,1,1087
General Petite,Bottoms,Jeans,2,0,1035
General,Tops,Knits,4,1,867
General Petite,Tops,Knits,5,1,862
General Petite,Bottoms,Jeans,5,1,1035
General Petite,Tops,Fine gauge,5,1,912
General Petite,Bottoms,Jeans,1,0,1035
General Petite,Bottoms,Jeans,5,1,1035
General,Tops,Knits,5,1,872
General,Tops,Fine gauge,5,1,904
General Petite,Tops,Knits,5,1,862
General Petite,Bottoms,Jeans,5,1,1035
General,Tops,Knits,4,1,867
General Petite,Tops,Knits,5,1,862
General,Dresses,Dresses,5,1,1087
General,Bottoms,Pants,5,1,1056
General,Tops,Knits,5,1,872
General,Bottoms,Pants,3,0,1056
General Petite,Dresses,Dresses,5,1,1081
General Petite,Dresses,Dresses,5,1,1081
General,Bottoms,Pants,5,1,1056
General,Bottoms,Pants,5,1,1056
General,Dresses,Dresses,5,1,1072
General Petite,Bottoms,Pants,5,1,1056
General Petite,Bottoms,Pants,5,1,1056
General Petite,Dresses,Dresses,5,1,1081
General Petite,Bottoms,Pants,5,1,1056
General Petite,Bottoms,Pants,5,1,1056
General Petite,Dresses,Dresses,3,1,1081
General Petite,Bottoms,Pants,5,1,1056
General Petite,Bottoms,Pants,4,1,1056
General Petite,Dresses,Dresses,5,1,1081
General Petite,Bottoms,Pants,1,0,1056
General Petite,Dresses,Dresses,5,1,1081
General Petite,Bottoms,Pants,5,1,1056
Initmates,Intimate,Lounge,3,0,727
General Petite,Dresses,Dresses,5,1,1081
General Petite,Bottoms,Pants,5,1,1056
General Petite,Dresses,Dresses,1,0,1072
General Petite,Bottoms,Pants,5,1,1056
General Petite,Bottoms,Pants,5,1,1056
General,Tops,Knits,5,1,872
General Petite,Bottoms,Pants,3,1,1056
General,Bottoms,Pants,1,0,1056
General,Bottoms,Pants,1,0,1056
General,Bottoms,Pants,5,1,1056
General,Bottoms,Pants,1,0,1056
General,Tops,Knits,5,1,872
General Petite,Dresses,Dresses,5,1,1081
General,Tops,Knits,4,1,872
General,Bottoms,Pants,3,0,1056
General,Bottoms,Pants,5,1,1056
General,Bottoms,Pants,5,1,1056
General,Bottoms,Pants,4,1,1056
General,Bottoms,Pants,5,1,1056
General Petite,Dresses,Dresses,4,1,1072
General,Bottoms,Pants,2,0,1056
General,Bottoms,Pants,1,0,1056
General,Bottoms,Pants,1,0,1056
General,Bottoms,Pants,5,1,1056
General Petite,Dresses,Dresses,5,1,1081
General,Bottoms,Pants,3,0,1056
General,Bottoms,Pants,1,0,1056
General,Bottoms,Pants,5,1,1056
General,Bottoms,Pants,5,1,1056
General,Bottoms,Pants,5,1,1056
General,Bottoms,Pants,5,1,1056
General,Bottoms,Pants,1,0,1056
General,Bottoms,Pants,1,0,1056
General Petite,Dresses,Dresses,5,1,1081
General,Bottoms,Pants,5,1,1056
General,Bottoms,Pants,1,0,1056
General,Bottoms,Pants,5,1,1056
General Petite,Dresses,Dresses,2,0,1081
General,Tops,Knits,3,0,872
General,Bottoms,Pants,3,1,1056
General,Bottoms,Pants,5,1,1056
General,Bottoms,Pants,5,1,1056
General,Bottoms,Pants,4,1,1056
General,Tops,Knits,4,1,872
General,Bottoms,Pants,5,1,1056
General,Bottoms,Pants,5,1,1056
General,Tops,Knits,5,1,872
General,Bottoms,Pants,5,1,1056
General,Bottoms,Pants,3,0,1056
General,Bottoms,Pants,5,1,1056
General,Tops,Knits,5,1,872
General,Bottoms,Pants,5,1,1056
General,Bottoms,Pants,3,1,1056
General Petite,Dresses,Dresses,5,1,1072
General,Bottoms,Pants,5,1,1056
General Petite,Dresses,Dresses,5,1,1081
General,Tops,Knits,5,1,872
General Petite,Dresses,Dresses,5,1,1081
General,Bottoms,Pants,5,1,1056
General,Bottoms,Pants,5,1,1056
General,Bottoms,Pants,5,1,1056
General,Bottoms,Pants,5,1,1056
General,Tops,Blouses,4,1,834
General,Bottoms,Pants,4,1,1056
General,Bottoms,Pants,5,1,1056
General,Bottoms,Pants,5,1,1056
General,Tops,Knits,5,1,872
General,Bottoms,Pants,5,1,1056
General Petite,Dresses,Dresses,5,1,1081
General,Bottoms,Pants,5,1,1056
General,Dresses,Dresses,5,1,1072
General,Bottoms,Pants,5,1,1056
General Petite,Dresses,Dresses,5,1,1081
General,Bottoms,Pants,5,1,1056
General,Tops,Knits,5,1,872
General,Bottoms,Pants,3,0,1056
General,Bottoms,Pants,5,1,1056
General,Tops,Knits,3,0,872
General,Bottoms,Pants,4,1,1056
General,Bottoms,Pants,5,1,1056
General,Bottoms,Pants,3,0,1056
General Petite,Bottoms,Pants,4,1,1068
General Petite,Bottoms,Pants,3,0,1068
General Petite,Bottoms,Pants,3,0,1068
General Petite,Bottoms,Pants,5,1,1068
General Petite,Bottoms,Pants,5,1,1068
Initmates,Intimate,Swim,5,1,390
General,Jackets,Jackets,5,1,967
General Petite,Bottoms,Pants,5,1,1068
General Petite,Tops,Sweaters,5,1,936
General Petite,Tops,Sweaters,5,1,936
General Petite,Bottoms,Pants,3,0,1068
General,Tops,Knits,5,1,854
General Petite,Tops,Sweaters,5,1,936
General Petite,Bottoms,Pants,5,1,1068
General Petite,Bottoms,Pants,5,1,1068
Initmates,Intimate,Swim,5,1,390
General,Tops,Blouses,2,0,819
General Petite,Bottoms,Pants,5,1,1068
General,Tops,Knits,5,1,870
General Petite,Bottoms,Pants,4,1,1068
Initmates,Intimate,Swim,3,0,390
General Petite,Trend,Trend,1,0,1146
General Petite,Bottoms,Pants,4,1,1068
General Petite,Bottoms,Pants,5,1,1068
General Petite,Bottoms,Pants,5,1,1068
General,Jackets,Jackets,5,1,967
General,Tops,Knits,4,1,870
General Petite,Bottoms,Pants,1,0,1068
General,Tops,Knits,4,1,854
General Petite,Tops,Sweaters,5,1,936
General,Tops,Sweaters,2,0,946
General Petite,Bottoms,Pants,5,1,1068
General,Jackets,Jackets,5,1,967
General Petite,Bottoms,Pants,5,1,1055
General Petite,Tops,Sweaters,5,1,936
General,Tops,Knits,5,1,865
General Petite,Tops,Sweaters,5,1,936
General,Tops,Knits,4,1,854
General Petite,Bottoms,Pants,4,1,1068
General,Dresses,Dresses,5,1,1083
General,Bottoms,Jeans,4,1,1038
General,Dresses,Dresses,2,0,1083
General,Dresses,Dresses,5,1,1083
Initmates,Intimate,Lounge,5,1,763
General,Dresses,Dresses,5,1,1083
General,Dresses,Dresses,5,1,1083
General,Tops,Knits,3,1,862
General,Bottoms,Jeans,5,1,1038
General,Dresses,Dresses,4,1,1083
General,Tops,Knits,5,1,862
General,Dresses,Dresses,5,1,1083
General,Bottoms,Jeans,4,1,1038
General,Dresses,Dresses,5,1,1083
General,Dresses,Dresses,5,1,1083
General,Dresses,Dresses,5,1,1083
General,Dresses,Dresses,5,1,1083
General,Bottoms,Jeans,3,0,1038
General,Tops,Knits,3,1,862
General Petite,Tops,Knits,3,0,862
General,Tops,Fine gauge,5,1,899
General,Dresses,Dresses,5,1,1083
General,Dresses,Dresses,3,0,1083
Initmates,Intimate,Lounge,5,1,763
General,Dresses,Dresses,5,1,1083
General,Dresses,Dresses,5,1,1083
General,Dresses,Dresses,5,1,1083
General,Dresses,Dresses,5,1,1083
General,Tops,Fine gauge,5,1,899
General,Dresses,Dresses,5,1,1083
General,Bottoms,Jeans,5,1,1038
General,Bottoms,Jeans,5,1,1038
General,Dresses,Dresses,5,1,1083
General,Dresses,Dresses,5,1,1080
General Petite,Tops,Knits,4,1,862
General,Dresses,Dresses,4,1,1083
General,Dresses,Dresses,5,1,1083
General,Dresses,Dresses,5,1,1083
General,Dresses,Dresses,4,1,1080
General,Dresses,Dresses,3,1,1083
General,Bottoms,Pants,2,0,1045
General,Dresses,Dresses,5,1,1083
General Petite,Tops,Knits,4,1,862
General Petite,Tops,Sweaters,5,1,940
General Petite,Tops,Sweaters,5,1,942
General Petite,Tops,Sweaters,3,0,936
General Petite,Tops,Sweaters,5,1,936
General Petite,Tops,Sweaters,3,0,936
General Petite,Tops,Sweaters,2,0,936
General Petite,Tops,Sweaters,3,0,936
General Petite,Tops,Sweaters,5,1,940
General,Tops,Knits,5,1,872
General Petite,Dresses,Dresses,2,0,1081
General Petite,Tops,Sweaters,5,1,940
General Petite,Tops,Sweaters,2,0,936
General,Tops,Knits,5,1,870
General Petite,Tops,Sweaters,5,1,942
General Petite,Dresses,Dresses,5,1,1081
General Petite,Tops,Sweaters,3,0,936
General Petite,Dresses,Dresses,5,1,1081
General Petite,Tops,Sweaters,3,0,936
General,Tops,Knits,3,1,872
General Petite,Tops,Sweaters,4,1,936
General Petite,Tops,Sweaters,4,1,936
General Petite,Tops,Sweaters,4,1,936
General Petite,Tops,Sweaters,5,1,936
General Petite,Tops,Sweaters,5,1,942
General Petite,Bottoms,Skirts,5,1,1016
General Petite,Tops,Sweaters,5,1,936
General Petite,Tops,Sweaters,2,0,936
General Petite,Tops,Sweaters,2,0,936
General Petite,Tops,Sweaters,5,1,940
General Petite,Tops,Sweaters,5,1,936
General Petite,Tops,Sweaters,4,1,940
General Petite,Tops,Sweaters,5,1,940
General Petite,Tops,Sweaters,5,1,936
General Petite,Tops,Sweaters,2,0,936
General,Dresses,Dresses,1,0,1078
General Petite,Tops,Sweaters,3,0,940
General Petite,Tops,Sweaters,5,1,940
General Petite,Tops,Sweaters,3,1,936
General Petite,Tops,Sweaters,5,1,940
General Petite,Tops,Sweaters,5,1,940
General Petite,Dresses,Dresses,5,1,1081
General,Dresses,Dresses,2,0,1078
General Petite,Tops,Sweaters,3,0,936
General,Tops,Knits,1,0,872
General Petite,Tops,Sweaters,3,1,940
General Petite,Tops,Sweaters,5,1,936
General Petite,Tops,Sweaters,5,1,936
General,Tops,Knits,4,1,872
General Petite,Tops,Sweaters,4,1,936
General Petite,Dresses,Dresses,1,1,1081
General Petite,Tops,Sweaters,5,1,940
General Petite,Bottoms,Skirts,5,1,1016
General Petite,Tops,Sweaters,5,1,936
General Petite,Tops,Sweaters,5,1,936
General Petite,Tops,Sweaters,4,1,940
General Petite,Tops,Sweaters,5,1,936
General Petite,Tops,Sweaters,3,0,936
General Petite,Dresses,Dresses,4,1,1081
General,Tops,Knits,5,1,870
Initmates,Intimate,Lounge,5,1,108
General,Tops,Knits,5,1,870
General Petite,Tops,Sweaters,5,1,936
General Petite,Dresses,Dresses,5,1,1081
General,Tops,Blouses,5,1,815
General Petite,Tops,Sweaters,5,1,940
General Petite,Dresses,Dresses,5,1,1081
General Petite,Tops,Sweaters,5,1,940
General,Tops,Knits,5,1,872
General Petite,Tops,Sweaters,5,1,940
General Petite,Tops,Sweaters,5,1,940
General Petite,Tops,Sweaters,5,1,940
Unknown,Unknown,Unknown,5,1,152
General,Dresses,Dresses,4,0,1079
General,Tops,Knits,1,0,864
Initmates,Intimate,Sleep,5,1,268
General,Tops,Knits,5,1,872
Unknown,Unknown,Unknown,5,1,152
Initmates,Intimate,Intimates,5,1,358
Unknown,Unknown,Unknown,5,1,152
Initmates,Intimate,Sleep,5,1,268
General Petite,Jackets,Jackets,5,1,964
General Petite,Jackets,Jackets,5,1,964
General,Bottoms,Jeans,3,1,1025
General,Bottoms,Skirts,4,1,995
General,Bottoms,Pants,3,0,1070
General,Tops,Knits,3,1,887
General,Bottoms,Pants,4,1,1050
General,Bottoms,Skirts,3,0,995
General,Bottoms,Pants,5,1,1070
General,Bottoms,Pants,5,1,1070
General,Bottoms,Pants,5,1,1070
General,Trend,Trend,4,1,1138
General,Bottoms,Pants,4,1,1050
General,Trend,Trend,5,1,568
General,Bottoms,Pants,5,1,1070
General,Tops,Blouses,3,0,818
General,Bottoms,Pants,5,1,1070
General,Tops,Sweaters,2,0,945
General Petite,Tops,Blouses,4,1,839
General,Bottoms,Skirts,1,0,991
General,Tops,Knits,5,1,873
General,Tops,Sweaters,5,1,954
General,Tops,Blouses,2,0,835
General Petite,Trend,Trend,4,1,1146
General Petite,Tops,Blouses,5,1,819
Initmates,Intimate,Swim,5,1,584
General,Tops,Sweaters,5,1,945
General Petite,Tops,Blouses,5,1,831
General Petite,Tops,Blouses,5,1,831
Initmates,Intimate,Swim,4,1,584
General Petite,Tops,Blouses,5,1,831
General,Tops,Knits,5,1,862
General,Dresses,Dresses,4,1,1093
General,Dresses,Dresses,1,0,1076
General,Tops,Blouses,4,1,835
General Petite,Tops,Blouses,5,1,831
General Petite,Tops,Blouses,4,1,831
General Petite,Tops,Knits,5,1,1181
General,Tops,Sweaters,5,1,945
General Petite,Trend,Trend,4,0,1146
General,Tops,Knits,4,1,873
General,Bottoms,Jeans,4,1,1030
General Petite,Tops,Knits,5,1,1181
General,Dresses,Dresses,4,1,1093
General Petite,Tops,Blouses,5,1,831
Initmates,Intimate,Swim,4,1,344
General Petite,Tops,Blouses,5,1,819
General,Dresses,Dresses,5,1,1094
General Petite,Tops,Blouses,5,1,839
General Petite,Tops,Blouses,5,1,819
General,Dresses,Dresses,5,1,1094
General,Dresses,Dresses,5,1,1076
General Petite,Tops,Knits,5,1,1181
General,Tops,Sweaters,5,1,945
General Petite,Dresses,Dresses,5,1,1078
General Petite,Tops,Blouses,5,1,831
General,Tops,Blouses,5,1,819
General,Dresses,Dresses,5,1,1094
General,Tops,Blouses,4,1,819
General,Tops,Sweaters,5,1,954
General,Tops,Knits,4,1,873
General Petite,Dresses,Dresses,3,1,1081
General,Tops,Sweaters,5,1,933
General,Tops,Knits,3,0,857
General Petite,Dresses,Dresses,5,1,1081
General Petite,Dresses,Dresses,4,1,1081
General Petite,Dresses,Dresses,3,1,1081
General Petite,Dresses,Dresses,5,1,1081
General Petite,Dresses,Dresses,4,0,1081
General Petite,Dresses,Dresses,5,1,1078
General Petite,Intimate,Lounge,5,1,364
General Petite,Intimate,Lounge,2,0,364
General,Tops,Knits,5,1,867
General Petite,Dresses,Dresses,5,1,1081
General Petite,Intimate,Lounge,5,1,364
General Petite,Intimate,Lounge,4,1,364
General Petite,Dresses,Dresses,5,1,1081
General,Bottoms,Pants,4,1,1065
General Petite,Dresses,Dresses,5,1,1081
General Petite,Dresses,Dresses,5,1,1081
General Petite,Dresses,Dresses,5,1,1110
General,Tops,Knits,4,1,867
General,Tops,Knits,3,1,867
General,Tops,Blouses,5,1,833
General Petite,Intimate,Lounge,4,1,364
General Petite,Dresses,Dresses,3,0,1081
General Petite,Intimate,Lounge,4,1,364
General Petite,Intimate,Lounge,3,0,364
General,Bottoms,Pants,4,1,1065
General Petite,Dresses,Dresses,4,1,1078
General Petite,Intimate,Lounge,4,1,364
General Petite,Dresses,Dresses,1,0,1081
General Petite,Dresses,Dresses,5,1,1081
General Petite,Dresses,Dresses,4,1,1078
General,Tops,Blouses,5,1,833
General,Tops,Sweaters,5,1,933
General,Tops,Sweaters,5,1,933
General Petite,Dresses,Dresses,5,1,1081
General Petite,Dresses,Dresses,5,1,1081
General Petite,Intimate,Lounge,5,1,364
General Petite,Dresses,Dresses,4,1,1081
General Petite,Dresses,Dresses,5,1,1081
General Petite,Dresses,Dresses,5,1,1081
General Petite,Dresses,Dresses,5,1,1081
General,Tops,Knits,4,1,867
General Petite,Dresses,Dresses,5,1,1081
General Petite,Dresses,Dresses,4,1,1081
General Petite,Intimate,Lounge,4,1,364
General,Tops,Knits,5,1,867
General Petite,Intimate,Lounge,5,1,364
General,Tops,Knits,5,1,867
General Petite,Dresses,Dresses,5,1,1081
General,Bottoms,Pants,5,1,1065
General Petite,Intimate,Lounge,5,1,364
General,Tops,Knits,5,1,867
General Petite,Dresses,Dresses,5,1,1081
General Petite,Tops,Blouses,2,0,822
General Petite,Dresses,Dresses,4,1,1078
General Petite,Dresses,Dresses,5,1,1081
General Petite,Tops,Knits,5,1,880
General,Tops,Knits,3,1,867
General,Tops,Sweaters,5,1,933
General,Tops,Knits,5,1,867
General,Tops,Knits,3,1,867
General,Dresses,Dresses,5,1,1096
General Petite,Dresses,Dresses,5,1,1081
Initmates,Intimate,Swim,5,1,199
General Petite,Intimate,Lounge,3,0,364
General Petite,Dresses,Dresses,5,1,1081
General,Dresses,Dresses,4,1,1087
General Petite,Bottoms,Skirts,5,1,995
General,Bottoms,Pants,5,1,1059
General,Dresses,Dresses,4,1,1087
General Petite,Dresses,Dresses,3,0,1081
General,Bottoms,Jeans,5,1,1022
General,Dresses,Dresses,5,1,1087
General,Bottoms,Jeans,5,1,1022
General,Bottoms,Jeans,5,1,1022
General,Bottoms,Pants,4,1,1059
General,Dresses,Dresses,4,1,1086
General,Dresses,Dresses,5,1,1076
General,Tops,Knits,5,1,872
General,Dresses,Dresses,4,1,1087
General,Bottoms,Jeans,5,1,1022
General Petite,Bottoms,Pants,5,1,1051
General,Dresses,Dresses,5,1,1076
General Petite,Dresses,Dresses,5,1,1081
General,Bottoms,Jeans,3,1,1022
General,Jackets,Jackets,4,1,956
General,Bottoms,Jeans,4,1,1022
General,Bottoms,Pants,5,1,1059
General,Bottoms,Jeans,4,1,1022
General Petite,Bottoms,Pants,5,0,1051
General,Bottoms,Pants,3,0,1059
General,Tops,Fine gauge,2,0,890
General Petite,Dresses,Dresses,5,1,1075
General,Bottoms,Jeans,5,1,1022
General,Bottoms,Jeans,5,1,1022
General,Tops,Knits,5,1,872
General,Tops,Sweaters,5,1,3
General,Dresses,Dresses,5,1,1087
General,Tops,Knits,5,1,872
General Petite,Dresses,Dresses,4,1,1081
General,Tops,Sweaters,1,0,927
General,Bottoms,Pants,4,1,1060
General,Bottoms,Skirts,4,1,993
General,Tops,Sweaters,1,0,927
General,Dresses,Dresses,4,1,1086
General,Dresses,Dresses,5,1,1086
General,Tops,Knits,3,1,867
General,Tops,Sweaters,2,0,927
General,Tops,Sweaters,3,1,927
General,Dresses,Dresses,5,1,1086
General Petite,Tops,Blouses,5,1,829
General Petite,Tops,Blouses,5,1,829
General,Dresses,Dresses,2,0,1086
General,Tops,Sweaters,5,1,927
General,Dresses,Dresses,4,1,1086
General Petite,Tops,Blouses,5,1,829
General,Bottoms,Skirts,5,1,993
General,Tops,Sweaters,4,1,927
General,Dresses,Dresses,5,1,1086
General,Dresses,Dresses,5,1,1086
General,Tops,Sweaters,1,0,927
General,Bottoms,Skirts,4,1,993
General,Bottoms,Skirts,4,1,993
Initmates,Intimate,Intimates,5,1,773
General,Bottoms,Skirts,5,1,993
General,Dresses,Dresses,5,1,1086
General,Dresses,Dresses,5,1,1086
General,Dresses,Dresses,5,1,1086
General Petite,Tops,Blouses,5,1,829
General,Dresses,Dresses,5,1,1086
General,Dresses,Dresses,5,1,1086
General,Dresses,Dresses,5,1,1086
General,Bottoms,Skirts,5,1,993
General Petite,Tops,Blouses,3,0,829
General,Tops,Sweaters,5,1,927
General Petite,Tops,Blouses,5,1,829
General,Dresses,Dresses,4,1,1086
General,Dresses,Dresses,5,1,1086
General,Bottoms,Skirts,3,0,993
General,Bottoms,Shorts,5,1,541
General Petite,Tops,Knits,1,1,867
General,Dresses,Dresses,5,1,1086
General,Dresses,Dresses,5,1,1086
General,Tops,Sweaters,1,0,927
General,Tops,Sweaters,5,1,927
General,Bottoms,Skirts,4,1,993
General Petite,Tops,Blouses,5,1,829
General,Bottoms,Skirts,5,1,993
General Petite,Tops,Blouses,5,1,829
General,Bottoms,Skirts,3,1,1013
General,Tops,Sweaters,5,1,927
General,Bottoms,Pants,5,1,1060
General Petite,Tops,Knits,5,1,867
Initmates,Intimate,Swim,5,1,729
General Petite,Bottoms,Skirts,3,1,1020
General,Bottoms,Pants,5,1,1050
General Petite,Tops,Blouses,5,1,829
General,Bottoms,Pants,3,0,1050
General,Dresses,Dresses,4,1,1086
General,Dresses,Dresses,3,0,1086
General,Bottoms,Skirts,5,1,993
General,Dresses,Dresses,5,1,1086
General Petite,Tops,Blouses,3,0,829
General Petite,Tops,Knits,5,1,867
General Petite,Tops,Knits,2,0,867
Initmates,Intimate,Swim,5,1,729
Initmates,Intimate,Sleep,5,1,123
General,Tops,Knits,1,0,868
General,Tops,Sweaters,4,1,927
General,Tops,Blouses,5,1,836
General,Tops,Blouses,5,1,836
Initmates,Intimate,Sleep,4,1,123
General,Tops,Sweaters,5,1,935
Initmates,Intimate,Sleep,5,1,123
General,Tops,Blouses,2,0,836
General,Tops,Knits,5,1,868
General,Tops,Blouses,1,0,828
General,Tops,Knits,5,1,868
General,Tops,Knits,3,0,868
Initmates,Intimate,Sleep,5,1,123
General Petite,Tops,Fine gauge,5,1,904
General,Tops,Blouses,4,1,836
General,Dresses,Dresses,4,1,1077
General,Tops,Knits,1,0,868
General,Tops,Sweaters,5,1,935
General,Tops,Blouses,2,0,836
General,Tops,Sweaters,5,1,935
General,Bottoms,Jeans,3,1,1032
General,Dresses,Dresses,2,0,1077
Initmates,Intimate,Sleep,5,1,123
General,Tops,Blouses,2,0,836
General,Tops,Blouses,2,0,836
Initmates,Intimate,Lounge,5,1,331
General,Tops,Knits,5,1,868
General,Tops,Sweaters,4,1,927
General,Tops,Knits,3,0,868
General,Tops,Knits,3,0,868
General,Tops,Knits,2,0,868
General,Tops,Blouses,5,1,828
General,Tops,Knits,5,1,868
General,Tops,Knits,4,1,868
General,Tops,Blouses,3,1,829
Initmates,Intimate,Sleep,5,1,123
General,Tops,Blouses,2,1,836
General,Tops,Blouses,3,1,836
Initmates,Intimate,Sleep,5,1,123
General,Tops,Blouses,2,0,836
General,Tops,Blouses,2,0,836
General,Tops,Blouses,2,0,836
General,Dresses,Dresses,5,1,1111
Initmates,Intimate,Sleep,5,1,123
General,Dresses,Dresses,2,1,1074
General,Dresses,Dresses,1,0,1095
Initmates,Intimate,Sleep,5,1,671
General,Dresses,Dresses,5,1,1111
General,Tops,Blouses,5,1,836
General,Tops,Blouses,5,1,836
General,Tops,Blouses,5,1,836
General,Dresses,Dresses,5,1,1074
Initmates,Intimate,Lounge,3,0,331
General,Dresses,Dresses,5,1,1074
Initmates,Intimate,Sleep,4,1,123
General Petite,Tops,Fine gauge,5,1,904
Initmates,Intimate,Lounge,5,1,331
General,Tops,Sweaters,5,1,937
General,Tops,Blouses,5,1,828
General,Tops,Sweaters,5,1,927
General,Tops,Sweaters,5,1,927
General Petite,Dresses,Dresses,5,1,1081
General,Dresses,Dresses,2,0,1110
General Petite,Tops,Blouses,4,1,825
General,Tops,Sweaters,5,1,927
General Petite,Dresses,Dresses,3,1,1081
General,Tops,Sweaters,4,1,927
Initmates,Intimate,Lounge,5,1,454
General,Tops,Fine gauge,2,0,912
General,Tops,Sweaters,4,1,927
General,Dresses,Dresses,3,0,1110
General,Tops,Sweaters,4,1,927
General,Jackets,Outerwear,4,1,1120
General Petite,Tops,Blouses,3,0,825
General,Tops,Fine gauge,2,0,912
General,Tops,Sweaters,4,0,927
General,Tops,Sweaters,5,1,927
General Petite,Dresses,Dresses,4,1,1081
General Petite,Dresses,Dresses,5,1,1081
General Petite,Tops,Blouses,3,1,825
General,Bottoms,Skirts,4,1,1021
General,Dresses,Dresses,5,1,1110
General,Dresses,Dresses,4,1,1110
General Petite,Dresses,Dresses,4,1,1072
General,Tops,Fine gauge,4,1,912
General,Tops,Sweaters,5,1,927
General,Tops,Fine gauge,2,0,912
General Petite,Dresses,Dresses,5,1,1081
General Petite,Dresses,Dresses,5,1,1081
General,Tops,Sweaters,4,1,927
General,Dresses,Dresses,1,0,1072
General,Tops,Blouses,5,1,830
General,Tops,Blouses,5,1,840
General,Tops,Blouses,4,1,826
General,Tops,Knits,4,1,864
General,Tops,Knits,4,1,864
General,Tops,Knits,4,1,864
General,Dresses,Dresses,4,1,1077
General Petite,Dresses,Dresses,5,1,1080
General,Tops,Blouses,4,1,840
General,Bottoms,Pants,4,0,1065
General,Dresses,Dresses,5,1,1077
General Petite,Dresses,Dresses,5,1,1080
General,Dresses,Dresses,2,0,1077
General,Bottoms,Pants,5,1,1065
General,Tops,Knits,5,1,864
General,Tops,Blouses,4,1,840
General,Bottoms,Pants,3,0,1065
General,Tops,Blouses,5,1,840
General,Tops,Blouses,4,1,830
General,Tops,Blouses,5,1,840
General,Tops,Blouses,4,1,840
General Petite,Dresses,Dresses,4,1,1080
General Petite,Dresses,Dresses,2,0,1080
General,Tops,Knits,3,0,864
General,Dresses,Dresses,5,1,1110
General,Dresses,Dresses,5,1,1110
General,Dresses,Dresses,5,1,1110
General Petite,Tops,Fine gauge,5,1,916
General Petite,Tops,Fine gauge,5,1,916
General,Bottoms,Skirts,5,1,1009
General,Dresses,Dresses,5,1,1110
General,Dresses,Dresses,4,1,1110
Initmates,Intimate,Sleep,5,1,553
General Petite,Tops,Fine gauge,5,1,916
Initmates,Intimate,Sleep,4,1,786
General,Tops,Knits,5,1,864
General,Dresses,Dresses,3,0,1110
General,Dresses,Dresses,5,1,1110
General,Dresses,Dresses,4,1,1110
General,Dresses,Dresses,3,0,1110
General,Dresses,Dresses,5,1,1110
General,Dresses,Dresses,4,1,1110
General,Dresses,Dresses,3,0,1110
General,Dresses,Dresses,4,0,1110
General Petite,Tops,Fine gauge,5,1,919
General,Dresses,Dresses,4,1,1083
General,Dresses,Dresses,5,1,1083
General,Dresses,Dresses,4,1,1083
General,Tops,Blouses,5,1,836
General,Dresses,Dresses,3,1,1083
General,Dresses,Dresses,2,0,1083
General,Bottoms,Jeans,5,1,1027
General,Bottoms,Skirts,3,0,1001
General,Bottoms,Skirts,5,1,1001
Initmates,Intimate,Legwear,3,0,142
General Petite,Tops,Fine gauge,4,1,919
Initmates,Intimate,Legwear,5,1,142
General,Bottoms,Skirts,4,1,1001
General,Bottoms,Skirts,5,1,1001
General,Bottoms,Skirts,5,1,1001
Initmates,Intimate,Intimates,5,1,73
General,Bottoms,Skirts,5,1,1001
General,Jackets,Jackets,5,1,984
General,Bottoms,Skirts,5,1,1001
General,Dresses,Dresses,5,1,1083
General,Dresses,Dresses,5,1,1083
General Petite,Tops,Fine gauge,5,1,919
General,Dresses,Dresses,4,1,1083
General Petite,Dresses,Dresses,5,1,1094
General,Bottoms,Jeans,5,1,1022
General,Bottoms,Jeans,1,0,1022
Initmates,Intimate,Legwear,2,1,142
General,Bottoms,Jeans,3,0,1028
General,Jackets,Jackets,3,1,984
General,Dresses,Dresses,5,1,1083
General Petite,Dresses,Dresses,5,1,1094
General,Bottoms,Skirts,5,1,1001
Initmates,Intimate,Legwear,3,1,142
General,Bottoms,Skirts,5,1,1001
General,Dresses,Dresses,2,0,1083
Initmates,Intimate,Legwear,5,1,142
General,Dresses,Dresses,5,1,1083
General Petite,Tops,Fine gauge,5,1,895
Initmates,Intimate,Sleep,5,1,145
General,Tops,Sweaters,5,1,930
General Petite,Tops,Fine gauge,5,1,895
Initmates,Intimate,Sleep,5,1,145
General Petite,Tops,Fine gauge,1,0,895
General,Tops,Fine gauge,5,1,895
General,Tops,Fine gauge,4,1,895
General Petite,Jackets,Outerwear,5,1,1133
General,Tops,Fine gauge,5,1,895
General,Tops,Blouses,5,1,829
General Petite,Tops,Fine gauge,3,0,895
General,Tops,Sweaters,5,1,930
Initmates,Intimate,Sleep,5,1,145
Initmates,Intimate,Layering,5,1,591
General Petite,Tops,Fine gauge,5,1,895
General,Tops,Blouses,5,1,829
General Petite,Bottoms,Skirts,1,0,1008
General Petite,Tops,Fine gauge,5,1,895
General,Tops,Blouses,5,1,829
Initmates,Intimate,Sleep,5,1,145
General Petite,Bottoms,Skirts,5,1,1008
General,Dresses,Dresses,5,1,1110
General,Bottoms,Shorts,5,1,417
General,Tops,Knits,4,1,868
General,Bottoms,Shorts,5,1,417
General,Tops,Knits,5,1,868
General,Bottoms,Shorts,5,1,417
General,Bottoms,Pants,1,0,1045
General,Dresses,Dresses,5,1,1092
General Petite,Tops,Blouses,2,0,841
General,Tops,Knits,5,1,868
General,Bottoms,Shorts,5,1,417
General,Tops,Knits,5,1,868
General Petite,Intimate,Lounge,3,1,62
General,Trend,Trend,4,1,1138
General,Tops,Knits,5,1,868
General,Tops,Knits,3,0,868
General,Bottoms,Shorts,4,1,417
General,Dresses,Dresses,5,1,1092
Initmates,Intimate,Lounge,4,1,425
General,Tops,Sweaters,5,1,936
General,Dresses,Dresses,5,1,1110
General,Bottoms,Shorts,5,1,417
General,Tops,Knits,5,1,868
General,Tops,Knits,4,1,868
General,Bottoms,Shorts,4,1,417
General,Tops,Knits,4,1,868
General,Tops,Knits,5,1,868
General,Bottoms,Shorts,5,1,417
General,Dresses,Dresses,5,1,1092
General,Tops,Knits,3,1,868
General,Tops,Blouses,5,1,818
General,Tops,Knits,3,1,868
General,Dresses,Dresses,5,1,1110
General,Bottoms,Shorts,5,1,417
General,Tops,Blouses,4,1,818
General Petite,Intimate,Lounge,1,0,421
General,Bottoms,Shorts,5,1,417
General,Tops,Blouses,5,1,818
General,Dresses,Dresses,4,1,26
General,Tops,Knits,3,1,868
General,Bottoms,Shorts,3,1,417
General,Dresses,Dresses,5,1,1092
General,Dresses,Dresses,5,1,1110
General,Tops,Blouses,5,1,818
General,Bottoms,Shorts,5,1,417
Initmates,Intimate,Swim,5,1,8
General Petite,Bottoms,Jeans,5,1,1037
General,Bottoms,Skirts,4,1,989
Initmates,Intimate,Swim,1,0,8
General,Tops,Knits,4,1,868
General,Tops,Knits,5,1,868
General,Jackets,Jackets,5,1,967
General Petite,Tops,Knits,1,0,867
Initmates,Intimate,Swim,5,1,8
General,Tops,Knits,5,1,872
General,Dresses,Dresses,5,1,1096
General Petite,Tops,Knits,5,1,867
General,Tops,Knits,3,1,860
General,Tops,Knits,5,1,868
General,Tops,Knits,5,1,868
General,Tops,Knits,5,1,860
Initmates,Intimate,Swim,2,0,8
General,Tops,Knits,5,1,868
General,Tops,Fine gauge,5,1,910
General Petite,Bottoms,Pants,5,1,1059
General,Tops,Knits,4,1,860
General Petite,Bottoms,Jeans,3,1,1037
General,Tops,Blouses,5,1,839
General Petite,Bottoms,Jeans,5,1,1037
General,Dresses,Dresses,5,1,1096
General,Tops,Blouses,5,1,819
General Petite,Bottoms,Pants,2,0,1059
General Petite,Tops,Knits,5,1,867
General Petite,Tops,Knits,5,1,867
General Petite,Tops,Knits,5,1,854
General,Tops,Knits,5,1,872
General,Tops,Blouses,1,0,819
General,Tops,Fine gauge,2,0,910
General,Tops,Blouses,2,0,819
General,Jackets,Jackets,5,1,967
General,Jackets,Jackets,5,1,967
Initmates,Intimate,Swim,5,1,8
General Petite,Bottoms,Jeans,5,1,1037
General,Dresses,Dresses,4,1,1075
General Petite,Tops,Blouses,5,1,819
General,Tops,Knits,4,1,860
General,Bottoms,Jeans,5,1,1025
Initmates,Intimate,Swim,2,0,8
General Petite,Bottoms,Pants,5,1,1059
Initmates,Intimate,Swim,5,1,8
General Petite,Tops,Knits,5,1,867
General Petite,Bottoms,Jeans,4,1,1037
General,Tops,Knits,5,1,860
General,Dresses,Dresses,5,1,1075
General Petite,Bottoms,Jeans,5,1,1037
General Petite,Tops,Blouses,5,1,828
General,Bottoms,Skirts,4,1,993
General Petite,Tops,Blouses,3,0,828
General Petite,Tops,Blouses,5,1,828
General,Tops,Blouses,5,1,838
General,Dresses,Dresses,5,1,1081
General,Tops,Blouses,4,1,842
General,Dresses,Dresses,4,1,1081
General Petite,Tops,Blouses,5,1,828
General,Tops,Blouses,2,0,838
General,Dresses,Dresses,3,1,1081
General,Dresses,Dresses,5,1,1081
General Petite,Tops,Blouses,5,1,828
General,Bottoms,Jeans,5,1,1025
General Petite,Tops,Blouses,5,1,828
General,Trend,Trend,5,1,1135
General Petite,Tops,Blouses,5,1,828
Initmates,Intimate,Swim,5,1,401
General,Bottoms,Skirts,5,1,993
General,Dresses,Dresses,5,1,1081
General,Trend,Trend,4,1,571
General,Trend,Trend,5,1,571
General,Dresses,Dresses,3,0,1083
General Petite,Tops,Blouses,4,1,824
General,Dresses,Dresses,3,0,1083
Initmates,Intimate,Intimates,5,1,37
General,Dresses,Dresses,1,0,1083
General Petite,Tops,Blouses,5,1,824
General,Tops,Knits,2,1,865
General,Dresses,Dresses,5,1,1083
General,Tops,Fine gauge,5,1,898
General,Dresses,Dresses,5,1,1083
General,Tops,Fine gauge,5,1,898
General,Tops,Knits,3,0,864
General,Dresses,Dresses,3,0,1083
General Petite,Tops,Blouses,1,0,824
General Petite,Tops,Blouses,4,1,824
General Petite,Tops,Blouses,3,1,824
General Petite,Tops,Blouses,4,1,824
General,Dresses,Dresses,5,1,1083
General,Dresses,Dresses,5,1,1083
General Petite,Tops,Blouses,4,1,824
General,Dresses,Dresses,2,0,1083
General,Tops,Fine gauge,2,0,898
General Petite,Tops,Blouses,3,0,824
General,Dresses,Dresses,2,0,1083
General Petite,Tops,Blouses,5,1,824
General Petite,Tops,Blouses,5,1,824
General,Tops,Knits,4,1,865
General Petite,Tops,Blouses,5,1,824
General,Dresses,Dresses,4,1,1083
Initmates,Intimate,Intimates,5,1,37
General Petite,Tops,Blouses,3,0,824
Initmates,Intimate,Intimates,5,1,37
General Petite,Tops,Blouses,5,1,824
General,Dresses,Dresses,3,0,1083
Initmates,Intimate,Intimates,5,1,37
General,Dresses,Dresses,2,0,1083
General Petite,Tops,Blouses,4,1,824
General,Dresses,Dresses,3,1,1104
General Petite,Tops,Blouses,5,1,834
General,Tops,Blouses,2,0,831
General,Tops,Blouses,3,0,831
General Petite,Tops,Blouses,5,1,834
General Petite,Jackets,Outerwear,5,1,1126
General Petite,Tops,Blouses,5,1,834
General,Tops,Blouses,5,1,831
General,Jackets,Jackets,5,1,975
General,Bottoms,Shorts,3,0,528
General,Dresses,Dresses,3,1,1104
General,Tops,Blouses,3,0,831
General,Dresses,Dresses,4,1,1104
General,Bottoms,Shorts,4,1,528
General Petite,Tops,Blouses,4,1,834
General,Bottoms,Shorts,5,1,528
General Petite,Tops,Blouses,5,1,834
General Petite,Tops,Knits,4,1,872
General,Tops,Blouses,4,1,831
General,Tops,Knits,2,0,871
General Petite,Tops,Blouses,5,1,834
General,Bottoms,Shorts,5,1,528
General,Tops,Blouses,4,1,831
General,Dresses,Dresses,4,1,1104
General,Jackets,Outerwear,4,1,1116
General Petite,Tops,Blouses,5,1,834
General,Tops,Blouses,3,0,831
General,Tops,Blouses,3,0,831
General,Bottoms,Shorts,5,1,528
General Petite,Tops,Blouses,5,1,834
General,Jackets,Jackets,4,1,975
General Petite,Tops,Blouses,5,1,834
General,Tops,Blouses,5,1,831
General Petite,Tops,Blouses,5,1,834
General,Jackets,Outerwear,2,0,1116
General,Jackets,Outerwear,4,1,1116
General,Dresses,Dresses,1,0,1104
General,Dresses,Dresses,3,0,1104
General,Dresses,Dresses,3,0,1104
General Petite,Tops,Blouses,5,1,834
General,Jackets,Outerwear,4,1,1116
General,Tops,Fine gauge,3,1,917
General,Tops,Blouses,3,1,831
General Petite,Jackets,Jackets,4,1,975
General,Tops,Blouses,5,1,834
General,Tops,Blouses,5,1,834
General,Tops,Blouses,5,1,834
General,Tops,Blouses,5,1,831
General,Dresses,Dresses,3,0,1104
General,Tops,Blouses,5,1,834
General,Dresses,Dresses,3,1,1104
General,Tops,Blouses,5,1,834
General,Tops,Blouses,5,1,834
General,Tops,Blouses,5,1,831
General,Dresses,Dresses,4,1,1104
General Petite,Jackets,Jackets,1,0,975
General,Tops,Blouses,5,1,834
General,Dresses,Dresses,5,1,1104
General Petite,Jackets,Jackets,2,0,975
General,Dresses,Dresses,3,0,1104
General,Dresses,Dresses,5,1,1104
General,Dresses,Dresses,5,1,1104
General,Jackets,Outerwear,1,0,1116
General,Tops,Blouses,5,1,834
General,Dresses,Dresses,3,0,1104
General,Tops,Blouses,3,0,831
General,Tops,Blouses,5,1,834
General,Bottoms,Shorts,4,1,528
General,Tops,Blouses,5,1,834
General,Tops,Fine gauge,5,1,917
General,Jackets,Outerwear,4,1,1116
General,Dresses,Dresses,3,0,1104
General,Tops,Blouses,3,0,831
General,Tops,Blouses,5,1,834
General,Dresses,Dresses,3,1,1104
General,Dresses,Dresses,5,1,1104
General,Tops,Blouses,3,0,834
General,Bottoms,Shorts,4,1,528
General,Tops,Blouses,3,1,834
General,Dresses,Dresses,5,1,1104
General,Dresses,Dresses,4,1,1104
General,Bottoms,Shorts,4,1,528
General,Tops,Blouses,5,1,834
General Petite,Jackets,Jackets,3,1,975
General,Tops,Blouses,4,1,834
General,Tops,Blouses,2,0,831
General,Dresses,Dresses,5,1,1104
General Petite,Jackets,Outerwear,4,1,1126
General,Tops,Sweaters,5,1,936
General Petite,Jackets,Jackets,5,1,975
General,Tops,Blouses,5,1,834
General,Dresses,Dresses,4,1,1104
General,Jackets,Outerwear,2,0,1116
General,Dresses,Dresses,5,1,1104
General,Dresses,Dresses,5,1,1104
General,Tops,Blouses,5,1,834
General Petite,Jackets,Jackets,3,0,975
General,Tops,Blouses,5,1,834
General,Tops,Blouses,5,1,834
General Petite,Tops,Knits,5,1,872
General,Tops,Blouses,4,1,831
General,Jackets,Jackets,4,1,984
General,Dresses,Dresses,5,1,1086
General,Dresses,Dresses,4,0,1095
General,Jackets,Jackets,3,0,984
General,Dresses,Dresses,5,1,1086
General,Dresses,Dresses,4,1,1086
General,Tops,Blouses,5,1,836
General Petite,Tops,Sweaters,5,1,927
General,Jackets,Jackets,2,0,984
General Petite,Tops,Sweaters,5,1,927
General,Dresses,Dresses,5,1,1086
General,Jackets,Jackets,5,1,984
General,Dresses,Dresses,5,1,1086
General Petite,Tops,Sweaters,5,1,927
General,Tops,Blouses,5,1,836
General Petite,Tops,Sweaters,5,1,927
General Petite,Tops,Sweaters,5,1,927
General,Jackets,Jackets,5,1,984
General,Tops,Blouses,5,1,836
General Petite,Tops,Sweaters,5,1,927
General Petite,Tops,Sweaters,5,1,927
General,Dresses,Dresses,4,1,1095
General,Dresses,Dresses,5,1,1095
General,Dresses,Dresses,4,1,1086
General Petite,Tops,Sweaters,5,1,927
General,Jackets,Jackets,5,1,984
General,Bottoms,Skirts,5,1,993
General,Dresses,Dresses,5,1,1086
General Petite,Tops,Sweaters,5,1,927
General Petite,Tops,Sweaters,5,1,927
General,Jackets,Jackets,4,1,984
General,Tops,Blouses,5,1,836
General,Jackets,Jackets,5,1,984
General,Jackets,Jackets,5,1,984
General,Tops,Blouses,4,1,836
General,Bottoms,Skirts,4,1,993
General Petite,Dresses,Dresses,3,0,1081
General,Tops,Blouses,5,1,836
General,Jackets,Jackets,5,1,984
General,Dresses,Dresses,3,1,1095
General,Tops,Sweaters,5,1,935
General,Dresses,Dresses,4,1,1086
General Petite,Tops,Sweaters,3,1,927
General,Jackets,Jackets,5,1,984
General,Jackets,Jackets,4,1,984
General,Dresses,Dresses,4,1,1095
General Petite,Dresses,Dresses,5,1,1081
General,Dresses,Dresses,5,1,1095
General,Tops,Knits,5,1,1183
General,Jackets,Jackets,1,0,984
General,Dresses,Dresses,3,0,1095
General,Bottoms,Pants,3,1,1056
General,Dresses,Dresses,5,1,1086
General,Bottoms,Pants,3,1,1056
General,Jackets,Jackets,5,1,984
General,Dresses,Dresses,3,1,1086
General,Jackets,Jackets,5,1,984
General,Dresses,Dresses,4,1,1086
General,Bottoms,Skirts,5,1,993
General,Dresses,Dresses,3,0,1095
General Petite,Tops,Sweaters,5,1,927
General,Jackets,Jackets,5,1,984
General,Jackets,Jackets,3,1,984
General,Bottoms,Jeans,4,1,1022
General,Jackets,Jackets,5,1,984
General Petite,Tops,Sweaters,5,1,927
General,Jackets,Jackets,5,1,984
General,Jackets,Jackets,5,1,984
General,Dresses,Dresses,5,1,1095
General,Jackets,Jackets,5,1,984
General,Dresses,Dresses,5,1,1086
General,Jackets,Jackets,4,1,984
General Petite,Tops,Sweaters,5,1,927
General,Jackets,Jackets,5,1,984
General Petite,Dresses,Dresses,2,0,1081
General,Bottoms,Jeans,5,1,1022
General,Jackets,Jackets,5,1,984
General,Tops,Sweaters,5,1,927
General,Jackets,Jackets,5,1,984
General,Tops,Knits,4,1,881
General,Jackets,Jackets,5,1,984
General,Dresses,Dresses,5,1,1086
General,Bottoms,Pants,5,1,1056
General,Bottoms,Skirts,5,1,993
General,Bottoms,Skirts,5,1,993
General,Tops,Sweaters,5,1,927
General Petite,Dresses,Dresses,5,1,1081
General,Dresses,Dresses,2,0,1086
General,Tops,Sweaters,5,1,927
General,Dresses,Dresses,5,1,1095
General,Jackets,Jackets,1,1,984
General,Tops,Sweaters,5,1,927
General,Tops,Sweaters,5,1,927
General,Jackets,Jackets,5,1,984
General,Tops,Sweaters,4,1,944
General,Jackets,Jackets,4,1,984
General,Bottoms,Skirts,5,1,993
General,Dresses,Dresses,5,1,1095
General Petite,Dresses,Dresses,4,1,1081
General,Tops,Sweaters,3,0,927
General,Tops,Blouses,4,1,820
General,Tops,Knits,5,1,867
General,Tops,Blouses,5,1,820
General,Tops,Sweaters,2,1,927
General,Tops,Blouses,4,1,820
General,Tops,Knits,5,1,867
General,Tops,Sweaters,3,0,927
General,Tops,Sweaters,2,0,921
General,Tops,Knits,5,1,867
General,Tops,Sweaters,5,1,927
General,Tops,Knits,5,1,867
General,Tops,Sweaters,5,1,927
General,Tops,Sweaters,3,1,921
General,Tops,Sweaters,4,1,927
General,Tops,Sweaters,4,1,927
General,Tops,Blouses,1,0,820
General,Tops,Knits,4,1,867
General Petite,Dresses,Dresses,2,0,1086
General,Tops,Knits,4,1,867
General,Tops,Blouses,4,1,820
General,Tops,Sweaters,4,1,927
General,Tops,Blouses,3,1,820
General,Tops,Sweaters,2,0,927
General,Jackets,Outerwear,5,1,1117
General,Tops,Blouses,5,1,820
General,Tops,Sweaters,4,1,927
General,Tops,Knits,5,1,867
General Petite,Dresses,Dresses,5,1,1086
General,Tops,Knits,5,1,867
General,Tops,Sweaters,5,1,927
General Petite,Dresses,Dresses,3,0,1110
General,Tops,Sweaters,3,0,927
General,Tops,Sweaters,5,1,927
General,Tops,Blouses,5,1,820
General,Tops,Knits,5,1,867
General Petite,Dresses,Dresses,5,1,1110
General,Jackets,Outerwear,2,1,1117
General,Tops,Sweaters,5,1,921
General,Tops,Sweaters,5,1,927
General,Tops,Knits,2,1,867
General,Tops,Knits,2,0,867
General Petite,Dresses,Dresses,4,1,1110
General,Tops,Sweaters,5,1,921
General,Tops,Sweaters,5,1,927
General,Tops,Knits,5,1,867
General,Bottoms,Skirts,5,1,1021
General,Bottoms,Skirts,5,1,999
Initmates,Intimate,Legwear,1,0,229
Initmates,Intimate,Sleep,5,1,226
Initmates,Intimate,Legwear,2,0,229
General,Tops,Blouses,5,1,821
Initmates,Intimate,Legwear,3,1,229
Initmates,Intimate,Legwear,1,0,229
General,Tops,Sweaters,4,1,944
General,Tops,Blouses,2,0,821
General,Bottoms,Jeans,5,1,1028
General,Tops,Sweaters,5,1,944
Initmates,Intimate,Layering,5,1,130
General,Tops,Sweaters,5,1,944
General,Tops,Sweaters,3,0,949
General,Tops,Sweaters,5,1,949
General,Tops,Blouses,5,1,821
General,Tops,Blouses,3,0,836
General Petite,Dresses,Dresses,3,1,1089
General,Bottoms,Jeans,4,1,1037
General,Dresses,Dresses,5,1,1111
Initmates,Intimate,Legwear,3,1,229
General,Tops,Blouses,4,1,821
General,Bottoms,Pants,4,1,1068
General,Bottoms,Pants,5,1,1068
General,Bottoms,Skirts,1,0,1021
General,Tops,Blouses,5,1,821
General,Bottoms,Jeans,5,1,1037
General,Bottoms,Jeans,1,0,1037
Initmates,Intimate,Legwear,3,0,229
General,Bottoms,Jeans,5,1,1037
Initmates,Intimate,Legwear,3,1,229
Initmates,Intimate,Sleep,5,1,226
Initmates,Intimate,Legwear,3,0,229
General,Bottoms,Pants,4,0,1068
General,Bottoms,Pants,5,1,1068
General,Bottoms,Jeans,1,0,1037
General,Bottoms,Skirts,5,1,1021
General,Tops,Blouses,5,1,831
General,Tops,Blouses,5,1,831
General,Bottoms,Pants,4,1,1068
Initmates,Intimate,Sleep,1,0,226
General,Bottoms,Pants,5,1,1068
General,Bottoms,Jeans,4,1,1037
Initmates,Intimate,Legwear,1,0,229
Initmates,Intimate,Legwear,1,0,229
General,Tops,Sweaters,3,0,949
Initmates,Intimate,Legwear,3,0,229
General,Bottoms,Pants,5,1,1068
General,Tops,Sweaters,5,1,949
Initmates,Intimate,Sleep,2,0,226
General Petite,Tops,Blouses,2,0,829
General Petite,Tops,Fine gauge,5,1,907
General,Bottoms,Shorts,5,1,447
Initmates,Intimate,Legwear,4,1,223
General Petite,Tops,Blouses,2,0,829
General Petite,Tops,Blouses,4,1,829
General Petite,Tops,Fine gauge,4,1,907
Initmates,Intimate,Legwear,5,1,223
General,Tops,Blouses,4,1,828
General Petite,Tops,Blouses,5,1,817
General Petite,Tops,Fine gauge,5,1,907
General Petite,Tops,Fine gauge,3,0,907
General Petite,Tops,Blouses,1,0,829
General Petite,Tops,Fine gauge,5,1,907
General,Tops,Blouses,5,1,828
General Petite,Tops,Blouses,3,1,829
General Petite,Tops,Blouses,4,1,829
General Petite,Tops,Fine gauge,5,1,907
General Petite,Tops,Blouses,1,0,817
General Petite,Tops,Blouses,2,0,817
General Petite,Tops,Fine gauge,5,1,907
General Petite,Tops,Blouses,5,1,829
General Petite,Tops,Blouses,5,1,829
General Petite,Tops,Blouses,1,0,817
General Petite,Tops,Fine gauge,5,1,907
General Petite,Tops,Blouses,4,1,829
General,Bottoms,Pants,5,1,1205
General Petite,Tops,Blouses,3,0,817
General Petite,Tops,Blouses,5,1,829
General Petite,Tops,Fine gauge,5,1,907
General,Dresses,Dresses,5,1,1103
General,Tops,Blouses,5,1,835
General Petite,Tops,Fine gauge,5,1,907
General,Tops,Blouses,4,1,828
General,Tops,Blouses,3,0,829
General,Tops,Blouses,1,0,835
General,Tops,Fine gauge,3,1,912
General,Tops,Fine gauge,5,1,912
General,Bottoms,Pants,5,1,1205
General Petite,Tops,Blouses,3,0,817
General Petite,Tops,Blouses,5,1,819
General Petite,Tops,Fine gauge,3,0,907
General Petite,Tops,Fine gauge,5,1,907
General Petite,Tops,Fine gauge,4,1,907
General Petite,Tops,Fine gauge,4,1,907
General,Tops,Blouses,2,1,829
General Petite,Tops,Fine gauge,5,1,907
General,Tops,Blouses,3,0,829
General,Bottoms,Shorts,5,1,447
General,Tops,Blouses,3,1,829
General,Dresses,Dresses,4,1,1094
General,Dresses,Dresses,5,1,1094
General,Dresses,Dresses,5,1,1094
General,Dresses,Dresses,5,1,1094
General,Dresses,Dresses,5,1,1094
General,Dresses,Dresses,5,1,1094
General,Dresses,Dresses,3,1,1094
General,Dresses,Dresses,1,0,1094
General,Dresses,Dresses,5,1,1094
General,Dresses,Dresses,5,1,1094
General,Dresses,Dresses,5,1,1094
General,Dresses,Dresses,5,1,1094
General,Dresses,Dresses,5,1,1094
General,Dresses,Dresses,4,1,1094
General,Bottoms,Shorts,5,1,446
General,Dresses,Dresses,5,1,1094
General,Bottoms,Shorts,4,1,446
General,Tops,Blouses,5,1,829
General,Dresses,Dresses,3,0,1104
General,Tops,Knits,5,1,864
General,Jackets,Jackets,3,1,974
General,Jackets,Outerwear,5,1,1117
General,Tops,Blouses,4,1,850
General,Jackets,Jackets,5,1,974
General,Dresses,Dresses,3,0,1072
General,Tops,Knits,5,1,864
General,Tops,Blouses,5,1,850
General,Dresses,Dresses,5,1,1072
General,Tops,Knits,4,1,864
Initmates,Intimate,Swim,4,1,524
General,Tops,Blouses,5,1,836
General,Tops,Knits,3,0,864
Initmates,Intimate,Swim,4,1,524
General,Tops,Blouses,4,1,850
Initmates,Intimate,Sleep,4,1,97
General,Jackets,Jackets,5,1,974
General,Tops,Blouses,5,1,836
General,Tops,Blouses,4,1,850
General,Tops,Knits,3,0,864
General Petite,Dresses,Dresses,1,0,1077
General,Tops,Knits,4,1,864
General,Tops,Blouses,5,1,850
General,Tops,Blouses,5,1,836
General,Tops,Knits,5,1,864
General,Tops,Knits,4,1,864
General,Bottoms,Jeans,5,1,1028
General,Dresses,Dresses,2,1,1072
General,Jackets,Outerwear,5,1,1117
General,Dresses,Dresses,5,1,1104
General,Tops,Knits,5,1,864
General,Tops,Knits,5,1,864
General,Tops,Blouses,4,1,829
General,Tops,Blouses,5,1,850
General Petite,Dresses,Dresses,2,0,1077
General,Tops,Blouses,1,0,831
General,Tops,Knits,3,0,864
General Petite,Dresses,Dresses,5,1,1077
General,Bottoms,Pants,5,1,1070
General,Jackets,Jackets,4,1,974
General,Tops,Knits,3,1,864
General,Tops,Blouses,5,1,850
General,Tops,Blouses,5,1,829
General Petite,Dresses,Dresses,5,1,1077
General,Dresses,Dresses,5,1,1072
General Petite,Dresses,Dresses,3,1,1077
General,Dresses,Dresses,5,1,1072
General,Tops,Blouses,5,1,850
General,Tops,Knits,5,1,864
General,Tops,Blouses,5,1,850
General,Dresses,Dresses,5,1,1072
General,Tops,Blouses,4,1,836
General Petite,Dresses,Dresses,5,1,1077
General,Bottoms,Pants,5,1,1070
General,Tops,Knits,4,1,864
General,Tops,Knits,5,1,864
General,Dresses,Dresses,5,1,1072
General,Tops,Blouses,5,1,829
General,Tops,Blouses,4,1,850
General Petite,Dresses,Dresses,4,1,1077
General,Jackets,Jackets,5,1,974
General,Jackets,Outerwear,5,1,1117
General,Tops,Knits,5,1,864
General,Tops,Knits,4,1,864
General,Tops,Knits,3,0,864
General,Dresses,Dresses,5,1,1072
General,Tops,Blouses,1,0,831
General,Bottoms,Pants,3,0,1070
General,Jackets,Jackets,4,1,959
General,Dresses,Dresses,4,1,1104
General,Jackets,Jackets,5,1,974
General,Tops,Blouses,1,0,831
General,Tops,Blouses,5,1,850
General,Tops,Blouses,5,1,850
General,Dresses,Dresses,3,0,1104
General,Dresses,Dresses,2,0,1104
General,Tops,Blouses,4,1,850
General,Tops,Knits,3,1,864
General,Tops,Blouses,4,1,829
General,Tops,Knits,4,1,864
General,Bottoms,Jeans,5,1,1028
General,Tops,Knits,4,1,864
General,Tops,Blouses,4,1,850
General,Tops,Blouses,5,1,850
General,Dresses,Dresses,5,1,1072
General,Tops,Blouses,5,1,836
General,Tops,Blouses,5,1,850
General,Tops,Knits,5,1,864
General,Dresses,Dresses,5,1,1072
General,Tops,Blouses,5,1,850
General,Tops,Knits,4,0,868
General Petite,Bottoms,Pants,3,1,1059
General,Tops,Blouses,3,1,825
Initmates,Intimate,Lounge,2,0,653
General,Dresses,Dresses,5,1,1095
Initmates,Intimate,Lounge,3,0,623
General,Tops,Blouses,5,1,825
General,Bottoms,Pants,4,1,1042
General,Tops,Knits,3,0,861
Initmates,Intimate,Lounge,5,1,623
General,Tops,Blouses,5,1,825
General,Tops,Knits,1,0,861
General Petite,Tops,Knits,5,1,866
General Petite,Bottoms,Pants,5,1,1059
General,Tops,Blouses,5,1,825
General Petite,Tops,Knits,5,1,872
General,Tops,Fine gauge,4,1,890
General,Tops,Knits,3,0,861
General Petite,Bottoms,Pants,5,1,1059
General,Tops,Knits,5,1,868
General Petite,Tops,Knits,4,1,872
General,Tops,Knits,5,1,861
Initmates,Intimate,Lounge,5,1,623
Initmates,Intimate,Lounge,4,1,623
General,Dresses,Dresses,2,0,1095
General Petite,Bottoms,Pants,5,1,1059
General,Dresses,Dresses,5,1,1095
General,Tops,Blouses,5,1,825
General,Tops,Blouses,5,1,825
General,Tops,Knits,2,0,868
General,Tops,Blouses,5,1,825
General,Tops,Blouses,5,1,836
General,Tops,Knits,4,1,861
General,Dresses,Dresses,4,1,1095
General,Dresses,Dresses,3,0,1095
General,Bottoms,Pants,5,1,1042
General,Tops,Fine gauge,5,1,890
General,Tops,Blouses,5,1,825
General,Tops,Knits,5,1,868
General,Tops,Blouses,4,1,825
General,Bottoms,Pants,5,1,1042
Initmates,Intimate,Swim,2,0,236
Initmates,Intimate,Lounge,4,1,623
General,Tops,Blouses,5,1,825
General,Bottoms,Pants,4,1,1059
General,Tops,Knits,3,0,868
General,Tops,Blouses,5,1,825
General,Tops,Knits,3,1,861
General Petite,Bottoms,Pants,3,0,1047
General,Bottoms,Pants,5,1,1059
General,Bottoms,Pants,5,1,1059
General,Tops,Sweaters,3,0,950
General,Bottoms,Pants,4,1,1059
General Petite,Bottoms,Pants,4,1,1047
General,Bottoms,Jeans,5,1,1022
General,Bottoms,Jeans,4,1,1022
General,Bottoms,Pants,5,1,1059
General,Bottoms,Jeans,5,1,1022
General,Tops,Knits,4,1,862
Initmates,Intimate,Swim,5,1,293
General,Tops,Knits,3,0,862
General,Bottoms,Pants,5,1,1059
General,Bottoms,Pants,1,0,1059
Initmates,Intimate,Swim,5,1,293
General Petite,Bottoms,Pants,5,1,1047
General Petite,Bottoms,Pants,1,0,1047
General Petite,Tops,Knits,5,1,862
General Petite,Tops,Knits,5,1,862
General,Bottoms,Jeans,5,1,1022
General,Bottoms,Jeans,5,1,1022
General,Bottoms,Pants,2,0,1059
General,Bottoms,Jeans,5,1,1022
General Petite,Tops,Knits,5,1,862
General,Bottoms,Jeans,3,0,1022
General Petite,Bottoms,Pants,3,1,1047
General,Bottoms,Jeans,3,0,1022
General Petite,Bottoms,Pants,2,0,1047
General,Bottoms,Pants,3,0,1059
General Petite,Tops,Knits,5,1,862
General,Bottoms,Pants,2,0,1059
General,Bottoms,Pants,3,0,1059
General,Trend,Trend,5,1,551
General,Bottoms,Pants,3,0,1059
General,Bottoms,Pants,5,1,1059
General,Bottoms,Pants,2,0,1059
General Petite,Bottoms,Pants,5,1,1047
General,Bottoms,Jeans,5,1,1022
General Petite,Tops,Knits,2,0,862
General,Bottoms,Pants,4,1,1059
General,Bottoms,Pants,5,1,1059
General,Bottoms,Pants,3,0,1059
General,Bottoms,Pants,1,0,1060
General Petite,Tops,Knits,5,1,862
General,Trend,Trend,5,1,551
General,Bottoms,Jeans,4,1,1022
General Petite,Tops,Knits,5,1,862
General,Bottoms,Jeans,5,1,1022
Initmates,Intimate,Swim,5,1,293
General Petite,Bottoms,Pants,4,1,1047
General,Bottoms,Pants,3,0,1059
General,Bottoms,Pants,5,1,1059
General,Bottoms,Pants,3,0,1059
General Petite,Tops,Blouses,4,1,820
General,Tops,Fine gauge,2,0,912
General,Bottoms,Pants,5,1,1042
General,Tops,Sweaters,5,1,927
General,Tops,Knits,4,1,869
General Petite,Tops,Knits,5,1,860
General,Bottoms,Pants,5,1,1068
General Petite,Tops,Knits,5,1,860
General Petite,Bottoms,Pants,5,1,1049
General,Tops,Knits,5,1,869
General,Bottoms,Pants,5,1,1068
General,Bottoms,Pants,3,0,1068
General Petite,Tops,Knits,2,0,860
General,Tops,Fine gauge,5,1,912
General,Tops,Sweaters,3,1,927
Initmates,Intimate,Lounge,4,1,696
General,Tops,Knits,5,1,863
General,Tops,Knits,5,1,869
General,Tops,Knits,4,1,863
General,Bottoms,Pants,5,1,1068
General,Bottoms,Pants,5,1,1042
General,Tops,Fine gauge,5,1,912
General,Tops,Fine gauge,5,1,912
General,Tops,Fine gauge,5,1,912
General,Bottoms,Pants,5,1,1042
General,Tops,Knits,4,1,869
General,Bottoms,Pants,5,1,1068
General,Bottoms,Pants,5,1,1068
General,Bottoms,Pants,5,1,1068
General Petite,Tops,Knits,4,1,860
General,Tops,Blouses,5,1,820
General,Tops,Fine gauge,5,1,912
General,Tops,Knits,5,1,869
General,Bottoms,Pants,4,1,1068
General,Tops,Knits,5,1,863
General,Bottoms,Pants,5,1,1068
General,Tops,Knits,5,1,869
General Petite,Tops,Blouses,5,1,820
General,Tops,Fine gauge,3,0,912
General,Dresses,Dresses,5,1,1081
General,Bottoms,Pants,5,1,1042
General Petite,Tops,Knits,4,1,860
General,Tops,Blouses,4,1,832
General Petite,Tops,Blouses,5,1,820
General Petite,Tops,Knits,5,1,860
General,Tops,Knits,4,1,863
General Petite,Bottoms,Pants,3,1,1049
General,Tops,Knits,5,1,869
General Petite,Bottoms,Pants,5,1,1068
General,Tops,Knits,2,0,863
General,Tops,Knits,5,1,863
General Petite,Tops,Knits,4,1,860
General,Tops,Knits,4,1,869
General,Bottoms,Pants,5,1,1068
General,Tops,Knits,5,1,869
General Petite,Tops,Knits,5,1,860
General Petite,Tops,Blouses,5,1,820
General,Bottoms,Pants,5,1,1042
General Petite,Tops,Sweaters,5,1,927
General Petite,Tops,Blouses,1,0,820
Initmates,Intimate,Lounge,5,1,696
General Petite,Tops,Knits,5,1,860
General Petite,Tops,Blouses,5,1,820
General,Bottoms,Pants,5,1,1068
General,Tops,Blouses,4,1,832
General Petite,Tops,Blouses,3,0,820
General,Tops,Knits,3,0,869
General,Bottoms,Pants,5,1,1068
General Petite,Tops,Knits,5,1,860
General,Bottoms,Pants,2,0,1042
General,Tops,Knits,5,1,869
General,Tops,Blouses,4,1,832
General,Bottoms,Pants,5,1,1042
General,Tops,Knits,2,0,869
General,Bottoms,Pants,5,1,1042
General,Bottoms,Pants,4,1,1042
General Petite,Dresses,Dresses,5,1,1075
General Petite,Tops,Blouses,2,0,820
General Petite,Tops,Knits,3,0,860
General,Bottoms,Pants,4,1,1068
General,Tops,Knits,1,0,863
General,Tops,Sweaters,4,1,938
General,Tops,Knits,5,1,869
General,Tops,Knits,5,1,869
General Petite,Tops,Blouses,5,1,820
General,Jackets,Jackets,3,0,964
General,Tops,Blouses,1,0,836
General,Bottoms,Jeans,5,1,1030
General Petite,Tops,Sweaters,2,0,941
General,Jackets,Jackets,2,0,964
General,Bottoms,Jeans,2,0,1030
General Petite,Tops,Sweaters,4,1,941
General,Tops,Knits,4,1,862
General Petite,Tops,Blouses,4,1,833
General,Tops,Blouses,1,0,836
General Petite,Tops,Sweaters,5,1,941
Initmates,Intimate,Lounge,5,1,276
General,Jackets,Outerwear,1,0,1119
General Petite,Tops,Sweaters,2,0,936
General,Tops,Blouses,2,0,836
General,Tops,Knits,3,0,862
Initmates,Intimate,Swim,3,0,389
General,Dresses,Dresses,5,1,1077
General,Tops,Knits,5,1,862
General,Dresses,Dresses,3,0,1077
Initmates,Intimate,Sleep,3,0,320
Initmates,Intimate,Swim,2,0,389
Initmates,Intimate,Sleep,4,1,320
General,Tops,Sweaters,5,1,937
General Petite,Tops,Sweaters,5,1,941
General Petite,Tops,Sweaters,2,0,941
General,Tops,Blouses,1,0,836
General Petite,Dresses,Dresses,5,1,1083
General,Jackets,Outerwear,5,1,1113
General,Bottoms,Skirts,3,0,1008
General,Bottoms,Skirts,5,1,1008
General,Dresses,Dresses,4,1,1081
General,Dresses,Dresses,5,1,1081
General,Tops,Knits,2,0,868
General,Dresses,Dresses,5,1,1086
General Petite,Dresses,Dresses,5,1,1075
General,Tops,Blouses,4,1,831
General,Dresses,Dresses,5,1,1081
General,Dresses,Dresses,5,1,1081
General,Tops,Fine gauge,5,1,895
General,Jackets,Jackets,5,1,974
General,Jackets,Jackets,5,1,974
General,Dresses,Dresses,5,1,1086
General Petite,Dresses,Dresses,3,1,1083
General,Dresses,Dresses,3,0,1081
General,Jackets,Jackets,4,1,974
General,Dresses,Dresses,5,1,1081
General,Tops,Fine gauge,5,1,903
General,Tops,Fine gauge,5,1,903
General Petite,Dresses,Dresses,5,1,1083
General Petite,Tops,Blouses,4,1,829
General Petite,Dresses,Dresses,3,0,1081
General Petite,Dresses,Dresses,5,1,1081
General Petite,Bottoms,Skirts,3,0,1008
General Petite,Dresses,Dresses,5,1,1081
General Petite,Dresses,Dresses,3,1,1081
General Petite,Dresses,Dresses,1,0,1081
General Petite,Dresses,Dresses,3,0,1081
General,Bottoms,Shorts,4,1,450
General,Tops,Fine gauge,5,1,903
General,Dresses,Dresses,1,0,1072
General Petite,Bottoms,Skirts,5,1,1008
General,Dresses,Dresses,4,1,1086
General Petite,Dresses,Dresses,4,1,1081
General Petite,Bottoms,Skirts,4,1,1008
General Petite,Dresses,Dresses,4,1,1081
General Petite,Dresses,Dresses,5,1,1083
General Petite,Dresses,Dresses,3,0,1075
General,Jackets,Jackets,4,1,974
General,Jackets,Jackets,3,1,974
General Petite,Dresses,Dresses,5,1,1081
General Petite,Dresses,Dresses,5,1,1081
General Petite,Dresses,Dresses,3,1,1083
General,Tops,Knits,5,1,868
General,Bottoms,Shorts,1,0,450
General Petite,Dresses,Dresses,4,1,1083
General,Jackets,Jackets,5,1,974
General Petite,Dresses,Dresses,1,0,1081
General Petite,Dresses,Dresses,4,1,1081
General,Tops,Fine gauge,5,1,903
General Petite,Dresses,Dresses,5,1,1081
General Petite,Dresses,Dresses,5,1,1081
General Petite,Dresses,Dresses,5,1,1083
General Petite,Dresses,Dresses,4,1,1085
General,Tops,Knits,5,1,868
General Petite,Dresses,Dresses,5,1,1081
General,Dresses,Dresses,5,1,1086
General,Dresses,Dresses,3,1,1086
General Petite,Dresses,Dresses,5,1,1081
General Petite,Bottoms,Skirts,1,0,1008
General,Jackets,Outerwear,4,1,1119
General Petite,Dresses,Dresses,4,1,1081
General Petite,Dresses,Dresses,4,1,1081
General Petite,Dresses,Dresses,3,0,1081
General,Dresses,Dresses,5,1,1086
General Petite,Dresses,Dresses,5,1,1081
General,Tops,Blouses,3,0,831
General Petite,Dresses,Dresses,4,1,1081
General,Tops,Fine gauge,5,1,903
General,Jackets,Jackets,3,0,974
General,Dresses,Dresses,5,1,1110
General,Dresses,Dresses,5,1,1103
General,Tops,Fine gauge,5,1,901
General,Dresses,Dresses,5,1,1110
General,Dresses,Dresses,4,1,1110
General,Tops,Blouses,3,0,824
General,Bottoms,Jeans,5,1,1027
General,Tops,Fine gauge,5,1,901
General,Jackets,Jackets,5,1,986
General Petite,Dresses,Dresses,5,1,29
General,Dresses,Dresses,3,0,1110
General,Bottoms,Jeans,4,1,1030
General,Dresses,Dresses,5,1,1110
General,Dresses,Dresses,4,1,1110
Initmates,Intimate,Swim,5,1,515
General,Dresses,Dresses,5,1,1110
General,Tops,Fine gauge,5,1,901
General,Dresses,Dresses,2,0,1110
General,Dresses,Dresses,4,1,1103
General,Tops,Blouses,2,0,824
General,Dresses,Dresses,3,0,1110
General,Dresses,Dresses,4,0,1110
General,Bottoms,Jeans,5,1,1030
General,Bottoms,Jeans,2,0,1030
General,Dresses,Dresses,2,0,1110
General,Dresses,Dresses,3,1,1103
General,Bottoms,Jeans,4,1,1030
General,Dresses,Dresses,5,1,1110
General,Tops,Fine gauge,5,1,901
General,Dresses,Dresses,4,1,1110
General,Tops,Fine gauge,5,1,901
General,Tops,Fine gauge,4,1,901
General Petite,Tops,Blouses,1,0,824
General,Dresses,Dresses,4,1,1110
General,Tops,Fine gauge,5,1,901
General Petite,Tops,Blouses,5,1,824
General,Dresses,Dresses,4,1,1110
General,Dresses,Dresses,3,1,1110
General,Dresses,Dresses,3,0,1110
General,Dresses,Dresses,3,0,1110
General Petite,Tops,Knits,5,1,860
General,Dresses,Dresses,5,1,1110
General Petite,Tops,Blouses,5,1,824
General,Dresses,Dresses,3,1,1110
General,Dresses,Dresses,5,1,1110
General,Tops,Fine gauge,5,1,901
General,Tops,Fine gauge,4,1,901
General,Dresses,Dresses,2,0,1110
General,Dresses,Dresses,5,1,1110
General,Dresses,Dresses,4,1,1110
General Petite,Tops,Blouses,5,1,824
General,Dresses,Dresses,3,1,1086
General,Tops,Fine gauge,2,0,889
General Petite,Bottoms,Pants,5,1,1047
General,Tops,Knits,5,1,854
General Petite,Bottoms,Pants,5,1,1047
Initmates,Intimate,Lounge,5,1,616
Initmates,Intimate,Lounge,3,1,616
General Petite,Bottoms,Pants,5,1,1047
Initmates,Intimate,Lounge,5,1,616
General,Jackets,Jackets,4,1,966
Initmates,Intimate,Lounge,5,1,616
General Petite,Bottoms,Pants,5,1,1047
General,Bottoms,Pants,4,1,1191
General,Jackets,Jackets,5,1,966
Initmates,Intimate,Lounge,3,0,616
General,Jackets,Jackets,2,0,966
General,Bottoms,Skirts,3,1,1021
General,Tops,Knits,5,1,862
General,Tops,Knits,5,1,862
General Petite,Tops,Blouses,3,0,840
General,Tops,Knits,5,1,862
General,Tops,Knits,3,1,862
General,Tops,Knits,5,1,862
General,Tops,Knits,5,1,862
General,Dresses,Dresses,5,1,1080
General,Tops,Knits,5,1,862
General,Tops,Knits,5,1,862
General,Tops,Knits,3,0,862
General,Tops,Blouses,2,0,840
General,Dresses,Dresses,5,1,1080
General,Tops,Fine gauge,5,1,918
General,Tops,Fine gauge,5,1,918
Initmates,Intimate,Intimates,5,1,92
General,Dresses,Dresses,5,1,1080
General,Jackets,Outerwear,5,1,1131
General,Dresses,Dresses,4,1,1080
General Petite,Tops,Knits,5,1,862
General,Tops,Fine gauge,5,1,918
General,Tops,Blouses,4,1,840
General Petite,Tops,Knits,2,0,862
General Petite,Tops,Knits,5,1,862
General Petite,Tops,Blouses,4,1,1179
General,Tops,Blouses,5,1,840
General,Tops,Blouses,5,1,840
General,Tops,Fine gauge,5,1,918
General,Tops,Knits,4,1,862
General,Tops,Sweaters,2,0,932
General,Tops,Fine gauge,5,1,918
Initmates,Intimate,Intimates,5,1,714
General Petite,Trend,Trend,2,1,1146
General,Tops,Knits,5,1,862
General,Tops,Fine gauge,5,1,918
General,Dresses,Dresses,5,1,1080
General,Tops,Knits,5,1,862
General,Jackets,Outerwear,4,1,1131
General,Tops,Knits,4,1,862
General,Tops,Fine gauge,4,1,918
General,Tops,Fine gauge,3,0,918
General Petite,Tops,Knits,4,1,862
General,Tops,Blouses,5,1,840
Initmates,Intimate,Intimates,5,1,58
General Petite,Tops,Knits,5,1,862
General,Tops,Blouses,5,1,840
General Petite,Tops,Knits,5,1,862
General Petite,Jackets,Jackets,2,0,978
General Petite,Tops,Knits,3,1,862
General,Tops,Blouses,4,1,840
General,Tops,Blouses,5,1,841
General Petite,Dresses,Dresses,5,1,1080
General Petite,Dresses,Dresses,5,1,1080
General,Tops,Blouses,1,0,840
General Petite,Dresses,Dresses,5,1,1080
General Petite,Tops,Knits,5,1,862
General Petite,Dresses,Dresses,4,1,1080
General Petite,Tops,Knits,5,1,862
General,Tops,Blouses,3,1,840
General Petite,Tops,Knits,5,1,862
General,Tops,Fine gauge,5,1,918
General Petite,Tops,Knits,3,0,862
General,Tops,Fine gauge,5,1,918
General,Tops,Fine gauge,2,0,918
Initmates,Intimate,Sleep,5,1,66
General,Jackets,Outerwear,5,1,1114
Initmates,Intimate,Swim,5,1,240
Initmates,Intimate,Sleep,4,1,66
General,Dresses,Dresses,5,1,1092
General,Dresses,Dresses,4,1,1095
General,Dresses,Dresses,5,1,1092
General,Dresses,Dresses,3,0,1095
General,Jackets,Outerwear,4,1,1114
General,Tops,Blouses,4,1,836
Initmates,Intimate,Swim,4,1,240
General,Tops,Blouses,5,1,836
General,Dresses,Dresses,2,0,1095
General,Dresses,Dresses,4,1,1092
General,Tops,Fine gauge,4,1,895
General,Dresses,Dresses,5,1,1095
General,Dresses,Dresses,5,1,1092
General,Dresses,Dresses,4,1,1095
General,Dresses,Dresses,5,1,1095
General,Dresses,Dresses,5,1,1095
Initmates,Intimate,Swim,4,1,240
General,Dresses,Dresses,3,0,1095
Initmates,Intimate,Swim,4,0,240
Initmates,Intimate,Swim,5,1,240
General,Dresses,Dresses,5,1,1095
General,Dresses,Dresses,4,1,1092
General,Dresses,Dresses,3,0,1092
Initmates,Intimate,Swim,5,1,240
General,Dresses,Dresses,1,0,1094
General,Dresses,Dresses,5,1,1092
General,Dresses,Dresses,4,1,1094
Initmates,Intimate,Swim,5,1,240
General,Dresses,Dresses,5,1,1092
Initmates,Intimate,Swim,5,1,240
General,Bottoms,Skirts,5,1,1009
General Petite,Tops,Knits,5,1,872
General Petite,Dresses,Dresses,5,1,1077
General Petite,Dresses,Dresses,4,1,1077
General Petite,Dresses,Dresses,5,1,1077
General,Bottoms,Skirts,4,1,1006
General Petite,Dresses,Dresses,5,1,1077
General,Dresses,Dresses,5,1,1110
General Petite,Dresses,Dresses,5,1,1077
General Petite,Dresses,Dresses,5,1,1077
General,Dresses,Dresses,5,1,1110
General,Tops,Blouses,4,1,819
General Petite,Dresses,Dresses,5,1,1077
General,Bottoms,Pants,4,1,1060
General Petite,Dresses,Dresses,5,1,1077
General Petite,Dresses,Dresses,5,1,1077
General,Bottoms,Pants,5,1,1060
General,Tops,Blouses,3,1,819
General,Bottoms,Pants,5,1,1060
General,Bottoms,Pants,3,1,1060
General,Bottoms,Pants,4,1,1060
General,Tops,Blouses,5,1,839
General,Tops,Knits,5,1,872
General Petite,Dresses,Dresses,5,1,1077
General,Tops,Knits,5,1,872
General,Tops,Knits,4,1,872
General Petite,Dresses,Dresses,4,0,1077
General,Tops,Knits,4,1,872
General,Dresses,Dresses,5,1,1110
General,Bottoms,Pants,5,1,1060
General,Dresses,Dresses,5,1,1110
General,Dresses,Dresses,2,0,1110
General,Dresses,Dresses,5,1,1110
General,Dresses,Dresses,5,1,1110
General,Tops,Knits,5,1,872
General Petite,Dresses,Dresses,3,0,1077
General,Dresses,Dresses,5,1,1110
General,Tops,Knits,4,1,872
General,Dresses,Dresses,5,1,1110
General,Tops,Knits,4,1,878
General Petite,Dresses,Dresses,5,1,1077
General,Dresses,Dresses,4,1,1110
General,Tops,Blouses,5,1,819
General,Bottoms,Pants,5,1,1060
General,Bottoms,Pants,5,1,1060
Initmates,Intimate,Swim,4,1,679
General Petite,Dresses,Dresses,5,1,1077
General,Tops,Knits,5,1,872
General Petite,Bottoms,Skirts,5,1,1009
General,Tops,Blouses,5,1,819
General,Dresses,Dresses,5,1,1110
General Petite,Bottoms,Skirts,5,1,1009
General,Dresses,Dresses,5,1,1110
General,Bottoms,Pants,5,1,1060
General Petite,Jackets,Jackets,1,0,971
General,Bottoms,Pants,3,1,1060
General,Tops,Blouses,4,1,819
General,Bottoms,Pants,3,0,1060
General,Bottoms,Pants,3,0,1060
General,Bottoms,Shorts,5,1,36
General,Tops,Blouses,2,0,819
General,Dresses,Dresses,5,1,1110
General Petite,Bottoms,Skirts,5,1,1009
General,Tops,Blouses,4,1,819
General Petite,Jackets,Jackets,5,1,971
General,Dresses,Dresses,2,0,1110
General,Dresses,Dresses,5,1,1110
General,Dresses,Dresses,5,1,1110
General,Bottoms,Pants,5,1,1060
General,Tops,Knits,5,1,872
General,Tops,Knits,3,1,872
General,Tops,Knits,5,1,861
Initmates,Intimate,Lounge,3,1,159
General,Tops,Knits,4,1,861
General,Bottoms,Jeans,5,1,1028
General Petite,Jackets,Jackets,4,1,975
General,Tops,Blouses,3,1,819
General Petite,Tops,Sweaters,5,1,936
General,Tops,Blouses,3,1,844
General,Tops,Knits,5,1,855
General,Tops,Knits,5,1,877
General,Tops,Blouses,3,0,844
General Petite,Tops,Knits,5,1,862
Initmates,Intimate,Lounge,4,1,278
General Petite,Tops,Knits,3,1,862
General Petite,Tops,Knits,4,1,862
General,Tops,Blouses,4,1,844
General,Tops,Knits,4,1,861
General,Tops,Knits,3,0,861
General Petite,Tops,Knits,5,1,862
Initmates,Intimate,Lounge,5,1,278
General Petite,Tops,Knits,5,1,862
General Petite,Tops,Sweaters,5,1,936
General,Tops,Knits,5,1,855
General Petite,Jackets,Jackets,5,1,975
General,Tops,Knits,2,0,861
General,Tops,Knits,5,1,861
General,Bottoms,Skirts,4,1,1003
General Petite,Tops,Sweaters,5,1,936
General,Tops,Knits,4,1,855
General,Tops,Knits,5,1,877
General,Tops,Knits,5,1,861
General Petite,Tops,Knits,5,1,862
General,Tops,Knits,2,0,855
General,Tops,Knits,5,1,861
General Petite,Tops,Sweaters,4,1,936
General,Tops,Knits,5,1,861
Initmates,Intimate,Lounge,5,1,278
General Petite,Tops,Knits,5,1,862
Initmates,Intimate,Lounge,4,1,278
General,Tops,Knits,4,1,855
Initmates,Intimate,Lounge,5,1,278
General Petite,Tops,Fine gauge,5,1,907
General,Tops,Knits,5,1,861
General Petite,Tops,Sweaters,5,1,936
General,Tops,Knits,3,1,861
General Petite,Tops,Knits,5,1,862
Initmates,Intimate,Lounge,5,1,278
General,Tops,Blouses,5,1,830
General Petite,Jackets,Jackets,5,1,975
General,Tops,Knits,5,1,855
Initmates,Intimate,Lounge,5,1,278
General Petite,Tops,Knits,3,0,862
General,Tops,Knits,4,1,861
General,Tops,Knits,4,1,877
General,Tops,Knits,4,1,861
General,Tops,Blouses,1,0,844
General,Tops,Blouses,5,1,830
General Petite,Tops,Knits,5,1,862
General,Tops,Blouses,4,1,830
Initmates,Intimate,Lounge,3,1,278
General,Tops,Knits,5,1,877
General Petite,Tops,Knits,5,1,862
General,Tops,Knits,5,1,877
General Petite,Tops,Knits,3,0,868
General,Bottoms,Jeans,5,1,1022
General,Tops,Knits,5,1,861
General,Tops,Blouses,4,1,844
Initmates,Intimate,Lounge,5,1,278
General,Tops,Knits,5,1,855
General,Tops,Knits,1,0,877
General Petite,Tops,Knits,3,0,862
General,Tops,Knits,4,1,861
Initmates,Intimate,Lounge,5,1,278
General Petite,Jackets,Jackets,5,1,975
General,Tops,Knits,3,0,877
General,Tops,Knits,5,1,855
General Petite,Dresses,Dresses,5,1,1110
General,Tops,Knits,5,1,855
General Petite,Tops,Sweaters,5,1,936
Initmates,Intimate,Lounge,5,1,278
General,Tops,Knits,5,1,861
Initmates,Intimate,Lounge,5,1,278
General Petite,Tops,Sweaters,5,1,936
General,Tops,Knits,4,1,855
General,Tops,Knits,5,1,862
General,Tops,Blouses,5,1,830
General,Tops,Knits,5,1,862
General,Bottoms,Skirts,3,1,1003
General,Tops,Sweaters,5,1,938
General,Tops,Knits,5,1,861
General,Tops,Knits,5,1,861
General,Tops,Knits,4,1,861
General,Tops,Knits,2,0,861
General,Tops,Blouses,5,1,850
General Petite,Intimate,Lounge,5,1,419
General,Bottoms,Skirts,5,1,1016
General Petite,Intimate,Lounge,5,1,419
General,Tops,Knits,5,1,861
General Petite,Dresses,Dresses,4,1,1104
General,Tops,Knits,5,1,861
General,Tops,Knits,1,0,861
General,Tops,Knits,2,0,861
General,Tops,Sweaters,5,1,938
General Petite,Dresses,Dresses,3,1,1104
General Petite,Dresses,Dresses,5,1,1104
General,Tops,Knits,2,0,861
General,Tops,Knits,5,1,861
General,Tops,Knits,5,1,861
Initmates,Intimate,Swim,5,1,286
General Petite,Dresses,Dresses,4,1,1104
General,Tops,Knits,2,0,861
General,Tops,Knits,4,1,861
General Petite,Tops,Sweaters,5,1,933
General,Tops,Knits,2,0,861
General Petite,Intimate,Lounge,5,1,419
General,Tops,Knits,1,0,861
General,Tops,Knits,5,1,861
General Petite,Tops,Sweaters,5,1,933
General,Tops,Knits,5,1,861
General Petite,Dresses,Dresses,2,0,1104
General,Tops,Knits,3,1,861
General Petite,Tops,Blouses,3,1,850
General,Tops,Knits,3,1,861
General Petite,Dresses,Dresses,5,1,1104
General,Dresses,Dresses,4,1,1103
General,Tops,Knits,3,1,861
General,Bottoms,Jeans,5,1,1025
General,Tops,Sweaters,5,1,938
General Petite,Intimate,Lounge,5,1,419
General,Tops,Sweaters,5,1,938
General Petite,Tops,Sweaters,5,1,933
General,Tops,Knits,3,0,861
General Petite,Tops,Sweaters,3,1,933
General Petite,Tops,Sweaters,4,1,933
General Petite,Tops,Sweaters,5,1,936
General Petite,Dresses,Dresses,5,1,1110
Initmates,Intimate,Intimates,5,1,43
General,Bottoms,Shorts,5,1,474
General Petite,Tops,Sweaters,5,1,936
General Petite,Tops,Sweaters,4,1,936
General Petite,Tops,Sweaters,4,1,936
Initmates,Intimate,Lounge,5,1,339
General Petite,Tops,Sweaters,5,1,936
General,Tops,Fine gauge,4,1,909
General Petite,Dresses,Dresses,4,1,1104
General Petite,Dresses,Dresses,4,1,1104
General,Tops,Fine gauge,5,1,909
General Petite,Tops,Sweaters,4,1,936
General Petite,Dresses,Dresses,5,1,1110
General Petite,Dresses,Dresses,5,1,1110
General Petite,Dresses,Dresses,1,0,1104
General Petite,Dresses,Dresses,5,1,1104
General Petite,Tops,Sweaters,5,1,936
General,Tops,Fine gauge,3,0,909
General Petite,Tops,Sweaters,5,1,936
General Petite,Tops,Sweaters,5,1,936
General Petite,Dresses,Dresses,4,1,1082
General,Tops,Fine gauge,4,1,909
General Petite,Dresses,Dresses,5,1,1110
General,Tops,Fine gauge,2,0,909
General Petite,Dresses,Dresses,5,1,1110
General,Bottoms,Jeans,5,1,1030
General,Tops,Fine gauge,5,1,909
General Petite,Tops,Sweaters,5,1,936
General Petite,Tops,Sweaters,5,1,936
General Petite,Dresses,Dresses,5,1,1110
General Petite,Tops,Sweaters,5,1,936
General Petite,Tops,Sweaters,3,1,936
General Petite,Tops,Sweaters,5,1,936
General,Jackets,Jackets,5,1,984
General Petite,Dresses,Dresses,2,0,1110
General Petite,Tops,Sweaters,5,1,936
General Petite,Tops,Sweaters,5,1,936
General,Dresses,Dresses,5,1,1110
General,Dresses,Dresses,5,1,1110
General,Dresses,Dresses,5,1,1110
General Petite,Tops,Sweaters,4,1,936
General,Tops,Fine gauge,5,1,909
General Petite,Tops,Sweaters,2,0,936
General,Dresses,Dresses,5,1,1110
General,Tops,Fine gauge,4,1,909
General,Dresses,Dresses,3,0,1110
General Petite,Dresses,Dresses,5,1,1111
General,Tops,Sweaters,3,0,927
General,Bottoms,Shorts,5,0,53
General Petite,Tops,Blouses,5,1,831
General Petite,Tops,Blouses,5,1,831
General Petite,Trend,Trend,3,0,1146
General,Tops,Knits,4,1,860
General Petite,Tops,Blouses,4,1,831
General,Bottoms,Jeans,2,0,1036
General Petite,Dresses,Dresses,5,1,1111
General Petite,Dresses,Dresses,5,1,1111
General Petite,Tops,Blouses,3,0,831
General,Bottoms,Skirts,5,1,996
General,Tops,Knits,5,1,873
Initmates,Intimate,Sleep,5,1,504
General,Bottoms,Pants,5,1,1056
General,Dresses,Dresses,4,1,1094
General,Bottoms,Pants,4,1,1056
General,Tops,Knits,5,1,873
General,Tops,Knits,3,1,873
General Petite,Bottoms,Pants,4,1,1059
General,Dresses,Dresses,5,1,1094
General,Dresses,Dresses,5,1,1094
General Petite,Bottoms,Skirts,5,1,996
General,Bottoms,Pants,5,1,1056
General Petite,Bottoms,Skirts,3,1,996
General Petite,Bottoms,Pants,5,1,1059
General Petite,Bottoms,Pants,4,1,1048
General,Bottoms,Pants,4,1,1056
General,Tops,Fine gauge,5,1,902
General,Tops,Fine gauge,4,1,895
General,Bottoms,Pants,5,1,1056
General,Dresses,Dresses,5,1,1089
General,Bottoms,Pants,5,1,1056
General Petite,Bottoms,Pants,4,1,1048
General,Bottoms,Pants,5,1,1056
General,Bottoms,Pants,4,1,1056
General Petite,Bottoms,Pants,5,1,1048
General Petite,Bottoms,Pants,5,1,1048
General,Tops,Knits,5,1,873
General,Bottoms,Skirts,4,1,998
General,Tops,Fine gauge,4,1,895
General,Bottoms,Pants,5,1,1056
General Petite,Bottoms,Pants,4,1,1059
General Petite,Bottoms,Skirts,5,1,996
General,Dresses,Dresses,4,1,1094
General,Tops,Knits,4,1,873
General,Tops,Blouses,5,1,822
Initmates,Intimate,Legwear,5,1,76
General Petite,Bottoms,Pants,5,1,1059
General,Tops,Fine gauge,4,1,898
General,Tops,Fine gauge,4,1,902
General,Bottoms,Pants,4,1,1056
General Petite,Bottoms,Pants,5,1,1048
General,Dresses,Dresses,5,1,1089
General,Tops,Fine gauge,3,0,902
General,Dresses,Dresses,5,1,1094
General,Dresses,Dresses,5,1,1094
General,Bottoms,Pants,5,1,1056
Initmates,Intimate,Sleep,5,1,504
General,Bottoms,Pants,4,1,1056
Initmates,Intimate,Sleep,5,1,504
General Petite,Tops,Knits,2,0,873
General Petite,Bottoms,Pants,4,1,1048
Initmates,Intimate,Sleep,5,1,504
General,Dresses,Dresses,4,1,1094
General Petite,Tops,Knits,5,1,873
General Petite,Tops,Blouses,1,0,836
General,Bottoms,Skirts,5,1,996
General Petite,Bottoms,Pants,5,1,1048
General,Dresses,Dresses,1,0,1094
General,Bottoms,Pants,4,1,1056
General,Dresses,Dresses,5,1,1094
General,Bottoms,Skirts,5,1,996
General,Bottoms,Pants,4,1,1056
Initmates,Intimate,Sleep,5,1,504
General Petite,Tops,Knits,5,1,873
General Petite,Tops,Knits,5,1,873
General,Tops,Fine gauge,4,1,895
General Petite,Tops,Knits,4,1,873
General,Dresses,Dresses,5,1,1089
General Petite,Tops,Knits,5,1,873
General Petite,Bottoms,Pants,4,1,1048
General,Bottoms,Pants,5,1,1056
General,Bottoms,Jeans,4,1,1022
General,Bottoms,Skirts,3,1,1008
General Petite,Dresses,Dresses,5,1,1095
Initmates,Intimate,Lounge,3,0,765
General,Tops,Knits,5,1,867
General,Tops,Knits,2,0,867
General,Tops,Knits,5,1,867
General,Bottoms,Skirts,5,1,1008
General,Tops,Knits,5,1,867
General,Tops,Knits,4,1,867
General Petite,Dresses,Dresses,5,1,1095
General Petite,Dresses,Dresses,5,1,1095
General,Tops,Knits,5,1,867
General Petite,Dresses,Dresses,4,1,1095
General Petite,Dresses,Dresses,4,1,1095
General,Jackets,Outerwear,4,1,19
General,Tops,Sweaters,4,1,932
General Petite,Dresses,Dresses,5,1,1095
General,Tops,Blouses,5,1,834
General,Bottoms,Jeans,5,1,1038
General,Tops,Blouses,3,1,834
General,Tops,Blouses,5,1,834
General,Bottoms,Jeans,5,1,1038
General,Bottoms,Jeans,5,1,1038
General,Tops,Blouses,5,1,834
General,Tops,Blouses,5,1,834
General,Tops,Blouses,4,1,834
General,Tops,Blouses,5,1,834
General,Tops,Knits,4,1,862
General,Tops,Blouses,5,1,834
General Petite,Dresses,Dresses,5,1,1079
General,Tops,Knits,5,1,862
General,Tops,Blouses,5,1,834
General,Tops,Knits,5,1,862
General,Tops,Blouses,5,1,834
General,Tops,Knits,3,1,862
General,Tops,Blouses,5,1,834
General,Tops,Knits,4,1,862
General,Tops,Knits,5,1,862
General,Tops,Blouses,5,1,834
General,Tops,Blouses,3,0,834
General,Bottoms,Jeans,5,1,1038
Initmates,Intimate,Intimates,4,1,84
General,Bottoms,Jeans,4,1,1038
General,Bottoms,Jeans,3,0,1038
General,Tops,Blouses,5,1,834
General,Tops,Blouses,5,1,834
General Petite,Dresses,Dresses,4,1,1079
General Petite,Tops,Fine gauge,5,1,895
General Petite,Bottoms,Skirts,4,1,994
General,Tops,Blouses,5,1,834
General,Bottoms,Jeans,5,1,1038
General,Tops,Blouses,5,1,834
General,Bottoms,Jeans,4,1,1038
General,Tops,Blouses,5,1,834
General,Tops,Blouses,3,1,834
General,Tops,Blouses,5,1,834
General,Bottoms,Pants,5,1,1064
General Petite,Bottoms,Skirts,5,1,1008
General,Tops,Knits,5,1,862
General,Bottoms,Jeans,5,1,1038
General,Tops,Blouses,5,1,834
General Petite,Bottoms,Skirts,4,1,1008
General Petite,Tops,Blouses,4,1,850
General Petite,Tops,Knits,5,1,872
General Petite,Tops,Fine gauge,5,1,895
General,Bottoms,Jeans,4,1,1030
General Petite,Tops,Blouses,2,0,850
General Petite,Tops,Fine gauge,5,1,895
General,Dresses,Dresses,2,0,1087
Initmates,Intimate,Swim,5,1,617
General,Bottoms,Jeans,5,1,1036
Initmates,Intimate,Swim,5,1,617
General Petite,Tops,Fine gauge,5,1,895
Initmates,Intimate,Swim,5,1,617
General,Bottoms,Jeans,5,1,1036
General Petite,Tops,Blouses,4,1,850
Initmates,Intimate,Swim,5,1,617
General,Dresses,Dresses,5,1,1089
Initmates,Intimate,Swim,3,0,391
Initmates,Intimate,Swim,3,1,391
Initmates,Intimate,Swim,5,1,391
General,Dresses,Dresses,5,1,1089
General,Bottoms,Skirts,4,1,1001
General,Dresses,Dresses,5,1,1089
General,Bottoms,Jeans,2,0,1028
Initmates,Intimate,Legwear,5,1,81
Initmates,Intimate,Lounge,5,1,650
Initmates,Intimate,Swim,2,0,391
Initmates,Intimate,Swim,5,1,391
Initmates,Intimate,Swim,5,1,391
Initmates,Intimate,Lounge,2,0,192
Initmates,Intimate,Lounge,5,1,650
General,Dresses,Dresses,5,1,1094
General,Dresses,Dresses,4,1,1094
General,Bottoms,Skirts,5,1,996
General,Dresses,Dresses,5,1,1094
General Petite,Dresses,Dresses,3,0,1079
General,Dresses,Dresses,5,1,1094
General,Dresses,Dresses,5,1,1094
General,Dresses,Dresses,5,1,1094
General,Bottoms,Skirts,5,1,996
General,Bottoms,Skirts,5,1,996
General,Dresses,Dresses,5,1,1094
General,Dresses,Dresses,5,1,1094
General,Dresses,Dresses,5,1,1094
General,Dresses,Dresses,5,1,1094
General,Dresses,Dresses,4,1,1094
General,Dresses,Dresses,4,1,1094
General,Bottoms,Skirts,3,0,996
General,Bottoms,Skirts,5,1,996
General,Bottoms,Jeans,5,1,1030
General,Dresses,Dresses,5,1,1094
General,Dresses,Dresses,5,1,1094
General,Bottoms,Jeans,5,1,1037
General,Dresses,Dresses,5,1,1094
Initmates,Intimate,Intimates,4,1,33
General Petite,Dresses,Dresses,5,1,1079
General,Dresses,Dresses,5,1,1094
General,Tops,Knits,3,1,868
General,Tops,Blouses,5,1,819
General,Dresses,Dresses,5,1,1094
General,Bottoms,Skirts,5,1,996
General,Tops,Sweaters,3,0,921
General,Dresses,Dresses,5,1,1094
General,Dresses,Dresses,4,1,1094
General,Bottoms,Skirts,5,1,996
General,Bottoms,Skirts,5,1,996
General,Tops,Blouses,3,0,835
Initmates,Intimate,Sleep,5,1,483
General,Dresses,Dresses,2,0,1076
Initmates,Intimate,Lounge,1,0,812
General,Dresses,Dresses,4,1,1099
General,Dresses,Dresses,4,1,1076
General,Tops,Blouses,3,1,815
General,Dresses,Dresses,4,1,1087
General,Dresses,Dresses,5,1,1076
General,Dresses,Dresses,3,0,1087
General,Dresses,Dresses,5,1,1099
General Petite,Dresses,Dresses,1,0,1106
General,Bottoms,Pants,2,0,1045
General,Tops,Blouses,4,1,835
General,Tops,Sweaters,5,1,954
General Petite,Tops,Knits,1,0,878
General,Bottoms,Shorts,4,1,350
General,Dresses,Dresses,5,1,1096
General,Dresses,Dresses,4,1,1096
General,Bottoms,Shorts,5,1,350
General,Dresses,Dresses,4,1,1096
General,Dresses,Dresses,5,1,1096
General,Dresses,Dresses,4,1,1096
Initmates,Intimate,Lounge,5,1,290
General,Bottoms,Skirts,4,1,1009
General,Bottoms,Skirts,4,1,1009
Initmates,Intimate,Lounge,4,1,290
General,Bottoms,Shorts,4,1,350
General,Dresses,Dresses,3,0,1096
Initmates,Intimate,Sleep,5,1,325
General,Bottoms,Shorts,2,0,350
General,Bottoms,Shorts,3,0,350
General,Bottoms,Skirts,5,1,1009
General Petite,Bottoms,Pants,5,1,1059
General,Bottoms,Shorts,3,0,607
General,Bottoms,Shorts,5,1,607
Initmates,Intimate,Lounge,5,1,290
General,Bottoms,Shorts,4,1,350
General,Bottoms,Shorts,3,0,607
Initmates,Intimate,Lounge,5,1,290
Initmates,Intimate,Lounge,5,1,290
Initmates,Intimate,Lounge,5,1,290
Initmates,Intimate,Lounge,5,1,290
Initmates,Intimate,Lounge,4,1,290
General,Tops,Blouses,5,1,825
General,Tops,Blouses,5,1,825
General,Bottoms,Shorts,1,0,350
General,Dresses,Dresses,2,0,1096
General,Dresses,Dresses,5,1,1096
General,Dresses,Dresses,3,0,1096
General,Bottoms,Skirts,5,1,1009
General,Bottoms,Skirts,1,0,1009
Initmates,Intimate,Lounge,5,1,290
General,Bottoms,Shorts,5,1,607
General Petite,Tops,Blouses,4,1,836
General Petite,Tops,Blouses,4,1,836
General,Dresses,Dresses,4,1,1089
General Petite,Bottoms,Skirts,1,0,1007
General,Tops,Knits,4,1,872
General Petite,Dresses,Dresses,4,1,1072
General,Dresses,Dresses,4,1,1094
General,Tops,Knits,4,1,862
General Petite,Dresses,Dresses,2,0,1072
General,Dresses,Dresses,5,1,1094
General,Tops,Knits,5,1,872
Initmates,Intimate,Intimates,4,1,361
General,Dresses,Dresses,2,0,1076
Initmates,Intimate,Sleep,5,1,231
General,Tops,Knits,3,1,862
General,Dresses,Dresses,5,1,1076
General,Dresses,Dresses,2,0,1089
General,Dresses,Dresses,4,1,1094
General,Dresses,Dresses,5,1,1094
General,Tops,Knits,4,1,862
General,Tops,Blouses,5,1,836
General Petite,Dresses,Dresses,2,0,1095
Initmates,Intimate,Sleep,5,1,231
Initmates,Intimate,Intimates,5,1,361
General Petite,Dresses,Dresses,5,1,1072
General,Dresses,Dresses,3,1,1089
General,Bottoms,Jeans,5,1,1022
General Petite,Dresses,Dresses,4,1,1106
General,Tops,Knits,3,1,860
General,Tops,Knits,4,1,860
Initmates,Intimate,Lounge,5,1,595
General,Tops,Knits,5,1,854
General,Dresses,Dresses,5,1,1081
General,Bottoms,Pants,4,1,1053
General,Tops,Knits,5,1,854
General,Dresses,Dresses,5,1,1094
General,Tops,Blouses,5,1,835
General,Jackets,Outerwear,4,1,1134
General,Tops,Knits,5,1,854
General,Bottoms,Pants,5,1,1053
General,Tops,Knits,2,0,860
General,Tops,Knits,5,1,854
General,Jackets,Outerwear,5,1,1134
General,Tops,Sweaters,5,1,940
General,Tops,Blouses,1,0,835
General,Tops,Knits,5,1,854
General,Tops,Knits,5,1,854
General,Bottoms,Jeans,2,0,1033
General,Tops,Knits,5,1,854
General Petite,Bottoms,Jeans,5,1,1025
General Petite,Dresses,Dresses,5,1,1106
General,Jackets,Outerwear,5,1,1134
General Petite,Dresses,Dresses,5,1,1106
General,Dresses,Dresses,5,1,1081
General,Dresses,Dresses,5,1,1081
General,Tops,Knits,4,1,854
General,Tops,Blouses,4,1,835
General,Tops,Knits,4,1,854
General,Dresses,Dresses,5,1,1081
General,Bottoms,Pants,4,1,1053
General,Dresses,Dresses,5,1,1081
General,Dresses,Dresses,4,1,1094
General,Tops,Blouses,2,0,835
Initmates,Intimate,Lounge,5,1,595
General,Bottoms,Pants,5,1,1053
General Petite,Dresses,Dresses,3,0,1090
General,Dresses,Dresses,3,0,1081
General,Tops,Knits,5,1,854
General,Tops,Blouses,5,1,835
General Petite,Dresses,Dresses,5,1,1106
General,Jackets,Outerwear,4,1,1134
General,Tops,Knits,5,1,854
Initmates,Intimate,Lounge,5,1,595
General,Bottoms,Jeans,5,1,1022
General,Tops,Knits,3,0,860
General,Bottoms,Pants,3,1,1053
General,Dresses,Dresses,5,1,1081
General,Tops,Knits,5,1,854
General,Dresses,Dresses,4,1,1081
General,Dresses,Dresses,5,1,1081
General,Tops,Blouses,5,1,835
General,Bottoms,Jeans,5,1,1022
General,Dresses,Dresses,3,1,1150
General,Jackets,Outerwear,4,0,1112
General Petite,Tops,Blouses,5,1,828
General Petite,Dresses,Dresses,3,1,1077
General,Dresses,Dresses,5,1,1150
General,Dresses,Dresses,3,1,1150
General,Tops,Blouses,1,0,830
General Petite,Dresses,Dresses,5,1,1077
General,Dresses,Dresses,4,1,1150
General,Dresses,Dresses,3,0,1150
General Petite,Dresses,Dresses,5,1,1077
General Petite,Tops,Blouses,3,0,819
General Petite,Dresses,Dresses,5,1,1077
General Petite,Jackets,Outerwear,5,1,1132
General Petite,Dresses,Dresses,4,1,1077
General,Tops,Blouses,2,0,830
General Petite,Dresses,Dresses,5,1,1092
General Petite,Dresses,Dresses,4,1,1092
General,Jackets,Outerwear,4,1,1112
General,Dresses,Dresses,4,1,1150
General,Dresses,Dresses,3,0,1150
General,Dresses,Dresses,4,1,1150
General,Dresses,Dresses,4,1,1150
General Petite,Dresses,Dresses,2,0,1077
General Petite,Dresses,Dresses,5,1,1092
General Petite,Dresses,Dresses,3,1,1077
General Petite,Dresses,Dresses,5,1,1077
General Petite,Dresses,Dresses,4,1,1077
General Petite,Dresses,Dresses,5,1,1092
General,Dresses,Dresses,5,1,1087
General,Dresses,Dresses,2,0,1150
General,Tops,Blouses,2,0,830
General Petite,Dresses,Dresses,1,0,1092
General Petite,Dresses,Dresses,3,1,1077
General,Dresses,Dresses,5,1,1150
General,Dresses,Dresses,3,1,1150
General,Tops,Blouses,2,0,830
General,Dresses,Dresses,3,0,1094
General Petite,Dresses,Dresses,4,1,1092
General,Dresses,Dresses,5,1,1150
General Petite,Dresses,Dresses,2,0,1079
General Petite,Tops,Blouses,2,0,819
General,Dresses,Dresses,5,1,1150
General,Dresses,Dresses,5,1,1150
General Petite,Dresses,Dresses,4,1,1077
General Petite,Tops,Blouses,5,1,819
General,Dresses,Dresses,5,1,1150
General Petite,Dresses,Dresses,1,0,1077
General Petite,Dresses,Dresses,3,1,1092
General,Dresses,Dresses,4,1,1077
General Petite,Jackets,Outerwear,5,1,1132
General,Dresses,Dresses,5,1,1077
General,Dresses,Dresses,4,0,1077
General,Dresses,Dresses,2,0,1150
General,Dresses,Dresses,5,1,1077
General,Dresses,Dresses,5,1,1150
General,Dresses,Dresses,5,1,1150
General Petite,Dresses,Dresses,4,1,1092
General Petite,Dresses,Dresses,4,1,1092
General,Dresses,Dresses,5,1,1150
General,Dresses,Dresses,4,1,1077
General,Jackets,Outerwear,3,0,1112
General,Dresses,Dresses,4,1,1150
General,Dresses,Dresses,5,1,1150
General Petite,Jackets,Outerwear,5,1,1132
General,Dresses,Dresses,5,1,1094
General Petite,Tops,Sweaters,5,1,933
General,Dresses,Dresses,5,1,1077
General,Tops,Knits,5,1,876
General,Tops,Blouses,5,1,850
General,Tops,Blouses,5,1,850
General,Tops,Blouses,5,1,850
General,Tops,Blouses,5,1,830
General,Tops,Blouses,2,0,850
General,Tops,Blouses,5,1,850
General,Bottoms,Skirts,5,1,995
General,Tops,Blouses,4,1,850
General,Tops,Blouses,5,1,850
General,Bottoms,Skirts,4,1,996
General,Tops,Blouses,4,1,850
General,Tops,Knits,3,0,876
General Petite,Tops,Knits,5,1,862
General,Tops,Knits,5,1,876
General,Tops,Blouses,5,1,835
General,Tops,Knits,5,1,876
General,Tops,Knits,5,1,876
General,Tops,Knits,5,1,876
General,Tops,Blouses,3,0,830
General,Tops,Knits,5,1,876
General,Tops,Blouses,3,1,835
General,Tops,Knits,5,1,876
General,Tops,Blouses,4,1,835
General,Tops,Blouses,4,1,830
General,Tops,Blouses,3,1,830
General Petite,Tops,Knits,5,1,872
General,Bottoms,Skirts,5,1,996
General,Tops,Knits,5,1,876
General,Tops,Knits,5,1,876
General,Tops,Knits,5,1,876
General,Tops,Knits,1,0,876
General Petite,Tops,Blouses,4,1,850
General,Tops,Blouses,2,0,835
General Petite,Tops,Blouses,5,1,850
General Petite,Tops,Knits,5,1,872
General,Tops,Knits,5,1,876
General,Tops,Knits,5,1,876
General,Tops,Knits,5,1,876
General,Tops,Knits,5,1,876
General,Tops,Knits,4,1,876
General,Tops,Knits,5,1,876
General,Tops,Knits,5,1,876
General,Tops,Knits,5,1,876
General Petite,Tops,Blouses,4,1,850
General,Tops,Knits,5,1,876
General Petite,Tops,Knits,5,1,862
General,Dresses,Dresses,5,1,1077
General,Dresses,Dresses,3,1,1077
General Petite,Bottoms,Jeans,5,1,1022
General,Tops,Blouses,3,1,830
General Petite,Tops,Blouses,5,1,850
General,Bottoms,Skirts,4,1,996
General Petite,Tops,Blouses,3,1,850
General,Tops,Knits,4,0,876
General,Bottoms,Skirts,4,1,1016
General,Tops,Knits,5,1,876
General,Bottoms,Skirts,4,1,996
General Petite,Tops,Blouses,4,1,850
General Petite,Tops,Knits,5,1,862
General,Tops,Knits,5,1,876
General,Tops,Knits,5,1,876
General Petite,Tops,Blouses,4,1,850
General Petite,Tops,Blouses,5,1,850
General Petite,Tops,Knits,5,1,862
General Petite,Tops,Knits,5,1,862
General,Tops,Knits,5,1,876
General,Tops,Blouses,5,1,830
General,Dresses,Dresses,5,1,1077
General,Bottoms,Jeans,5,1,1028
General Petite,Tops,Blouses,4,1,850
General Petite,Tops,Blouses,4,1,850
Initmates,Intimate,Swim,5,1,660
General,Tops,Knits,5,1,871
General,Tops,Knits,5,1,876
General Petite,Tops,Blouses,5,1,850
General,Tops,Blouses,4,1,830
General Petite,Tops,Blouses,5,1,850
General,Tops,Knits,5,1,876
General,Tops,Knits,5,1,876
General Petite,Tops,Knits,5,1,862
Initmates,Intimate,Lounge,5,1,440
General,Dresses,Dresses,1,0,1080
Initmates,Intimate,Lounge,5,1,440
Initmates,Intimate,Swim,5,1,222
General Petite,Tops,Sweaters,5,1,941
General,Tops,Blouses,5,1,822
Initmates,Intimate,Legwear,5,1,297
Initmates,Intimate,Lounge,4,1,440
Initmates,Intimate,Lounge,5,1,440
General,Tops,Fine gauge,5,1,892
General,Tops,Fine gauge,5,1,892
General,Dresses,Dresses,3,1,1080
General,Dresses,Dresses,5,1,1080
General,Tops,Blouses,2,0,822
General,Dresses,Dresses,4,1,1080
General,Tops,Blouses,2,0,822
General,Dresses,Dresses,5,1,1080
General Petite,Tops,Sweaters,1,0,941
General Petite,Tops,Sweaters,3,0,941
General,Dresses,Dresses,4,1,1080
General,Dresses,Dresses,3,0,1080
General,Dresses,Dresses,5,1,1080
General Petite,Tops,Sweaters,5,1,941
General,Dresses,Dresses,5,1,1080
General,Dresses,Dresses,5,1,1081
General Petite,Dresses,Dresses,2,0,1072
General,Tops,Sweaters,2,0,936
General,Tops,Sweaters,3,0,936
General,Tops,Sweaters,3,1,936
General,Tops,Sweaters,5,1,936
General,Dresses,Dresses,4,1,1081
General,Dresses,Dresses,1,0,1081
General,Bottoms,Pants,5,1,1050
General,Dresses,Dresses,5,1,1081
General Petite,Tops,Blouses,4,1,828
General,Tops,Sweaters,4,1,936
General Petite,Jackets,Jackets,5,1,984
General,Dresses,Dresses,5,1,1081
General,Tops,Knits,2,0,868
General,Dresses,Dresses,1,0,1081
General,Tops,Sweaters,5,1,936
General,Tops,Blouses,2,0,825
General,Tops,Sweaters,5,1,936
General,Dresses,Dresses,1,0,1081
General,Tops,Sweaters,4,1,936
General,Tops,Sweaters,5,1,936
General,Dresses,Dresses,4,1,1081
General,Tops,Sweaters,3,0,936
General,Tops,Sweaters,3,0,936
General,Tops,Sweaters,2,0,936
General Petite,Dresses,Dresses,5,1,1095
General Petite,Dresses,Dresses,5,1,1095
General Petite,Dresses,Dresses,5,1,1095
General,Dresses,Dresses,5,1,1080
General Petite,Tops,Blouses,4,1,820
Initmates,Intimate,Swim,4,1,24
General Petite,Tops,Blouses,5,1,820
General,Dresses,Dresses,5,1,1080
General,Dresses,Dresses,4,1,1094
General,Dresses,Dresses,5,1,1080
Initmates,Intimate,Swim,5,1,24
Initmates,Intimate,Swim,5,1,24
General Petite,Dresses,Dresses,5,1,1095
General Petite,Tops,Blouses,3,1,820
General,Dresses,Dresses,4,1,1094
Initmates,Intimate,Swim,5,1,24
General,Dresses,Dresses,5,1,1094
General Petite,Tops,Blouses,5,1,820
General Petite,Tops,Blouses,1,0,820
General,Dresses,Dresses,3,1,1094
General Petite,Tops,Blouses,5,1,820
General Petite,Tops,Blouses,5,1,820
Initmates,Intimate,Swim,2,0,24
General Petite,Tops,Blouses,4,1,820
Initmates,Intimate,Swim,5,1,24
General,Dresses,Dresses,2,0,1074
General,Bottoms,Jeans,5,1,1033
Initmates,Intimate,Lounge,4,1,809
General Petite,Tops,Blouses,5,1,820
Initmates,Intimate,Lounge,4,1,712
Initmates,Intimate,Swim,5,1,24
General,Dresses,Dresses,5,1,1094
General,Dresses,Dresses,2,0,1080
General Petite,Tops,Blouses,5,1,820
General,Dresses,Dresses,5,1,1080
General,Bottoms,Jeans,5,1,1028
General,Dresses,Dresses,5,1,1094
General,Dresses,Dresses,5,1,1074
General,Dresses,Dresses,4,1,1094
General Petite,Dresses,Dresses,5,1,1095
General,Dresses,Dresses,5,1,1094
General Petite,Tops,Blouses,5,1,820
Initmates,Intimate,Swim,5,1,24
General,Dresses,Dresses,5,1,1094
General,Dresses,Dresses,4,1,1094
General Petite,Dresses,Dresses,5,1,1095
General,Dresses,Dresses,5,1,1080
General,Bottoms,Jeans,5,1,1033
General,Dresses,Dresses,5,1,1080
General Petite,Dresses,Dresses,5,1,1095
General,Dresses,Dresses,5,1,1094
General,Dresses,Dresses,3,0,1080
General Petite,Dresses,Dresses,5,1,1095
Initmates,Intimate,Lounge,5,1,809
General Petite,Bottoms,Jeans,5,1,1034
General,Bottoms,Pants,5,1,1049
General Petite,Bottoms,Jeans,5,1,1034
General,Tops,Blouses,5,1,829
General,Tops,Blouses,5,1,829
General,Bottoms,Shorts,4,1,604
General,Bottoms,Shorts,5,1,604
General,Bottoms,Shorts,2,0,586
General,Bottoms,Pants,5,1,1063
General,Bottoms,Shorts,4,1,586
General,Bottoms,Shorts,5,1,604
General,Bottoms,Shorts,4,1,586
General,Bottoms,Pants,3,1,1063
General Petite,Bottoms,Jeans,2,0,1034
General,Tops,Knits,2,0,876
General,Tops,Blouses,5,1,829
General,Jackets,Jackets,5,1,958
General Petite,Bottoms,Jeans,5,1,1034
General,Bottoms,Pants,5,1,1049
General,Tops,Blouses,5,1,829
General,Bottoms,Pants,3,0,1063
General,Tops,Blouses,5,1,829
General,Bottoms,Pants,3,1,1049
Initmates,Intimate,Intimates,5,1,44
General,Bottoms,Shorts,4,1,526
General,Bottoms,Skirts,5,1,995
General Petite,Tops,Sweaters,5,1,952
General Petite,Tops,Sweaters,5,1,952
General,Bottoms,Skirts,5,1,995
General,Dresses,Dresses,3,1,1078
General,Bottoms,Skirts,2,0,995
General Petite,Tops,Sweaters,4,1,952
General Petite,Jackets,Outerwear,1,0,1133
Initmates,Intimate,Lounge,5,1,309
General,Tops,Fine gauge,5,1,895
General,Tops,Knits,3,1,872
General,Tops,Blouses,3,1,838
General Petite,Tops,Blouses,3,1,840
General,Jackets,Jackets,5,1,975
General Petite,Tops,Blouses,5,1,840
General,Tops,Knits,5,1,867
General,Dresses,Dresses,2,0,1081
General Petite,Dresses,Dresses,2,0,1095
General,Dresses,Dresses,2,0,1081
General,Tops,Knits,3,0,872
General,Tops,Blouses,4,1,826
General,Tops,Knits,4,1,872
General,Tops,Fine gauge,5,1,895
General,Tops,Knits,5,1,867
General,Bottoms,Skirts,5,1,996
General Petite,Tops,Blouses,5,1,840
General,Tops,Blouses,4,1,835
General,Tops,Blouses,3,0,835
General,Jackets,Jackets,5,1,975
General,Tops,Knits,5,0,867
General Petite,Jackets,Outerwear,2,1,1133
General,Tops,Knits,4,1,872
General,Tops,Blouses,2,0,835
General,Tops,Knits,5,1,867
Unknown,Unknown,Unknown,5,1,184
General,Bottoms,Jeans,5,1,1027
General,Tops,Blouses,5,1,838
General,Dresses,Dresses,1,0,1081
General,Jackets,Jackets,1,0,975
General Petite,Tops,Blouses,5,1,840
General Petite,Tops,Blouses,5,1,840
General,Tops,Knits,2,0,861
General,Dresses,Dresses,3,0,1072
General,Tops,Blouses,5,1,835
General Petite,Tops,Blouses,4,1,840
General,Bottoms,Jeans,4,1,1025
Initmates,Intimate,Lounge,3,1,723
General,Bottoms,Skirts,4,1,1000
General Petite,Dresses,Dresses,4,1,1081
General Petite,Tops,Blouses,2,0,838
General Petite,Tops,Knits,4,1,867
General Petite,Tops,Knits,5,1,867
General Petite,Tops,Knits,4,1,867
General Petite,Tops,Knits,5,1,867
General,Tops,Blouses,5,1,826
General Petite,Tops,Knits,5,1,867
General Petite,Tops,Knits,5,1,867
Initmates,Intimate,Intimates,5,1,101
General Petite,Tops,Knits,4,1,872
General Petite,Tops,Blouses,3,0,840
General,Tops,Fine gauge,5,1,895
General,Tops,Fine gauge,5,1,895
General Petite,Tops,Knits,4,1,867
General Petite,Tops,Knits,5,1,872
General,Tops,Knits,2,0,861
General,Tops,Blouses,4,1,835
General Petite,Tops,Knits,4,1,867
General,Bottoms,Jeans,4,1,1025
General Petite,Jackets,Outerwear,4,1,1133
General Petite,Tops,Blouses,3,1,838
General,Tops,Blouses,4,1,835
General,Tops,Blouses,5,1,835
General Petite,Dresses,Dresses,2,0,1081
General,Tops,Blouses,3,1,835
General,Tops,Knits,5,1,861
General,Tops,Blouses,5,1,835
General,Bottoms,Jeans,5,1,1025
General Petite,Tops,Knits,3,1,872
General Petite,Tops,Blouses,5,1,840
Unknown,Unknown,Unknown,5,1,184
General Petite,Dresses,Dresses,5,1,1079
General Petite,Tops,Blouses,2,0,840
General,Tops,Blouses,5,1,835
General Petite,Bottoms,Pants,2,1,1068
General,Dresses,Dresses,1,1,1104
General Petite,Bottoms,Pants,4,1,1068
General,Dresses,Dresses,3,1,1094
General Petite,Bottoms,Pants,5,1,1068
General Petite,Bottoms,Pants,5,1,1068
General,Dresses,Dresses,5,1,1094
General,Dresses,Dresses,4,1,1094
General,Dresses,Dresses,2,0,1080
General,Dresses,Dresses,4,1,1094
General Petite,Tops,Blouses,3,0,838
General Petite,Tops,Blouses,5,1,838
General,Dresses,Dresses,5,1,1094
General,Bottoms,Pants,4,0,1068
General Petite,Tops,Blouses,3,1,838
General Petite,Tops,Blouses,3,0,838
General Petite,Jackets,Jackets,1,0,965
General,Dresses,Dresses,5,1,1094
General,Bottoms,Pants,2,0,1068
Initmates,Intimate,Legwear,5,1,163
General,Tops,Fine gauge,5,1,899
General Petite,Dresses,Dresses,5,1,1086
General,Tops,Knits,3,0,864
General,Tops,Knits,4,1,864
General,Dresses,Dresses,4,1,1077
General,Tops,Knits,4,0,864
General,Dresses,Dresses,3,0,1077
General,Tops,Knits,5,1,872
General,Tops,Knits,5,1,872
General Petite,Dresses,Dresses,1,0,1086
General Petite,Bottoms,Skirts,5,1,1003
Initmates,Intimate,Legwear,5,1,163
General,Tops,Knits,5,1,872
General,Tops,Knits,5,1,872
General,Tops,Knits,5,1,864
Initmates,Intimate,Legwear,5,1,161
General,Bottoms,Pants,5,1,1059
General,Tops,Sweaters,5,1,922
General,Dresses,Dresses,5,1,1092
General,Dresses,Dresses,5,1,1077
General Petite,Tops,Knits,5,1,872
General Petite,Tops,Knits,4,1,872
General,Tops,Blouses,5,1,829
General,Bottoms,Jeans,1,0,1030
General,Bottoms,Pants,4,1,1068
General,Dresses,Dresses,2,0,1077
General,Dresses,Dresses,1,0,1077
General,Tops,Blouses,4,1,829
General,Dresses,Dresses,3,0,1077
General,Dresses,Dresses,3,0,1077
General,Bottoms,Jeans,5,1,1025
General,Dresses,Dresses,4,1,1077
General Petite,Tops,Knits,4,1,859
General,Dresses,Dresses,2,0,1077
General,Dresses,Dresses,2,1,1077
General,Dresses,Dresses,5,1,1077
General,Dresses,Dresses,3,0,1077
General,Tops,Blouses,3,0,826
General,Dresses,Dresses,4,1,1077
General,Tops,Blouses,4,1,829
General Petite,Jackets,Jackets,2,0,975
General,Dresses,Dresses,4,1,1077
General Petite,Tops,Blouses,5,1,828
General Petite,Tops,Blouses,5,1,828
General Petite,Tops,Blouses,4,1,850
General,Dresses,Dresses,1,0,1086
General,Dresses,Dresses,4,1,1077
General Petite,Tops,Blouses,5,1,828
General,Dresses,Dresses,4,1,1077
General,Bottoms,Pants,4,1,1068
General,Dresses,Dresses,3,0,1077
General Petite,Tops,Blouses,1,0,829
General Petite,Tops,Blouses,5,1,828
General Petite,Tops,Blouses,5,1,829
General Petite,Tops,Blouses,1,0,828
General Petite,Tops,Blouses,4,1,829
General,Dresses,Dresses,3,1,1077
General,Bottoms,Pants,5,1,1068
General,Dresses,Dresses,4,1,1077
General,Dresses,Dresses,3,0,1077
General,Dresses,Dresses,5,1,1077
General,Dresses,Dresses,1,0,1077
General Petite,Tops,Blouses,2,0,828
General Petite,Tops,Blouses,3,1,829
General Petite,Tops,Blouses,3,0,829
General,Dresses,Dresses,2,0,1077
General,Dresses,Dresses,3,0,1077
General,Dresses,Dresses,3,0,1077
General Petite,Tops,Blouses,5,1,829
General,Dresses,Dresses,4,1,1077
General,Dresses,Dresses,4,1,1077
General,Dresses,Dresses,2,0,1077
General,Tops,Fine gauge,5,1,907
General,Tops,Knits,1,0,868
General,Tops,Fine gauge,5,1,907
General,Tops,Knits,2,0,868
General Petite,Dresses,Dresses,4,1,1094
General,Tops,Knits,5,1,868
General Petite,Dresses,Dresses,5,1,1094
Initmates,Intimate,Lounge,5,1,755
General,Tops,Knits,3,0,868
General,Bottoms,Pants,5,1,1047
General,Tops,Fine gauge,5,1,907
General Petite,Tops,Knits,5,1,857
General,Tops,Knits,4,1,873
General Petite,Tops,Knits,3,0,862
General Petite,Tops,Knits,3,0,857
General,Dresses,Dresses,1,0,1083
General Petite,Dresses,Dresses,5,1,1094
General Petite,Tops,Knits,5,1,857
General Petite,Tops,Knits,5,1,862
General,Bottoms,Pants,3,1,1047
General Petite,Tops,Knits,4,1,862
General Petite,Dresses,Dresses,3,0,1094
General,Tops,Fine gauge,5,1,907
Initmates,Intimate,Lounge,5,1,755
General Petite,Tops,Knits,5,1,862
Initmates,Intimate,Lounge,5,1,779
General,Bottoms,Jeans,5,1,1025
General Petite,Tops,Knits,4,1,857
General Petite,Tops,Blouses,2,1,825
General Petite,Tops,Knits,3,0,857
General,Trend,Trend,2,0,550
General,Tops,Fine gauge,4,1,907
General Petite,Dresses,Dresses,5,1,1094
General,Bottoms,Pants,5,1,1047
General,Bottoms,Pants,5,1,1047
General Petite,Tops,Knits,4,1,862
General,Trend,Trend,5,1,550
General Petite,Tops,Knits,5,1,857
General Petite,Tops,Knits,2,0,862
Initmates,Intimate,Swim,5,1,31
General Petite,Dresses,Dresses,3,0,1094
General Petite,Dresses,Dresses,4,1,1094
General Petite,Dresses,Dresses,5,1,1094
General Petite,Dresses,Dresses,4,1,1094
General,Bottoms,Pants,5,1,1047
General Petite,Tops,Knits,5,1,862
General,Tops,Blouses,4,1,822
General,Tops,Knits,2,0,868
General,Bottoms,Pants,5,1,1049
General,Bottoms,Pants,4,1,1047
General,Bottoms,Pants,5,1,1047
General Petite,Tops,Knits,3,0,857
General,Tops,Blouses,4,1,830
General,Bottoms,Jeans,3,0,1033
General,Tops,Blouses,4,1,830
General Petite,Tops,Blouses,1,0,850
General,Tops,Blouses,4,0,830
Initmates,Intimate,Legwear,5,1,156
General,Tops,Blouses,5,1,830
General,Tops,Blouses,3,1,830
General,Dresses,Dresses,5,1,1081
General Petite,Tops,Blouses,2,0,850
General,Bottoms,Jeans,3,1,1033
General,Bottoms,Jeans,5,1,1033
General,Dresses,Dresses,1,0,1095
General,Bottoms,Pants,5,1,1069
General,Bottoms,Jeans,5,1,1028
General,Tops,Blouses,3,1,830
General Petite,Tops,Blouses,5,1,850
General Petite,Dresses,Dresses,5,1,1081
General,Tops,Blouses,5,1,830
General,Tops,Blouses,5,1,830
General Petite,Tops,Blouses,4,1,850
General,Tops,Blouses,4,1,830
General Petite,Dresses,Dresses,5,1,1081
General,Tops,Blouses,5,1,830
General Petite,Dresses,Dresses,5,1,1081
Initmates,Intimate,Intimates,2,1,99
General Petite,Dresses,Dresses,4,1,1081
General,Tops,Blouses,4,1,830
General,Tops,Blouses,2,0,830
Initmates,Intimate,Legwear,5,1,188
General,Tops,Blouses,4,1,830
General Petite,Dresses,Dresses,5,1,1081
Initmates,Intimate,Legwear,5,1,156
General,Tops,Blouses,5,1,830
General Petite,Dresses,Dresses,5,1,1081
General,Tops,Blouses,4,1,839
General,Tops,Blouses,5,1,839
General Petite,Dresses,Dresses,1,0,1081
General,Tops,Blouses,2,0,830
General Petite,Dresses,Dresses,5,1,1081
General,Bottoms,Jeans,5,1,1033
General,Tops,Blouses,5,1,830
Initmates,Intimate,Legwear,5,1,188
General Petite,Tops,Blouses,4,1,850
General Petite,Dresses,Dresses,4,1,1081
General Petite,Dresses,Dresses,4,1,1081
General,Tops,Blouses,5,1,830
General,Tops,Blouses,5,1,830
General,Tops,Blouses,3,1,839
General,Tops,Blouses,4,1,830
General,Tops,Blouses,4,1,830
General Petite,Dresses,Dresses,4,1,1074
General,Tops,Blouses,3,0,830
General Petite,Tops,Blouses,4,1,850
General Petite,Dresses,Dresses,5,1,1081
Initmates,Intimate,Legwear,4,1,140
General,Dresses,Dresses,5,1,1086
General,Dresses,Dresses,4,1,1086
Initmates,Intimate,Intimates,5,1,202
General,Trend,Trend,5,1,1147
General Petite,Intimate,Lounge,5,1,674
General,Dresses,Dresses,3,0,1094
General,Dresses,Dresses,5,1,1086
General,Tops,Blouses,5,1,851
General Petite,Intimate,Lounge,5,1,674
General,Dresses,Dresses,4,1,1094
General,Bottoms,Jeans,3,1,1028
General,Dresses,Dresses,5,1,1086
General,Dresses,Dresses,5,1,1086
General Petite,Intimate,Lounge,5,1,674
General Petite,Intimate,Lounge,5,1,674
General,Dresses,Dresses,5,1,1094
Initmates,Intimate,Intimates,5,1,202
General Petite,Dresses,Dresses,3,0,1111
General,Dresses,Dresses,5,1,1086
General,Tops,Sweaters,5,1,921
General,Dresses,Dresses,3,0,1086
General,Tops,Blouses,3,0,829
General,Dresses,Dresses,5,1,1086
General,Dresses,Dresses,4,1,1086
General,Dresses,Dresses,5,1,1086
General,Dresses,Dresses,5,1,1086
General,Bottoms,Jeans,4,1,1028
General,Tops,Sweaters,4,1,921
General Petite,Intimate,Lounge,5,1,674
General Petite,Intimate,Lounge,5,1,674
General Petite,Dresses,Dresses,5,1,23
General Petite,Intimate,Lounge,4,1,674
General Petite,Tops,Knits,2,0,878
General,Dresses,Dresses,5,1,1086
General Petite,Intimate,Lounge,5,1,674
General,Dresses,Dresses,5,1,1086
General,Tops,Blouses,4,1,829
General,Dresses,Dresses,1,0,1086
General,Tops,Blouses,2,0,829
General,Dresses,Dresses,5,1,1086
General Petite,Intimate,Lounge,5,1,674
General,Dresses,Dresses,5,1,1086
General,Dresses,Dresses,4,1,1094
General Petite,Intimate,Lounge,5,1,674
General,Tops,Blouses,4,1,829
General Petite,Intimate,Lounge,5,1,674
General,Trend,Trend,3,0,1147
General Petite,Intimate,Lounge,5,1,674
General,Dresses,Dresses,3,0,1077
General Petite,Intimate,Lounge,3,1,674
General,Tops,Fine gauge,1,0,907
General Petite,Intimate,Lounge,4,1,674
General,Dresses,Dresses,4,1,1094
General,Tops,Sweaters,3,0,921
General,Bottoms,Jeans,3,0,1028
General Petite,Intimate,Lounge,5,1,674
General Petite,Tops,Knits,3,0,878
General Petite,Dresses,Dresses,3,0,1104
General,Dresses,Dresses,5,1,1086
Initmates,Intimate,Layering,5,1,69
General,Tops,Blouses,5,1,820
General,Bottoms,Pants,5,1,1049
General Petite,Intimate,Lounge,3,0,673
General,Dresses,Dresses,2,0,1084
General Petite,Tops,Knits,5,1,863
General Petite,Dresses,Dresses,5,1,1078
General,Jackets,Jackets,5,1,960
General,Tops,Blouses,4,1,820
General,Jackets,Jackets,5,1,960
General,Tops,Blouses,5,1,820
General,Jackets,Jackets,5,1,960
General,Tops,Blouses,5,1,820
General,Tops,Blouses,5,1,820
General Petite,Tops,Sweaters,5,1,945
General,Bottoms,Pants,5,1,1049
General Petite,Dresses,Dresses,4,1,1078
General Petite,Tops,Knits,5,1,863
General Petite,Dresses,Dresses,5,1,1078
General,Dresses,Dresses,3,0,1085
General,Jackets,Jackets,4,1,960
Initmates,Intimate,Intimates,5,1,42
General,Tops,Blouses,5,1,820
General,Tops,Blouses,4,1,820
General Petite,Dresses,Dresses,5,1,1078
General,Tops,Blouses,5,1,820
General,Tops,Blouses,5,1,820
General,Tops,Blouses,5,1,820
General,Tops,Blouses,5,1,820
General Petite,Dresses,Dresses,5,1,1078
General Petite,Tops,Sweaters,3,1,945
General Petite,Tops,Sweaters,5,1,945
General,Jackets,Jackets,5,1,960
General,Bottoms,Skirts,5,1,995
General,Dresses,Dresses,4,1,1084
General,Dresses,Dresses,4,1,1084
General Petite,Tops,Blouses,3,0,825
General,Dresses,Dresses,5,1,1078
General,Tops,Blouses,5,1,820
General,Dresses,Dresses,5,1,1078
General,Tops,Blouses,5,1,820
Initmates,Intimate,Lounge,5,1,810
General,Tops,Blouses,5,1,820
General,Tops,Blouses,5,1,820
General,Jackets,Jackets,4,1,960
General,Tops,Blouses,5,1,820
General,Dresses,Dresses,5,1,1078
General,Bottoms,Pants,5,1,1049
General,Tops,Blouses,5,1,820
General,Bottoms,Pants,5,1,1049
General Petite,Tops,Knits,5,1,863
General,Dresses,Dresses,5,1,1085
General,Tops,Blouses,5,1,820
General,Tops,Blouses,5,1,820
Initmates,Intimate,Intimates,5,1,42
General,Jackets,Jackets,4,1,960
General Petite,Tops,Fine gauge,5,1,903
General Petite,Tops,Fine gauge,5,1,903
General,Tops,Blouses,5,1,820
General Petite,Tops,Fine gauge,4,1,903
General Petite,Tops,Knits,3,1,863
General,Dresses,Dresses,3,1,1078
General Petite,Tops,Sweaters,5,1,945
General Petite,Tops,Knits,4,1,863
General,Tops,Blouses,1,0,820
General,Tops,Blouses,5,1,820
General Petite,Tops,Knits,3,0,863
Initmates,Intimate,Intimates,5,1,42
General Petite,Bottoms,Pants,3,0,1052
General Petite,Bottoms,Pants,3,0,1052
General,Dresses,Dresses,4,1,1078
Initmates,Intimate,Legwear,5,1,182
General,Dresses,Dresses,4,0,1078
General Petite,Bottoms,Pants,4,1,1052
General Petite,Bottoms,Pants,5,1,1052
General Petite,Jackets,Jackets,5,1,975
General,Tops,Fine gauge,5,1,909
General,Tops,Fine gauge,5,1,909
General,Tops,Sweaters,3,0,949
General Petite,Jackets,Jackets,3,1,976
General,Bottoms,Skirts,5,1,990
General,Dresses,Dresses,4,1,1078
General,Tops,Sweaters,5,1,949
General Petite,Jackets,Jackets,4,1,975
General Petite,Bottoms,Pants,5,1,1052
Initmates,Intimate,Swim,5,1,467
General Petite,Jackets,Jackets,4,1,976
General,Tops,Blouses,4,1,844
General,Tops,Fine gauge,5,1,905
General,Bottoms,Shorts,5,1,326
General,Tops,Fine gauge,5,1,905
General,Tops,Fine gauge,5,1,905
General,Bottoms,Shorts,3,1,326
General,Tops,Fine gauge,4,1,905
General,Tops,Fine gauge,5,1,905
General,Dresses,Dresses,3,0,1079
Initmates,Intimate,Intimates,5,1,748
General,Tops,Fine gauge,5,1,905
General,Jackets,Jackets,5,1,980
General Petite,Dresses,Dresses,3,1,1095
General,Tops,Fine gauge,3,0,918
General,Tops,Fine gauge,5,1,905
General,Tops,Fine gauge,4,1,905
General Petite,Tops,Knits,5,1,871
General,Tops,Knits,4,1,872
General,Tops,Fine gauge,5,1,905
General,Tops,Fine gauge,5,1,905
General,Bottoms,Shorts,5,1,326
General Petite,Tops,Sweaters,5,1,952
General Petite,Tops,Sweaters,5,1,952
General Petite,Tops,Knits,5,1,878
General,Jackets,Jackets,5,1,967
General,Dresses,Dresses,4,1,1077
General,Tops,Blouses,5,1,850
General,Dresses,Dresses,3,0,1077
General,Dresses,Dresses,3,0,1077
General Petite,Tops,Knits,5,1,878
General,Tops,Blouses,2,0,850
General,Dresses,Dresses,4,1,1077
General,Dresses,Dresses,4,1,1077
General,Dresses,Dresses,5,1,1077
General Petite,Tops,Sweaters,4,1,952
General,Tops,Blouses,5,1,850
General Petite,Tops,Sweaters,5,1,952
General,Dresses,Dresses,4,1,1094
General,Dresses,Dresses,4,1,1077
General,Dresses,Dresses,5,1,1077
General,Dresses,Dresses,5,1,1086
General,Dresses,Dresses,3,0,1077
General,Tops,Blouses,5,1,850
General,Dresses,Dresses,3,0,1077
General Petite,Tops,Sweaters,5,1,952
Initmates,Intimate,Sleep,5,1,452
General,Tops,Blouses,3,0,850
General,Tops,Blouses,5,1,850
General,Tops,Blouses,5,1,818
General,Dresses,Dresses,4,1,1077
General,Jackets,Jackets,5,1,967
Initmates,Intimate,Intimates,5,1,39
General,Tops,Blouses,2,0,850
Initmates,Intimate,Intimates,5,1,39
General,Dresses,Dresses,4,1,1086
General Petite,Tops,Knits,5,1,878
Initmates,Intimate,Sleep,5,1,452
General,Tops,Blouses,2,0,850
General,Trend,Trend,3,1,1139
General,Dresses,Dresses,5,1,1077
General,Tops,Blouses,5,1,850
General,Dresses,Dresses,3,0,1077
General Petite,Tops,Sweaters,5,1,952
General,Tops,Knits,2,0,867
General,Dresses,Dresses,5,1,1094
General,Dresses,Dresses,3,1,1094
General,Jackets,Outerwear,4,1,1121
General,Jackets,Outerwear,2,0,1121
General,Tops,Knits,3,1,879
General,Bottoms,Skirts,5,1,1015
General,Bottoms,Jeans,5,1,1025
General,Tops,Knits,5,1,879
General Petite,Dresses,Dresses,5,1,1071
General,Jackets,Outerwear,5,1,1121
General,Bottoms,Jeans,5,1,1025
General Petite,Dresses,Dresses,3,1,1078
General Petite,Dresses,Dresses,2,0,1078
Initmates,Intimate,Lounge,4,1,426
General,Bottoms,Shorts,2,0,453
General,Tops,Fine gauge,5,1,906
General,Bottoms,Skirts,5,1,1015
General,Jackets,Outerwear,5,1,1121
General,Bottoms,Skirts,1,0,993
General,Jackets,Outerwear,4,1,1121
General Petite,Bottoms,Skirts,5,1,997
General,Jackets,Outerwear,3,0,1121
General,Jackets,Outerwear,4,1,1121
General,Jackets,Outerwear,2,0,1121
General,Jackets,Outerwear,5,1,1121
General,Jackets,Outerwear,5,1,1121
General Petite,Bottoms,Skirts,4,1,997
General,Bottoms,Skirts,5,1,1015
General,Jackets,Outerwear,5,1,1121
General,Jackets,Outerwear,3,1,1121
General,Dresses,Dresses,3,0,1088
General,Dresses,Dresses,5,1,1096
General,Jackets,Outerwear,4,1,1121
General Petite,Dresses,Dresses,1,0,1078
General,Bottoms,Shorts,2,0,453
General,Jackets,Outerwear,3,0,1121
General,Jackets,Outerwear,3,0,1121
General,Dresses,Dresses,5,1,1088
General Petite,Dresses,Dresses,5,1,1078
General,Dresses,Dresses,4,1,1096
General,Jackets,Outerwear,3,0,1121
General Petite,Tops,Knits,5,1,865
General Petite,Dresses,Dresses,1,0,1078
General,Jackets,Outerwear,4,1,1121
General,Jackets,Outerwear,5,1,1121
General,Jackets,Outerwear,4,1,1121
General,Jackets,Outerwear,5,1,1121
General,Jackets,Outerwear,5,1,1121
General,Jackets,Outerwear,4,1,1121
General,Tops,Fine gauge,5,1,906
General,Jackets,Outerwear,3,0,1121
General Petite,Dresses,Dresses,3,0,1104
General,Jackets,Outerwear,2,0,1121
General,Jackets,Outerwear,4,1,1121
General,Tops,Knits,3,0,879
General,Bottoms,Shorts,2,0,453
General,Jackets,Outerwear,5,1,1121
General,Tops,Fine gauge,5,1,906
General Petite,Bottoms,Skirts,5,1,997
General,Dresses,Dresses,2,0,1078
General,Jackets,Outerwear,3,1,1121
General Petite,Bottoms,Skirts,5,1,997
General,Jackets,Outerwear,5,1,1121
General,Dresses,Dresses,3,0,1078
General,Jackets,Outerwear,5,1,1121
General,Tops,Fine gauge,5,1,906
General,Bottoms,Jeans,5,1,1025
General,Jackets,Outerwear,4,1,1121
General,Jackets,Outerwear,5,1,1121
General,Jackets,Outerwear,3,0,1121
General,Bottoms,Skirts,5,1,1015
General,Bottoms,Shorts,5,1,453
General Petite,Tops,Knits,4,1,865
General,Bottoms,Skirts,5,1,1015
General,Dresses,Dresses,1,0,1078
General,Jackets,Outerwear,5,1,1121
General,Jackets,Outerwear,5,1,1121
General Petite,Dresses,Dresses,3,0,1104
General,Dresses,Dresses,4,1,1096
General Petite,Dresses,Dresses,4,1,1071
General,Jackets,Outerwear,4,1,1121
General,Jackets,Outerwear,1,0,1121
General,Jackets,Outerwear,3,1,1121
General Petite,Bottoms,Skirts,5,1,997
General,Jackets,Outerwear,3,1,1121
General,Jackets,Outerwear,2,0,1121
General,Tops,Fine gauge,5,1,906
General,Bottoms,Jeans,5,1,1025
General,Jackets,Outerwear,4,1,1121
General,Tops,Fine gauge,3,0,906
General,Tops,Knits,2,0,868
General Petite,Bottoms,Skirts,5,1,997
General,Jackets,Outerwear,5,1,1121
General,Jackets,Outerwear,2,0,1121
General,Jackets,Outerwear,5,1,1121
General,Bottoms,Skirts,2,0,993
General Petite,Dresses,Dresses,5,1,1080
General,Dresses,Dresses,5,1,1089
General Petite,Dresses,Dresses,5,1,1149
General,Dresses,Dresses,3,0,1078
General Petite,Tops,Knits,5,1,865
General,Bottoms,Skirts,4,1,1020
General Petite,Tops,Knits,5,1,865
General Petite,Trend,Trend,1,0,1142
General,Dresses,Dresses,5,1,1079
General Petite,Dresses,Dresses,5,1,1080
General Petite,Tops,Knits,3,1,865
General,Bottoms,Skirts,5,1,1020
General,Dresses,Dresses,5,1,1078
General,Dresses,Dresses,4,1,1078
General Petite,Dresses,Dresses,5,1,1149
General,Dresses,Dresses,5,1,1078
General,Dresses,Dresses,4,1,1078
General Petite,Dresses,Dresses,5,1,1080
General,Dresses,Dresses,5,1,1078
General Petite,Dresses,Dresses,2,0,1080
General,Bottoms,Skirts,4,1,1020
General,Dresses,Dresses,5,1,1078
General Petite,Dresses,Dresses,5,1,1149
General,Bottoms,Skirts,5,1,1020
General,Dresses,Dresses,3,1,1078
General Petite,Dresses,Dresses,3,1,1080
General,Tops,Blouses,5,1,829
General,Bottoms,Skirts,5,1,1020
General Petite,Tops,Blouses,4,1,828
General,Dresses,Dresses,5,1,1089
General,Dresses,Dresses,3,1,1089
General,Dresses,Dresses,5,1,1089
General,Bottoms,Skirts,5,1,1020
General,Dresses,Dresses,5,1,1078
General,Bottoms,Skirts,5,1,1020
General,Dresses,Dresses,4,1,1078
General Petite,Tops,Blouses,4,1,832
General,Dresses,Dresses,5,1,1078
General,Dresses,Dresses,5,1,1078
General,Tops,Blouses,5,1,829
General Petite,Tops,Knits,1,0,865
General,Dresses,Dresses,3,0,1078
General Petite,Trend,Trend,4,1,1142
General Petite,Dresses,Dresses,5,1,1080
General,Dresses,Dresses,5,1,1078
General Petite,Tops,Blouses,5,1,828
General,Dresses,Dresses,2,0,1078
Initmates,Intimate,Swim,4,1,443
General Petite,Dresses,Dresses,3,1,1080
General Petite,Tops,Knits,5,1,865
General Petite,Dresses,Dresses,1,0,1080
General,Dresses,Dresses,5,1,1078
General,Dresses,Dresses,5,1,1078
General Petite,Tops,Knits,1,0,865
General,Dresses,Dresses,5,1,1078
General Petite,Tops,Sweaters,5,1,933
General,Tops,Knits,5,1,862
General Petite,Tops,Blouses,5,1,829
General Petite,Tops,Blouses,5,1,829
General Petite,Tops,Fine gauge,5,1,900
General Petite,Tops,Fine gauge,5,1,900
General,Tops,Knits,5,1,862
General Petite,Tops,Blouses,5,1,829
General,Bottoms,Shorts,5,1,542
General Petite,Tops,Blouses,4,1,829
General Petite,Tops,Blouses,5,1,829
General Petite,Tops,Fine gauge,4,1,900
General,Bottoms,Shorts,3,1,542
General Petite,Tops,Blouses,5,1,829
General,Tops,Blouses,5,1,829
General,Bottoms,Skirts,5,1,996
General Petite,Tops,Fine gauge,5,1,900
General,Tops,Fine gauge,4,1,903
General Petite,Tops,Fine gauge,3,0,900
General,Dresses,Dresses,4,1,1083
General,Bottoms,Skirts,5,1,996
General,Dresses,Dresses,5,1,1089
General,Dresses,Dresses,5,1,1083
General,Tops,Blouses,4,1,829
General,Dresses,Dresses,5,1,1083
Initmates,Intimate,Lounge,5,1,195
General,Bottoms,Shorts,5,1,542
Initmates,Intimate,Sleep,3,1,351
General Petite,Tops,Knits,5,1,862
General,Dresses,Dresses,5,1,1083
General,Tops,Blouses,5,1,829
General,Tops,Blouses,5,1,829
General,Tops,Blouses,5,1,829
General,Tops,Blouses,5,1,829
General Petite,Tops,Blouses,4,1,842
General,Tops,Knits,5,1,868
General Petite,Tops,Blouses,3,0,842
General,Tops,Knits,5,1,868
General,Tops,Knits,4,1,868
General,Tops,Blouses,1,0,818
General Petite,Tops,Blouses,4,1,835
General,Tops,Knits,5,1,868
General Petite,Tops,Blouses,2,0,842
General,Tops,Knits,5,1,868
General,Tops,Knits,3,0,868
General,Tops,Blouses,5,1,818
General Petite,Tops,Blouses,5,1,835
General,Tops,Blouses,1,0,818
General,Tops,Knits,5,1,868
General,Tops,Blouses,4,0,818
General,Tops,Knits,5,1,868
General,Tops,Knits,2,0,868
General Petite,Dresses,Dresses,1,0,1078
General Petite,Bottoms,Jeans,5,1,1190
General Petite,Tops,Knits,4,1,862
General Petite,Dresses,Dresses,5,1,1078
General,Tops,Knits,5,1,863
General,Bottoms,Jeans,3,0,1022
General Petite,Dresses,Dresses,4,0,1092
General,Tops,Knits,3,0,863
General Petite,Tops,Knits,5,1,862
General Petite,Dresses,Dresses,4,1,1078
General Petite,Tops,Blouses,4,1,844
General,Trend,Trend,5,1,566
General Petite,Dresses,Dresses,5,1,1078
General Petite,Dresses,Dresses,4,1,1078
General Petite,Dresses,Dresses,5,1,1078
General Petite,Dresses,Dresses,4,1,1078
General,Dresses,Dresses,1,0,1103
General Petite,Dresses,Dresses,5,1,1078
General Petite,Dresses,Dresses,5,1,1078
General,Tops,Knits,5,1,872
General Petite,Bottoms,Jeans,5,1,1190
General Petite,Dresses,Dresses,1,0,1092
General,Tops,Knits,4,1,871
General,Bottoms,Jeans,5,1,1025
General Petite,Bottoms,Jeans,5,1,1190
General,Bottoms,Jeans,5,1,1022
General Petite,Dresses,Dresses,4,1,1078
General Petite,Dresses,Dresses,5,1,1078
General Petite,Dresses,Dresses,3,0,1092
General Petite,Dresses,Dresses,5,1,1081
General,Tops,Fine gauge,3,0,895
General Petite,Dresses,Dresses,5,1,1081
General,Bottoms,Jeans,4,1,1030
General Petite,Dresses,Dresses,4,1,1081
General Petite,Bottoms,Skirts,5,1,1008
General Petite,Bottoms,Skirts,5,1,1008
General Petite,Dresses,Dresses,5,1,1081
General Petite,Dresses,Dresses,5,1,1081
General Petite,Bottoms,Skirts,3,0,1008
General Petite,Dresses,Dresses,5,1,1081
General Petite,Dresses,Dresses,5,1,1081
General Petite,Tops,Knits,5,1,867
General Petite,Dresses,Dresses,5,1,1081
General Petite,Tops,Knits,2,0,867
General,Tops,Knits,3,0,871
General Petite,Dresses,Dresses,5,1,1081
General Petite,Bottoms,Skirts,5,1,1008
General Petite,Dresses,Dresses,5,1,1081
General Petite,Dresses,Dresses,5,1,1081
General Petite,Dresses,Dresses,5,1,1081
General Petite,Dresses,Dresses,2,0,1094
General,Bottoms,Skirts,2,0,996
General Petite,Bottoms,Skirts,1,0,1008
General Petite,Bottoms,Skirts,4,1,1008
General Petite,Dresses,Dresses,5,1,1081
General,Bottoms,Jeans,4,1,1030
General Petite,Dresses,Dresses,5,1,1081
General Petite,Dresses,Dresses,5,1,1081
General Petite,Dresses,Dresses,4,1,1081
General Petite,Tops,Knits,5,1,867
General Petite,Tops,Knits,5,1,867
General Petite,Bottoms,Skirts,5,1,1008
General Petite,Tops,Knits,5,1,867
General Petite,Dresses,Dresses,5,1,1081
General Petite,Dresses,Dresses,5,1,1081
General Petite,Dresses,Dresses,3,0,1081
General Petite,Tops,Knits,4,1,867
General Petite,Bottoms,Skirts,3,1,1008
General Petite,Dresses,Dresses,3,0,1081
General Petite,Dresses,Dresses,5,1,1081
General Petite,Tops,Knits,5,1,867
General Petite,Dresses,Dresses,4,1,1081
General Petite,Dresses,Dresses,5,1,1081
General,Tops,Knits,5,1,871
General,Dresses,Dresses,4,1,1103
General Petite,Dresses,Dresses,4,0,1094
General Petite,Dresses,Dresses,5,1,1081
General Petite,Bottoms,Skirts,5,1,1008
General Petite,Bottoms,Skirts,1,0,1008
General Petite,Dresses,Dresses,5,1,1081
Initmates,Intimate,Swim,4,1,556
General Petite,Dresses,Dresses,5,1,1081
General Petite,Tops,Knits,5,1,867
General,Tops,Fine gauge,5,1,896
General Petite,Bottoms,Skirts,2,0,1008
General Petite,Dresses,Dresses,3,1,1094
General Petite,Bottoms,Skirts,4,1,1008
General Petite,Bottoms,Skirts,5,1,1008
General,Tops,Blouses,4,1,829
General,Tops,Blouses,4,1,829
General,Tops,Blouses,2,0,823
General,Tops,Knits,5,1,863
General Petite,Dresses,Dresses,5,1,1080
General Petite,Tops,Blouses,5,1,819
General,Tops,Blouses,4,1,823
General Petite,Tops,Blouses,5,1,819
General Petite,Tops,Sweaters,3,0,933
General,Tops,Blouses,3,1,831
General Petite,Tops,Blouses,3,1,819
General Petite,Dresses,Dresses,1,0,1080
General Petite,Tops,Knits,4,1,863
General,Tops,Blouses,4,1,829
General,Tops,Sweaters,5,1,931
General,Tops,Blouses,1,0,823
General Petite,Tops,Knits,5,1,863
General,Bottoms,Skirts,4,1,995
General,Tops,Sweaters,5,1,929
General,Tops,Sweaters,4,1,929
General Petite,Tops,Knits,5,1,865
General,Bottoms,Skirts,5,1,995
General Petite,Tops,Sweaters,3,0,942
General,Bottoms,Skirts,4,1,995
General Petite,Dresses,Dresses,2,0,1095
General,Bottoms,Skirts,5,1,995
General,Bottoms,Jeans,4,1,9
General,Tops,Blouses,4,1,835
General Petite,Tops,Blouses,5,1,834
General,Bottoms,Pants,5,1,1059
General Petite,Tops,Knits,5,1,873
General Petite,Tops,Knits,5,1,873
General Petite,Tops,Blouses,4,1,834
General,Tops,Blouses,3,1,835
General,Tops,Blouses,5,1,835
General Petite,Tops,Blouses,5,1,834
General Petite,Tops,Blouses,1,0,834
General Petite,Tops,Knits,5,1,873
General Petite,Tops,Knits,3,1,873
General,Bottoms,Pants,5,1,1059
General,Bottoms,Pants,5,1,1059
General,Tops,Blouses,4,1,835
General,Tops,Blouses,3,1,835
General,Tops,Knits,5,1,873
General,Tops,Knits,4,1,873
General,Tops,Blouses,4,1,835
General,Tops,Knits,5,1,873
General,Tops,Knits,5,1,873
Initmates,Intimate,Lounge,5,1,770
General,Tops,Knits,5,1,873
General,Tops,Knits,5,1,873
General,Tops,Knits,5,1,873
General,Tops,Knits,4,1,873
General,Tops,Blouses,4,1,835
General,Bottoms,Pants,5,1,1059
General,Tops,Blouses,5,1,835
Initmates,Intimate,Lounge,5,1,770
General,Tops,Knits,4,1,873
General,Tops,Blouses,4,1,835
General,Tops,Knits,5,1,873
General Petite,Tops,Blouses,5,1,834
General,Tops,Blouses,4,1,835
General,Tops,Knits,4,1,873
General,Bottoms,Pants,5,1,1059
Initmates,Intimate,Intimates,5,1,353
General,Tops,Knits,5,1,873
General,Tops,Blouses,4,1,835
General,Tops,Blouses,4,1,835
General,Tops,Knits,3,0,873
General,Bottoms,Pants,4,1,1059
General,Tops,Knits,5,1,873
General Petite,Tops,Blouses,5,1,834
General Petite,Tops,Blouses,4,1,834
General,Bottoms,Pants,4,1,1068
General Petite,Dresses,Dresses,5,1,1081
General,Tops,Fine gauge,5,1,895
General,Dresses,Dresses,5,1,1076
General,Tops,Knits,4,1,876
General,Dresses,Dresses,4,1,1110
General,Tops,Knits,4,1,862
General Petite,Dresses,Dresses,4,1,1081
General,Dresses,Dresses,4,1,1110
General,Tops,Knits,2,0,876
General,Dresses,Dresses,4,1,1110
General Petite,Dresses,Dresses,4,1,1081
General,Tops,Fine gauge,5,1,895
General,Dresses,Dresses,5,1,1110
General,Dresses,Dresses,4,1,1110
General,Bottoms,Pants,5,1,1068
General,Dresses,Dresses,5,1,1110
General,Tops,Fine gauge,3,1,895
General Petite,Dresses,Dresses,5,1,1081
General,Bottoms,Pants,4,1,1068
General,Dresses,Dresses,3,1,1110
General,Tops,Fine gauge,4,1,895
General Petite,Dresses,Dresses,5,1,1075
General,Tops,Fine gauge,5,1,895
General,Trend,Trend,2,0,559
General Petite,Intimate,Lounge,3,0,735
General Petite,Dresses,Dresses,5,1,1075
General,Dresses,Dresses,5,1,1078
General,Dresses,Dresses,3,0,1078
General Petite,Dresses,Dresses,5,1,1081
General,Tops,Knits,5,1,876
General,Jackets,Jackets,2,0,982
General,Tops,Knits,2,0,876
General,Dresses,Dresses,5,1,1110
General,Dresses,Dresses,5,1,1078
General Petite,Dresses,Dresses,5,1,1110
General Petite,Dresses,Dresses,5,1,1110
General,Tops,Fine gauge,5,1,895
General,Dresses,Dresses,5,1,1076
General Petite,Dresses,Dresses,4,1,1110
General,Tops,Fine gauge,4,1,895
General Petite,Bottoms,Pants,5,1,1068
General,Tops,Fine gauge,5,1,895
General Petite,Dresses,Dresses,2,0,1110
General Petite,Dresses,Dresses,3,0,1081
General,Dresses,Dresses,5,1,1078
General,Dresses,Dresses,5,1,1078
General Petite,Tops,Sweaters,3,1,930
General Petite,Dresses,Dresses,5,1,1110
General Petite,Dresses,Dresses,4,0,1110
General Petite,Tops,Fine gauge,4,1,895
General,Tops,Blouses,5,1,822
General,Tops,Sweaters,5,1,949
General,Bottoms,Shorts,3,0,383
General,Tops,Knits,5,1,875
General,Tops,Knits,4,1,875
General,Dresses,Dresses,5,1,1094
General Petite,Bottoms,Skirts,4,1,992
General,Tops,Blouses,4,1,841
General,Bottoms,Shorts,5,1,383
General,Tops,Blouses,5,1,841
General,Tops,Knits,4,1,875
General,Tops,Blouses,3,1,841
General,Tops,Knits,5,1,875
General,Tops,Knits,5,1,866
General,Tops,Blouses,3,1,828
General,Tops,Blouses,5,1,841
General Petite,Dresses,Dresses,4,1,1094
General Petite,Tops,Knits,1,0,862
General Petite,Tops,Sweaters,4,1,941
General Petite,Dresses,Dresses,5,1,1094
General,Tops,Knits,4,1,875
General,Bottoms,Shorts,4,1,383
General,Tops,Knits,5,1,862
General,Tops,Sweaters,4,1,921
General Petite,Dresses,Dresses,5,1,1094
General,Tops,Blouses,5,1,822
General,Tops,Knits,5,1,875
General Petite,Tops,Sweaters,5,1,941
General,Tops,Blouses,5,1,828
General,Tops,Blouses,5,1,841
General Petite,Bottoms,Skirts,1,0,1008
General,Tops,Blouses,1,0,841
General Petite,Bottoms,Skirts,4,1,1008
General Petite,Dresses,Dresses,5,1,1094
General Petite,Bottoms,Skirts,3,0,1008
General,Tops,Knits,5,1,875
General,Bottoms,Shorts,2,0,383
General,Bottoms,Shorts,5,1,383
General,Tops,Sweaters,4,1,936
General Petite,Tops,Sweaters,4,1,941
Initmates,Intimate,Lounge,5,1,780
General,Bottoms,Pants,2,0,1059
Initmates,Intimate,Lounge,5,1,780
General Petite,Dresses,Dresses,4,1,1078
General,Dresses,Dresses,5,1,1198
General,Bottoms,Pants,5,1,1059
General Petite,Dresses,Dresses,5,1,1078
Initmates,Intimate,Swim,5,1,1157
General Petite,Dresses,Dresses,5,1,1078
General,Bottoms,Pants,4,1,1059
General Petite,Dresses,Dresses,3,0,1078
General Petite,Dresses,Dresses,1,0,1078
General Petite,Dresses,Dresses,2,0,1080
General Petite,Dresses,Dresses,5,1,1078
General Petite,Dresses,Dresses,4,1,1078
General,Tops,Knits,5,1,872
General Petite,Dresses,Dresses,4,1,1078
General,Tops,Knits,5,1,866
General Petite,Dresses,Dresses,5,1,1078
General,Bottoms,Pants,2,0,1059
General Petite,Dresses,Dresses,3,0,1080
General,Tops,Blouses,3,0,841
General Petite,Dresses,Dresses,4,1,1078
General Petite,Dresses,Dresses,3,0,1078
General,Dresses,Dresses,3,1,1198
General,Tops,Knits,4,1,866
General Petite,Dresses,Dresses,4,1,1078
General Petite,Dresses,Dresses,4,1,1078
Initmates,Intimate,Lounge,3,1,780
General Petite,Dresses,Dresses,5,1,1078
General Petite,Bottoms,Pants,5,1,590
General Petite,Dresses,Dresses,3,0,1078
General Petite,Dresses,Dresses,3,0,1078
General,Dresses,Dresses,4,1,1078
General,Dresses,Dresses,2,0,1078
General,Dresses,Dresses,5,1,1078
General,Dresses,Dresses,3,1,1078
General,Bottoms,Pants,5,1,1059
General,Dresses,Dresses,5,1,1078
General,Dresses,Dresses,4,1,1078
General,Dresses,Dresses,3,0,1078
General,Dresses,Dresses,5,1,1078
General,Tops,Knits,5,1,872
General Petite,Dresses,Dresses,1,0,1080
General,Dresses,Dresses,4,1,1078
General,Bottoms,Pants,5,1,1059
General,Dresses,Dresses,5,1,1078
General,Dresses,Dresses,4,1,1078
General,Dresses,Dresses,4,0,1078
General Petite,Tops,Blouses,4,1,849
General,Dresses,Dresses,5,1,1075
General,Tops,Knits,4,1,879
General,Tops,Knits,5,1,879
General Petite,Bottoms,Skirts,5,1,993
General,Dresses,Dresses,3,0,1094
General Petite,Bottoms,Skirts,5,1,993
General,Tops,Knits,5,1,879
General Petite,Bottoms,Skirts,5,1,993
General Petite,Bottoms,Skirts,1,0,993
General Petite,Bottoms,Skirts,4,1,993
General,Bottoms,Shorts,4,1,479
General Petite,Bottoms,Skirts,5,1,993
General Petite,Bottoms,Jeans,4,1,1037
Initmates,Intimate,Swim,3,1,535
General,Bottoms,Shorts,5,1,479
General,Bottoms,Shorts,3,1,479
General,Tops,Knits,3,0,879
Initmates,Intimate,Swim,3,1,535
General Petite,Bottoms,Skirts,4,1,993
General Petite,Bottoms,Jeans,4,1,1037
General,Tops,Knits,5,1,879
General Petite,Bottoms,Jeans,4,1,1037
General,Tops,Blouses,5,1,836
General,Bottoms,Shorts,5,1,479
General,Tops,Fine gauge,5,1,903
General Petite,Bottoms,Skirts,5,1,993
General Petite,Bottoms,Skirts,4,1,993
General,Bottoms,Shorts,5,1,479
General,Tops,Knits,4,1,879
Initmates,Intimate,Swim,4,1,535
General Petite,Bottoms,Jeans,4,1,1037
General,Bottoms,Shorts,4,1,479
General Petite,Bottoms,Skirts,4,1,993
General,Tops,Fine gauge,5,1,903
General,Tops,Knits,3,0,879
General Petite,Bottoms,Skirts,2,0,993
General,Tops,Knits,5,1,879
General Petite,Dresses,Dresses,5,1,1094
General Petite,Dresses,Dresses,5,1,1094
General,Dresses,Dresses,2,0,1111
General,Bottoms,Shorts,5,1,479
General,Bottoms,Shorts,4,1,479
General,Tops,Knits,4,1,879
General Petite,Bottoms,Skirts,3,0,993
General,Tops,Knits,3,0,879
General,Dresses,Dresses,5,1,1111
General Petite,Dresses,Dresses,5,1,1094
General Petite,Bottoms,Jeans,2,0,1037
General,Tops,Fine gauge,1,0,903
General,Tops,Knits,5,1,879
General,Bottoms,Shorts,2,1,479
General Petite,Bottoms,Jeans,5,1,1037
General,Bottoms,Shorts,5,1,479
General,Tops,Blouses,5,1,836
General,Tops,Knits,5,1,877
General Petite,Bottoms,Skirts,5,1,999
General,Tops,Blouses,5,1,831
General,Dresses,Dresses,1,0,1094
Initmates,Intimate,Swim,5,1,237
General,Tops,Knits,5,1,877
General,Dresses,Dresses,5,1,1083
General Petite,Bottoms,Jeans,3,1,1038
General,Tops,Blouses,1,0,825
Initmates,Intimate,Swim,5,1,237
General,Tops,Blouses,5,1,831
General,Tops,Knits,3,0,862
General,Dresses,Dresses,5,1,1083
General,Tops,Knits,4,1,877
General Petite,Bottoms,Skirts,5,1,999
General,Bottoms,Skirts,2,0,1009
General Petite,Bottoms,Skirts,5,1,999
General,Dresses,Dresses,5,1,1083
General Petite,Bottoms,Jeans,3,1,1038
General Petite,Tops,Knits,5,1,862
General,Bottoms,Skirts,5,1,1008
General,Dresses,Dresses,5,1,1104
General Petite,Bottoms,Skirts,4,1,999
General,Tops,Blouses,2,0,825
General Petite,Tops,Knits,4,1,862
General,Bottoms,Skirts,5,1,1008
General,Tops,Knits,5,1,877
General Petite,Tops,Knits,4,0,862
General,Dresses,Dresses,4,1,1104
General Petite,Tops,Knits,4,1,862
General,Dresses,Dresses,5,1,1083
General,Dresses,Dresses,5,1,1083
General Petite,Bottoms,Jeans,5,1,1022
General,Tops,Blouses,2,0,825
General,Bottoms,Skirts,5,1,1008
General,Dresses,Dresses,5,1,1083
General,Tops,Knits,5,1,877
General,Tops,Blouses,3,0,840
General Petite,Bottoms,Skirts,2,0,999
General,Tops,Sweaters,5,1,927
General,Bottoms,Skirts,4,1,1009
General Petite,Bottoms,Jeans,1,0,1022
General,Bottoms,Skirts,5,1,1008
General Petite,Bottoms,Skirts,4,1,999
General Petite,Bottoms,Skirts,5,1,999
General,Bottoms,Skirts,5,1,1008
Initmates,Intimate,Swim,4,1,277
General Petite,Tops,Knits,5,1,862
General,Tops,Sweaters,3,1,927
General,Bottoms,Skirts,4,1,1009
General,Bottoms,Skirts,5,1,1008
General,Tops,Knits,5,1,877
General,Bottoms,Skirts,3,1,1009
General,Tops,Knits,4,1,862
General,Tops,Blouses,5,1,840
General,Tops,Knits,3,1,871
General,Bottoms,Skirts,3,1,1009
General,Tops,Knits,2,0,862
General,Tops,Knits,4,1,862
General,Bottoms,Skirts,3,1,1009
General,Bottoms,Skirts,5,1,1008
General Petite,Bottoms,Skirts,1,0,999
General,Tops,Blouses,4,0,840
General,Bottoms,Skirts,5,1,1009
General,Tops,Knits,4,1,871
General,Tops,Knits,3,0,862
General,Tops,Blouses,5,1,831
General,Tops,Knits,5,1,877
Initmates,Intimate,Swim,4,1,237
General,Tops,Knits,5,1,877
General,Tops,Blouses,1,0,825
General,Bottoms,Skirts,5,1,1008
General Petite,Bottoms,Skirts,5,1,999
General Petite,Bottoms,Jeans,4,1,1038
General Petite,Bottoms,Jeans,5,1,1038
General,Tops,Knits,4,1,862
Initmates,Intimate,Swim,5,1,470
General Petite,Dresses,Dresses,5,1,1104
General Petite,Bottoms,Jeans,4,0,1038
General,Bottoms,Skirts,5,1,1008
General,Tops,Sweaters,3,0,927
General,Tops,Blouses,4,1,840
General,Tops,Knits,5,1,877
General Petite,Dresses,Dresses,5,1,1083
General,Dresses,Dresses,3,1,1094
General Petite,Tops,Blouses,5,1,842
General,Bottoms,Skirts,5,1,990
General,Tops,Blouses,3,1,830
General Petite,Tops,Blouses,5,1,842
General,Tops,Blouses,4,1,830
General,Bottoms,Shorts,5,1,533
General Petite,Bottoms,Pants,5,1,490
General,Dresses,Dresses,4,1,1094
Initmates,Intimate,Swim,1,0,269
General,Bottoms,Shorts,5,1,533
General,Tops,Knits,2,0,877
General,Tops,Knits,2,0,877
General,Dresses,Dresses,5,1,1094
General,Tops,Blouses,4,1,830
General,Tops,Blouses,3,0,830
General,Dresses,Dresses,5,1,1094
General,Dresses,Dresses,5,1,1094
General Petite,Bottoms,Pants,5,1,490
General,Dresses,Dresses,4,1,1094
General,Dresses,Dresses,5,1,1094
Initmates,Intimate,Swim,5,1,459
General,Bottoms,Jeans,4,1,1028
General Petite,Tops,Blouses,3,0,829
Initmates,Intimate,Lounge,3,0,307
General Petite,Bottoms,Skirts,5,1,988
General,Dresses,Dresses,4,1,1096
General Petite,Jackets,Jackets,5,1,965
General Petite,Jackets,Jackets,2,0,965
General,Dresses,Dresses,5,1,1095
General,Dresses,Dresses,5,1,1096
General Petite,Tops,Knits,5,1,868
Initmates,Intimate,Intimates,2,0,46
Initmates,Intimate,Intimates,4,1,388
Initmates,Intimate,Lounge,4,1,307
General Petite,Bottoms,Skirts,4,1,988
General Petite,Tops,Blouses,3,1,829
General Petite,Jackets,Jackets,1,0,965
General Petite,Jackets,Jackets,3,0,965
General Petite,Bottoms,Pants,5,1,1062
General Petite,Bottoms,Skirts,4,1,988
General,Tops,Blouses,3,0,818
General Petite,Jackets,Jackets,3,1,965
General,Tops,Blouses,5,1,818
General,Dresses,Dresses,4,1,1096
Initmates,Intimate,Intimates,5,1,46
General Petite,Tops,Blouses,5,1,829
General Petite,Bottoms,Skirts,2,0,988
General,Dresses,Dresses,3,0,1096
General Petite,Jackets,Jackets,2,0,965
General,Dresses,Dresses,5,1,1096
General,Dresses,Dresses,5,1,1096
General,Dresses,Dresses,5,1,1096
General,Tops,Knits,4,1,871
General,Tops,Blouses,4,1,825
General,Dresses,Dresses,5,1,1096
General Petite,Jackets,Jackets,4,1,965
General Petite,Jackets,Jackets,4,1,965
General Petite,Bottoms,Skirts,4,1,988
General,Tops,Blouses,5,1,836
General,Dresses,Dresses,3,1,1096
General,Dresses,Dresses,5,1,1095
Initmates,Intimate,Lounge,5,1,307
General,Dresses,Dresses,5,1,1095
General,Dresses,Dresses,2,0,1096
General,Dresses,Dresses,2,0,1096
General,Tops,Knits,5,1,868
Initmates,Intimate,Intimates,5,1,46
General Petite,Tops,Blouses,1,0,829
General,Dresses,Dresses,5,1,1096
General,Tops,Sweaters,4,1,943
General,Dresses,Dresses,5,1,1096
General Petite,Jackets,Jackets,4,1,965
General,Dresses,Dresses,3,1,1096
General,Bottoms,Skirts,1,0,1011
General,Dresses,Dresses,4,1,1096
General Petite,Jackets,Jackets,5,1,965
General,Tops,Knits,4,1,868
General,Dresses,Dresses,4,1,1096
General,Bottoms,Jeans,4,1,1028
General Petite,Jackets,Jackets,3,0,965
General Petite,Jackets,Jackets,3,1,965
General,Dresses,Dresses,1,0,1096
General,Tops,Knits,5,1,868
General,Tops,Knits,3,1,864
General Petite,Dresses,Dresses,5,1,1080
General,Tops,Knits,5,1,864
General,Tops,Knits,4,1,875
General Petite,Dresses,Dresses,5,1,1080
General,Tops,Blouses,5,1,822
General,Tops,Knits,5,1,875
General Petite,Dresses,Dresses,5,1,1080
General,Tops,Knits,5,1,875
General,Tops,Knits,4,1,875
General,Tops,Knits,4,1,864
General,Tops,Knits,5,1,875
General Petite,Dresses,Dresses,5,1,1080
General,Dresses,Dresses,4,1,1083
General Petite,Dresses,Dresses,3,0,1075
General,Tops,Knits,5,1,875
General,Tops,Knits,4,1,875
General,Bottoms,Jeans,2,0,1039
General,Tops,Blouses,5,1,829
General,Tops,Knits,5,1,875
General,Tops,Blouses,4,1,822
General,Dresses,Dresses,5,1,1083
General,Tops,Knits,4,1,875
General Petite,Dresses,Dresses,5,1,1080
General,Tops,Knits,4,1,875
General,Tops,Knits,4,1,875
General Petite,Dresses,Dresses,5,1,1080
General,Tops,Knits,5,1,875
General,Tops,Knits,2,0,881
General,Tops,Knits,4,1,875
General,Tops,Knits,2,0,881
Initmates,Intimate,Lounge,4,1,742
General,Tops,Knits,4,1,856
General,Tops,Blouses,5,1,829
General Petite,Dresses,Dresses,5,1,1080
General Petite,Dresses,Dresses,4,1,1080
General,Tops,Knits,5,1,875
Initmates,Intimate,Lounge,4,1,742
General,Bottoms,Jeans,3,1,1039
General,Tops,Knits,5,1,875
General,Tops,Knits,5,1,875
Initmates,Intimate,Sleep,5,1,250
General,Tops,Knits,3,0,875
General,Bottoms,Jeans,1,0,1039
General,Tops,Knits,4,0,875
General Petite,Dresses,Dresses,5,1,1080
General,Tops,Knits,3,0,875
General,Tops,Knits,4,1,881
General,Tops,Knits,3,1,881
General,Tops,Knits,4,1,881
General,Tops,Knits,4,1,881
General Petite,Dresses,Dresses,5,1,1080
General,Tops,Knits,2,0,881
General,Tops,Blouses,4,1,829
General,Tops,Knits,4,1,875
General,Tops,Knits,5,1,864
General,Tops,Knits,5,1,864
Initmates,Intimate,Sleep,1,0,250
General,Tops,Blouses,4,1,829
General Petite,Dresses,Dresses,5,1,1083
General,Tops,Knits,2,0,875
General,Tops,Knits,4,1,875
General,Bottoms,Jeans,3,0,1039
General Petite,Tops,Blouses,5,1,833
General Petite,Tops,Knits,5,1,872
General Petite,Jackets,Jackets,4,1,964
General Petite,Tops,Knits,5,1,857
General,Tops,Knits,5,1,868
General Petite,Dresses,Dresses,5,1,1080
General Petite,Tops,Knits,5,1,857
General,Tops,Knits,5,1,862
General Petite,Jackets,Jackets,5,1,964
General Petite,Jackets,Jackets,5,1,985
General Petite,Dresses,Dresses,3,0,1080
General Petite,Jackets,Jackets,5,1,964
General,Tops,Knits,4,1,862
General Petite,Dresses,Dresses,5,1,1086
General Petite,Tops,Knits,5,1,872
General Petite,Tops,Knits,5,1,872
General,Tops,Knits,1,0,862
General,Bottoms,Pants,4,1,1054
General Petite,Jackets,Jackets,5,1,964
Initmates,Intimate,Swim,5,1,241
General Petite,Dresses,Dresses,1,0,1082
General Petite,Tops,Knits,3,1,872
General,Tops,Knits,5,1,862
General Petite,Tops,Knits,3,1,872
General Petite,Tops,Knits,3,0,872
General Petite,Jackets,Jackets,5,1,964
General Petite,Tops,Knits,2,0,872
General,Tops,Knits,5,1,862
General Petite,Dresses,Dresses,2,0,1082
General Petite,Tops,Knits,3,1,872
General,Tops,Knits,3,1,862
General,Tops,Knits,5,1,862
General Petite,Jackets,Jackets,5,1,985
Initmates,Intimate,Swim,5,1,241
General,Tops,Knits,5,1,862
General Petite,Tops,Knits,5,1,857
General,Dresses,Dresses,5,1,1102
General Petite,Tops,Knits,4,1,872
General Petite,Jackets,Jackets,5,1,964
General Petite,Dresses,Dresses,4,1,1082
General Petite,Dresses,Dresses,5,1,1086
General,Tops,Knits,4,1,862
General,Tops,Knits,4,1,862
General Petite,Tops,Knits,5,1,872
General Petite,Tops,Knits,4,1,872
General Petite,Tops,Knits,5,1,872
General,Tops,Knits,3,1,862
General,Tops,Knits,3,0,862
General Petite,Dresses,Dresses,4,1,1086
General Petite,Jackets,Jackets,5,1,964
General Petite,Dresses,Dresses,3,1,1086
General Petite,Tops,Blouses,4,1,828
General,Bottoms,Skirts,5,1,1019
General Petite,Jackets,Jackets,5,1,964
General Petite,Tops,Knits,5,1,857
General,Tops,Fine gauge,5,1,899
Initmates,Intimate,Lounge,3,0,165
General,Tops,Knits,5,1,873
General Petite,Bottoms,Jeans,5,1,1022
General Petite,Tops,Knits,5,1,854
General,Tops,Knits,5,1,873
General,Tops,Knits,5,1,873
General Petite,Tops,Knits,5,1,854
General Petite,Tops,Blouses,4,1,833
General,Trend,Trend,5,1,1141
General Petite,Tops,Knits,4,1,854
General Petite,Tops,Blouses,1,0,836
General,Tops,Fine gauge,5,1,899
General,Tops,Fine gauge,5,1,899
Initmates,Intimate,Swim,3,1,536
Initmates,Intimate,Swim,2,0,514
General Petite,Tops,Blouses,2,0,830
Initmates,Intimate,Lounge,5,1,165
General,Tops,Blouses,4,1,848
General,Tops,Knits,5,1,873
General,Tops,Knits,5,1,873
Initmates,Intimate,Swim,3,1,514
General,Trend,Trend,4,1,1141
General,Tops,Knits,5,1,873
General Petite,Tops,Blouses,4,1,836
General,Tops,Fine gauge,5,1,899
General,Tops,Knits,4,1,873
General,Tops,Fine gauge,5,1,912
Initmates,Intimate,Swim,2,0,514
General,Tops,Knits,5,1,873
General,Trend,Trend,5,1,1141
Initmates,Intimate,Swim,3,0,514
General,Tops,Knits,5,1,873
General,Tops,Fine gauge,5,1,899
Initmates,Intimate,Swim,5,1,514
Initmates,Intimate,Swim,1,0,514
General Petite,Tops,Blouses,5,1,830
General Petite,Tops,Blouses,4,1,836
General,Tops,Knits,5,1,873
General,Tops,Knits,5,1,873
General Petite,Tops,Blouses,5,1,830
General,Tops,Blouses,4,1,848
General Petite,Tops,Blouses,4,1,836
General,Tops,Knits,5,1,873
General,Bottoms,Jeans,5,1,1030
General,Tops,Fine gauge,5,1,912
General Petite,Bottoms,Skirts,5,1,999
General Petite,Bottoms,Skirts,3,0,999
Initmates,Intimate,Swim,4,1,536
General,Tops,Knits,4,1,1186
General Petite,Tops,Blouses,5,1,830
General,Tops,Knits,5,1,873
General,Tops,Knits,5,1,873
General Petite,Tops,Knits,2,1,854
General,Tops,Fine gauge,5,1,899
General Petite,Tops,Blouses,3,0,836
General,Tops,Fine gauge,5,1,899
General,Tops,Knits,4,1,873
General,Tops,Fine gauge,4,1,899
General,Tops,Knits,5,1,873
General,Bottoms,Jeans,5,1,1030
General,Bottoms,Jeans,5,1,1030
General,Tops,Knits,5,1,873
General,Trend,Trend,5,1,1141
Initmates,Intimate,Swim,5,1,514
General Petite,Tops,Blouses,4,1,830
General,Tops,Knits,5,1,873
General,Tops,Fine gauge,5,1,899
General,Tops,Fine gauge,5,1,912
General Petite,Tops,Blouses,5,1,830
General Petite,Bottoms,Skirts,4,1,999
General,Tops,Knits,3,0,873
General Petite,Tops,Blouses,3,0,836
Initmates,Intimate,Swim,2,0,514
Initmates,Intimate,Lounge,5,1,275
General,Tops,Blouses,5,1,828
General Petite,Tops,Sweaters,5,1,927
General,Tops,Blouses,5,1,828
General,Tops,Blouses,3,0,853
General,Tops,Fine gauge,3,1,893
General,Tops,Blouses,5,1,1180
General Petite,Tops,Sweaters,3,0,927
General,Dresses,Dresses,5,1,1088
General,Tops,Blouses,3,1,853
General,Bottoms,Pants,5,1,1046
General,Dresses,Dresses,4,1,1088
General,Tops,Blouses,5,1,828
General,Tops,Fine gauge,5,1,893
Initmates,Intimate,Intimates,3,0,95
General Petite,Dresses,Dresses,3,0,1075
General,Tops,Blouses,3,1,853
General,Tops,Fine gauge,5,1,893
General Petite,Tops,Knits,5,1,865
General,Tops,Blouses,3,0,853
General Petite,Bottoms,Skirts,5,1,1009
General,Tops,Fine gauge,5,1,893
General Petite,Bottoms,Skirts,5,1,1009
General,Tops,Blouses,4,0,1180
General Petite,Dresses,Dresses,5,1,1081
General Petite,Jackets,Outerwear,2,0,1122
General,Tops,Knits,2,0,868
General,Bottoms,Jeans,5,1,1037
General Petite,Dresses,Dresses,3,1,1075
General,Tops,Fine gauge,5,1,895
General,Tops,Fine gauge,5,1,895
General,Bottoms,Jeans,4,1,1037
General,Bottoms,Jeans,4,1,1037
General,Bottoms,Jeans,5,1,1037
General,Tops,Fine gauge,5,1,895
General,Bottoms,Jeans,2,0,1037
General,Tops,Knits,3,1,868
General Petite,Jackets,Outerwear,2,0,1122
General Petite,Dresses,Dresses,5,1,1075
General Petite,Tops,Knits,5,1,872
General,Tops,Fine gauge,3,0,895
General Petite,Dresses,Dresses,5,1,1081
General,Bottoms,Jeans,5,1,1037
General,Bottoms,Jeans,5,1,1037
General,Bottoms,Jeans,5,1,1037
General,Bottoms,Jeans,5,1,1037
General,Bottoms,Jeans,5,1,1037
General,Tops,Fine gauge,2,0,895
General Petite,Dresses,Dresses,5,1,1075
General,Bottoms,Jeans,5,1,1037
General Petite,Tops,Knits,4,1,872
General,Bottoms,Jeans,5,1,1037
General Petite,Jackets,Outerwear,1,0,1122
General,Tops,Knits,5,1,868
General Petite,Tops,Knits,5,1,862
General,Tops,Knits,5,1,868
General Petite,Dresses,Dresses,2,0,1081
General,Bottoms,Jeans,5,1,1037
General,Tops,Fine gauge,5,1,895
General Petite,Dresses,Dresses,3,1,1081
General,Bottoms,Jeans,5,1,1037
General,Tops,Fine gauge,5,1,895
Initmates,Intimate,Intimates,5,1,49
General Petite,Tops,Blouses,4,1,833
General Petite,Bottoms,Skirts,5,1,992
General,Tops,Blouses,5,1,823
General,Tops,Blouses,4,1,823
General Petite,Tops,Sweaters,5,1,936
General,Dresses,Dresses,5,1,1094
General Petite,Tops,Blouses,5,1,833
General,Tops,Blouses,5,1,823
Initmates,Intimate,Lounge,5,1,778
General,Dresses,Dresses,5,1,1094
General,Tops,Blouses,5,1,824
General Petite,Tops,Blouses,5,1,833
General,Tops,Blouses,5,1,823
General,Tops,Blouses,3,0,824
General,Dresses,Dresses,5,1,1094
General,Tops,Blouses,5,1,823
General,Tops,Knits,5,1,866
General,Jackets,Jackets,5,1,967
General Petite,Tops,Sweaters,3,0,936
General,Dresses,Dresses,2,0,1094
General,Tops,Blouses,2,0,824
Unknown,Unknown,Unknown,5,1,772
General,Bottoms,Pants,5,1,1068
General,Tops,Knits,5,1,866
General Petite,Dresses,Dresses,4,0,1079
General,Dresses,Dresses,3,1,1094
General,Jackets,Jackets,5,1,967
General,Jackets,Jackets,4,1,967
General,Dresses,Dresses,5,1,1094
General,Dresses,Dresses,5,1,1094
General,Tops,Blouses,5,1,823
General Petite,Dresses,Dresses,1,0,1079
General,Tops,Blouses,4,1,823
General,Tops,Blouses,5,1,823
General,Tops,Blouses,5,1,823
General,Tops,Knits,5,1,868
General Petite,Tops,Knits,3,0,883
Initmates,Intimate,Sleep,5,1,508
Initmates,Intimate,Layering,4,1,520
General Petite,Tops,Knits,2,0,883
General,Tops,Blouses,1,0,823
General Petite,Tops,Knits,4,1,883
Initmates,Intimate,Layering,5,1,520
General Petite,Tops,Knits,3,0,883
Initmates,Intimate,Layering,3,0,520
General,Bottoms,Skirts,5,1,1008
General,Tops,Blouses,4,1,824
General,Tops,Knits,5,1,868
General Petite,Tops,Knits,5,1,883
General Petite,Tops,Knits,4,1,883
Initmates,Intimate,Layering,4,1,520
Initmates,Intimate,Layering,4,1,520
Initmates,Intimate,Layering,4,1,520
General,Bottoms,Pants,5,1,1059
General,Dresses,Dresses,5,1,1094
General Petite,Tops,Knits,5,1,883
General,Tops,Blouses,4,0,824
General,Tops,Blouses,5,1,824
Initmates,Intimate,Layering,4,1,520
Initmates,Intimate,Layering,5,1,520
General Petite,Tops,Knits,5,1,883
General Petite,Bottoms,Pants,1,0,1059
Initmates,Intimate,Sleep,5,1,508
Initmates,Intimate,Layering,5,1,520
Initmates,Intimate,Layering,4,1,520
Initmates,Intimate,Layering,4,1,520
General Petite,Bottoms,Pants,2,0,1059
General,Dresses,Dresses,5,1,1088
Initmates,Intimate,Layering,4,1,520
Initmates,Intimate,Sleep,5,1,508
General Petite,Tops,Knits,5,1,883
General,Tops,Blouses,1,0,818
Initmates,Intimate,Layering,5,1,520
General Petite,Tops,Knits,4,1,883
General,Tops,Blouses,4,1,823
Initmates,Intimate,Layering,4,1,520
General Petite,Tops,Knits,1,0,883
General Petite,Tops,Knits,5,1,883
General,Tops,Blouses,3,0,823
Initmates,Intimate,Layering,5,1,520
General Petite,Tops,Knits,2,0,883
General,Tops,Knits,1,0,868
Initmates,Intimate,Layering,4,1,520
General,Bottoms,Skirts,5,1,1008
Initmates,Intimate,Layering,5,1,520
Initmates,Intimate,Layering,4,1,520
General,Bottoms,Skirts,5,1,1008
General Petite,Tops,Knits,1,0,883
Initmates,Intimate,Layering,4,1,520
General,Dresses,Dresses,5,1,1094
Initmates,Intimate,Layering,5,1,520
Initmates,Intimate,Layering,5,1,520
General Petite,Tops,Knits,4,1,883
General,Dresses,Dresses,4,1,1088
General Petite,Tops,Knits,3,0,883
Initmates,Intimate,Layering,4,1,520
General,Tops,Knits,2,0,862
General Petite,Tops,Knits,4,1,883
Initmates,Intimate,Layering,5,1,520
General,Bottoms,Skirts,5,1,1008
General,Bottoms,Skirts,5,1,1008
Initmates,Intimate,Layering,4,1,520
Initmates,Intimate,Layering,5,1,520
General,Dresses,Dresses,5,1,16
General Petite,Tops,Knits,5,1,883
Initmates,Intimate,Layering,4,1,520
General Petite,Tops,Knits,4,1,883
Initmates,Intimate,Layering,5,1,520
Initmates,Intimate,Layering,4,1,520
General,Bottoms,Skirts,5,1,1008
Initmates,Intimate,Layering,5,1,520
Initmates,Intimate,Layering,5,1,520
General Petite,Tops,Knits,2,0,883
General Petite,Tops,Knits,5,1,883
General Petite,Tops,Knits,4,1,883
General Petite,Tops,Knits,1,0,883
General Petite,Tops,Knits,3,0,883
General Petite,Bottoms,Skirts,5,1,999
General,Tops,Knits,4,1,881
General,Tops,Knits,5,1,881
General Petite,Tops,Knits,2,0,873
General,Tops,Knits,2,0,881
General Petite,Tops,Fine gauge,5,1,898
General,Tops,Knits,5,1,881
General,Jackets,Outerwear,5,1,1126
General,Tops,Knits,4,1,872
General,Dresses,Dresses,5,1,1078
General,Bottoms,Skirts,3,1,1004
General,Tops,Knits,4,1,881
General,Bottoms,Skirts,4,1,1004
General,Bottoms,Skirts,5,1,1004
General,Dresses,Dresses,5,1,1078
Initmates,Intimate,Lounge,4,1,706
General,Dresses,Dresses,4,1,1078
General,Jackets,Outerwear,5,1,1126
General Petite,Tops,Knits,4,1,873
General,Dresses,Dresses,2,0,1078
General Petite,Tops,Blouses,4,1,834
General,Tops,Knits,2,0,881
General Petite,Dresses,Dresses,5,1,1111
General Petite,Tops,Knits,5,1,873
Initmates,Intimate,Swim,5,1,355
Initmates,Intimate,Sleep,5,1,685
General,Tops,Knits,4,1,881
General,Bottoms,Skirts,2,0,1004
General,Tops,Knits,4,1,881
General Petite,Tops,Knits,5,1,873
General,Tops,Knits,2,0,881
General,Jackets,Outerwear,4,1,1126
General,Tops,Knits,3,0,881
General,Dresses,Dresses,2,0,1078
Initmates,Intimate,Lounge,5,1,706
General,Tops,Knits,5,1,872
Initmates,Intimate,Lounge,4,1,706
General,Tops,Knits,4,1,862
General,Dresses,Dresses,3,0,1078
General,Dresses,Dresses,5,1,1078
General Petite,Tops,Knits,5,1,873
Initmates,Intimate,Lounge,1,0,706
General,Dresses,Dresses,3,0,1078
General,Tops,Knits,5,1,881
General Petite,Tops,Fine gauge,5,1,898
General,Tops,Knits,5,1,881
Initmates,Intimate,Intimates,5,1,700
General,Tops,Knits,5,1,881
General,Tops,Knits,5,1,881
General,Tops,Knits,5,1,872
General Petite,Bottoms,Pants,5,1,1070
General,Tops,Fine gauge,5,1,895
General Petite,Tops,Blouses,5,1,831
General Petite,Jackets,Jackets,5,1,985
General,Bottoms,Shorts,5,1,614
General Petite,Tops,Knits,5,1,873
General,Tops,Knits,1,0,868
General Petite,Jackets,Jackets,5,1,985
General,Tops,Fine gauge,5,1,897
General,Tops,Sweaters,5,1,927
General,Tops,Fine gauge,5,1,895
General,Tops,Fine gauge,5,1,895
General Petite,Jackets,Jackets,5,1,985
General Petite,Tops,Blouses,5,1,831
General,Tops,Sweaters,5,1,927
General Petite,Jackets,Jackets,5,1,985
General,Bottoms,Pants,4,1,1051
General,Tops,Sweaters,5,1,927
General Petite,Dresses,Dresses,5,1,1082
General Petite,Tops,Blouses,5,1,831
General,Tops,Blouses,1,0,824
General Petite,Jackets,Jackets,4,1,985
General Petite,Dresses,Dresses,5,1,1082
General Petite,Tops,Blouses,4,1,831
General,Tops,Sweaters,4,1,927
General,Tops,Sweaters,5,1,927
General,Bottoms,Shorts,3,0,614
General,Tops,Sweaters,5,1,927
General Petite,Jackets,Jackets,5,1,985
General,Tops,Sweaters,5,1,927
General,Bottoms,Pants,4,1,1051
General Petite,Jackets,Jackets,4,1,985
General Petite,Tops,Fine gauge,4,1,895
General Petite,Jackets,Jackets,4,1,985
General Petite,Tops,Blouses,4,1,831
General,Bottoms,Shorts,5,1,614
General,Tops,Sweaters,5,1,927
General Petite,Jackets,Jackets,5,1,985
General,Bottoms,Pants,4,1,1051
General Petite,Tops,Fine gauge,4,1,895
General,Bottoms,Pants,4,1,1051
General,Dresses,Dresses,5,1,1103
General Petite,Dresses,Dresses,4,1,1082
Initmates,Intimate,Swim,4,1,242
Initmates,Intimate,Swim,5,1,242
General Petite,Bottoms,Jeans,5,1,1035
General Petite,Dresses,Dresses,4,1,1095
General,Bottoms,Jeans,5,1,1033
General Petite,Bottoms,Jeans,5,1,1035
General Petite,Dresses,Dresses,3,0,1082
Initmates,Intimate,Swim,4,1,242
General,Tops,Blouses,4,1,828
General,Tops,Blouses,5,1,828
General Petite,Dresses,Dresses,1,0,1095
General,Dresses,Dresses,3,1,1089
General Petite,Bottoms,Jeans,1,0,1035
General Petite,Bottoms,Jeans,5,1,1035
General,Bottoms,Jeans,4,1,1033
General Petite,Dresses,Dresses,2,0,1095
General Petite,Bottoms,Jeans,5,1,1035
Initmates,Intimate,Swim,5,1,242
General,Tops,Blouses,5,1,828
General Petite,Bottoms,Jeans,5,1,1035
General,Tops,Blouses,5,1,828
General Petite,Dresses,Dresses,5,1,1095
General,Dresses,Dresses,2,0,1089
General Petite,Bottoms,Jeans,5,1,1035
General Petite,Bottoms,Jeans,2,0,1035
Initmates,Intimate,Swim,5,1,242
General Petite,Bottoms,Jeans,5,1,1035
General Petite,Bottoms,Jeans,5,1,1035
General Petite,Bottoms,Jeans,5,1,1035
General Petite,Bottoms,Jeans,5,1,1035
General Petite,Bottoms,Jeans,4,1,1035
General Petite,Bottoms,Jeans,5,1,1035
General Petite,Bottoms,Jeans,4,1,1035
General,Tops,Sweaters,1,0,945
General Petite,Tops,Fine gauge,4,1,909
General,Dresses,Dresses,5,1,1074
General,Dresses,Dresses,5,1,1078
General,Dresses,Dresses,5,1,1078
General,Dresses,Dresses,5,1,1078
General,Tops,Knits,3,1,872
General,Dresses,Dresses,5,1,1078
General,Tops,Knits,5,1,872
General,Dresses,Dresses,5,1,1078
General Petite,Tops,Knits,4,1,857
General,Tops,Knits,5,1,872
General Petite,Tops,Knits,4,1,857
General,Dresses,Dresses,5,1,1078
General Petite,Tops,Knits,4,0,871
General,Bottoms,Jeans,5,1,1022
General Petite,Tops,Knits,4,0,857
General,Tops,Blouses,5,1,823
General,Dresses,Dresses,5,1,1078
General,Tops,Knits,5,1,872
General,Tops,Blouses,5,1,836
General,Bottoms,Pants,2,0,1049
General,Tops,Knits,4,1,872
Initmates,Intimate,Lounge,5,1,372
General,Bottoms,Pants,4,1,1049
General,Dresses,Dresses,5,1,1078
General,Dresses,Dresses,5,1,1078
General,Dresses,Dresses,2,0,1078
General,Tops,Knits,4,1,872
General,Dresses,Dresses,5,1,1074
General,Dresses,Dresses,5,1,1078
General,Dresses,Dresses,5,1,1078
General,Tops,Knits,5,1,872
General Petite,Tops,Knits,2,0,857
General,Tops,Knits,3,0,872
General,Tops,Knits,5,1,872
General,Tops,Knits,5,1,872
General,Tops,Blouses,4,1,823
General,Dresses,Dresses,5,1,1078
General,Dresses,Dresses,5,1,1078
General Petite,Tops,Knits,4,1,871
General Petite,Tops,Knits,2,0,857
General,Dresses,Dresses,5,1,1078
General,Tops,Knits,4,1,872
General,Tops,Knits,5,1,872
General,Tops,Blouses,3,1,836
General,Dresses,Dresses,5,1,1078
General,Tops,Knits,5,1,872
General,Tops,Blouses,5,1,836
General Petite,Dresses,Dresses,5,1,1078
General Petite,Dresses,Dresses,5,1,1078
General,Tops,Knits,5,1,872
General Petite,Dresses,Dresses,5,1,1078
General Petite,Tops,Fine gauge,5,1,909
General Petite,Dresses,Dresses,5,1,1078
General Petite,Dresses,Dresses,5,1,1079
Initmates,Intimate,Swim,4,1,322
General,Tops,Blouses,4,1,818
General,Tops,Knits,5,1,862
General,Bottoms,Pants,5,1,1059
General,Bottoms,Pants,5,1,1059
General Petite,Jackets,Jackets,5,1,975
General,Bottoms,Pants,5,1,1059
Initmates,Intimate,Swim,5,1,322
General,Bottoms,Pants,5,1,1059
General,Bottoms,Pants,5,1,1059
Initmates,Intimate,Lounge,3,1,718
General Petite,Tops,Knits,5,1,862
General Petite,Tops,Knits,5,1,862
General,Bottoms,Jeans,5,1,1025
General Petite,Jackets,Jackets,5,1,975
General,Bottoms,Pants,5,1,1059
General Petite,Tops,Knits,5,1,862
General,Bottoms,Jeans,5,1,1025
General,Tops,Sweaters,4,1,936
General,Bottoms,Jeans,5,1,1025
General,Bottoms,Pants,4,1,1059
General Petite,Jackets,Jackets,1,0,975
General Petite,Tops,Knits,4,1,862
General,Tops,Blouses,5,1,818
General,Tops,Blouses,5,1,818
General Petite,Jackets,Jackets,5,1,975
General Petite,Tops,Knits,5,1,862
General Petite,Tops,Knits,2,0,862
General,Dresses,Dresses,5,1,1074
General Petite,Tops,Knits,2,0,862
General,Bottoms,Pants,5,1,1059
General,Bottoms,Pants,5,1,1059
General,Dresses,Dresses,5,1,1095
General,Tops,Blouses,5,1,830
General,Dresses,Dresses,5,1,1095
General,Dresses,Dresses,4,1,1095
General,Dresses,Dresses,4,1,1095
General,Bottoms,Pants,3,0,1065
General,Dresses,Dresses,3,0,1095
General,Dresses,Dresses,2,0,1095
General,Dresses,Dresses,2,0,1095
General Petite,Tops,Knits,3,1,862
General,Bottoms,Pants,4,1,1065
General Petite,Tops,Knits,5,1,862
General,Tops,Blouses,4,1,830
General,Dresses,Dresses,5,1,1095
General,Tops,Blouses,3,1,830
General Petite,Tops,Knits,5,1,858
General,Tops,Sweaters,3,0,946
General,Tops,Blouses,4,1,830
General Petite,Dresses,Dresses,4,1,1082
General,Tops,Blouses,4,1,830
General,Dresses,Dresses,3,0,1095
General Petite,Tops,Knits,3,0,858
General,Dresses,Dresses,5,1,1095
General Petite,Tops,Knits,4,1,859
Initmates,Intimate,Swim,5,1,461
General,Dresses,Dresses,1,0,1095
General,Dresses,Dresses,5,1,1095
General,Dresses,Dresses,5,1,1095
General,Dresses,Dresses,3,0,1095
General,Tops,Blouses,4,1,830
General,Bottoms,Pants,4,1,1065
General Petite,Tops,Knits,5,1,867
General,Dresses,Dresses,5,1,1095
General,Dresses,Dresses,4,1,1081
General,Tops,Blouses,4,0,830
General,Dresses,Dresses,2,0,1095
General,Bottoms,Pants,4,1,1065
General,Dresses,Dresses,2,0,1095
General,Tops,Blouses,5,1,830
General,Dresses,Dresses,2,0,1081
General,Bottoms,Pants,3,1,1065
Initmates,Intimate,Swim,5,1,461
General,Dresses,Dresses,5,1,1095
General,Tops,Sweaters,5,1,946
General,Dresses,Dresses,4,1,1095
General,Dresses,Dresses,2,0,1089
General Petite,Dresses,Dresses,5,1,1094
General,Dresses,Dresses,5,1,1089
General Petite,Tops,Blouses,5,1,829
General Petite,Tops,Blouses,4,1,829
General,Bottoms,Pants,5,1,1059
General,Dresses,Dresses,5,1,1091
General,Dresses,Dresses,4,1,1095
General Petite,Tops,Blouses,2,0,829
General Petite,Tops,Blouses,3,0,829
General,Dresses,Dresses,4,1,1095
General,Dresses,Dresses,4,1,1091
General Petite,Tops,Blouses,5,1,829
General Petite,Dresses,Dresses,5,1,1094
General Petite,Dresses,Dresses,5,1,1094
General Petite,Dresses,Dresses,4,1,1094
General Petite,Dresses,Dresses,2,0,1094
General,Dresses,Dresses,5,1,1091
General,Dresses,Dresses,5,1,1095
General,Tops,Sweaters,3,0,945
General,Dresses,Dresses,2,0,1095
General,Dresses,Dresses,4,1,1095
General,Tops,Sweaters,2,0,945
General,Tops,Sweaters,3,1,945
General Petite,Tops,Blouses,5,1,829
General,Bottoms,Pants,2,0,1059
General,Dresses,Dresses,5,1,1094
General,Dresses,Dresses,2,0,1095
General,Dresses,Dresses,5,1,1095
General,Dresses,Dresses,5,1,1095
General,Tops,Sweaters,3,1,945
General,Tops,Sweaters,3,0,945
General,Bottoms,Pants,5,1,1059
General,Bottoms,Pants,3,0,1059
General,Tops,Knits,3,0,870
General Petite,Dresses,Dresses,5,1,1078
General Petite,Tops,Knits,4,1,860
General Petite,Tops,Sweaters,5,1,941
General Petite,Tops,Knits,5,1,860
General,Tops,Sweaters,5,1,954
General,Tops,Blouses,2,1,834
General,Tops,Knits,5,1,870
General Petite,Tops,Knits,4,1,877
General Petite,Tops,Knits,5,1,860
General,Tops,Blouses,5,1,834
General Petite,Tops,Knits,5,1,872
General,Tops,Blouses,5,1,834
General Petite,Tops,Knits,5,1,877
General Petite,Tops,Blouses,4,1,850
General Petite,Tops,Blouses,5,1,850
General Petite,Tops,Knits,5,1,872
General Petite,Tops,Knits,2,0,877
General Petite,Tops,Knits,2,0,877
General Petite,Tops,Blouses,5,1,850
General Petite,Tops,Sweaters,5,1,936
General,Tops,Knits,2,0,870
General Petite,Tops,Knits,4,1,877
General,Tops,Blouses,3,1,834
General Petite,Tops,Knits,4,1,860
General,Tops,Knits,1,0,870
General,Tops,Knits,3,0,870
General,Tops,Sweaters,5,1,954
General,Tops,Blouses,4,1,834
General,Tops,Knits,1,0,870
General,Tops,Blouses,4,1,834
General Petite,Tops,Knits,5,1,872
General,Tops,Blouses,5,1,834
General Petite,Tops,Knits,5,1,872
General Petite,Tops,Knits,4,1,872
General,Tops,Knits,1,0,870
General,Tops,Knits,1,0,870
General,Tops,Blouses,4,1,834
General,Tops,Knits,4,1,870
General,Tops,Blouses,4,1,834
General Petite,Tops,Knits,3,1,877
General Petite,Tops,Knits,2,0,860
General Petite,Tops,Sweaters,5,1,941
General,Tops,Blouses,5,1,834
General Petite,Tops,Knits,5,1,860
General Petite,Tops,Knits,5,1,877
General Petite,Tops,Knits,2,0,877
General,Tops,Knits,3,0,870
General,Tops,Blouses,5,1,834
General,Tops,Blouses,5,1,834
General Petite,Tops,Blouses,5,1,850
General,Tops,Blouses,2,0,834
General,Tops,Knits,3,1,870
General,Tops,Sweaters,2,0,954
General,Tops,Blouses,4,1,834
General,Tops,Blouses,4,1,834
General,Tops,Blouses,5,1,834
General Petite,Tops,Knits,2,1,877
General Petite,Tops,Blouses,5,1,850
General Petite,Tops,Knits,5,1,872
General Petite,Tops,Knits,4,1,877
General Petite,Tops,Knits,4,1,877
General Petite,Bottoms,Pants,5,1,1059
General,Bottoms,Pants,2,0,1055
General,Trend,Trend,4,1,1146
General Petite,Bottoms,Pants,5,1,1053
Initmates,Intimate,Layering,5,1,499
General,Tops,Knits,5,1,855
General Petite,Bottoms,Pants,5,1,489
General Petite,Bottoms,Pants,5,1,1053
General Petite,Bottoms,Pants,5,1,1053
General Petite,Tops,Knits,5,1,867
General,Tops,Sweaters,2,0,945
General Petite,Tops,Knits,4,1,867
General Petite,Tops,Knits,5,1,867
General Petite,Tops,Knits,5,1,867
General Petite,Tops,Knits,4,1,867
General,Bottoms,Skirts,4,1,1017
General,Bottoms,Jeans,2,0,1025
General Petite,Bottoms,Pants,4,1,489
General Petite,Intimate,Lounge,4,1,756
General,Tops,Knits,2,0,855
General Petite,Bottoms,Pants,3,0,1059
General Petite,Tops,Knits,4,1,867
Initmates,Intimate,Swim,4,1,198
General,Dresses,Dresses,5,1,1087
General,Bottoms,Pants,1,0,1055
General Petite,Tops,Knits,4,1,867
General,Tops,Knits,3,0,855
General,Bottoms,Skirts,2,0,1008
General Petite,Tops,Knits,2,0,867
General Petite,Tops,Knits,4,1,867
General Petite,Tops,Knits,5,1,867
General Petite,Bottoms,Pants,2,0,1059
Initmates,Intimate,Swim,3,0,198
General Petite,Bottoms,Pants,5,1,1053
General,Bottoms,Jeans,5,1,1025
General Petite,Bottoms,Pants,4,1,1053
Initmates,Intimate,Sleep,2,0,106
General Petite,Bottoms,Pants,5,1,1053
General Petite,Bottoms,Pants,5,1,1059
General Petite,Bottoms,Pants,3,1,1059
General,Bottoms,Pants,4,1,1059
General,Tops,Sweaters,3,1,924
General,Bottoms,Pants,4,1,1059
General Petite,Bottoms,Pants,4,0,1055
General,Bottoms,Pants,4,1,1059
General,Bottoms,Pants,3,1,1059
Initmates,Intimate,Layering,5,1,67
Initmates,Intimate,Sleep,1,0,814
General,Tops,Blouses,5,1,835
General,Jackets,Outerwear,5,0,1118
General,Jackets,Jackets,5,1,984
General,Bottoms,Pants,5,1,1059
General Petite,Dresses,Dresses,5,1,1100
General Petite,Dresses,Dresses,4,1,1100
General Petite,Dresses,Dresses,5,1,1100
General,Bottoms,Pants,5,1,1059
General,Bottoms,Pants,4,1,1059
General,Bottoms,Pants,5,1,1059
General,Bottoms,Jeans,4,1,1030
General,Tops,Knits,1,0,860
Initmates,Intimate,Legwear,4,1,228
Initmates,Intimate,Sleep,5,1,666
General,Tops,Knits,5,1,860
General,Jackets,Outerwear,5,1,1112
General,Tops,Fine gauge,2,0,920
General Petite,Dresses,Dresses,5,1,1086
General Petite,Bottoms,Pants,5,1,1066
General,Tops,Knits,2,0,860
Initmates,Intimate,Swim,4,1,416
General Petite,Bottoms,Pants,4,1,1066
General,Tops,Sweaters,5,1,938
Initmates,Intimate,Legwear,5,1,228
Initmates,Intimate,Legwear,4,1,228
General,Bottoms,Jeans,4,1,1030
Initmates,Intimate,Sleep,5,1,666
Initmates,Intimate,Legwear,4,1,228
General,Tops,Sweaters,5,1,921
General,Jackets,Outerwear,5,1,1112
General,Bottoms,Jeans,5,1,1030
General Petite,Dresses,Dresses,5,1,1086
General,Tops,Knits,2,0,860
General Petite,Dresses,Dresses,1,0,1086
General,Tops,Knits,5,1,860
General,Tops,Knits,5,1,860
General Petite,Bottoms,Pants,5,1,1066
General,Jackets,Outerwear,5,1,1112
General,Jackets,Outerwear,5,1,1112
General,Tops,Knits,5,1,860
Initmates,Intimate,Sleep,5,1,666
General,Tops,Knits,2,0,860
Initmates,Intimate,Swim,5,1,416
General,Jackets,Outerwear,5,1,1112
General Petite,Bottoms,Pants,5,1,1066
Initmates,Intimate,Sleep,4,0,168
General Petite,Bottoms,Pants,5,1,1070
General,Dresses,Dresses,4,1,1084
General,Jackets,Jackets,5,1,984
General,Dresses,Dresses,4,1,1084
General Petite,Bottoms,Pants,5,1,1070
General,Tops,Blouses,4,1,830
General Petite,Bottoms,Skirts,5,1,996
General Petite,Tops,Sweaters,5,1,927
General,Tops,Fine gauge,3,0,893
General,Dresses,Dresses,5,1,1084
General,Dresses,Dresses,5,1,1084
General,Jackets,Jackets,3,0,984
General,Jackets,Jackets,5,1,984
General,Jackets,Jackets,1,0,984
General,Dresses,Dresses,5,1,1084
General Petite,Bottoms,Skirts,3,0,996
General,Tops,Blouses,1,1,830
Initmates,Intimate,Sleep,4,1,168
General,Dresses,Dresses,2,0,1084
General,Tops,Sweaters,5,1,949
General,Jackets,Jackets,4,1,984
General,Jackets,Jackets,4,1,984
General,Jackets,Jackets,4,1,984
General,Tops,Sweaters,5,1,949
General,Tops,Sweaters,5,1,949
General,Tops,Blouses,1,0,830
General Petite,Bottoms,Pants,2,0,1070
General,Tops,Knits,4,1,873
General,Tops,Sweaters,5,1,921
Initmates,Intimate,Lounge,5,1,726
Initmates,Intimate,Lounge,5,1,726
General Petite,Tops,Knits,5,1,862
General,Tops,Blouses,4,1,833
General,Tops,Knits,2,0,864
General,Tops,Knits,4,1,864
General,Tops,Blouses,4,1,833
General,Tops,Sweaters,3,1,945
General Petite,Tops,Sweaters,2,0,927
General Petite,Tops,Sweaters,5,1,927
General,Tops,Sweaters,4,1,945
General Petite,Tops,Knits,1,0,862
General,Tops,Knits,5,1,873
General Petite,Tops,Knits,5,1,862
General,Tops,Sweaters,2,0,921
General,Tops,Knits,4,1,873
General Petite,Tops,Knits,5,1,862
General Petite,Tops,Knits,5,1,862
Initmates,Intimate,Legwear,5,1,699
General,Tops,Sweaters,1,0,945
General,Bottoms,Jeans,5,1,1025
General,Tops,Blouses,3,0,833
General Petite,Tops,Sweaters,5,1,927
Initmates,Intimate,Layering,4,1,476
Initmates,Intimate,Legwear,5,1,638
General,Tops,Blouses,5,1,833
General Petite,Tops,Sweaters,4,1,927
General,Tops,Knits,2,1,864
General,Tops,Knits,5,1,873
General,Tops,Blouses,3,0,833
General,Tops,Knits,5,1,864
General Petite,Tops,Sweaters,5,1,927
General Petite,Tops,Sweaters,5,1,927
General,Tops,Sweaters,4,1,921
General,Tops,Sweaters,5,1,945
General,Tops,Knits,5,1,873
General,Tops,Knits,5,1,873
General,Bottoms,Jeans,4,1,1025
General,Tops,Blouses,3,0,833
General,Tops,Sweaters,3,0,921
General Petite,Tops,Knits,5,1,862
General,Tops,Blouses,3,0,833
General Petite,Tops,Knits,4,1,862
General,Tops,Sweaters,5,1,945
General,Tops,Blouses,5,1,833
Initmates,Intimate,Intimates,1,0,369
General Petite,Tops,Sweaters,5,1,927
General,Tops,Sweaters,4,1,945
General Petite,Tops,Sweaters,5,1,927
General,Tops,Sweaters,5,1,945
General Petite,Tops,Sweaters,5,1,927
General,Tops,Sweaters,1,0,945
General Petite,Tops,Sweaters,5,1,927
General,Tops,Blouses,3,0,828
General Petite,Tops,Knits,4,1,862
General,Tops,Blouses,5,1,833
General,Tops,Knits,3,0,873
General Petite,Tops,Knits,5,1,862
General Petite,Dresses,Dresses,4,1,1100
General,Tops,Knits,5,1,883
General,Tops,Knits,5,1,883
General,Bottoms,Skirts,5,1,995
General Petite,Dresses,Dresses,5,1,1078
General,Tops,Knits,2,0,883
General,Tops,Knits,5,1,883
General Petite,Bottoms,Jeans,5,1,1037
General Petite,Bottoms,Pants,5,1,1059
General,Tops,Knits,4,1,883
General,Tops,Knits,4,1,883
General,Tops,Blouses,4,1,824
General,Tops,Knits,5,1,883
General,Tops,Knits,4,1,883
General,Tops,Blouses,5,1,824
General,Tops,Knits,3,0,883
General Petite,Bottoms,Jeans,5,1,1037
General,Tops,Knits,5,1,883
General,Tops,Knits,3,1,883
General Petite,Dresses,Dresses,5,1,1100
General,Tops,Knits,5,1,883
General,Tops,Knits,5,1,883
General,Tops,Knits,4,1,883
General,Tops,Knits,5,1,883
General Petite,Dresses,Dresses,5,1,1078
General,Bottoms,Skirts,4,1,995
General,Tops,Knits,3,0,883
General Petite,Bottoms,Jeans,5,1,1037
General,Tops,Blouses,5,1,824
General Petite,Tops,Knits,5,1,867
General Petite,Dresses,Dresses,2,0,1100
General,Bottoms,Skirts,5,1,995
General Petite,Dresses,Dresses,4,0,1078
Initmates,Intimate,Swim,5,1,317
General Petite,Bottoms,Jeans,4,1,1037
General,Bottoms,Jeans,5,1,1028
General,Tops,Knits,3,0,883
General Petite,Dresses,Dresses,1,0,1078
General Petite,Bottoms,Jeans,5,1,1037
General Petite,Dresses,Dresses,5,1,1100
General,Dresses,Dresses,3,0,1104
General Petite,Bottoms,Jeans,5,1,1037
General,Bottoms,Pants,5,1,1059
General Petite,Tops,Blouses,5,1,841
General,Bottoms,Pants,5,1,1059
General Petite,Dresses,Dresses,5,1,1100
General,Dresses,Dresses,4,1,1078
General,Dresses,Dresses,5,1,1110
General,Dresses,Dresses,4,1,1094
General,Dresses,Dresses,4,1,1094
General,Dresses,Dresses,2,0,1078
General,Dresses,Dresses,5,1,1078
Initmates,Intimate,Lounge,5,1,656
General,Dresses,Dresses,4,0,1094
General,Dresses,Dresses,5,1,1110
General,Dresses,Dresses,5,1,1094
General,Tops,Knits,5,1,862
General Petite,Jackets,Outerwear,5,1,1117
General Petite,Bottoms,Pants,5,1,1056
General,Dresses,Dresses,3,0,1094
General,Dresses,Dresses,5,1,1094
General Petite,Dresses,Dresses,3,0,1078
Initmates,Intimate,Layering,5,1,166
General Petite,Dresses,Dresses,5,1,1078
General Petite,Dresses,Dresses,5,1,1078
General Petite,Dresses,Dresses,4,1,1078
General Petite,Tops,Knits,5,1,862
General Petite,Tops,Knits,5,1,862
General,Bottoms,Jeans,4,1,1022
General Petite,Tops,Knits,5,1,862
General Petite,Dresses,Dresses,5,1,1078
General,Bottoms,Jeans,5,1,1022
General,Dresses,Dresses,3,0,1079
General,Dresses,Dresses,5,1,1094
General Petite,Tops,Knits,5,1,862
General,Dresses,Dresses,5,1,1110
General,Dresses,Dresses,5,1,1094
General,Dresses,Dresses,3,0,1094
General Petite,Dresses,Dresses,5,1,1078
General Petite,Tops,Knits,5,1,862
General Petite,Dresses,Dresses,4,0,1078
General Petite,Dresses,Dresses,5,1,1078
General Petite,Bottoms,Pants,5,1,1056
General Petite,Dresses,Dresses,4,1,1078
General,Dresses,Dresses,5,1,1110
General,Dresses,Dresses,4,1,1097
General Petite,Tops,Knits,5,1,862
General,Dresses,Dresses,4,1,1094
General Petite,Dresses,Dresses,5,1,1078
General,Dresses,Dresses,5,1,1075
General Petite,Jackets,Outerwear,4,1,1117
General Petite,Dresses,Dresses,4,1,1078
General Petite,Dresses,Dresses,5,1,1094
General Petite,Dresses,Dresses,5,1,1078
Initmates,Intimate,Layering,5,1,166
General Petite,Dresses,Dresses,4,1,1094
Initmates,Intimate,Layering,5,1,166
General Petite,Dresses,Dresses,4,1,1094
General Petite,Dresses,Dresses,2,0,1078
General Petite,Dresses,Dresses,1,0,1078
General Petite,Dresses,Dresses,5,1,1094
General,Dresses,Dresses,3,0,1075
General,Dresses,Dresses,4,1,1078
General,Bottoms,Shorts,5,1,537
General Petite,Dresses,Dresses,5,1,1094
General,Dresses,Dresses,5,1,1078
General,Dresses,Dresses,2,0,1097
General Petite,Bottoms,Pants,5,1,1056
General,Dresses,Dresses,4,0,1078
General Petite,Dresses,Dresses,4,1,1094
General,Dresses,Dresses,4,1,1078
General,Dresses,Dresses,3,1,1078
General,Tops,Blouses,3,0,844
General,Dresses,Dresses,4,1,1075
General,Dresses,Dresses,5,1,1078
General,Tops,Knits,4,1,863
General,Dresses,Dresses,5,1,1078
General,Dresses,Dresses,5,1,1078
General,Dresses,Dresses,3,0,1110
General,Dresses,Dresses,4,1,1078
General,Dresses,Dresses,5,1,1110
General Petite,Bottoms,Pants,3,1,1056
General,Dresses,Dresses,5,1,1078
General,Dresses,Dresses,2,0,1075
General,Dresses,Dresses,5,1,1097
General,Tops,Sweaters,4,1,940
General,Bottoms,Pants,5,1,1056
General,Dresses,Dresses,5,1,1078
General,Dresses,Dresses,5,1,1078
General Petite,Dresses,Dresses,4,1,1094
General,Dresses,Dresses,5,1,1075
General,Tops,Knits,5,1,862
General,Dresses,Dresses,5,1,1078
General Petite,Dresses,Dresses,2,0,1094
General Petite,Dresses,Dresses,5,1,1094
Initmates,Intimate,Layering,3,0,166
General,Bottoms,Jeans,5,1,1022
General Petite,Dresses,Dresses,4,1,1099
General,Dresses,Dresses,5,1,1078
General,Dresses,Dresses,5,1,1078
General,Dresses,Dresses,3,0,1075
General,Dresses,Dresses,3,1,1078
General Petite,Dresses,Dresses,5,1,1094
General,Dresses,Dresses,5,1,1078
Initmates,Intimate,Layering,5,1,166
Initmates,Intimate,Layering,5,1,166
General,Bottoms,Pants,5,1,1056
General,Bottoms,Pants,5,1,1056
General,Dresses,Dresses,4,1,1078
General,Dresses,Dresses,4,1,1078
Initmates,Intimate,Layering,5,1,166
General Petite,Dresses,Dresses,5,1,1094
General Petite,Dresses,Dresses,5,1,1094
General Petite,Dresses,Dresses,4,1,1094
General,Dresses,Dresses,2,0,1079
General,Dresses,Dresses,5,1,1078
General,Dresses,Dresses,4,1,1078
General,Dresses,Dresses,5,1,1110
General Petite,Dresses,Dresses,5,1,1094
General,Dresses,Dresses,3,0,1078
General,Dresses,Dresses,5,1,1078
General,Bottoms,Pants,5,1,1056
Initmates,Intimate,Layering,4,1,166
General Petite,Dresses,Dresses,3,0,1094
General Petite,Jackets,Outerwear,5,1,1117
General Petite,Dresses,Dresses,4,1,1099
General,Dresses,Dresses,5,1,1110
General Petite,Dresses,Dresses,5,1,1094
Initmates,Intimate,Lounge,3,1,656
General,Dresses,Dresses,5,1,1078
General,Dresses,Dresses,5,1,1110
General,Tops,Knits,5,1,862
General,Dresses,Dresses,5,1,1079
General,Dresses,Dresses,2,0,1075
General,Dresses,Dresses,5,1,1079
General Petite,Jackets,Outerwear,4,1,1117
General,Tops,Knits,4,1,862
General,Bottoms,Shorts,4,1,537
General,Dresses,Dresses,1,0,1075
General,Tops,Knits,5,1,862
General,Dresses,Dresses,3,1,1078
General,Tops,Blouses,2,0,844
General,Dresses,Dresses,5,1,1078
General,Tops,Knits,5,1,862
General,Tops,Fine gauge,5,1,890
Initmates,Intimate,Sleep,5,1,722
General,Bottoms,Skirts,5,1,1009
General,Tops,Knits,3,1,868
General,Tops,Knits,5,1,854
General,Tops,Knits,1,0,868
General,Bottoms,Pants,5,1,1044
General,Tops,Blouses,3,0,825
General Petite,Tops,Knits,4,1,861
General,Bottoms,Pants,5,1,1044
General,Tops,Knits,3,0,868
General,Tops,Knits,5,1,854
General,Dresses,Dresses,5,1,1089
General,Tops,Knits,4,1,854
General,Tops,Knits,4,1,868
General,Tops,Knits,3,1,868
General Petite,Tops,Knits,5,1,861
General,Tops,Knits,2,0,873
General,Tops,Knits,1,0,873
General Petite,Tops,Knits,1,0,854
General,Dresses,Dresses,5,1,1089
General Petite,Tops,Knits,5,1,854
General,Bottoms,Skirts,4,1,1009
General,Dresses,Dresses,5,1,1089
General,Tops,Knits,4,1,868
General,Bottoms,Skirts,4,0,1009
General,Tops,Knits,4,1,868
General,Bottoms,Skirts,3,1,1009
General Petite,Tops,Knits,5,1,861
General,Tops,Knits,2,0,875
General Petite,Tops,Knits,4,1,854
General Petite,Bottoms,Skirts,5,1,1008
General Petite,Tops,Blouses,5,1,819
General Petite,Tops,Knits,4,1,860
General,Tops,Blouses,5,1,844
General Petite,Tops,Knits,5,1,860
General,Jackets,Jackets,5,1,961
General Petite,Bottoms,Skirts,5,1,1008
General,Jackets,Jackets,1,0,961
General Petite,Bottoms,Skirts,4,1,1008
General Petite,Bottoms,Skirts,4,1,1008
General Petite,Tops,Knits,4,1,860
General Petite,Bottoms,Skirts,5,1,1008
General Petite,Bottoms,Skirts,5,1,1008
General Petite,Tops,Knits,3,0,860
General Petite,Bottoms,Skirts,5,1,1008
General Petite,Tops,Knits,4,1,860
General Petite,Tops,Knits,5,1,860
General Petite,Tops,Blouses,5,1,819
General Petite,Bottoms,Skirts,5,1,1008
Initmates,Intimate,Swim,5,1,469
General,Tops,Knits,5,1,860
General,Tops,Blouses,4,1,835
General,Dresses,Dresses,5,1,1078
General Petite,Tops,Fine gauge,5,1,895
General Petite,Tops,Fine gauge,5,1,895
General Petite,Tops,Blouses,4,1,829
General,Dresses,Dresses,5,1,1078
General,Dresses,Dresses,3,0,1092
General,Dresses,Dresses,4,1,1078
General,Dresses,Dresses,5,1,1078
General,Dresses,Dresses,5,1,1078
General Petite,Tops,Fine gauge,4,1,895
General,Dresses,Dresses,5,1,1078
General,Dresses,Dresses,2,0,1078
General,Dresses,Dresses,4,1,1092
General Petite,Tops,Fine gauge,4,1,895
General Petite,Tops,Fine gauge,5,1,895
General,Dresses,Dresses,3,1,1078
General Petite,Tops,Fine gauge,5,1,895
General Petite,Tops,Fine gauge,5,1,895
General,Dresses,Dresses,3,1,1078
Initmates,Intimate,Lounge,5,1,493
General,Dresses,Dresses,5,1,1078
General Petite,Tops,Fine gauge,5,1,895
General,Bottoms,Pants,5,1,1070
General Petite,Tops,Fine gauge,3,1,895
General,Dresses,Dresses,5,1,1078
General,Dresses,Dresses,5,1,1078
General Petite,Tops,Fine gauge,4,1,895
General,Dresses,Dresses,4,1,1092
General,Dresses,Dresses,1,0,1078
General,Bottoms,Pants,4,1,1070
General Petite,Tops,Fine gauge,4,1,895
General,Dresses,Dresses,5,1,1078
General Petite,Tops,Fine gauge,1,0,895
General Petite,Tops,Fine gauge,4,1,895
General,Dresses,Dresses,5,1,1078
General,Tops,Blouses,3,0,829
General,Tops,Fine gauge,2,0,913
General,Tops,Blouses,3,1,829
General,Bottoms,Skirts,4,1,1009
General,Bottoms,Pants,4,1,1049
General Petite,Tops,Fine gauge,4,1,895
General,Tops,Knits,4,1,872
General,Bottoms,Pants,4,1,1070
General,Bottoms,Pants,4,1,1070
General,Dresses,Dresses,4,0,1078
General,Bottoms,Pants,5,0,1070
General Petite,Tops,Fine gauge,5,1,895
General Petite,Tops,Fine gauge,5,1,895
General Petite,Tops,Fine gauge,5,1,895
General,Tops,Fine gauge,5,1,912
General,Dresses,Dresses,5,1,1078
General Petite,Tops,Fine gauge,4,1,895
General Petite,Tops,Fine gauge,5,1,895
General,Dresses,Dresses,4,1,1078
General Petite,Tops,Fine gauge,4,1,895
General Petite,Tops,Fine gauge,5,1,895
General Petite,Tops,Fine gauge,4,1,895
General,Dresses,Dresses,1,0,1078
General Petite,Tops,Fine gauge,4,1,895
General,Dresses,Dresses,5,1,1078
General Petite,Tops,Fine gauge,4,1,895
General,Bottoms,Jeans,5,1,1028
General Petite,Tops,Fine gauge,5,1,895
General,Dresses,Dresses,5,1,1092
General,Dresses,Dresses,5,1,1078
General,Bottoms,Pants,5,1,1070
General Petite,Tops,Fine gauge,4,1,895
General Petite,Tops,Fine gauge,5,1,895
General,Dresses,Dresses,5,1,1092
General,Tops,Blouses,5,1,829
General Petite,Tops,Fine gauge,5,1,895
General,Tops,Blouses,5,1,829
General,Tops,Fine gauge,5,1,895
General,Dresses,Dresses,5,1,1078
General Petite,Dresses,Dresses,4,1,1083
General,Tops,Sweaters,5,1,936
General Petite,Tops,Blouses,5,1,850
General Petite,Tops,Blouses,5,1,819
General Petite,Dresses,Dresses,5,1,1083
General Petite,Dresses,Dresses,3,1,1083
General,Tops,Sweaters,5,1,936
General,Bottoms,Jeans,5,1,1027
General,Tops,Sweaters,3,0,936
General Petite,Dresses,Dresses,2,0,1083
General Petite,Dresses,Dresses,3,0,1083
General Petite,Tops,Knits,4,1,863
General,Tops,Sweaters,5,1,936
General,Dresses,Dresses,5,1,1084
General Petite,Bottoms,Skirts,5,1,996
General,Dresses,Dresses,3,1,1084
General Petite,Dresses,Dresses,5,1,1083
General Petite,Bottoms,Skirts,5,1,996
General Petite,Tops,Blouses,5,1,850
General Petite,Tops,Knits,5,1,863
General Petite,Bottoms,Skirts,4,1,996
General Petite,Bottoms,Skirts,5,1,996
General Petite,Dresses,Dresses,2,0,1083
General Petite,Dresses,Dresses,1,0,1083
General Petite,Bottoms,Skirts,3,0,996
General,Tops,Sweaters,4,1,936
General Petite,Dresses,Dresses,5,1,1083
General Petite,Dresses,Dresses,4,1,1083
General Petite,Dresses,Dresses,5,1,1083
General Petite,Tops,Knits,5,1,863
General Petite,Bottoms,Skirts,5,1,996
General Petite,Tops,Knits,5,1,863
General Petite,Dresses,Dresses,5,1,1083
General Petite,Dresses,Dresses,5,1,1083
General Petite,Bottoms,Skirts,5,1,996
General Petite,Bottoms,Skirts,5,1,996
General,Bottoms,Jeans,5,1,1027
General Petite,Dresses,Dresses,5,1,1083
General,Tops,Sweaters,3,0,936
General Petite,Bottoms,Skirts,4,1,996
General Petite,Dresses,Dresses,5,1,1083
General,Dresses,Dresses,5,1,1084
General,Dresses,Dresses,4,1,1084
General Petite,Bottoms,Skirts,5,1,996
General,Tops,Knits,5,1,872
General,Tops,Knits,5,1,872
General Petite,Bottoms,Skirts,5,1,1008
General,Tops,Knits,5,1,872
General,Tops,Knits,4,1,872
General,Tops,Knits,5,1,863
General,Tops,Knits,3,0,872
General,Bottoms,Pants,4,1,1049
General,Tops,Knits,4,1,863
General,Tops,Knits,4,1,877
Initmates,Intimate,Swim,5,1,213
General,Tops,Knits,4,1,863
General,Tops,Knits,3,0,877
General,Tops,Knits,5,1,863
General Petite,Bottoms,Skirts,4,1,1008
General,Tops,Knits,4,1,863
General,Tops,Knits,5,1,872
Initmates,Intimate,Swim,4,1,213
General,Tops,Knits,4,1,863
General,Bottoms,Jeans,5,1,1030
General,Dresses,Dresses,5,1,1111
General,Tops,Knits,4,1,863
General,Tops,Knits,5,1,872
General,Tops,Knits,5,1,863
General,Tops,Knits,5,1,872
General Petite,Tops,Knits,4,1,871
General,Tops,Knits,5,1,863
General,Dresses,Dresses,5,1,1111
General,Tops,Knits,5,1,872
General,Tops,Knits,3,0,877
General,Dresses,Dresses,5,1,1111
General,Tops,Knits,5,1,863
General,Tops,Knits,5,1,872
General,Dresses,Dresses,4,1,1111
Initmates,Intimate,Lounge,5,1,532
General,Bottoms,Pants,4,1,1059
General,Bottoms,Pants,5,1,1056
General,Tops,Knits,5,1,872
Initmates,Intimate,Lounge,4,1,532
General Petite,Tops,Knits,3,0,858
General,Tops,Knits,4,1,863
General,Tops,Knits,5,1,872
General,Tops,Blouses,5,1,831
General,Dresses,Dresses,5,1,1111
General,Tops,Knits,5,1,863
General,Tops,Knits,5,1,872
General,Tops,Knits,4,1,872
General Petite,Bottoms,Skirts,5,1,1008
General,Bottoms,Pants,5,1,1056
General,Tops,Knits,5,1,872
General,Tops,Knits,5,1,863
General,Tops,Knits,3,1,877
General,Tops,Knits,5,1,872
General,Tops,Blouses,5,1,831
General Petite,Tops,Knits,4,1,871
General,Tops,Knits,3,0,863
General,Tops,Knits,2,0,872
General,Bottoms,Pants,5,1,1061
General,Bottoms,Pants,5,1,1061
General,Bottoms,Pants,5,1,1044
General Petite,Dresses,Dresses,4,1,1094
General Petite,Tops,Knits,5,1,870
General,Bottoms,Pants,5,1,1044
Initmates,Intimate,Lounge,3,0,266
Initmates,Intimate,Swim,5,1,599
General,Bottoms,Pants,4,1,1044
General,Tops,Knits,5,1,862
General,Bottoms,Pants,5,1,1061
General Petite,Tops,Knits,5,1,858
General Petite,Dresses,Dresses,5,1,1094
General,Bottoms,Skirts,5,1,1002
General,Bottoms,Pants,2,0,1044
General,Bottoms,Pants,4,1,1061
General Petite,Tops,Knits,5,1,870
General Petite,Tops,Knits,4,1,858
General,Bottoms,Pants,5,1,1061
General,Bottoms,Pants,5,1,1061
General,Bottoms,Pants,5,1,1061
General,Bottoms,Skirts,4,1,1002
General Petite,Tops,Knits,5,1,870
General,Bottoms,Skirts,1,0,1002
General,Bottoms,Pants,4,1,1061
General,Dresses,Dresses,3,1,1094
General,Bottoms,Skirts,4,1,1002
General,Dresses,Dresses,4,1,1094
General,Bottoms,Pants,4,1,1061
General,Bottoms,Pants,2,0,1044
General Petite,Tops,Knits,4,1,870
General,Bottoms,Pants,4,1,1044
General,Bottoms,Pants,5,1,1044
General,Bottoms,Skirts,5,1,1002
General,Tops,Knits,5,1,862
General,Bottoms,Pants,5,1,1061
General,Tops,Knits,5,1,862
General,Bottoms,Skirts,4,1,1002
General,Bottoms,Pants,2,1,1061
General,Dresses,Dresses,4,1,1094
General Petite,Tops,Knits,5,1,870
General,Dresses,Dresses,4,1,1094
General,Bottoms,Pants,4,1,1061
General Petite,Tops,Knits,5,1,865
General,Bottoms,Skirts,2,0,1002
General,Bottoms,Pants,4,1,1061
General Petite,Tops,Knits,5,1,870
General,Bottoms,Pants,3,1,1061
General,Bottoms,Pants,5,1,1044
General Petite,Tops,Knits,4,1,858
General Petite,Tops,Knits,5,1,870
General,Tops,Knits,5,1,862
General,Bottoms,Pants,4,1,1044
General Petite,Tops,Knits,4,1,870
General Petite,Tops,Knits,3,0,858
General,Bottoms,Skirts,5,1,1002
General,Bottoms,Pants,2,0,1061
Initmates,Intimate,Swim,3,0,289
General,Dresses,Dresses,5,1,1081
Initmates,Intimate,Swim,5,1,289
General Petite,Tops,Knits,4,1,873
General,Dresses,Dresses,5,1,1081
General,Tops,Blouses,5,1,820
General,Trend,Trend,4,1,1143
Initmates,Intimate,Swim,5,1,314
General,Tops,Blouses,5,1,820
General,Tops,Blouses,4,1,820
General Petite,Tops,Knits,4,1,873
General Petite,Tops,Knits,4,1,854
General,Tops,Blouses,2,0,820
General Petite,Bottoms,Pants,5,1,1055
General Petite,Tops,Knits,5,1,854
General Petite,Tops,Knits,5,1,854
Initmates,Intimate,Swim,5,1,120
General,Tops,Blouses,1,0,820
General Petite,Tops,Knits,5,1,873
General Petite,Tops,Knits,5,1,854
General,Tops,Blouses,5,1,820
General Petite,Tops,Knits,5,1,873
General Petite,Bottoms,Pants,4,1,1055
General Petite,Tops,Knits,4,1,873
General,Dresses,Dresses,4,0,1081
General Petite,Tops,Knits,3,1,854
Initmates,Intimate,Swim,3,0,314
General Petite,Tops,Knits,5,1,873
General,Tops,Knits,5,1,862
Initmates,Intimate,Swim,3,0,314
General Petite,Tops,Knits,5,1,873
General,Dresses,Dresses,4,1,1081
General Petite,Bottoms,Pants,4,1,1055
General Petite,Tops,Knits,4,1,854
General Petite,Tops,Knits,3,0,854
General Petite,Tops,Knits,3,0,854
General Petite,Tops,Knits,5,1,866
General,Tops,Blouses,5,1,835
General,Jackets,Outerwear,5,1,1126
General,Tops,Sweaters,5,1,936
Initmates,Intimate,Sleep,5,1,484
General,Tops,Sweaters,5,1,936
General,Jackets,Outerwear,5,1,1126
General,Tops,Sweaters,5,1,949
General Petite,Tops,Fine gauge,5,1,909
General,Jackets,Outerwear,5,1,1126
General Petite,Tops,Fine gauge,4,1,909
General Petite,Tops,Fine gauge,4,1,909
General Petite,Bottoms,Jeans,3,1,1022
General,Tops,Blouses,1,0,835
General Petite,Tops,Knits,5,1,866
General Petite,Tops,Fine gauge,5,1,909
General,Tops,Sweaters,4,1,949
General Petite,Bottoms,Jeans,1,0,1022
General,Jackets,Outerwear,5,1,1126
General,Jackets,Outerwear,4,0,1126
General,Tops,Blouses,5,1,835
General,Jackets,Outerwear,4,1,1126
General,Dresses,Dresses,2,0,1092
General,Tops,Blouses,5,1,835
General Petite,Bottoms,Jeans,5,1,1022
General Petite,Bottoms,Jeans,5,1,1022
Initmates,Intimate,Lounge,5,1,531
General Petite,Bottoms,Jeans,5,1,1022
General,Jackets,Outerwear,5,1,1126
General,Tops,Sweaters,5,1,936
Initmates,Intimate,Lounge,5,1,531
General,Tops,Blouses,5,1,835
General,Tops,Sweaters,4,1,936
General,Jackets,Outerwear,2,0,1126
General,Bottoms,Skirts,5,1,1015
General Petite,Bottoms,Jeans,5,1,1022
General,Tops,Sweaters,5,1,936
General Petite,Tops,Knits,4,1,866
General Petite,Tops,Knits,5,1,866
General,Tops,Sweaters,5,1,936
General Petite,Bottoms,Jeans,5,1,1022
General,Tops,Blouses,5,1,835
General,Tops,Sweaters,4,1,936
General Petite,Tops,Knits,4,1,876
General,Tops,Fine gauge,4,1,903
General Petite,Tops,Knits,5,1,886
General,Tops,Knits,4,1,868
General Petite,Tops,Knits,5,1,886
General,Bottoms,Pants,5,1,1044
General,Bottoms,Pants,5,1,1044
General,Dresses,Dresses,5,1,1193
General,Dresses,Dresses,5,1,1193
General,Dresses,Dresses,5,1,1193
General,Bottoms,Pants,4,1,1044
General,Bottoms,Pants,3,0,1044
General,Tops,Fine gauge,3,0,903
General Petite,Tops,Blouses,4,1,825
General,Tops,Fine gauge,3,0,903
General Petite,Tops,Knits,5,1,886
General,Dresses,Dresses,5,1,1193
Initmates,Intimate,Layering,2,0,15
General Petite,Tops,Knits,5,1,886
General,Dresses,Dresses,5,1,1193
General Petite,Tops,Knits,5,1,876
Initmates,Intimate,Layering,5,1,15
General Petite,Tops,Knits,5,1,886
General,Tops,Fine gauge,5,1,903
General Petite,Tops,Knits,5,1,886
General,Bottoms,Pants,5,1,1044
General,Tops,Fine gauge,5,1,903
General,Tops,Fine gauge,4,1,903
General Petite,Tops,Knits,5,1,886
General,Bottoms,Pants,3,0,1044
General,Tops,Fine gauge,1,0,903
General Petite,Tops,Knits,5,1,876
General,Tops,Sweaters,5,1,931
General,Dresses,Dresses,2,0,1092
Initmates,Intimate,Swim,5,1,239
General,Dresses,Dresses,5,1,1092
General,Dresses,Dresses,1,0,1092
General,Dresses,Dresses,3,1,1092
General,Dresses,Dresses,3,0,1092
General Petite,Dresses,Dresses,3,0,1095
General Petite,Tops,Blouses,5,1,823
General Petite,Bottoms,Skirts,5,1,1007
General,Tops,Blouses,5,1,836
General Petite,Tops,Blouses,2,0,823
General,Dresses,Dresses,5,1,1092
General Petite,Tops,Blouses,5,1,823
General,Dresses,Dresses,4,1,1092
General Petite,Tops,Blouses,5,1,823
General Petite,Tops,Blouses,3,1,823
General Petite,Tops,Blouses,5,1,823
General Petite,Dresses,Dresses,5,1,1095
General,Bottoms,Pants,5,1,1068
General,Dresses,Dresses,4,1,1092
General Petite,Tops,Knits,5,1,865
General Petite,Tops,Blouses,4,1,823
General Petite,Tops,Knits,5,1,865
General Petite,Tops,Blouses,5,1,823
General Petite,Dresses,Dresses,5,1,1095
General,Bottoms,Pants,4,1,1068
General,Bottoms,Jeans,3,0,1028
General Petite,Dresses,Dresses,4,1,1095
General Petite,Tops,Blouses,5,1,823
General Petite,Tops,Blouses,5,1,823
General,Dresses,Dresses,5,1,1092
General Petite,Tops,Knits,5,1,865
General Petite,Tops,Blouses,3,0,815
General,Dresses,Dresses,4,1,1092
General,Bottoms,Pants,4,1,1068
General Petite,Tops,Blouses,5,1,823
Initmates,Intimate,Lounge,3,1,802
General Petite,Bottoms,Jeans,5,1,1022
General Petite,Tops,Knits,5,1,865
General,Bottoms,Skirts,3,1,1009
General,Tops,Knits,5,1,863
General Petite,Dresses,Dresses,5,1,1095
General,Dresses,Dresses,3,0,1092
General Petite,Tops,Blouses,5,1,823
Initmates,Intimate,Lounge,5,1,795
General Petite,Dresses,Dresses,5,1,1095
General Petite,Dresses,Dresses,5,1,1095
General Petite,Tops,Knits,5,1,865
General,Dresses,Dresses,3,0,1092
General,Dresses,Dresses,5,1,1092
General,Dresses,Dresses,1,0,1092
General Petite,Tops,Knits,3,1,865
General Petite,Tops,Blouses,3,0,815
General Petite,Tops,Blouses,5,1,850
General,Bottoms,Jeans,5,1,1028
General,Dresses,Dresses,5,1,1092
General,Dresses,Dresses,5,1,1092
General Petite,Tops,Blouses,5,1,823
Initmates,Intimate,Lounge,4,1,802
General Petite,Tops,Blouses,3,1,815
General,Dresses,Dresses,3,0,1092
General,Dresses,Dresses,3,0,1092
General,Dresses,Dresses,4,1,1092
General Petite,Tops,Blouses,5,1,823
General Petite,Tops,Blouses,2,0,850
General,Dresses,Dresses,3,1,1092
General,Bottoms,Jeans,5,1,1028
General Petite,Tops,Blouses,5,1,823
General,Bottoms,Skirts,5,1,1009
General,Tops,Blouses,5,1,836
General Petite,Tops,Blouses,5,1,823
General Petite,Tops,Blouses,5,1,850
General Petite,Tops,Knits,5,1,865
General,Bottoms,Jeans,5,1,1022
General,Dresses,Dresses,5,1,1095
Initmates,Intimate,Swim,4,1,239
General,Tops,Blouses,4,1,836
General,Dresses,Dresses,3,1,1095
General Petite,Tops,Knits,4,1,865
General,Dresses,Dresses,3,0,1092
General Petite,Tops,Blouses,5,1,815
General,Bottoms,Skirts,5,1,1009
General,Dresses,Dresses,5,1,1092
General Petite,Bottoms,Pants,3,1,1068
General,Jackets,Outerwear,5,1,1126
General,Dresses,Dresses,5,1,1095
General Petite,Bottoms,Pants,4,1,1068
General Petite,Dresses,Dresses,5,1,1075
General Petite,Tops,Blouses,5,1,850
General,Dresses,Dresses,3,0,1092
General Petite,Tops,Knits,5,1,865
General Petite,Tops,Blouses,5,1,815
General,Tops,Blouses,4,1,836
General Petite,Tops,Blouses,4,1,823
General Petite,Tops,Blouses,4,1,823
General,Dresses,Dresses,5,1,1092
General,Tops,Blouses,2,1,836
General,Dresses,Dresses,4,1,1095
General Petite,Tops,Blouses,5,1,850
General,Dresses,Dresses,5,1,1095
General Petite,Tops,Knits,3,1,884
General Petite,Tops,Knits,4,1,884
General,Dresses,Dresses,5,1,1081
General Petite,Bottoms,Jeans,5,1,1033
General,Tops,Fine gauge,5,1,903
Initmates,Intimate,Swim,3,0,1169
General,Dresses,Dresses,1,0,1081
General Petite,Bottoms,Jeans,4,1,1033
General,Bottoms,Jeans,3,0,1028
General,Tops,Blouses,4,1,830
General,Tops,Blouses,3,1,830
General Petite,Tops,Knits,2,0,884
General Petite,Tops,Fine gauge,5,1,902
General Petite,Tops,Knits,2,0,884
Initmates,Intimate,Swim,3,0,610
General,Tops,Knits,3,1,861
General,Tops,Knits,5,1,861
General,Bottoms,Skirts,4,1,999
General,Tops,Knits,5,1,861
General,Tops,Knits,5,1,861
General,Tops,Knits,5,1,861
General Petite,Tops,Fine gauge,5,1,895
General,Tops,Knits,5,1,861
General,Tops,Knits,4,1,861
General Petite,Bottoms,Skirts,5,1,990
General Petite,Tops,Fine gauge,3,0,895
Initmates,Intimate,Sleep,4,1,200
General Petite,Tops,Knits,5,1,861
General Petite,Tops,Knits,3,1,861
General Petite,Tops,Knits,5,1,861
General Petite,Tops,Knits,3,1,861
General Petite,Tops,Knits,5,1,861
General Petite,Tops,Knits,5,1,861
General Petite,Tops,Knits,5,1,861
General,Bottoms,Shorts,2,1,576
General,Bottoms,Shorts,2,0,576
General,Dresses,Dresses,5,1,1080
General Petite,Tops,Knits,5,1,861
General,Bottoms,Shorts,5,1,576
General Petite,Tops,Knits,5,1,861
General Petite,Tops,Knits,5,1,861
General Petite,Tops,Knits,3,1,861
General Petite,Tops,Knits,5,1,861
General Petite,Tops,Knits,5,1,861
General Petite,Tops,Knits,4,1,861
General Petite,Tops,Knits,5,1,861
General Petite,Tops,Knits,3,0,861
General Petite,Tops,Knits,5,1,861
General Petite,Tops,Knits,5,1,861
General Petite,Tops,Knits,4,1,861
General,Bottoms,Shorts,3,0,576
General Petite,Tops,Knits,5,1,861
General,Bottoms,Shorts,4,1,576
General Petite,Tops,Knits,5,1,861
General Petite,Tops,Knits,4,1,861
General,Bottoms,Skirts,4,1,999
General Petite,Tops,Knits,5,1,861
General,Tops,Knits,4,1,861
Initmates,Intimate,Sleep,4,1,200
General,Tops,Knits,3,1,861
General,Tops,Knits,5,1,861
General,Bottoms,Pants,4,1,1056
General,Bottoms,Shorts,4,1,576
General,Tops,Knits,5,1,861
General,Tops,Knits,4,1,861
General,Tops,Knits,5,1,861
General,Tops,Knits,5,1,861
General,Tops,Knits,4,1,861
General,Tops,Blouses,4,1,815
General Petite,Tops,Fine gauge,5,1,895
Initmates,Intimate,Lounge,5,1,367
General,Tops,Knits,4,1,861
General,Tops,Knits,5,1,861
General,Tops,Knits,5,1,861
General,Tops,Knits,5,1,861
General,Tops,Knits,5,1,861
General,Tops,Knits,4,1,861
General,Tops,Knits,5,1,861
General,Tops,Knits,5,1,861
General,Tops,Knits,5,1,861
General,Tops,Knits,3,1,861
General,Tops,Knits,2,0,861
General,Bottoms,Shorts,5,1,576
General,Tops,Knits,5,1,861
General Petite,Dresses,Dresses,3,1,1093
General,Bottoms,Pants,5,1,1060
General,Bottoms,Pants,5,1,1060
General,Tops,Knits,5,1,855
General,Tops,Knits,5,1,855
General,Bottoms,Pants,5,1,1060
General Petite,Tops,Knits,5,1,854
General,Bottoms,Pants,5,1,1060
General,Tops,Blouses,5,1,830
General Petite,Dresses,Dresses,3,0,1093
General,Tops,Knits,5,1,855
General Petite,Dresses,Dresses,4,1,1078
General,Bottoms,Jeans,5,1,1022
General,Bottoms,Pants,4,1,1060
General Petite,Dresses,Dresses,5,1,1078
General Petite,Dresses,Dresses,4,1,1078
General,Bottoms,Pants,5,1,1060
General,Tops,Knits,5,1,855
General Petite,Dresses,Dresses,5,1,1078
General Petite,Jackets,Jackets,5,1,975
General,Bottoms,Jeans,5,1,1022
General,Tops,Knits,3,1,855
General,Bottoms,Jeans,5,1,1022
General,Bottoms,Jeans,5,1,1022
General Petite,Dresses,Dresses,4,1,1078
General,Bottoms,Jeans,5,1,1022
General,Bottoms,Pants,5,1,1060
General,Bottoms,Pants,5,1,1060
General,Bottoms,Pants,4,1,1060
General,Bottoms,Jeans,3,0,1022
General,Bottoms,Jeans,5,1,1022
General,Bottoms,Pants,5,1,1060
General Petite,Jackets,Jackets,5,1,975
General,Bottoms,Pants,4,1,1060
General,Bottoms,Jeans,5,1,1022
General,Bottoms,Jeans,5,1,1022
General,Bottoms,Pants,5,1,1060
General,Bottoms,Jeans,5,1,1022
General Petite,Jackets,Jackets,3,0,975
General,Bottoms,Pants,5,1,1060
General,Dresses,Dresses,4,1,1081
General Petite,Dresses,Dresses,5,1,1094
Initmates,Intimate,Swim,5,1,408
General,Dresses,Dresses,4,1,1081
General Petite,Dresses,Dresses,5,1,1094
General,Bottoms,Shorts,5,1,529
General,Bottoms,Shorts,5,1,529
Unknown,Unknown,Unknown,5,1,665
General Petite,Dresses,Dresses,4,1,1094
Initmates,Intimate,Swim,3,0,408
General Petite,Dresses,Dresses,4,1,1094
General,Bottoms,Shorts,5,1,529
General Petite,Tops,Fine gauge,5,1,895
Initmates,Intimate,Swim,5,1,408
General Petite,Dresses,Dresses,4,1,1094
General Petite,Dresses,Dresses,4,1,1094
Initmates,Intimate,Swim,4,1,408
General,Bottoms,Pants,5,1,1051
General Petite,Tops,Sweaters,3,1,936
General Petite,Tops,Sweaters,5,1,936
General,Tops,Knits,5,1,864
General,Tops,Knits,5,1,864
General,Tops,Knits,5,1,864
General,Dresses,Dresses,5,1,1077
General,Tops,Knits,5,1,864
General,Tops,Knits,5,1,864
General,Tops,Knits,5,1,864
General,Tops,Knits,4,1,864
General,Tops,Knits,5,1,864
General,Bottoms,Pants,5,1,1051
General,Tops,Knits,4,1,864
General,Bottoms,Pants,5,1,1051
General,Tops,Sweaters,5,1,936
General,Dresses,Dresses,5,1,1077
General,Tops,Knits,5,1,864
General,Tops,Knits,5,1,864
General,Tops,Knits,4,0,864
General,Bottoms,Pants,5,1,1051
General,Bottoms,Jeans,5,1,1025
General,Tops,Knits,5,1,864
General,Dresses,Dresses,5,1,1083
General,Trend,Trend,4,1,1140
General,Bottoms,Pants,5,1,1051
General,Tops,Knits,5,1,864
General,Tops,Knits,5,1,864
General,Tops,Knits,5,1,864
General,Tops,Knits,5,1,864
General,Dresses,Dresses,5,1,1077
General,Tops,Knits,3,1,864
General,Tops,Blouses,5,1,825
General,Trend,Trend,5,1,1140
General,Dresses,Dresses,4,1,1083
General,Tops,Knits,5,1,864
General Petite,Tops,Sweaters,5,1,936
General,Tops,Knits,4,1,864
General Petite,Tops,Sweaters,5,1,936
General,Tops,Knits,5,1,864
General Petite,Tops,Sweaters,5,1,936
General,Tops,Blouses,3,0,825
General Petite,Tops,Sweaters,5,1,936
General Petite,Tops,Sweaters,4,1,936
General Petite,Tops,Sweaters,4,1,936
General,Dresses,Dresses,5,1,1083
General,Tops,Knits,5,1,864
General Petite,Tops,Sweaters,5,1,936
General,Tops,Knits,5,1,864
General,Dresses,Dresses,5,1,1083
General,Tops,Knits,1,0,864
General,Dresses,Dresses,5,1,1077
General Petite,Dresses,Dresses,5,1,1109
General,Dresses,Dresses,5,1,1086
General Petite,Dresses,Dresses,4,1,1089
General,Dresses,Dresses,5,1,1077
General,Dresses,Dresses,2,0,1086
General,Trend,Trend,4,1,1140
General Petite,Dresses,Dresses,5,1,1089
General Petite,Dresses,Dresses,5,1,1109
General,Dresses,Dresses,5,1,1077
General,Tops,Knits,5,1,875
General Petite,Dresses,Dresses,4,1,1109
General,Dresses,Dresses,5,1,1077
General,Dresses,Dresses,4,1,1077
General Petite,Dresses,Dresses,5,1,1109
General,Dresses,Dresses,4,1,1086
General,Tops,Knits,5,1,868
General,Dresses,Dresses,4,1,1086
General,Tops,Knits,5,1,875
General Petite,Dresses,Dresses,5,1,1109
General,Dresses,Dresses,4,1,1077
General,Dresses,Dresses,2,0,1086
General,Dresses,Dresses,4,1,1077
General Petite,Dresses,Dresses,3,1,1109
General,Dresses,Dresses,5,1,1077
General,Dresses,Dresses,5,1,1077
General,Dresses,Dresses,2,0,1086
General Petite,Dresses,Dresses,5,1,1109
General,Tops,Knits,4,1,868
General,Dresses,Dresses,4,1,1077
General,Tops,Knits,5,1,868
General,Tops,Knits,5,1,863
General,Dresses,Dresses,5,1,1077
General Petite,Dresses,Dresses,2,0,1089
General,Dresses,Dresses,3,0,1086
General,Dresses,Dresses,5,1,1077
General,Dresses,Dresses,4,1,1086
General,Dresses,Dresses,5,1,1086
General,Dresses,Dresses,5,1,1086
General Petite,Dresses,Dresses,5,1,1109
General,Tops,Knits,5,1,875
General,Dresses,Dresses,5,1,1077
General Petite,Dresses,Dresses,5,1,1109
General,Dresses,Dresses,5,1,1077
General,Dresses,Dresses,5,1,1077
General Petite,Dresses,Dresses,4,1,1109
General,Dresses,Dresses,4,0,1077
General Petite,Dresses,Dresses,5,1,1109
General,Bottoms,Skirts,1,0,1009
General Petite,Dresses,Dresses,3,0,1109
General,Tops,Knits,4,1,875
General,Dresses,Dresses,1,0,1086
General Petite,Tops,Knits,5,1,868
General,Tops,Knits,5,1,875
General,Dresses,Dresses,5,1,1077
General,Dresses,Dresses,5,1,1077
General Petite,Bottoms,Skirts,4,1,1008
General Petite,Bottoms,Skirts,5,1,1008
General,Bottoms,Jeans,5,1,1039
General Petite,Bottoms,Skirts,3,1,1008
General,Bottoms,Pants,5,1,1059
General Petite,Bottoms,Skirts,5,1,1008
General,Tops,Blouses,1,0,844
General Petite,Bottoms,Skirts,5,1,1008
General Petite,Bottoms,Skirts,5,1,1008
General Petite,Bottoms,Skirts,5,1,1008
General,Dresses,Dresses,5,1,1110
General,Bottoms,Shorts,5,1,75
General Petite,Bottoms,Skirts,5,1,1008
General Petite,Bottoms,Skirts,5,1,1008
General,Bottoms,Pants,5,1,1059
General,Bottoms,Pants,5,1,1059
General Petite,Bottoms,Skirts,5,1,1008
General Petite,Bottoms,Skirts,5,1,1008
General,Bottoms,Pants,5,1,1059
General Petite,Bottoms,Skirts,5,1,1008
General,Tops,Blouses,4,1,844
General Petite,Bottoms,Skirts,5,1,1008
General Petite,Bottoms,Skirts,5,1,1008
General Petite,Bottoms,Skirts,5,1,1008
General,Bottoms,Pants,5,0,1059
General Petite,Bottoms,Skirts,5,1,1008
General Petite,Bottoms,Skirts,5,1,1008
General,Bottoms,Pants,5,1,1059
General,Tops,Sweaters,5,1,927
General Petite,Bottoms,Skirts,5,1,1008
General Petite,Bottoms,Skirts,3,1,1008
General,Bottoms,Jeans,5,1,1025
General Petite,Bottoms,Skirts,5,1,1008
General Petite,Bottoms,Skirts,5,1,1008
General Petite,Bottoms,Skirts,4,1,1008
General Petite,Bottoms,Skirts,5,1,1008
General Petite,Bottoms,Skirts,5,1,1008
General Petite,Tops,Blouses,1,0,833
General Petite,Intimate,Lounge,4,1,190
General Petite,Bottoms,Jeans,5,1,1033
General Petite,Tops,Blouses,5,1,833
General,Tops,Knits,5,1,872
General Petite,Intimate,Lounge,5,1,190
General Petite,Tops,Blouses,4,1,833
Initmates,Intimate,Layering,5,1,51
General Petite,Bottoms,Jeans,2,0,1033
General,Tops,Knits,5,1,872
General,Tops,Knits,5,1,872
General Petite,Tops,Blouses,5,1,833
General,Bottoms,Pants,5,1,1052
General,Tops,Knits,5,1,872
General,Tops,Knits,5,1,872
General Petite,Tops,Fine gauge,5,1,895
General Petite,Intimate,Lounge,3,0,190
General Petite,Tops,Blouses,4,1,833
General Petite,Tops,Fine gauge,5,1,895
General Petite,Tops,Fine gauge,4,1,895
General Petite,Tops,Fine gauge,5,1,895
General,Bottoms,Pants,5,1,1052
General,Tops,Knits,5,1,872
General,Tops,Knits,4,1,872
General Petite,Tops,Fine gauge,5,1,895
General Petite,Tops,Fine gauge,5,1,895
General Petite,Intimate,Lounge,5,1,190
General Petite,Tops,Fine gauge,5,1,895
General Petite,Intimate,Lounge,5,1,190
General Petite,Tops,Fine gauge,5,1,895
General,Tops,Knits,5,1,872
General Petite,Bottoms,Jeans,4,1,1033
General Petite,Tops,Blouses,5,1,833
General Petite,Tops,Blouses,2,0,833
General,Bottoms,Skirts,4,1,995
General Petite,Bottoms,Jeans,5,1,1033
General,Tops,Knits,5,1,872
General Petite,Tops,Fine gauge,5,1,895
General,Tops,Knits,3,0,872
General Petite,Tops,Blouses,3,0,833
General Petite,Tops,Fine gauge,5,1,895
General,Bottoms,Pants,5,1,1052
General,Tops,Knits,5,1,872
General Petite,Tops,Blouses,4,1,833
General Petite,Bottoms,Jeans,5,1,1033
General Petite,Bottoms,Jeans,5,1,1033
General,Tops,Knits,3,0,872
General Petite,Intimate,Lounge,5,1,190
General,Tops,Knits,5,1,872
General,Bottoms,Pants,5,1,1052
General,Bottoms,Pants,5,1,1052
General Petite,Intimate,Lounge,5,1,190
Initmates,Intimate,Swim,4,1,600
General,Bottoms,Pants,5,1,1052
General Petite,Bottoms,Jeans,5,1,1033
General Petite,Intimate,Lounge,3,0,190
General,Tops,Knits,4,1,872
General Petite,Dresses,Dresses,5,1,1076
General Petite,Tops,Knits,5,1,863
General Petite,Tops,Knits,4,1,863
General Petite,Tops,Knits,5,1,863
General Petite,Tops,Knits,4,1,863
General,Dresses,Dresses,5,1,1097
General Petite,Tops,Knits,5,1,863
General Petite,Tops,Knits,5,1,863
General Petite,Tops,Knits,5,1,863
General Petite,Dresses,Dresses,4,1,1110
General Petite,Tops,Knits,5,1,863
General Petite,Tops,Knits,4,1,863
General Petite,Tops,Knits,4,1,863
General Petite,Tops,Knits,5,1,863
General Petite,Dresses,Dresses,5,1,1110
General Petite,Tops,Knits,4,1,863
General Petite,Tops,Knits,4,1,863
Initmates,Intimate,Layering,5,1,608
General,Jackets,Outerwear,5,1,1126
General Petite,Tops,Knits,5,1,863
General Petite,Tops,Knits,3,1,863
General,Dresses,Dresses,4,1,1097
General Petite,Tops,Knits,2,0,863
General Petite,Tops,Knits,5,1,863
General Petite,Bottoms,Jeans,4,1,1033
General Petite,Tops,Knits,5,1,863
General Petite,Tops,Knits,4,1,863
General Petite,Dresses,Dresses,5,1,1110
General,Dresses,Dresses,3,0,1097
General Petite,Tops,Knits,5,1,863
General Petite,Tops,Knits,4,1,863
General Petite,Tops,Knits,5,1,863
General Petite,Tops,Knits,5,1,863
General Petite,Tops,Knits,3,0,863
General Petite,Intimate,Lounge,5,1,539
General Petite,Dresses,Dresses,4,1,1110
General Petite,Tops,Knits,3,1,863
General Petite,Dresses,Dresses,5,1,1110
General Petite,Tops,Knits,4,1,863
General Petite,Intimate,Lounge,5,1,539
General Petite,Tops,Knits,3,0,863
General Petite,Bottoms,Skirts,4,1,993
General Petite,Tops,Knits,4,1,863
General Petite,Tops,Knits,5,1,863
General Petite,Tops,Knits,4,1,863
General Petite,Tops,Knits,5,1,863
General Petite,Tops,Knits,5,1,863
General Petite,Intimate,Lounge,5,1,539
General Petite,Tops,Knits,3,0,863
General Petite,Tops,Knits,5,1,863
General Petite,Tops,Knits,5,1,863
General Petite,Dresses,Dresses,5,1,1110
General Petite,Tops,Knits,3,1,863
General,Jackets,Jackets,5,1,967
General Petite,Tops,Knits,5,1,863
General Petite,Tops,Knits,3,0,863
General,Bottoms,Jeans,4,1,1024
General,Tops,Blouses,5,1,831
General,Jackets,Outerwear,1,0,1121
General,Tops,Blouses,4,0,831
General,Jackets,Outerwear,1,0,1121
General,Jackets,Outerwear,4,1,1121
General,Tops,Sweaters,3,1,942
General,Tops,Sweaters,4,1,942
General,Tops,Sweaters,4,1,942
General,Dresses,Dresses,5,1,1087
General,Tops,Blouses,3,1,831
Initmates,Intimate,Swim,4,1,354
General,Bottoms,Skirts,5,1,1009
General,Dresses,Dresses,5,1,1086
General,Dresses,Dresses,3,0,1086
General,Dresses,Dresses,5,1,1086
General,Dresses,Dresses,5,1,1086
General Petite,Tops,Knits,5,1,876
General Petite,Tops,Knits,4,1,867
General,Dresses,Dresses,5,1,1086
General,Dresses,Dresses,5,1,1086
General,Dresses,Dresses,2,0,1086
General Petite,Tops,Knits,2,0,867
General,Dresses,Dresses,5,1,1086
General,Tops,Sweaters,5,0,931
General,Dresses,Dresses,5,1,1086
General,Dresses,Dresses,5,1,1086
General,Dresses,Dresses,5,1,1086
General,Tops,Sweaters,4,1,931
General,Dresses,Dresses,5,1,1087
General,Dresses,Dresses,4,1,1086
General Petite,Bottoms,Pants,5,1,1048
General Petite,Tops,Knits,4,1,867
General,Dresses,Dresses,1,0,1087
General Petite,Tops,Knits,5,1,867
General,Bottoms,Skirts,5,1,1009
General,Dresses,Dresses,5,1,1086
General,Jackets,Jackets,5,1,962
General,Dresses,Dresses,3,0,1086
General,Dresses,Dresses,5,1,1086
General,Dresses,Dresses,3,0,1086
General,Dresses,Dresses,5,1,1086
General Petite,Dresses,Dresses,4,1,1104
General,Dresses,Dresses,4,1,1080
General,Tops,Knits,5,1,868
General Petite,Bottoms,Skirts,5,1,996
General,Tops,Sweaters,3,1,923
General,Tops,Sweaters,4,1,923
General Petite,Tops,Blouses,2,0,825
General,Tops,Blouses,3,0,826
General Petite,Dresses,Dresses,5,1,1104
General,Tops,Blouses,5,1,826
General Petite,Tops,Fine gauge,4,1,907
General,Tops,Knits,5,1,868
General Petite,Jackets,Outerwear,4,1,1122
General Petite,Dresses,Dresses,5,1,1104
General,Tops,Sweaters,4,1,923
General,Tops,Sweaters,5,1,923
General,Tops,Sweaters,3,1,923
General,Tops,Sweaters,5,1,923
General Petite,Tops,Blouses,5,1,825
General Petite,Dresses,Dresses,5,1,1104
General,Tops,Knits,4,1,866
General,Tops,Sweaters,3,1,923
General,Tops,Blouses,4,1,826
General Petite,Dresses,Dresses,3,0,1104
General,Tops,Knits,5,1,866
General Petite,Dresses,Dresses,5,1,1104
General Petite,Jackets,Outerwear,5,1,1122
General Petite,Dresses,Dresses,4,1,1104
General Petite,Dresses,Dresses,4,1,1104
General,Tops,Blouses,4,1,826
General,Tops,Sweaters,4,1,923
General,Dresses,Dresses,4,1,1080
General Petite,Bottoms,Skirts,5,1,996
General,Tops,Knits,5,1,868
General,Tops,Fine gauge,5,1,907
General Petite,Dresses,Dresses,1,0,1104
Initmates,Intimate,Layering,5,1,1203
Initmates,Intimate,Layering,5,1,1203
General Petite,Tops,Knits,4,1,886
General Petite,Jackets,Jackets,1,0,973
General,Bottoms,Pants,5,1,1052
General,Bottoms,Jeans,2,0,1022
Initmates,Intimate,Layering,5,1,1203
General,Jackets,Jackets,5,1,975
Initmates,Intimate,Layering,5,1,1203
General,Tops,Blouses,5,1,829
General Petite,Tops,Knits,5,1,886
General,Bottoms,Jeans,5,1,1022
Initmates,Intimate,Legwear,5,1,41
General,Jackets,Jackets,4,1,969
General,Tops,Blouses,5,1,829
General Petite,Dresses,Dresses,4,1,1100
General Petite,Tops,Blouses,5,1,832
General,Tops,Blouses,5,1,829
Initmates,Intimate,Layering,5,1,1203
General,Bottoms,Jeans,5,1,1022
General,Tops,Blouses,5,1,829
General,Tops,Blouses,5,1,829
General Petite,Tops,Knits,5,1,886
General Petite,Tops,Knits,5,1,886
General Petite,Tops,Blouses,3,0,832
General,Tops,Blouses,5,1,829
General Petite,Tops,Knits,5,1,886
General,Jackets,Jackets,5,1,969
General Petite,Tops,Knits,5,1,886
Initmates,Intimate,Layering,3,0,1203
General Petite,Tops,Knits,5,1,886
General,Tops,Blouses,5,1,829
General,Dresses,Dresses,3,0,1080
General,Bottoms,Shorts,4,1,587
General Petite,Tops,Knits,5,1,886
General Petite,Dresses,Dresses,3,1,1094
General,Jackets,Jackets,5,1,969
General,Jackets,Jackets,4,1,975
General,Jackets,Jackets,4,1,969
General,Tops,Blouses,5,1,829
General Petite,Dresses,Dresses,4,1,1094
General,Tops,Blouses,5,1,829
General Petite,Tops,Knits,5,1,886
General Petite,Tops,Knits,3,0,886
Initmates,Intimate,Layering,5,1,1203
General,Tops,Blouses,5,1,829
General Petite,Tops,Knits,4,1,886
Initmates,Intimate,Layering,4,1,1203
General Petite,Tops,Blouses,5,1,832
General Petite,Tops,Knits,3,1,886
Initmates,Intimate,Layering,5,1,1203
General,Bottoms,Jeans,1,0,1028
Initmates,Intimate,Layering,4,0,1203
Initmates,Intimate,Layering,5,1,171
General,Dresses,Dresses,4,0,1080
General,Tops,Blouses,5,1,829
General,Tops,Blouses,5,1,829
General,Tops,Fine gauge,5,1,915
General,Tops,Fine gauge,5,1,915
General,Tops,Blouses,5,1,829
Initmates,Intimate,Layering,4,1,1203
General,Tops,Blouses,5,1,829
General,Tops,Blouses,4,1,829
General Petite,Tops,Knits,5,1,886
General Petite,Dresses,Dresses,5,1,1100
General,Bottoms,Jeans,5,1,1022
General Petite,Tops,Blouses,5,0,832
General Petite,Jackets,Jackets,5,1,975
General Petite,Tops,Knits,5,1,886
General Petite,Tops,Knits,5,1,886
General,Dresses,Dresses,3,1,1080
General,Dresses,Dresses,5,1,1080
General,Tops,Blouses,5,1,829
General,Bottoms,Jeans,5,1,1022
General Petite,Tops,Knits,5,1,886
General,Dresses,Dresses,3,1,1094
General,Dresses,Dresses,4,1,1080
General Petite,Tops,Blouses,3,0,832
General Petite,Jackets,Jackets,5,1,975
General,Trend,Trend,3,0,567
General,Bottoms,Skirts,5,1,1011
General,Trend,Trend,2,0,567
General,Dresses,Dresses,5,1,1078
General,Dresses,Dresses,4,1,1078
General,Bottoms,Skirts,5,1,1011
General,Bottoms,Skirts,5,1,1011
General,Dresses,Dresses,2,1,1074
General,Bottoms,Pants,5,1,1047
General,Dresses,Dresses,4,1,1078
General,Bottoms,Jeans,4,0,1028
General Petite,Tops,Knits,5,1,880
General Petite,Tops,Knits,4,1,880
General Petite,Tops,Knits,5,1,880
General,Bottoms,Skirts,5,1,1011
General,Bottoms,Pants,5,1,1047
General,Bottoms,Skirts,2,0,1011
General,Bottoms,Pants,5,1,1047
General,Tops,Blouses,4,1,828
General,Bottoms,Skirts,5,1,1011
General Petite,Tops,Knits,1,0,880
General,Tops,Blouses,5,1,828
General Petite,Tops,Knits,5,1,880
General Petite,Tops,Knits,5,1,880
General,Trend,Trend,1,0,567
General Petite,Tops,Knits,5,1,880
General,Bottoms,Pants,5,1,1047
General,Dresses,Dresses,4,1,1078
General Petite,Tops,Knits,4,1,880
General,Dresses,Dresses,4,1,1074
General,Bottoms,Skirts,4,1,1011
General,Tops,Knits,5,1,860
General,Tops,Blouses,5,1,833
General,Dresses,Dresses,5,1,1089
General,Tops,Blouses,3,1,833
General,Tops,Knits,5,1,862
General,Dresses,Dresses,5,1,1084
General,Tops,Knits,5,1,862
General,Tops,Knits,5,1,860
General,Tops,Blouses,2,0,833
General,Dresses,Dresses,4,1,1084
General,Tops,Blouses,3,1,833
General,Tops,Blouses,4,1,833
General,Tops,Blouses,2,0,833
General Petite,Tops,Knits,3,1,864
General,Tops,Blouses,5,1,833
General,Tops,Knits,5,1,860
General,Tops,Knits,5,1,860
General,Tops,Knits,5,1,860
General,Tops,Knits,3,1,862
General,Tops,Blouses,5,1,833
General,Dresses,Dresses,3,0,1089
General,Dresses,Dresses,5,1,1089
General,Tops,Blouses,4,1,833
General Petite,Tops,Fine gauge,1,0,909
General,Tops,Blouses,4,1,833
General,Tops,Knits,5,1,860
General,Tops,Blouses,4,1,833
General,Tops,Knits,5,1,862
General,Tops,Blouses,2,0,833
General,Dresses,Dresses,4,1,1077
General,Tops,Blouses,3,0,833
General Petite,Tops,Knits,5,1,864
General,Tops,Blouses,5,1,833
General,Tops,Knits,4,1,862
General,Tops,Blouses,5,1,833
General,Tops,Blouses,2,0,833
General Petite,Tops,Knits,4,1,860
General Petite,Tops,Blouses,5,1,834
General,Dresses,Dresses,2,0,1077
General Petite,Tops,Knits,3,0,860
General,Tops,Blouses,5,1,833
General,Tops,Blouses,4,1,833
General Petite,Tops,Fine gauge,5,1,909
General,Tops,Blouses,4,1,833
General,Dresses,Dresses,5,1,1084
General Petite,Tops,Knits,4,1,864
General,Tops,Blouses,1,0,833
General,Tops,Knits,5,1,860
General,Tops,Knits,5,1,860
General Petite,Tops,Knits,5,1,864
General,Tops,Knits,5,1,862
General,Tops,Knits,5,1,860
General,Dresses,Dresses,3,0,1089
General,Tops,Knits,5,1,860
General,Tops,Blouses,2,0,833
General,Tops,Blouses,4,1,833
General,Dresses,Dresses,5,0,1077
General,Tops,Knits,5,1,862
General,Tops,Blouses,5,1,833
General,Tops,Blouses,5,1,833
General,Dresses,Dresses,5,1,1089
General,Tops,Blouses,4,1,833
General,Tops,Knits,5,1,860
General,Dresses,Dresses,2,0,1084
General,Tops,Knits,5,1,862
General,Tops,Blouses,5,1,850
General Petite,Bottoms,Skirts,5,1,1020
General,Tops,Blouses,5,1,850
General,Tops,Blouses,5,1,850
General,Tops,Blouses,5,1,850
General Petite,Bottoms,Jeans,5,1,1033
General,Tops,Blouses,5,1,850
General,Tops,Blouses,5,1,850
General,Tops,Blouses,5,1,850
General Petite,Bottoms,Jeans,4,1,1033
General,Tops,Blouses,3,1,850
General,Tops,Blouses,4,1,850
General,Tops,Blouses,5,1,850
General,Tops,Knits,1,0,861
General,Tops,Blouses,5,1,850
General,Bottoms,Skirts,5,1,1011
General,Tops,Blouses,5,1,850
General,Tops,Blouses,5,1,850
General,Tops,Blouses,5,1,850
General,Tops,Blouses,5,1,850
General,Tops,Blouses,5,1,850
General,Tops,Blouses,5,1,850
General,Tops,Blouses,4,1,850
General,Tops,Blouses,4,1,850
General,Tops,Blouses,5,1,850
General,Dresses,Dresses,5,1,1084
General,Jackets,Jackets,5,1,984
General,Tops,Blouses,4,1,822
General,Tops,Blouses,5,1,850
General,Tops,Blouses,4,1,850
General,Tops,Blouses,5,1,850
General,Dresses,Dresses,5,1,1081
General,Bottoms,Shorts,4,1,582
General,Tops,Blouses,5,1,850
General,Tops,Blouses,4,1,850
General,Tops,Blouses,1,1,850
General,Bottoms,Shorts,4,1,582
General,Tops,Blouses,5,1,850
General,Dresses,Dresses,5,1,1084
General,Tops,Blouses,2,0,850
General,Jackets,Jackets,5,1,984
General,Tops,Blouses,4,1,850
General,Tops,Blouses,5,1,850
General,Tops,Blouses,4,1,850
General,Bottoms,Skirts,2,0,1011
Initmates,Intimate,Legwear,5,1,169
General Petite,Dresses,Dresses,5,1,1093
General,Bottoms,Skirts,5,1,1021
Initmates,Intimate,Legwear,5,1,169
Initmates,Intimate,Legwear,5,1,169
General Petite,Dresses,Dresses,5,1,1093
Initmates,Intimate,Legwear,4,1,169
Initmates,Intimate,Legwear,1,0,169
General Petite,Dresses,Dresses,5,1,1093
Initmates,Intimate,Legwear,5,1,169
General Petite,Tops,Blouses,5,1,816
Initmates,Intimate,Legwear,5,1,169
General,Tops,Blouses,5,1,830
Initmates,Intimate,Legwear,5,1,169
Initmates,Intimate,Legwear,5,1,169
Initmates,Intimate,Legwear,5,1,169
Initmates,Intimate,Legwear,5,1,169
General,Bottoms,Jeans,3,1,1035
General,Dresses,Dresses,5,1,1074
Initmates,Intimate,Legwear,5,1,169
General Petite,Dresses,Dresses,5,1,1093
General Petite,Dresses,Dresses,5,1,1093
Initmates,Intimate,Legwear,5,1,169
Initmates,Intimate,Legwear,5,1,169
General,Bottoms,Jeans,4,1,1035
General,Bottoms,Skirts,5,1,992
Initmates,Intimate,Legwear,4,1,169
Initmates,Intimate,Legwear,5,1,169
General,Bottoms,Skirts,1,0,1021
Initmates,Intimate,Legwear,1,0,169
General,Dresses,Dresses,4,1,1074
Initmates,Intimate,Legwear,4,1,169
General,Tops,Knits,5,1,872
General,Dresses,Dresses,5,1,1074
Initmates,Intimate,Legwear,5,1,169
General Petite,Dresses,Dresses,3,0,1093
Initmates,Intimate,Legwear,5,1,169
General,Tops,Knits,3,0,862
General,Dresses,Dresses,5,1,1074
Initmates,Intimate,Legwear,5,1,169
General,Bottoms,Jeans,5,1,1035
General,Bottoms,Skirts,2,0,992
General,Bottoms,Skirts,2,0,992
General,Tops,Blouses,5,1,830
General Petite,Tops,Blouses,5,1,832
Initmates,Intimate,Legwear,5,1,169
Initmates,Intimate,Legwear,5,1,169
General,Tops,Blouses,3,0,830
Initmates,Intimate,Legwear,3,0,169
Initmates,Intimate,Legwear,5,1,169
Initmates,Intimate,Legwear,5,1,169
General Petite,Dresses,Dresses,5,1,1093
Initmates,Intimate,Legwear,5,1,169
Initmates,Intimate,Legwear,5,1,169
General Petite,Dresses,Dresses,5,1,1093
Initmates,Intimate,Legwear,5,1,169
General,Bottoms,Shorts,5,1,530
General,Bottoms,Skirts,3,0,1002
General Petite,Dresses,Dresses,5,1,1074
General Petite,Dresses,Dresses,5,1,1093
General,Bottoms,Skirts,3,0,1021
Initmates,Intimate,Legwear,4,1,169
Initmates,Intimate,Legwear,5,1,169
General Petite,Dresses,Dresses,5,1,1074
General,Tops,Knits,4,1,862
Initmates,Intimate,Legwear,5,1,169
General,Tops,Blouses,5,1,830
General Petite,Dresses,Dresses,5,1,1093
General,Bottoms,Skirts,5,1,992
Initmates,Intimate,Legwear,3,1,169
General,Tops,Knits,1,0,862
Initmates,Intimate,Legwear,5,1,169
Initmates,Intimate,Legwear,5,1,169
Initmates,Intimate,Legwear,1,0,169
General,Bottoms,Shorts,2,0,530
General,Tops,Knits,5,1,854
General Petite,Dresses,Dresses,5,1,1076
General,Dresses,Dresses,5,1,1088
General,Tops,Blouses,4,1,830
General,Jackets,Outerwear,4,1,1123
General,Tops,Fine gauge,1,0,897
General,Tops,Blouses,2,1,830
General,Tops,Blouses,5,1,830
General,Tops,Fine gauge,4,1,897
General,Jackets,Outerwear,5,1,1123
General,Dresses,Dresses,4,1,1088
General,Jackets,Outerwear,5,1,1123
General,Tops,Knits,2,0,854
General,Tops,Knits,3,1,854
General,Jackets,Outerwear,5,1,1123
General,Tops,Knits,5,1,854
General,Tops,Fine gauge,1,0,920
General,Dresses,Dresses,5,1,1078
General,Dresses,Dresses,4,1,1078
General,Dresses,Dresses,3,1,1078
General,Tops,Blouses,5,1,824
General,Dresses,Dresses,5,1,1078
General,Bottoms,Skirts,5,1,1018
General,Tops,Knits,5,1,865
General,Dresses,Dresses,3,1,1078
General,Bottoms,Skirts,4,1,1018
General,Dresses,Dresses,2,0,1078
General Petite,Tops,Knits,5,1,858
General Petite,Tops,Knits,2,0,858
General,Dresses,Dresses,5,1,1078
General Petite,Tops,Knits,4,1,866
General,Dresses,Dresses,5,1,1078
General Petite,Tops,Knits,3,0,858
General,Dresses,Dresses,2,0,1078
General,Dresses,Dresses,5,1,1078
Initmates,Intimate,Swim,4,1,527
General,Dresses,Dresses,5,1,1078
General Petite,Bottoms,Skirts,5,1,993
General,Dresses,Dresses,4,1,1072
General,Tops,Blouses,4,1,824
General,Tops,Blouses,4,1,824
General,Dresses,Dresses,5,1,1078
General,Dresses,Dresses,3,0,1078
General Petite,Bottoms,Skirts,5,1,993
Initmates,Intimate,Legwear,5,1,784
General,Bottoms,Shorts,5,1,717
General Petite,Jackets,Jackets,3,0,970
General,Jackets,Outerwear,5,1,1122
General Petite,Tops,Fine gauge,5,1,918
General,Jackets,Outerwear,1,0,1122
General,Tops,Blouses,1,0,819
General Petite,Dresses,Dresses,4,1,1086
General,Bottoms,Shorts,5,1,717
General,Bottoms,Shorts,4,1,717
General,Bottoms,Jeans,5,1,1024
General Petite,Dresses,Dresses,3,0,1086
General Petite,Tops,Fine gauge,5,1,918
General,Tops,Fine gauge,5,1,891
General,Bottoms,Shorts,2,0,717
General,Tops,Blouses,5,1,819
General Petite,Bottoms,Jeans,5,1,1025
General,Bottoms,Shorts,5,1,717
General,Bottoms,Shorts,5,1,717
General Petite,Dresses,Dresses,5,1,1086
General,Jackets,Outerwear,5,1,1122
General Petite,Dresses,Dresses,2,0,1095
General,Tops,Blouses,3,0,819
General Petite,Tops,Fine gauge,5,1,918
General,Tops,Blouses,2,0,819
General,Bottoms,Shorts,5,1,717
General,Tops,Fine gauge,4,1,891
General Petite,Dresses,Dresses,5,1,1086
General Petite,Tops,Fine gauge,5,1,918
General,Jackets,Outerwear,3,1,1122
General Petite,Tops,Fine gauge,5,1,895
General Petite,Jackets,Jackets,5,1,957
General,Dresses,Dresses,5,1,1077
General,Bottoms,Pants,4,1,1046
General,Dresses,Dresses,5,1,1077
General Petite,Jackets,Jackets,5,1,975
Initmates,Intimate,Layering,5,1,296
General,Bottoms,Shorts,5,1,357
General,Tops,Knits,5,1,862
General,Tops,Knits,5,1,862
Initmates,Intimate,Layering,5,1,296
General,Tops,Blouses,4,1,833
General,Dresses,Dresses,5,1,1077
General,Bottoms,Shorts,4,1,357
General,Dresses,Dresses,5,1,1104
General,Dresses,Dresses,5,1,1077
General,Dresses,Dresses,4,1,1104
General,Tops,Knits,4,1,1185
General,Bottoms,Pants,5,1,1065
General Petite,Dresses,Dresses,1,0,1077
General,Tops,Knits,5,1,862
General Petite,Tops,Knits,4,1,867
General Petite,Tops,Knits,5,1,867
General,Dresses,Dresses,5,1,1104
General Petite,Dresses,Dresses,4,1,1077
General Petite,Tops,Knits,5,1,867
General,Tops,Knits,5,1,862
General Petite,Jackets,Jackets,5,1,975
General Petite,Intimate,Lounge,4,0,451
General Petite,Jackets,Jackets,5,1,975
General,Tops,Knits,4,1,862
General Petite,Intimate,Lounge,5,1,451
General Petite,Dresses,Dresses,4,1,1077
General Petite,Intimate,Lounge,3,1,451
General Petite,Bottoms,Jeans,5,1,1028
General,Tops,Knits,5,1,862
General,Tops,Knits,4,1,862
General,Bottoms,Shorts,5,1,357
General Petite,Dresses,Dresses,1,0,1077
General,Dresses,Dresses,5,1,1104
General Petite,Jackets,Jackets,3,0,975
General,Tops,Knits,5,1,862
General,Bottoms,Shorts,5,1,357
General,Tops,Knits,1,0,1185
General Petite,Dresses,Dresses,5,1,1077
General Petite,Dresses,Dresses,4,1,1077
General,Tops,Knits,5,1,862
General Petite,Dresses,Dresses,5,1,1077
General Petite,Dresses,Dresses,4,1,1077
General Petite,Intimate,Lounge,5,1,451
General,Tops,Knits,5,1,862
General,Tops,Knits,4,1,862
General Petite,Tops,Knits,4,1,867
Initmates,Intimate,Layering,5,1,296
General Petite,Dresses,Dresses,5,1,1077
General,Bottoms,Shorts,5,1,357
General Petite,Jackets,Jackets,5,1,975
General,Tops,Knits,5,1,862
General,Dresses,Dresses,5,1,1104
General Petite,Tops,Knits,5,1,867
General Petite,Dresses,Dresses,5,1,1077
General,Dresses,Dresses,3,1,1104
General Petite,Dresses,Dresses,5,1,1077
General Petite,Tops,Knits,5,1,867
General Petite,Tops,Knits,4,1,862
General Petite,Tops,Knits,5,1,867
General Petite,Dresses,Dresses,1,0,1077
General Petite,Dresses,Dresses,3,1,1077
General Petite,Tops,Knits,5,1,862
General,Dresses,Dresses,3,0,1104
General,Dresses,Dresses,4,1,1104
General Petite,Tops,Knits,4,1,862
General,Tops,Blouses,2,0,833
Initmates,Intimate,Intimates,4,1,32
General Petite,Dresses,Dresses,5,1,1077
General Petite,Dresses,Dresses,4,1,1077
General,Bottoms,Shorts,5,1,357
General,Bottoms,Shorts,4,1,357
General,Dresses,Dresses,3,1,1104
General Petite,Dresses,Dresses,5,1,1077
General,Bottoms,Shorts,5,1,316
General,Tops,Knits,4,1,878
General,Dresses,Dresses,5,1,1072
General,Bottoms,Skirts,5,1,988
General,Bottoms,Shorts,5,1,449
General,Dresses,Dresses,5,1,1072
General,Bottoms,Shorts,5,1,316
General,Tops,Blouses,4,1,828
General,Dresses,Dresses,4,1,1072
General,Bottoms,Shorts,5,1,316
General,Dresses,Dresses,5,1,1072
General,Bottoms,Shorts,2,0,316
General,Tops,Fine gauge,1,0,895
General,Tops,Blouses,5,1,828
General,Bottoms,Shorts,3,0,316
General,Tops,Sweaters,4,1,927
General,Dresses,Dresses,4,1,1072
General,Bottoms,Shorts,5,1,316
General,Tops,Sweaters,5,1,927
General,Dresses,Dresses,5,1,1072
General,Bottoms,Shorts,1,0,316
General,Dresses,Dresses,5,1,1072
General,Bottoms,Shorts,5,1,316
General,Dresses,Dresses,4,0,1072
General,Dresses,Dresses,5,1,1072
General,Tops,Blouses,4,1,843
General,Bottoms,Shorts,5,1,316
General,Tops,Blouses,5,1,828
General,Tops,Sweaters,5,1,927
General,Tops,Blouses,5,1,828
General,Bottoms,Shorts,5,1,316
General,Bottoms,Skirts,4,1,988
General,Bottoms,Shorts,4,1,316
General,Dresses,Dresses,5,1,1072
General,Dresses,Dresses,5,1,1072
General,Bottoms,Shorts,5,1,316
General,Bottoms,Shorts,5,1,316
General,Tops,Sweaters,3,1,927
General,Dresses,Dresses,4,1,1072
General,Dresses,Dresses,1,0,1072
General,Tops,Blouses,5,1,828
General,Bottoms,Shorts,5,1,316
General,Dresses,Dresses,5,1,1072
General,Dresses,Dresses,5,1,1072
General,Dresses,Dresses,5,1,1072
General,Tops,Blouses,5,1,828
General,Dresses,Dresses,3,0,1072
General,Tops,Sweaters,5,1,927
General,Bottoms,Shorts,4,1,316
General,Dresses,Dresses,5,1,1072
General,Dresses,Dresses,5,1,1072
General,Dresses,Dresses,5,1,1072
General,Dresses,Dresses,4,1,1072
General,Dresses,Dresses,5,1,1072
General,Tops,Sweaters,5,1,927
General,Tops,Blouses,4,1,828
General Petite,Tops,Blouses,2,0,835
General,Dresses,Dresses,5,1,1072
General,Dresses,Dresses,4,1,1072
General,Dresses,Dresses,4,1,1072
General,Tops,Blouses,5,1,843
General,Dresses,Dresses,4,1,1072
General,Dresses,Dresses,4,1,1094
Initmates,Intimate,Sleep,3,0,214
General,Tops,Knits,4,1,868
General,Tops,Knits,4,1,868
General,Tops,Knits,3,0,854
General,Jackets,Jackets,5,1,966
General Petite,Tops,Knits,5,1,877
General,Bottoms,Pants,5,1,1062
General Petite,Tops,Knits,3,1,866
General,Tops,Knits,4,1,854
General,Bottoms,Jeans,3,1,1028
General,Tops,Knits,4,1,868
General,Tops,Knits,2,0,868
General,Dresses,Dresses,4,1,1087
General,Bottoms,Jeans,4,1,1033
General Petite,Tops,Fine gauge,5,1,1188
General,Tops,Knits,5,1,868
General Petite,Tops,Knits,5,1,877
General Petite,Tops,Knits,4,1,877
General,Tops,Knits,4,0,854
General Petite,Tops,Knits,4,0,877
General,Tops,Knits,5,1,868
General,Tops,Knits,3,0,868
General Petite,Tops,Knits,2,0,877
General Petite,Tops,Knits,5,1,877
General,Tops,Knits,4,1,868
General,Tops,Knits,5,1,868
General,Dresses,Dresses,4,1,1087
General Petite,Dresses,Dresses,5,1,1094
General,Tops,Knits,2,0,868
General,Tops,Knits,4,1,854
General,Tops,Knits,3,1,868
General,Tops,Knits,1,0,868
General,Tops,Knits,2,0,868
General,Tops,Sweaters,5,1,6
General,Tops,Knits,5,1,854
General,Tops,Knits,2,0,854
General,Tops,Knits,4,1,868
General Petite,Dresses,Dresses,4,0,1083
General,Tops,Blouses,3,1,836
General,Tops,Blouses,4,1,828
General,Tops,Knits,4,1,872
General,Tops,Knits,1,0,868
Initmates,Intimate,Swim,5,1,291
General,Dresses,Dresses,3,0,1098
Initmates,Intimate,Swim,5,1,291
General Petite,Tops,Knits,2,0,872
General,Tops,Blouses,5,1,828
General Petite,Tops,Knits,5,1,872
General,Tops,Knits,2,0,868
General,Tops,Knits,5,1,868
General Petite,Tops,Knits,3,0,872
General Petite,Tops,Knits,5,1,872
General,Tops,Knits,5,1,868
General,Tops,Knits,2,0,868
General,Tops,Blouses,5,1,828
Initmates,Intimate,Lounge,5,1,768
General,Tops,Blouses,5,1,836
Initmates,Intimate,Lounge,1,0,768
General,Tops,Knits,2,0,868
General Petite,Tops,Knits,3,0,872
General,Tops,Knits,3,1,868
General,Tops,Knits,2,0,868
Initmates,Intimate,Intimates,4,1,694
Initmates,Intimate,Swim,4,1,291
General,Tops,Knits,5,1,868
Initmates,Intimate,Lounge,5,1,311
General,Tops,Blouses,5,1,828
General,Tops,Sweaters,5,1,948
General Petite,Tops,Knits,4,1,862
General Petite,Tops,Knits,5,1,862
General Petite,Jackets,Outerwear,3,0,1131
General Petite,Jackets,Outerwear,5,1,1131
General Petite,Jackets,Outerwear,5,1,1131
General Petite,Tops,Knits,2,0,862
General Petite,Jackets,Outerwear,2,0,1131
General Petite,Tops,Knits,5,1,862
General Petite,Tops,Knits,5,1,862
General Petite,Tops,Knits,5,1,862
General Petite,Jackets,Outerwear,1,0,1131
General Petite,Jackets,Outerwear,1,0,1131
General Petite,Tops,Knits,5,1,862
Initmates,Intimate,Lounge,5,1,658
General Petite,Tops,Knits,5,1,862
General Petite,Jackets,Outerwear,4,1,1131
General Petite,Tops,Knits,2,0,862
General Petite,Jackets,Outerwear,4,1,1131
General,Tops,Knits,5,1,862
General Petite,Jackets,Outerwear,5,1,1131
General Petite,Jackets,Outerwear,4,1,1131
General,Bottoms,Skirts,5,1,1003
General,Tops,Sweaters,2,0,948
General Petite,Jackets,Outerwear,5,1,1131
General,Tops,Sweaters,5,1,948
General Petite,Jackets,Outerwear,5,1,1131
Initmates,Intimate,Sleep,2,0,259
General Petite,Tops,Fine gauge,3,1,904
General Petite,Tops,Blouses,3,1,825
General Petite,Bottoms,Pants,3,1,1042
General Petite,Tops,Blouses,5,1,826
General Petite,Tops,Blouses,4,1,826
General Petite,Bottoms,Pants,2,0,1042
Initmates,Intimate,Swim,4,1,1155
General Petite,Bottoms,Pants,5,1,1042
Initmates,Intimate,Sleep,1,0,259
General Petite,Tops,Fine gauge,1,0,904
General,Bottoms,Jeans,5,1,1033
General,Bottoms,Jeans,5,1,1037
General,Bottoms,Jeans,5,1,1033
General,Tops,Fine gauge,5,1,895
General,Bottoms,Jeans,5,1,1033
General,Bottoms,Jeans,5,1,1033
General,Dresses,Dresses,5,1,1098
General,Bottoms,Jeans,5,1,1033
General,Tops,Knits,4,1,867
General,Dresses,Dresses,4,1,1098
General,Tops,Fine gauge,5,1,898
General,Tops,Fine gauge,5,1,895
General,Tops,Blouses,5,1,850
General,Tops,Fine gauge,4,1,903
General,Bottoms,Jeans,3,1,1033
General,Tops,Fine gauge,5,1,896
General,Dresses,Dresses,2,0,1098
General,Tops,Knits,2,0,867
General,Tops,Fine gauge,4,1,896
General,Bottoms,Jeans,5,1,1033
General Petite,Dresses,Dresses,4,1,1099
General,Bottoms,Skirts,5,1,1012
General,Bottoms,Jeans,5,1,1037
General,Tops,Fine gauge,5,1,895
General,Tops,Fine gauge,5,1,895
General,Tops,Knits,5,1,867
General,Bottoms,Jeans,5,1,1033
General,Bottoms,Jeans,4,1,1033
General,Bottoms,Jeans,1,0,1037
General,Bottoms,Jeans,2,0,1037
General,Bottoms,Skirts,4,1,996
General,Bottoms,Jeans,4,1,1033
General,Tops,Blouses,4,1,829
General,Tops,Fine gauge,2,0,895
General,Tops,Blouses,5,1,850
General Petite,Tops,Knits,3,0,867
General,Bottoms,Jeans,4,0,1037
General,Bottoms,Jeans,5,1,1037
General,Dresses,Dresses,5,1,1098
General,Bottoms,Jeans,3,1,1037
General,Tops,Blouses,5,1,850
General,Bottoms,Jeans,4,1,1033
General Petite,Tops,Knits,5,1,867
General,Bottoms,Jeans,5,1,1037
General,Tops,Fine gauge,2,0,895
General,Bottoms,Jeans,5,1,1033
General,Bottoms,Jeans,5,1,1033
General,Tops,Fine gauge,4,1,895
General,Bottoms,Jeans,5,1,1037
General,Bottoms,Jeans,1,0,1033
General,Tops,Fine gauge,5,1,896
General,Bottoms,Jeans,5,1,1037
General,Dresses,Dresses,5,1,1098
General,Dresses,Dresses,4,0,1098
General,Dresses,Dresses,4,1,1098
General,Tops,Blouses,4,1,850
General,Dresses,Dresses,2,0,1098
General Petite,Tops,Knits,3,0,867
General,Tops,Knits,5,1,861
General,Dresses,Dresses,1,0,1098
General,Dresses,Dresses,5,1,1098
General,Dresses,Dresses,5,1,1098
General,Tops,Blouses,3,1,829
General,Bottoms,Jeans,5,1,1033
General,Tops,Fine gauge,3,1,895
General Petite,Tops,Knits,1,0,867
General Petite,Tops,Knits,5,1,867
General,Bottoms,Jeans,5,1,1033
General Petite,Bottoms,Jeans,4,1,1037
General,Bottoms,Jeans,4,1,1033
General Petite,Tops,Blouses,5,1,829
General,Dresses,Dresses,3,1,1098
General Petite,Tops,Knits,3,1,867
General,Bottoms,Jeans,5,1,1028
General Petite,Tops,Knits,5,1,867
General,Dresses,Dresses,5,1,1098
General,Tops,Fine gauge,5,1,896
General Petite,Tops,Knits,5,1,867
Initmates,Intimate,Swim,5,1,224
General,Dresses,Dresses,2,0,1088
General Petite,Dresses,Dresses,5,1,1085
General,Tops,Knits,5,1,862
General,Bottoms,Pants,1,0,1070
General,Tops,Sweaters,2,0,921
General,Bottoms,Pants,5,1,1070
General,Bottoms,Pants,2,0,1070
General,Tops,Knits,5,1,862
General,Tops,Knits,4,1,862
General Petite,Bottoms,Jeans,5,1,1036
General,Tops,Knits,5,1,862
General Petite,Dresses,Dresses,3,1,1085
General,Tops,Blouses,4,1,835
General,Tops,Sweaters,2,0,921
General Petite,Tops,Knits,1,0,884
General,Tops,Knits,3,0,862
General,Tops,Knits,5,1,862
General,Tops,Knits,5,1,862
General,Tops,Knits,5,1,862
General Petite,Tops,Knits,3,0,862
General Petite,Tops,Knits,5,1,884
General Petite,Tops,Knits,4,1,884
Initmates,Intimate,Swim,4,1,544
General Petite,Tops,Knits,5,1,870
General,Bottoms,Pants,5,1,1070
General Petite,Tops,Knits,4,1,870
General Petite,Tops,Knits,4,1,870
General,Bottoms,Jeans,5,1,1025
General Petite,Tops,Knits,5,1,862
Initmates,Intimate,Lounge,4,1,455
General,Dresses,Dresses,3,0,1081
General,Dresses,Dresses,5,1,1081
General Petite,Tops,Knits,5,1,886
General,Dresses,Dresses,5,1,1082
Initmates,Intimate,Lounge,5,1,455
General,Tops,Fine gauge,2,0,895
General,Dresses,Dresses,5,1,1081
General,Dresses,Dresses,5,1,1082
General,Dresses,Dresses,5,1,1081
General,Dresses,Dresses,5,1,1082
General Petite,Tops,Knits,5,1,886
General,Dresses,Dresses,4,1,1082
General Petite,Tops,Knits,5,1,886
General,Dresses,Dresses,5,1,1082
General,Dresses,Dresses,5,1,1082
General,Dresses,Dresses,5,1,1081
General Petite,Tops,Knits,5,1,886
General,Dresses,Dresses,1,0,1082
General,Dresses,Dresses,4,1,1082
Initmates,Intimate,Lounge,3,0,455
General Petite,Tops,Knits,5,1,862
General Petite,Tops,Knits,5,1,862
General Petite,Tops,Knits,5,1,886
General,Tops,Fine gauge,2,0,895
General Petite,Tops,Knits,5,1,886
General,Tops,Fine gauge,3,1,895
General,Dresses,Dresses,5,1,1081
General,Dresses,Dresses,5,1,1082
Initmates,Intimate,Lounge,2,0,455
Initmates,Intimate,Lounge,1,1,455
General Petite,Tops,Knits,5,1,886
General,Dresses,Dresses,5,1,1081
General Petite,Tops,Knits,4,1,886
General,Dresses,Dresses,5,1,1081
General Petite,Tops,Knits,5,1,886
General,Tops,Fine gauge,4,1,895
General Petite,Tops,Knits,5,1,862
General Petite,Dresses,Dresses,5,1,1094
General,Tops,Fine gauge,2,0,895
General,Dresses,Dresses,5,1,1081
General,Dresses,Dresses,2,0,1082
General Petite,Tops,Knits,5,1,886
General Petite,Tops,Knits,4,1,862
General Petite,Tops,Knits,4,1,862
General,Dresses,Dresses,5,1,1081
General Petite,Tops,Knits,5,1,886
Initmates,Intimate,Lounge,4,1,657
General,Tops,Fine gauge,2,0,895
General,Tops,Fine gauge,4,1,895
General Petite,Tops,Knits,5,1,886
General Petite,Tops,Knits,5,1,862
General,Dresses,Dresses,4,1,1081
General,Dresses,Dresses,5,1,1094
General,Dresses,Dresses,3,1,1081
General,Tops,Fine gauge,2,0,895
General,Dresses,Dresses,5,1,1082
General,Dresses,Dresses,4,1,1081
General,Dresses,Dresses,3,0,1081
General,Bottoms,Jeans,5,1,1022
General Petite,Tops,Knits,5,1,862
General Petite,Tops,Knits,3,0,862
General Petite,Dresses,Dresses,4,1,1110
General Petite,Tops,Knits,3,0,862
General Petite,Tops,Knits,4,1,862
General Petite,Dresses,Dresses,3,1,1110
General,Tops,Knits,5,1,881
General,Tops,Knits,3,0,881
General,Tops,Knits,5,1,881
General Petite,Dresses,Dresses,3,0,1110
Initmates,Intimate,Lounge,5,1,310
General Petite,Tops,Knits,5,1,862
General Petite,Tops,Knits,5,1,862
General,Tops,Knits,3,0,881
General Petite,Dresses,Dresses,3,0,1110
General Petite,Tops,Knits,5,1,862
General,Tops,Knits,4,1,881
General Petite,Tops,Knits,4,1,862
General Petite,Tops,Knits,5,1,862
General Petite,Tops,Knits,5,1,862
General Petite,Tops,Knits,5,1,862
General Petite,Tops,Knits,5,1,862
General Petite,Dresses,Dresses,5,1,1087
General Petite,Dresses,Dresses,2,0,1087
General Petite,Dresses,Dresses,2,0,1087
General Petite,Dresses,Dresses,3,0,1087
General,Tops,Blouses,3,1,843
General Petite,Dresses,Dresses,4,1,1087
General Petite,Dresses,Dresses,2,0,1087
General Petite,Dresses,Dresses,1,0,1087
General Petite,Dresses,Dresses,1,0,1087
General Petite,Dresses,Dresses,3,0,1087
General Petite,Dresses,Dresses,1,0,1087
General Petite,Dresses,Dresses,5,1,1087
General,Tops,Knits,5,1,854
General Petite,Dresses,Dresses,3,0,1087
General Petite,Dresses,Dresses,1,0,1087
General Petite,Dresses,Dresses,5,1,1087
General Petite,Dresses,Dresses,4,1,1087
General Petite,Dresses,Dresses,5,1,1087
General Petite,Dresses,Dresses,4,1,1087
General Petite,Dresses,Dresses,5,1,1087
General Petite,Dresses,Dresses,3,0,1087
General Petite,Dresses,Dresses,5,1,1087
General Petite,Dresses,Dresses,5,1,1087
General Petite,Dresses,Dresses,5,1,1087
General,Tops,Sweaters,4,1,937
General Petite,Dresses,Dresses,2,0,1087
General Petite,Dresses,Dresses,2,0,1087
General Petite,Dresses,Dresses,5,1,1087
General Petite,Dresses,Dresses,5,1,1087
General Petite,Dresses,Dresses,5,1,1087
General Petite,Dresses,Dresses,2,0,1087
General,Tops,Knits,5,1,854
General Petite,Dresses,Dresses,4,1,1087
General Petite,Dresses,Dresses,5,1,1087
General,Tops,Knits,5,1,854
General Petite,Dresses,Dresses,2,0,1087
General Petite,Dresses,Dresses,5,1,1087
General Petite,Dresses,Dresses,4,1,1087
General Petite,Dresses,Dresses,4,1,1087
General,Jackets,Jackets,5,1,975
General Petite,Dresses,Dresses,1,0,1087
General,Tops,Knits,4,1,854
General Petite,Dresses,Dresses,5,1,1087
General Petite,Dresses,Dresses,5,1,1087
General Petite,Dresses,Dresses,5,1,1087
General Petite,Dresses,Dresses,4,1,1087
General,Tops,Blouses,4,1,843
General Petite,Dresses,Dresses,4,1,1087
General Petite,Dresses,Dresses,2,0,1087
General Petite,Dresses,Dresses,4,1,1087
General Petite,Dresses,Dresses,4,1,1087
General Petite,Dresses,Dresses,2,0,1087
General Petite,Dresses,Dresses,5,1,1087
General Petite,Dresses,Dresses,5,1,1087
General Petite,Dresses,Dresses,2,0,1087
General Petite,Dresses,Dresses,5,1,1087
General Petite,Dresses,Dresses,2,0,1087
General Petite,Bottoms,Pants,4,1,1068
Initmates,Intimate,Layering,5,1,1
Initmates,Intimate,Layering,5,1,1
General Petite,Bottoms,Pants,5,1,1068
General,Tops,Fine gauge,5,1,895
General Petite,Bottoms,Pants,5,1,1068
General,Dresses,Dresses,2,0,1088
General Petite,Bottoms,Pants,5,1,1068
Initmates,Intimate,Layering,2,0,1
General Petite,Bottoms,Pants,4,1,1068
General,Dresses,Dresses,3,0,1088
General Petite,Bottoms,Pants,1,0,1068
General Petite,Bottoms,Pants,4,1,1068
General,Bottoms,Jeans,5,1,1030
General,Dresses,Dresses,5,1,1088
General Petite,Bottoms,Pants,5,1,1068
General,Tops,Fine gauge,3,1,895
Initmates,Intimate,Layering,4,1,1159
General Petite,Bottoms,Pants,5,1,1068
General,Dresses,Dresses,5,1,1088
Initmates,Intimate,Layering,5,1,1159
General,Dresses,Dresses,5,1,1088
General Petite,Bottoms,Pants,5,1,1068
General Petite,Bottoms,Pants,4,1,1068
General,Tops,Fine gauge,5,1,895
General,Dresses,Dresses,4,1,1110
General,Tops,Fine gauge,4,1,908
General,Dresses,Dresses,3,1,1110
General,Tops,Knits,4,1,854
General Petite,Intimate,Lounge,5,1,335
General Petite,Intimate,Lounge,5,1,335
General Petite,Dresses,Dresses,5,1,1086
General,Tops,Sweaters,5,1,949
General,Tops,Fine gauge,2,1,908
General Petite,Dresses,Dresses,5,1,1086
General,Dresses,Dresses,3,1,1110
General,Tops,Blouses,5,1,836
General,Bottoms,Jeans,5,1,1025
General,Tops,Knits,4,1,862
General,Dresses,Dresses,3,1,1110
General,Dresses,Dresses,3,0,1110
General,Bottoms,Jeans,5,1,1038
General,Tops,Blouses,5,1,836
Initmates,Intimate,Lounge,4,1,497
General,Tops,Blouses,3,0,836
General Petite,Intimate,Lounge,5,1,335
General,Tops,Knits,5,1,854
General,Bottoms,Jeans,5,1,1038
General Petite,Dresses,Dresses,5,1,1086
General Petite,Intimate,Lounge,5,1,335
General Petite,Dresses,Dresses,4,1,1078
General,Tops,Blouses,5,1,829
General,Tops,Knits,5,1,862
General Petite,Dresses,Dresses,4,1,1078
General,Tops,Knits,5,1,861
General Petite,Dresses,Dresses,4,1,1076
General,Tops,Knits,5,1,862
General,Tops,Blouses,5,1,829
General,Tops,Sweaters,4,1,942
General,Tops,Knits,5,1,862
General Petite,Dresses,Dresses,4,1,1078
General Petite,Dresses,Dresses,3,0,1078
General Petite,Dresses,Dresses,2,0,1078
General,Tops,Blouses,5,1,829
General,Dresses,Dresses,5,1,1081
General,Tops,Blouses,5,1,829
General,Dresses,Dresses,5,1,1081
General,Tops,Knits,5,1,862
General,Tops,Sweaters,4,1,942
General Petite,Dresses,Dresses,2,0,1078
General,Tops,Fine gauge,3,0,917
General,Bottoms,Shorts,3,1,271
General,Tops,Knits,5,1,861
General,Tops,Knits,5,1,862
General,Tops,Knits,4,1,862
General,Tops,Knits,4,1,862
General,Tops,Blouses,5,1,829
General Petite,Dresses,Dresses,4,1,1078
General,Tops,Blouses,4,1,829
General,Tops,Sweaters,5,1,942
General,Tops,Blouses,4,1,829
General,Tops,Knits,5,1,861
General,Tops,Blouses,5,1,829
General Petite,Bottoms,Skirts,2,1,1020
General,Tops,Sweaters,4,1,942
General Petite,Dresses,Dresses,3,0,1078
General,Tops,Fine gauge,5,1,917
General,Tops,Knits,5,1,862
General,Tops,Blouses,5,1,829
General Petite,Dresses,Dresses,3,1,1078
General,Tops,Blouses,3,1,839
General,Tops,Sweaters,4,1,942
General,Tops,Sweaters,5,1,942
General Petite,Dresses,Dresses,4,1,1078
General,Jackets,Outerwear,5,1,7
General,Tops,Blouses,5,1,829
General Petite,Dresses,Dresses,5,1,1078
General,Tops,Knits,5,1,862
General Petite,Dresses,Dresses,4,1,1078
General Petite,Dresses,Dresses,5,1,1078
General Petite,Dresses,Dresses,5,1,1078
General Petite,Dresses,Dresses,5,1,1078
General,Tops,Knits,5,1,862
General,Tops,Sweaters,2,0,945
General,Tops,Sweaters,4,1,945
General,Tops,Sweaters,5,1,945
General Petite,Tops,Fine gauge,5,1,895
General Petite,Dresses,Dresses,5,1,1095
General Petite,Tops,Fine gauge,3,0,895
General Petite,Dresses,Dresses,4,1,1107
General Petite,Dresses,Dresses,3,0,1107
General,Tops,Fine gauge,4,1,905
General,Tops,Sweaters,4,1,945
General Petite,Dresses,Dresses,5,1,1080
General Petite,Bottoms,Pants,5,1,1066
General,Tops,Fine gauge,2,0,905
General,Tops,Fine gauge,5,1,909
General Petite,Tops,Fine gauge,5,1,903
General Petite,Dresses,Dresses,5,1,1091
General Petite,Dresses,Dresses,5,1,1091
General,Tops,Fine gauge,5,1,905
General,Tops,Sweaters,3,0,945
General Petite,Dresses,Dresses,3,1,1091
General Petite,Tops,Fine gauge,5,1,895
General Petite,Dresses,Dresses,5,1,1107
General Petite,Tops,Fine gauge,1,0,895
General Petite,Bottoms,Pants,5,1,1066
General Petite,Bottoms,Pants,5,1,1066
General Petite,Dresses,Dresses,4,1,1107
General Petite,Dresses,Dresses,4,1,1091
General Petite,Dresses,Dresses,5,1,1091
General Petite,Bottoms,Pants,5,1,1066
General Petite,Bottoms,Pants,1,0,1066
General Petite,Dresses,Dresses,5,1,1107
General Petite,Dresses,Dresses,5,1,1091
General Petite,Dresses,Dresses,5,1,1076
General Petite,Tops,Fine gauge,5,1,895
General Petite,Tops,Fine gauge,4,1,895
General Petite,Bottoms,Pants,5,1,1066
General Petite,Dresses,Dresses,5,1,1091
General,Tops,Sweaters,5,1,945
General Petite,Bottoms,Pants,5,1,1066
General,Tops,Sweaters,5,1,945
General Petite,Tops,Fine gauge,5,1,895
General Petite,Tops,Fine gauge,1,0,895
General Petite,Bottoms,Pants,5,1,1066
General Petite,Dresses,Dresses,5,1,1091
General Petite,Dresses,Dresses,2,0,1107
General Petite,Dresses,Dresses,4,1,1095
General Petite,Dresses,Dresses,4,1,1107
General Petite,Tops,Fine gauge,5,1,895
General Petite,Dresses,Dresses,4,1,1107
General Petite,Dresses,Dresses,5,1,1091
General Petite,Tops,Fine gauge,3,0,895
General Petite,Tops,Fine gauge,5,1,895
General Petite,Dresses,Dresses,5,1,1076
General Petite,Dresses,Dresses,3,0,1107
General Petite,Tops,Fine gauge,5,1,895
General Petite,Dresses,Dresses,3,1,1107
General Petite,Tops,Fine gauge,5,1,895
General Petite,Tops,Fine gauge,5,1,895
General Petite,Tops,Fine gauge,3,0,895
General Petite,Tops,Fine gauge,4,1,895
General Petite,Bottoms,Skirts,3,0,1020
General,Tops,Sweaters,5,1,945
General Petite,Tops,Fine gauge,3,1,895
General Petite,Tops,Fine gauge,5,1,895
General,Tops,Fine gauge,5,1,909
General Petite,Dresses,Dresses,3,1,1076
General Petite,Tops,Fine gauge,4,1,895
General Petite,Dresses,Dresses,5,1,1076
Initmates,Intimate,Legwear,4,1,637
General Petite,Dresses,Dresses,5,1,1107
General Petite,Tops,Fine gauge,5,1,895
General Petite,Bottoms,Pants,5,1,1066
General Petite,Dresses,Dresses,5,1,1091
General Petite,Dresses,Dresses,5,1,1076
General,Tops,Sweaters,5,1,945
General Petite,Tops,Fine gauge,5,1,895
General Petite,Dresses,Dresses,4,1,1107
General,Bottoms,Skirts,5,1,1020
General Petite,Bottoms,Pants,5,1,1066
General,Tops,Fine gauge,4,1,905
General,Bottoms,Skirts,4,1,1020
General Petite,Bottoms,Pants,5,1,1066
General Petite,Dresses,Dresses,4,1,1091
General Petite,Dresses,Dresses,5,1,1107
General Petite,Dresses,Dresses,5,1,1091
General,Tops,Fine gauge,5,1,903
General Petite,Tops,Fine gauge,4,1,895
General Petite,Tops,Fine gauge,5,1,895
General Petite,Tops,Fine gauge,5,1,895
General,Bottoms,Skirts,4,1,1020
General Petite,Dresses,Dresses,5,1,1107
General,Dresses,Dresses,3,1,1091
General Petite,Dresses,Dresses,5,1,1107
General,Dresses,Dresses,2,0,1091
General Petite,Tops,Fine gauge,4,1,895
General Petite,Tops,Fine gauge,1,0,895
General,Dresses,Dresses,1,0,1091
General,Dresses,Dresses,5,1,1091
General,Bottoms,Skirts,2,0,1020
General,Tops,Sweaters,4,1,945
General Petite,Dresses,Dresses,4,1,1107
General,Dresses,Dresses,5,1,1091
General Petite,Tops,Fine gauge,4,1,895
General,Tops,Blouses,4,1,830
General,Tops,Sweaters,5,1,945
General,Dresses,Dresses,5,1,1091
General,Tops,Fine gauge,3,0,905
General,Bottoms,Skirts,5,1,1020
General,Tops,Blouses,2,0,830
General Petite,Dresses,Dresses,5,1,1107
General,Dresses,Dresses,5,1,1091
General Petite,Tops,Fine gauge,5,1,895
General,Bottoms,Skirts,4,1,1020
General,Dresses,Dresses,3,1,1095
General Petite,Dresses,Dresses,2,0,1107
General Petite,Dresses,Dresses,5,1,1107
General,Dresses,Dresses,5,1,1091
General Petite,Dresses,Dresses,5,1,1107
General,Dresses,Dresses,5,1,1091
General,Dresses,Dresses,5,1,1091
General Petite,Dresses,Dresses,2,0,1107
General,Dresses,Dresses,5,1,1091
General,Dresses,Dresses,3,1,1091
General,Tops,Fine gauge,5,1,895
General,Tops,Fine gauge,4,1,895
General Petite,Dresses,Dresses,4,1,1107
General,Dresses,Dresses,5,1,1091
General,Tops,Sweaters,3,0,945
General Petite,Dresses,Dresses,2,0,1107
General,Dresses,Dresses,5,1,1091
General Petite,Dresses,Dresses,5,1,1107
General Petite,Bottoms,Pants,1,0,1066
General,Tops,Fine gauge,5,1,895
General,Tops,Sweaters,5,1,931
General,Tops,Knits,1,0,866
General Petite,Bottoms,Pants,2,0,1068
Initmates,Intimate,Lounge,4,1,217
General,Bottoms,Skirts,5,1,999
General,Dresses,Dresses,1,0,1089
General Petite,Bottoms,Skirts,5,1,1008
General Petite,Bottoms,Pants,5,1,1068
General,Dresses,Dresses,3,1,1089
General Petite,Bottoms,Pants,2,0,1068
General Petite,Tops,Blouses,5,1,835
General,Tops,Knits,5,1,866
General Petite,Bottoms,Skirts,2,1,1008
General,Dresses,Dresses,1,0,1089
General,Tops,Knits,3,0,866
General Petite,Dresses,Dresses,4,1,1078
General Petite,Intimate,Lounge,5,1,298
General Petite,Dresses,Dresses,5,1,1078
General Petite,Intimate,Lounge,2,0,298
General Petite,Intimate,Lounge,5,1,298
Unknown,Unknown,Unknown,5,1,136
General Petite,Dresses,Dresses,4,1,1078
General Petite,Intimate,Lounge,5,1,298
General,Bottoms,Pants,4,1,1046
General Petite,Intimate,Lounge,5,1,298
General,Bottoms,Jeans,5,1,1024
General,Bottoms,Jeans,5,1,1024
General,Dresses,Dresses,5,1,1078
General,Tops,Blouses,5,1,830
Unknown,Unknown,Unknown,5,1,136
General Petite,Intimate,Lounge,5,1,298
General,Bottoms,Pants,4,1,1046
Initmates,Intimate,Lounge,4,1,681
General Petite,Jackets,Outerwear,5,1,1125
Unknown,Unknown,Unknown,5,1,136
General,Bottoms,Jeans,4,1,1024
General,Bottoms,Jeans,4,1,1024
General Petite,Jackets,Outerwear,4,1,1125
General,Dresses,Dresses,3,1,1084
General,Dresses,Dresses,2,0,1089
General,Tops,Knits,5,1,867
General,Tops,Blouses,4,1,836
General,Bottoms,Skirts,1,0,1009
General,Trend,Trend,2,0,643
General,Tops,Knits,5,1,867
General,Tops,Blouses,5,1,836
General,Tops,Knits,5,1,868
General,Bottoms,Jeans,4,1,1035
General Petite,Dresses,Dresses,3,1,1080
General,Tops,Knits,4,1,868
General,Dresses,Dresses,5,1,1084
General,Tops,Sweaters,2,0,940
General,Bottoms,Skirts,3,0,990
General,Tops,Knits,5,1,867
General Petite,Dresses,Dresses,2,0,1080
General,Tops,Knits,2,0,868
General,Tops,Knits,5,1,868
General,Tops,Sweaters,5,1,940
General Petite,Dresses,Dresses,4,1,1080
General Petite,Bottoms,Skirts,5,1,1008
General,Bottoms,Jeans,4,1,1035
General Petite,Dresses,Dresses,4,1,1080
General,Tops,Sweaters,4,1,940
General,Tops,Sweaters,5,1,940
Initmates,Intimate,Intimates,5,1,687
Initmates,Intimate,Intimates,4,1,687
Initmates,Intimate,Lounge,4,1,60
General,Dresses,Dresses,3,0,1084
General,Tops,Sweaters,5,1,940
General,Bottoms,Pants,5,1,1051
General,Bottoms,Skirts,4,1,1009
General Petite,Dresses,Dresses,5,1,1080
General Petite,Bottoms,Skirts,5,1,1008
General Petite,Bottoms,Skirts,3,1,1008
General,Trend,Trend,5,1,643
General Petite,Tops,Blouses,5,1,829
General Petite,Bottoms,Skirts,5,1,1008
General,Tops,Knits,5,1,868
General,Tops,Knits,5,1,867
General,Tops,Knits,4,1,867
General,Bottoms,Jeans,3,1,1035
General,Tops,Sweaters,5,1,940
General,Tops,Knits,4,1,866
Initmates,Intimate,Lounge,5,1,709
General,Tops,Knits,5,1,866
Initmates,Intimate,Swim,5,1,1167
General,Tops,Sweaters,5,1,942
General,Tops,Knits,4,1,866
General,Tops,Knits,5,1,866
General Petite,Bottoms,Pants,5,1,1047
Initmates,Intimate,Swim,4,1,655
General,Tops,Sweaters,5,1,942
General Petite,Bottoms,Pants,5,1,1068
General Petite,Bottoms,Pants,5,1,1068
General,Tops,Knits,5,1,866
General Petite,Tops,Knits,2,0,861
General,Tops,Knits,2,0,866
General Petite,Dresses,Dresses,5,1,1081
General Petite,Dresses,Dresses,5,1,1080
General,Tops,Knits,4,1,866
General,Tops,Knits,5,1,866
Initmates,Intimate,Swim,2,0,1167
General,Bottoms,Pants,4,1,1051
General,Tops,Knits,5,1,866
General,Tops,Knits,5,1,866
General,Tops,Knits,4,1,866
General,Tops,Sweaters,3,1,942
General,Tops,Knits,4,1,866
General Petite,Bottoms,Pants,5,1,1047
General Petite,Bottoms,Pants,5,1,1047
General,Tops,Sweaters,3,0,942
Initmates,Intimate,Swim,3,1,1167
Initmates,Intimate,Swim,2,0,1167
Initmates,Intimate,Lounge,5,1,709
General,Tops,Knits,4,1,866
General Petite,Bottoms,Pants,5,1,1068
General,Tops,Knits,3,0,866
General,Tops,Sweaters,3,1,942
General,Bottoms,Pants,5,1,1051
General,Tops,Sweaters,2,0,942
General Petite,Tops,Knits,4,1,861
General,Tops,Sweaters,2,0,942
General Petite,Bottoms,Pants,4,1,1047
General,Dresses,Dresses,1,0,1075
General,Dresses,Dresses,5,1,1083
General Petite,Bottoms,Skirts,3,0,1015
General,Dresses,Dresses,5,1,1083
General,Dresses,Dresses,5,1,1086
General Petite,Tops,Knits,4,1,860
General,Dresses,Dresses,4,1,1083
General Petite,Bottoms,Skirts,3,1,1015
General Petite,Dresses,Dresses,3,0,1081
General,Dresses,Dresses,5,1,1083
General,Dresses,Dresses,5,1,1083
General,Dresses,Dresses,5,1,1083
General,Dresses,Dresses,4,1,1083
General,Dresses,Dresses,4,0,1083
General Petite,Bottoms,Skirts,4,1,1015
General,Dresses,Dresses,5,1,1083
General,Dresses,Dresses,5,1,1083
General,Dresses,Dresses,1,0,1086
General,Dresses,Dresses,4,1,1083
General,Dresses,Dresses,4,1,1086
General,Dresses,Dresses,4,1,1083
General Petite,Tops,Knits,3,1,868
General Petite,Bottoms,Skirts,4,1,1015
General Petite,Bottoms,Skirts,3,1,1015
General Petite,Dresses,Dresses,4,1,1079
General Petite,Dresses,Dresses,4,1,1079
General,Bottoms,Pants,5,1,1062
General Petite,Dresses,Dresses,3,0,1079
General,Bottoms,Pants,5,1,1062
General Petite,Dresses,Dresses,4,1,1079
General Petite,Dresses,Dresses,2,0,1079
General,Bottoms,Pants,5,1,1062
General Petite,Dresses,Dresses,5,1,1079
General Petite,Dresses,Dresses,5,1,1079
General,Bottoms,Pants,5,1,1062
General Petite,Dresses,Dresses,3,0,1079
General,Bottoms,Pants,5,1,1062
General Petite,Dresses,Dresses,1,0,1079
General Petite,Dresses,Dresses,4,1,1079
General Petite,Dresses,Dresses,3,0,1087
General,Bottoms,Pants,4,1,1062
General,Bottoms,Jeans,5,1,1027
General,Bottoms,Shorts,5,1,749
General Petite,Dresses,Dresses,3,1,1079
General,Bottoms,Shorts,3,0,749
General Petite,Dresses,Dresses,3,0,1079
General Petite,Dresses,Dresses,4,1,1079
General,Bottoms,Shorts,5,1,749
General,Dresses,Dresses,4,1,1094
General,Dresses,Dresses,4,1,1094
General,Dresses,Dresses,5,1,1094
General,Dresses,Dresses,3,0,1094
General,Dresses,Dresses,5,1,1094
General,Dresses,Dresses,5,1,1094
General,Bottoms,Jeans,3,0,1028
General,Dresses,Dresses,3,0,1094
General,Dresses,Dresses,5,1,1094
General,Dresses,Dresses,4,1,1094
General,Tops,Sweaters,2,0,936
General,Dresses,Dresses,2,0,1094
Initmates,Intimate,Swim,3,0,400
General,Dresses,Dresses,5,1,1094
General,Dresses,Dresses,4,1,1094
General,Dresses,Dresses,5,1,1094
General,Dresses,Dresses,5,1,1094
General,Dresses,Dresses,4,1,1094
General,Dresses,Dresses,4,1,1094
General,Dresses,Dresses,5,1,1094
General,Dresses,Dresses,4,1,1094
General,Dresses,Dresses,4,0,1094
General,Dresses,Dresses,4,1,1094
General Petite,Tops,Fine gauge,5,1,906
General,Dresses,Dresses,5,1,1094
General,Dresses,Dresses,4,1,1094
Initmates,Intimate,Swim,5,1,400
General,Dresses,Dresses,3,0,1094
General,Dresses,Dresses,5,1,1094
General,Dresses,Dresses,4,1,1094
General,Dresses,Dresses,5,1,1094
General,Dresses,Dresses,5,1,1094
General Petite,Tops,Knits,5,1,860
General,Bottoms,Pants,4,1,1052
General,Dresses,Dresses,2,0,1094
General,Dresses,Dresses,5,1,1094
General,Dresses,Dresses,5,1,1094
General,Dresses,Dresses,5,1,1094
General,Dresses,Dresses,4,1,1094
Initmates,Intimate,Sleep,5,1,507
General,Bottoms,Shorts,5,1,55
General,Dresses,Dresses,3,0,1094
General,Dresses,Dresses,5,1,1094
General,Tops,Knits,4,1,860
General,Jackets,Jackets,5,1,986
General Petite,Dresses,Dresses,5,1,1087
General,Jackets,Outerwear,4,1,1122
General,Jackets,Jackets,5,1,986
General,Jackets,Outerwear,2,0,1122
General,Tops,Sweaters,4,1,940
General Petite,Dresses,Dresses,3,0,1087
General,Jackets,Jackets,5,1,986
General,Bottoms,Jeans,5,1,1033
General Petite,Tops,Blouses,5,1,834
General Petite,Dresses,Dresses,3,1,1087
General Petite,Intimate,Lounge,4,1,631
General Petite,Dresses,Dresses,5,1,1087
General,Jackets,Jackets,2,0,986
General,Jackets,Outerwear,4,1,1122
General,Jackets,Jackets,4,1,986
General,Bottoms,Jeans,5,1,1033
Initmates,Intimate,Intimates,5,1,1161
General Petite,Dresses,Dresses,4,1,1087
General Petite,Intimate,Lounge,5,1,631
General Petite,Dresses,Dresses,5,1,1087
General Petite,Dresses,Dresses,5,1,1087
General Petite,Tops,Blouses,3,0,834
General,Jackets,Outerwear,5,1,1122
General Petite,Dresses,Dresses,2,0,1087
General Petite,Dresses,Dresses,4,1,1087
General Petite,Dresses,Dresses,5,1,1087
General Petite,Dresses,Dresses,5,1,1089
General,Jackets,Outerwear,5,1,1122
General Petite,Dresses,Dresses,2,0,1087
General,Jackets,Outerwear,5,1,1121
General,Jackets,Jackets,5,1,986
General Petite,Dresses,Dresses,3,1,1087
General,Dresses,Dresses,2,0,1082
General,Jackets,Outerwear,5,1,1121
General,Tops,Sweaters,3,0,940
General,Jackets,Jackets,5,1,986
General,Jackets,Outerwear,5,1,1122
General,Bottoms,Jeans,5,1,1035
General,Jackets,Outerwear,4,1,1122
General,Tops,Sweaters,5,1,940
General Petite,Dresses,Dresses,4,1,1087
Initmates,Intimate,Layering,3,1,227
Initmates,Intimate,Layering,5,1,227
General,Tops,Knits,3,1,862
General,Tops,Knits,5,1,862
General,Tops,Blouses,4,1,823
Initmates,Intimate,Legwear,5,1,487
General,Tops,Knits,4,1,859
General,Tops,Knits,5,1,862
General Petite,Bottoms,Jeans,5,1,1036
General,Bottoms,Jeans,5,1,1035
General,Tops,Blouses,5,1,823
General,Bottoms,Pants,5,1,1059
General,Tops,Knits,3,0,862
General,Tops,Knits,5,1,862
General,Bottoms,Skirts,3,0,996
Initmates,Intimate,Intimates,5,1,387
General Petite,Dresses,Dresses,5,1,1081
General,Tops,Blouses,3,1,823
General Petite,Tops,Fine gauge,5,1,909
General Petite,Dresses,Dresses,4,1,1081
General,Bottoms,Jeans,5,1,1035
General,Bottoms,Pants,1,0,1059
General Petite,Bottoms,Pants,5,1,1056
General Petite,Tops,Fine gauge,5,1,909
General,Tops,Knits,4,1,862
General,Bottoms,Skirts,3,0,1020
General,Tops,Blouses,4,1,823
General Petite,Bottoms,Pants,5,1,1056
General,Tops,Blouses,4,1,823
General Petite,Bottoms,Pants,5,1,1056
General,Tops,Knits,5,1,862
General Petite,Bottoms,Pants,5,1,1056
General,Tops,Knits,5,1,862
General,Tops,Blouses,5,1,823
General,Tops,Blouses,5,1,823
General,Tops,Knits,4,1,859
General,Bottoms,Jeans,5,1,1035
General,Dresses,Dresses,5,1,1094
General,Tops,Knits,5,1,862
General,Tops,Blouses,4,1,823
General,Tops,Knits,1,0,862
General,Tops,Blouses,5,1,823
General,Bottoms,Skirts,5,1,1020
General,Tops,Knits,4,1,862
General,Bottoms,Skirts,4,1,1020
General Petite,Bottoms,Pants,5,1,1056
General,Bottoms,Jeans,5,1,1035
General,Tops,Blouses,5,1,823
General Petite,Bottoms,Jeans,2,1,1028
General,Bottoms,Skirts,5,1,996
General,Bottoms,Pants,4,1,1059
General,Tops,Knits,5,1,862
General Petite,Bottoms,Pants,5,1,1056
General,Tops,Blouses,2,0,823
General,Dresses,Dresses,5,1,1081
General Petite,Tops,Fine gauge,4,1,909
General Petite,Tops,Fine gauge,5,1,909
General Petite,Bottoms,Jeans,3,0,1028
General,Tops,Knits,3,0,862
General Petite,Tops,Fine gauge,4,1,909
General Petite,Tops,Fine gauge,5,1,909
General,Tops,Blouses,3,1,823
General,Tops,Blouses,4,1,823
General Petite,Bottoms,Jeans,5,1,1028
General Petite,Tops,Fine gauge,5,1,909
General Petite,Tops,Fine gauge,5,1,909
General,Dresses,Dresses,5,1,1094
General,Tops,Knits,5,1,862
General,Bottoms,Jeans,5,1,1035
General,Tops,Blouses,5,1,823
General,Bottoms,Skirts,3,0,996
General Petite,Intimate,Lounge,3,0,640
General,Tops,Blouses,5,1,823
General,Bottoms,Skirts,4,1,1020
General Petite,Dresses,Dresses,3,0,1081
General,Bottoms,Skirts,4,1,1020
General Petite,Bottoms,Jeans,3,1,1035
General,Tops,Blouses,5,1,823
General,Tops,Knits,3,0,859
General,Tops,Knits,5,1,859
General,Bottoms,Pants,5,1,1059
General Petite,Bottoms,Jeans,5,1,1035
General Petite,Tops,Knits,5,1,862
General,Tops,Blouses,5,1,823
Initmates,Intimate,Swim,4,1,345
General,Tops,Blouses,5,1,823
General Petite,Intimate,Lounge,2,1,640
General Petite,Tops,Fine gauge,5,1,909
General,Tops,Sweaters,4,1,936
General,Tops,Blouses,4,1,834
General Petite,Tops,Knits,4,1,884
General,Dresses,Dresses,5,1,1082
General,Trend,Trend,5,1,1135
General Petite,Dresses,Dresses,4,1,1110
General Petite,Dresses,Dresses,3,0,1110
General,Dresses,Dresses,5,1,1082
General,Dresses,Dresses,3,0,1082
General Petite,Dresses,Dresses,5,1,1110
General,Bottoms,Pants,5,1,1053
General Petite,Dresses,Dresses,5,1,1110
General,Dresses,Dresses,3,1,1086
General,Tops,Blouses,5,1,834
General Petite,Dresses,Dresses,5,1,1110
General,Tops,Blouses,5,1,834
General,Dresses,Dresses,5,1,1086
General Petite,Dresses,Dresses,5,1,1110
General,Dresses,Dresses,5,1,1082
General Petite,Tops,Knits,4,1,884
General,Tops,Blouses,5,1,834
General Petite,Dresses,Dresses,5,1,1110
General Petite,Dresses,Dresses,5,1,1110
General Petite,Dresses,Dresses,5,1,1110
General,Tops,Blouses,5,1,834
General,Dresses,Dresses,5,1,1082
General Petite,Dresses,Dresses,2,0,1110
General,Tops,Blouses,5,1,834
General,Tops,Blouses,4,1,834
General Petite,Dresses,Dresses,4,1,1110
General Petite,Dresses,Dresses,1,0,1110
General,Bottoms,Pants,4,1,1053
General,Tops,Blouses,5,1,834
General,Tops,Blouses,5,1,834
General Petite,Dresses,Dresses,5,1,1110
General,Tops,Blouses,4,1,834
General,Tops,Blouses,5,1,834
General Petite,Dresses,Dresses,5,1,1110
General,Tops,Blouses,5,1,834
General,Tops,Blouses,4,1,834
General,Tops,Blouses,5,1,834
General Petite,Dresses,Dresses,5,1,1110
General Petite,Dresses,Dresses,3,1,1110
General Petite,Dresses,Dresses,5,1,1110
General Petite,Tops,Blouses,5,1,834
General,Dresses,Dresses,5,1,1086
General,Bottoms,Shorts,5,1,630
General,Dresses,Dresses,5,1,1080
General,Dresses,Dresses,3,0,1086
General Petite,Dresses,Dresses,5,1,1110
General Petite,Dresses,Dresses,5,1,1110
General Petite,Dresses,Dresses,4,1,1110
General Petite,Dresses,Dresses,4,1,1110
General Petite,Dresses,Dresses,2,1,1110
General,Dresses,Dresses,4,1,1080
General,Bottoms,Shorts,5,1,630
General Petite,Dresses,Dresses,5,1,1110
General Petite,Dresses,Dresses,5,1,1110
General,Dresses,Dresses,5,1,1082
General Petite,Dresses,Dresses,5,1,1110
General Petite,Dresses,Dresses,4,0,1110
General Petite,Tops,Knits,4,1,884
General Petite,Tops,Blouses,5,1,834
General Petite,Dresses,Dresses,5,1,1110
General Petite,Dresses,Dresses,5,1,1110
General Petite,Tops,Blouses,3,1,834
General Petite,Dresses,Dresses,5,1,1110
General Petite,Tops,Blouses,2,0,834
General,Dresses,Dresses,2,0,1082
General Petite,Tops,Knits,2,0,884
General Petite,Tops,Blouses,5,1,834
General Petite,Dresses,Dresses,5,1,1110
General Petite,Tops,Blouses,5,1,834
General,Bottoms,Shorts,5,1,630
General,Bottoms,Pants,4,1,1053
General,Dresses,Dresses,4,1,1086
General Petite,Tops,Blouses,5,1,834
General Petite,Dresses,Dresses,5,1,1110
General Petite,Tops,Blouses,4,1,834
General Petite,Tops,Blouses,5,1,834
General Petite,Tops,Blouses,5,1,834
General Petite,Dresses,Dresses,4,1,1110
General Petite,Tops,Blouses,4,1,834
General,Tops,Sweaters,2,0,931
General,Dresses,Dresses,1,0,1082
General Petite,Dresses,Dresses,5,1,1110
General,Dresses,Dresses,5,1,1080
General,Tops,Blouses,5,1,850
General Petite,Bottoms,Skirts,4,0,1020
General,Tops,Sweaters,4,1,926
General Petite,Tops,Knits,5,1,854
General Petite,Tops,Knits,4,1,854
General Petite,Tops,Knits,4,1,854
General Petite,Bottoms,Skirts,5,1,1020
General Petite,Dresses,Dresses,4,1,1110
General,Tops,Blouses,5,1,850
General Petite,Tops,Knits,4,1,854
General Petite,Bottoms,Skirts,5,1,1020
General Petite,Tops,Knits,4,1,854
General Petite,Tops,Blouses,5,1,850
General Petite,Tops,Knits,3,1,854
General Petite,Tops,Knits,5,1,854
General Petite,Tops,Knits,2,0,854
Initmates,Intimate,Intimates,4,1,430
General Petite,Tops,Knits,4,1,854
General Petite,Tops,Knits,2,0,854
General,Tops,Sweaters,5,1,926
General Petite,Tops,Knits,5,1,854
General Petite,Tops,Knits,5,1,854
General Petite,Tops,Knits,5,1,854
General Petite,Dresses,Dresses,4,1,1104
General Petite,Dresses,Dresses,5,1,1104
General Petite,Tops,Knits,4,1,862
General Petite,Intimate,Lounge,4,1,262
General Petite,Dresses,Dresses,3,0,1104
General Petite,Dresses,Dresses,2,0,1104
Initmates,Intimate,Legwear,5,1,181
General Petite,Intimate,Lounge,5,1,721
General Petite,Dresses,Dresses,5,1,1104
General Petite,Dresses,Dresses,5,1,1104
General Petite,Dresses,Dresses,5,1,1104
General Petite,Tops,Knits,5,1,862
General Petite,Tops,Knits,5,1,862
General Petite,Tops,Knits,4,1,862
General,Tops,Knits,5,1,855
General Petite,Dresses,Dresses,3,0,1104
General Petite,Dresses,Dresses,5,1,1104
General Petite,Intimate,Lounge,3,0,262
General,Jackets,Jackets,3,0,964
General Petite,Dresses,Dresses,5,1,1104
General,Bottoms,Skirts,3,1,999
General Petite,Dresses,Dresses,4,1,1104
General,Bottoms,Skirts,4,1,999
General Petite,Dresses,Dresses,4,1,1104
General Petite,Dresses,Dresses,5,1,1104
General Petite,Intimate,Lounge,5,1,262
General Petite,Tops,Knits,5,1,862
General Petite,Dresses,Dresses,4,1,1094
General,Dresses,Dresses,3,0,1078
General Petite,Intimate,Lounge,4,1,262
General,Bottoms,Skirts,3,1,999
General Petite,Intimate,Lounge,4,1,262
General Petite,Dresses,Dresses,5,1,1104
General,Dresses,Dresses,5,1,1078
General Petite,Dresses,Dresses,4,1,1104
General Petite,Dresses,Dresses,5,1,1104
General Petite,Intimate,Lounge,5,1,721
General Petite,Intimate,Lounge,4,1,262
General Petite,Dresses,Dresses,5,1,1104
General Petite,Intimate,Lounge,4,1,262
General,Tops,Knits,5,1,855
General Petite,Dresses,Dresses,5,1,1104
General Petite,Dresses,Dresses,5,1,1104
General Petite,Dresses,Dresses,3,1,1104
Initmates,Intimate,Swim,4,1,522
General Petite,Dresses,Dresses,4,1,1094
General Petite,Dresses,Dresses,1,0,1104
General Petite,Bottoms,Skirts,5,1,1005
General Petite,Tops,Knits,5,1,862
General Petite,Dresses,Dresses,5,1,1104
General Petite,Tops,Knits,3,1,862
General Petite,Dresses,Dresses,3,0,1104
General,Dresses,Dresses,3,1,1084
General Petite,Dresses,Dresses,5,1,1104
