Customer_ID,Average_Session_Duration,Average_Pages_Viewed,Purchase_Frequency,Total_Spending,Average_Engagement_Score,Cluster,Engagement_Level,Highly_Engaged
CUST_00001,8.0,9.0,1,219.32,39.404,1,Low Engagement,0
CUST_00002,3.0,8.0,1,332.34,29.502499999999998,1,Low Engagement,0
CUST_00003,9.0,5.0,1,66.44,20.192,1,Low Engagement,0
CUST_00004,9.0,6.0,1,112.65,24.753999999999998,1,Low Engagement,0
CUST_00005,13.0,7.0,1,349.45,41.519999999999996,1,Low Engagement,0
CUST_00006,17.0,9.0,1,131.96,52.4455,0,High Engagement,0
CUST_00007,19.0,13.0,1,150.41,69.076,0,High Engagement,1
CUST_00008,15.0,8.0,1,49.1,40.853500000000004,1,Low Engagement,0
CUST_00009,13.0,3.0,1,55.89,24.978,1,Low Engagement,0
CUST_00010,22.0,9.0,1,215.13,59.8015,0,High Engagement,0
CUST_00011,11.0,8.0,1,770.72,46.37899999999999,1,Low Engagement,0
CUST_00012,3.0,8.0,1,1090.15,35.048500000000004,1,Low Engagement,0
CUST_00013,3.0,6.0,1,53.73,13.151499999999999,1,Low Engagement,0
CUST_00014,9.0,9.0,1,30.18,34.26349999999999,1,Low Engagement,0
CUST_00015,12.0,16.0,1,284.16,64.535,0,High Engagement,1
CUST_00016,10.0,9.0,1,868.4,50.0255,1,Low Engagement,0
CUST_00017,3.0,8.0,1,67.22,22.1525,1,Low Engagement,0
CUST_00018,20.0,6.0,1,198.21,44.360499999999995,1,Low Engagement,0
CUST_00019,8.0,10.0,1,321.57,46.092499999999994,1,Low Engagement,0
CUST_00020,9.0,4.0,1,303.91,25.637500000000003,1,Low Engagement,0
CUST_00021,14.0,6.0,1,449.19,40.6135,1,Low Engagement,0
CUST_00022,15.0,10.0,1,26.23,49.4085,0,High Engagement,0
CUST_00023,7.0,9.0,1,245.95,38.17349999999999,1,Low Engagement,0
CUST_00024,6.0,11.0,1,79.59,40.007,1,Low Engagement,0
CUST_00025,4.0,6.0,1,89.32,15.834499999999998,1,Low Engagement,0
CUST_00026,19.0,9.0,1,176.44,56.214,0,High Engagement,0
CUST_00027,15.0,6.0,1,245.89,39.1845,1,Low Engagement,0
CUST_00028,11.0,14.0,1,604.91,65.187,0,High Engagement,1
CUST_00029,3.0,7.0,1,230.37,22.897499999999997,1,Low Engagement,0
CUST_00030,12.0,11.0,1,2497.83,65.9165,0,High Engagement,1
CUST_00031,34.0,8.0,1,131.13,57.5675,0,High Engagement,0
CUST_00032,11.0,8.0,1,88.67,35.946999999999996,1,Low Engagement,0
CUST_00033,12.0,10.0,1,41.88,45.199,1,Low Engagement,0
CUST_00034,11.0,6.0,1,2028.13,41.56999999999999,1,Low Engagement,0
CUST_00035,6.0,9.0,1,9406.46,48.020999999999994,2,Medium Engagement,0
CUST_00036,2.0,8.0,1,2424.48,36.887,1,Low Engagement,0
CUST_00037,19.0,11.0,1,59.08,60.318000000000005,0,High Engagement,0
CUST_00038,9.0,7.0,1,391.05,34.644,1,Low Engagement,0
CUST_00039,5.0,10.0,1,471.56,43.194,1,Low Engagement,0
CUST_00040,12.0,7.0,1,361.87,39.881,1,Low Engagement,0
CUST_00041,22.0,9.0,1,3767.04,71.03349999999999,0,High Engagement,1
CUST_00042,8.0,6.0,1,1058.96,33.6605,1,Low Engagement,0
CUST_00043,4.0,12.0,1,650.45,50.356,1,Low Engagement,0
CUST_00044,32.0,16.0,1,271.36,81.83550000000001,0,High Engagement,1
CUST_00045,12.0,7.0,1,241.44,37.83299999999999,1,Low Engagement,0
CUST_00046,19.0,8.0,1,140.24,50.067499999999995,1,Low Engagement,0
CUST_00047,22.0,12.0,1,183.08,70.59349999999999,0,High Engagement,1
CUST_00048,4.0,7.0,1,139.34,21.4485,1,Low Engagement,0
CUST_00049,7.0,11.0,1,266.28,47.1935,1,Low Engagement,0
CUST_00050,13.0,10.0,1,933.58,60.526,0,High Engagement,0
CUST_00051,10.0,10.0,1,1222.37,56.104,0,High Engagement,0
CUST_00052,7.0,11.0,1,101.46,42.473499999999994,1,Low Engagement,0
CUST_00053,16.0,8.0,1,1351.08,57.0655,0,High Engagement,0
CUST_00054,16.0,8.0,1,3314.93,59.3955,0,High Engagement,0
CUST_00055,15.0,14.0,1,567.2,71.6615,0,High Engagement,1
CUST_00056,14.0,6.0,1,199.44,36.5775,1,Low Engagement,0
CUST_00057,16.0,9.0,1,97.88,49.651999999999994,1,Low Engagement,0
CUST_00058,21.0,11.0,1,844.32,74.3005,0,High Engagement,1
CUST_00059,9.0,9.0,1,187.42,40.555499999999995,1,Low Engagement,0
CUST_00060,28.0,8.0,1,19.74,50.8805,0,High Engagement,0
CUST_00061,9.0,8.0,1,21478.35,48.587,2,Medium Engagement,0
CUST_00062,3.0,11.0,1,1218.98,49.085,1,Low Engagement,0
CUST_00063,13.0,8.0,1,922.6,50.778999999999996,1,Low Engagement,0
CUST_00064,11.0,14.0,1,377.6,62.88699999999999,0,High Engagement,1
CUST_00065,6.0,10.0,1,164.43,39.2835,1,Low Engagement,0
CUST_00066,33.0,10.0,1,1344.46,78.02399999999999,0,High Engagement,1
CUST_00067,14.0,7.0,1,1547.76,49.7395,1,Low Engagement,0
CUST_00068,14.0,13.0,1,2613.26,74.441,0,High Engagement,1
CUST_00069,18.0,8.0,1,103.32,47.4885,1,Low Engagement,0
CUST_00070,27.0,8.0,1,193.72,57.4095,0,High Engagement,0
CUST_00071,12.0,6.0,1,52.97,27.747,1,Low Engagement,0
CUST_00072,9.0,12.0,1,604.93,58.075500000000005,0,High Engagement,0
CUST_00073,10.0,11.0,1,875.18,58.6895,0,High Engagement,0
CUST_00074,27.0,7.0,1,1545.66,62.3665,0,High Engagement,1
CUST_00075,24.0,9.0,1,250.32,62.159,0,High Engagement,1
CUST_00076,34.0,14.0,1,82.63,75.5135,0,High Engagement,1
CUST_00077,7.0,13.0,1,165.02,49.8555,0,High Engagement,0
CUST_00078,12.0,6.0,1,39.77,27.046999999999997,1,Low Engagement,0
CUST_00079,11.0,6.0,1,465.86,35.546,1,Low Engagement,0
CUST_00080,47.0,9.0,1,252.16,66.693,0,High Engagement,1
CUST_00081,23.0,8.0,1,4917.33,67.2245,2,Medium Engagement,0
CUST_00082,12.0,6.0,1,1278.65,41.923,1,Low Engagement,0
CUST_00083,26.0,10.0,1,42.89,60.86899999999999,0,High Engagement,0
CUST_00084,11.0,8.0,1,2289.9,50.218999999999994,1,Low Engagement,0
CUST_00085,5.0,3.0,1,265.45,17.49,1,Low Engagement,0
CUST_00086,15.0,17.0,1,274.03,69.56649999999999,0,High Engagement,1
CUST_00087,9.0,7.0,1,39.28,25.061999999999994,1,Low Engagement,0
CUST_00088,6.0,7.0,1,781.4,32.6135,1,Low Engagement,0
CUST_00089,7.0,10.0,1,688.94,47.943999999999996,1,Low Engagement,0
CUST_00090,24.0,8.0,1,112.21,53.2505,0,High Engagement,0
CUST_00091,46.0,5.0,1,1526.15,58.985,0,High Engagement,0
CUST_00092,9.0,6.0,1,556.56,32.65,1,Low Engagement,0
CUST_00093,21.0,12.0,1,539.39,75.2205,0,High Engagement,1
CUST_00094,15.0,9.0,1,88.89,47.80599999999999,1,Low Engagement,0
CUST_00095,4.0,8.0,1,1167.88,36.2915,1,Low Engagement,0
CUST_00096,37.0,7.0,1,14.65,48.1215,0,High Engagement,0
CUST_00097,30.0,11.0,1,616.85,77.91950000000001,0,High Engagement,1
CUST_00098,13.0,13.0,1,444.91,65.9975,0,High Engagement,1
CUST_00099,14.0,8.0,1,235.59,45.7425,1,Low Engagement,0
CUST_00100,21.0,6.0,1,1722.72,55.050999999999995,1,Low Engagement,0
CUST_00101,64.0,6.0,1,2291.88,62.87199999999999,0,High Engagement,1
CUST_00102,17.0,8.0,1,220.17,49.885000000000005,1,Low Engagement,0
CUST_00103,22.0,9.0,1,734.8,65.9335,0,High Engagement,1
CUST_00104,6.0,14.0,1,2036.49,60.7525,0,High Engagement,0
CUST_00105,5.0,6.0,1,169.86,20.022000000000002,1,Low Engagement,0
CUST_00106,29.0,8.0,1,2507.04,69.072,0,High Engagement,1
CUST_00107,12.0,14.0,1,1780.56,71.392,0,High Engagement,1
CUST_00108,26.0,5.0,1,107.61,43.202999999999996,1,Low Engagement,0
CUST_00109,23.0,7.0,1,226.86,51.18149999999999,0,High Engagement,0
CUST_00110,8.0,12.0,1,709.95,56.852000000000004,0,High Engagement,0
CUST_00111,12.0,12.0,1,245.23,59.17249999999999,0,High Engagement,0
CUST_00112,11.0,9.0,1,54.71,39.351499999999994,1,Low Engagement,0
CUST_00113,9.0,11.0,1,68.43,44.855500000000006,1,Low Engagement,0
CUST_00114,7.0,8.0,1,723.28,38.513,1,Low Engagement,0
CUST_00115,19.0,15.0,1,3144.07,83.72149999999999,0,High Engagement,1
CUST_00116,8.0,6.0,1,33.8,19.1545,1,Low Engagement,0
CUST_00117,7.0,5.0,1,89.46,17.504,1,Low Engagement,0
CUST_00118,13.0,12.0,1,1044.2,67.9395,0,High Engagement,1
CUST_00119,9.0,9.0,1,89.98,37.2315,1,Low Engagement,0
CUST_00120,12.0,9.0,1,7.89,39.2565,1,Low Engagement,0
CUST_00121,13.0,6.0,1,2196.95,45.426,1,Low Engagement,0
CUST_00122,27.0,8.0,1,323.85,60.057500000000005,0,High Engagement,0
CUST_00123,11.0,9.0,1,11.02,37.40749999999999,1,Low Engagement,0
CUST_00124,28.0,11.0,1,252.12,72.763,0,High Engagement,1
CUST_00125,20.0,7.0,1,1501.05,57.466499999999996,0,High Engagement,0
CUST_00126,24.0,12.0,1,185.75,72.25099999999999,0,High Engagement,1
CUST_00127,1.0,8.0,1,1003.04,33.654,1,Low Engagement,0
CUST_00128,13.0,6.0,1,466.1,39.217999999999996,1,Low Engagement,0
CUST_00129,11.0,14.0,1,77.16,55.35099999999999,0,High Engagement,0
CUST_00130,10.0,9.0,1,464.11,47.061499999999995,1,Low Engagement,0
CUST_00131,17.0,8.0,1,234.44,50.205,1,Low Engagement,0
CUST_00132,14.0,13.0,1,383.14,66.953,0,High Engagement,1
CUST_00133,33.0,15.0,1,136.26,78.213,0,High Engagement,1
CUST_00134,24.0,7.0,1,1321.2,60.2435,0,High Engagement,0
CUST_00135,11.0,11.0,1,1609.69,62.8915,0,High Engagement,1
CUST_00136,9.0,5.0,1,176.88,24.368000000000002,1,Low Engagement,0
CUST_00137,6.0,9.0,1,1325.6,44.44899999999999,1,Low Engagement,0
CUST_00138,23.0,6.0,1,62.99,41.9515,1,Low Engagement,0
CUST_00139,21.0,7.0,1,270.21,50.43299999999999,1,Low Engagement,0
CUST_00140,29.0,10.0,1,1028.88,75.927,0,High Engagement,1
CUST_00141,13.0,5.0,1,991.71,40.176,1,Low Engagement,0
CUST_00142,24.0,4.0,1,64.15,38.723,1,Low Engagement,0
CUST_00143,20.0,7.0,1,1442.24,57.3225,0,High Engagement,0
CUST_00144,13.0,5.0,1,472.79,36.756,1,Low Engagement,0
CUST_00145,15.0,9.0,1,275.43,53.162,0,High Engagement,0
CUST_00146,5.0,11.0,1,3937.68,54.45949999999999,0,High Engagement,0
CUST_00147,38.0,9.0,1,85.24,61.243999999999986,0,High Engagement,1
CUST_00148,14.0,13.0,1,7374.24,75.97699999999999,2,Medium Engagement,0
CUST_00149,1.0,13.0,1,346.94,47.3245,1,Low Engagement,0
CUST_00150,10.0,8.0,1,135.98,35.973,1,Low Engagement,0
CUST_00151,5.0,10.0,1,102.45,35.624,1,Low Engagement,0
CUST_00152,32.0,12.0,1,100.89,72.43499999999999,0,High Engagement,1
CUST_00153,11.0,15.0,1,879.66,67.607,0,High Engagement,1
CUST_00154,6.0,7.0,1,159.53,24.7855,1,Low Engagement,0
CUST_00155,14.0,6.0,1,257.99,37.849500000000006,1,Low Engagement,0
CUST_00156,17.0,6.0,1,114.28,38.348,1,Low Engagement,0
CUST_00157,24.0,16.0,1,2005.25,87.4195,0,High Engagement,1
CUST_00158,3.0,8.0,1,1406.4,36.036500000000004,1,Low Engagement,0
CUST_00159,8.0,6.0,1,42.43,19.5785,1,Low Engagement,0
CUST_00160,14.0,6.0,1,30.78,29.977500000000003,1,Low Engagement,0
CUST_00161,16.0,8.0,1,4731.0,59.9635,2,Medium Engagement,0
CUST_00162,18.0,9.0,1,339.57,58.389,0,High Engagement,0
CUST_00163,10.0,7.0,1,2099.56,43.506,1,Low Engagement,0
CUST_00164,8.0,6.0,1,221.81,26.0785,1,Low Engagement,0
CUST_00165,4.0,8.0,1,112.18,25.1195,1,Low Engagement,0
CUST_00166,16.0,12.0,1,85.71,60.81999999999999,0,High Engagement,0
CUST_00167,6.0,7.0,1,1409.61,35.0055,1,Low Engagement,0
CUST_00168,11.0,10.0,1,709.65,55.657999999999994,0,High Engagement,0
CUST_00169,6.0,11.0,1,28.21,37.452999999999996,1,Low Engagement,0
CUST_00170,12.0,5.0,1,58.14,25.429000000000002,1,Low Engagement,0
CUST_00171,13.0,10.0,1,99.2,49.657999999999994,1,Low Engagement,0
CUST_00172,17.0,8.0,1,4428.32,61.221000000000004,2,Medium Engagement,0
CUST_00173,5.0,8.0,1,4690.59,41.047,1,Low Engagement,0
CUST_00174,19.0,11.0,1,617.46,71.11,0,High Engagement,1
CUST_00175,19.0,14.0,1,176.32,71.1255,0,High Engagement,1
CUST_00176,7.0,7.0,1,22.1,20.454,1,Low Engagement,0
CUST_00177,6.0,12.0,1,226.5,47.729,1,Low Engagement,0
CUST_00178,9.0,9.0,1,318.46,43.30349999999999,1,Low Engagement,0
CUST_00179,28.0,13.0,1,2848.29,87.651,0,High Engagement,1
CUST_00180,4.0,7.0,1,705.72,29.496499999999997,1,Low Engagement,0
CUST_00181,18.0,11.0,1,239.92,65.23299999999999,0,High Engagement,1
CUST_00182,15.0,12.0,1,136.19,61.25999999999999,0,High Engagement,1
CUST_00183,30.0,10.0,1,2662.85,79.206,0,High Engagement,1
CUST_00184,20.0,6.0,1,69.8,39.808499999999995,1,Low Engagement,0
CUST_00185,1.0,13.0,1,6229.91,56.708499999999994,2,Medium Engagement,0
CUST_00186,23.0,12.0,1,16000.85,84.513,2,Medium Engagement,0
CUST_00187,9.0,9.0,1,253.96,42.107499999999995,1,Low Engagement,0
CUST_00188,10.0,14.0,1,6776.73,70.089,2,Medium Engagement,0
CUST_00189,6.0,8.0,1,6057.69,42.70850000000001,2,Medium Engagement,0
CUST_00190,20.0,11.0,1,177.71,65.818,0,High Engagement,1
CUST_00191,4.0,10.0,1,675.6,43.6545,1,Low Engagement,0
CUST_00192,12.0,7.0,1,176.38,36.248999999999995,1,Low Engagement,0
CUST_00193,31.0,8.0,1,2450.69,69.572,0,High Engagement,1
CUST_00194,21.0,7.0,1,253.8,50.125,1,Low Engagement,0
CUST_00195,16.0,9.0,1,1684.8,62.815999999999995,0,High Engagement,1
CUST_00196,9.0,15.0,1,371.88,59.770999999999994,0,High Engagement,0
CUST_00197,22.0,14.0,1,274.32,75.99699999999999,0,High Engagement,1
CUST_00198,8.0,14.0,1,81.91,49.8515,0,High Engagement,0
CUST_00199,18.0,9.0,1,599.47,61.165000000000006,0,High Engagement,0
CUST_00200,24.0,6.0,1,192.16,47.4255,1,Low Engagement,0
CUST_00201,8.0,9.0,1,1364.56,47.996,1,Low Engagement,0
CUST_00202,14.0,9.0,1,370.0,53.091,0,High Engagement,0
CUST_00203,13.0,16.0,1,149.18,63.047999999999995,0,High Engagement,1
CUST_00204,19.0,5.0,1,345.35,43.6785,1,Low Engagement,0
CUST_00205,7.0,9.0,1,318.36,39.5335,1,Low Engagement,0
CUST_00206,15.0,10.0,1,167.61,55.37649999999999,0,High Engagement,0
CUST_00207,11.0,7.0,1,397.89,38.50599999999999,1,Low Engagement,0
CUST_00208,25.0,11.0,1,107.86,67.29899999999999,0,High Engagement,1
CUST_00209,17.0,10.0,1,1741.53,68.956,0,High Engagement,1
CUST_00210,18.0,10.0,1,279.46,62.079499999999996,0,High Engagement,1
CUST_00211,16.0,5.0,1,629.32,42.8805,1,Low Engagement,0
CUST_00212,9.0,5.0,1,496.7,29.576,1,Low Engagement,0
CUST_00213,7.0,12.0,1,208.7,48.9175,0,High Engagement,0
CUST_00214,19.0,10.0,1,272.56,63.07649999999999,0,High Engagement,1
CUST_00215,3.0,8.0,1,2003.75,37.116499999999995,1,Low Engagement,0
CUST_00216,8.0,8.0,1,58.2,28.779500000000002,1,Low Engagement,0
CUST_00217,13.0,11.0,1,419.19,60.731500000000004,0,High Engagement,0
CUST_00218,17.0,17.0,1,875.66,78.094,0,High Engagement,1
CUST_00219,5.0,10.0,1,30.85,32.273999999999994,1,Low Engagement,0
CUST_00220,12.0,11.0,1,518.07,59.9845,0,High Engagement,0
CUST_00221,14.0,11.0,1,1907.76,68.687,0,High Engagement,1
CUST_00222,12.0,17.0,1,193.51,62.800999999999995,0,High Engagement,1
CUST_00223,14.0,9.0,1,122.46,47.642999999999994,1,Low Engagement,0
CUST_00224,9.0,4.0,1,4286.8,35.2335,1,Low Engagement,0
CUST_00225,22.0,4.0,1,1132.02,50.3035,1,Low Engagement,0
CUST_00226,16.0,8.0,1,592.09,53.4795,1,Low Engagement,0
CUST_00227,12.0,12.0,1,78.19,53.9525,0,High Engagement,0
CUST_00228,3.0,16.0,1,2424.75,58.713499999999996,0,High Engagement,0
CUST_00229,15.0,10.0,1,109.85,53.3165,0,High Engagement,0
CUST_00230,5.0,9.0,1,3948.76,45.8435,1,Low Engagement,0
CUST_00231,3.0,8.0,1,706.83,33.1725,1,Low Engagement,0
CUST_00232,7.0,8.0,1,146.1,30.581000000000003,1,Low Engagement,0
CUST_00233,17.0,8.0,1,347.05,52.25299999999999,1,Low Engagement,0
CUST_00234,17.0,12.0,1,27.62,59.271499999999996,0,High Engagement,0
CUST_00235,1.0,11.0,1,785.55,46.2505,1,Low Engagement,0
CUST_00236,16.0,6.0,1,26.92,32.926500000000004,1,Low Engagement,0
CUST_00237,4.0,8.0,1,157.19,26.7675,1,Low Engagement,0
CUST_00238,22.0,9.0,1,49.3,53.81349999999999,0,High Engagement,0
CUST_00239,19.0,10.0,1,532.88,66.46849999999999,0,High Engagement,1
CUST_00240,3.0,9.0,1,10295.6,44.416999999999994,2,Medium Engagement,0
CUST_00241,15.0,7.0,1,772.72,48.5425,1,Low Engagement,0
CUST_00242,9.0,13.0,1,458.12,58.6815,0,High Engagement,0
CUST_00243,22.0,8.0,1,99.82,51.089000000000006,0,High Engagement,0
CUST_00244,8.0,9.0,1,21.76,31.967999999999996,1,Low Engagement,0
CUST_00245,27.0,9.0,1,873.32,69.78999999999999,0,High Engagement,1
CUST_00246,20.0,6.0,1,1106.75,52.580499999999994,1,Low Engagement,0
CUST_00247,5.0,7.0,1,225.7,25.075999999999997,1,Low Engagement,0
CUST_00248,29.0,12.0,1,324.57,77.4165,0,High Engagement,1
CUST_00249,15.0,9.0,1,142.5,49.86599999999999,1,Low Engagement,0
CUST_00250,12.0,4.0,1,37.12,22.8545,1,Low Engagement,0
CUST_00251,7.0,8.0,1,555.28,37.241,1,Low Engagement,0
CUST_00252,14.0,9.0,1,1317.65,58.835,0,High Engagement,0
CUST_00253,22.0,8.0,1,192.69,54.23100000000001,0,High Engagement,0
CUST_00254,16.0,6.0,1,966.87,47.3545,1,Low Engagement,0
CUST_00255,17.0,12.0,1,30.53,59.4135,0,High Engagement,0
CUST_00256,13.0,11.0,1,1346.3,65.9435,0,High Engagement,1
CUST_00257,25.0,7.0,1,203.37,52.0875,0,High Engagement,0
CUST_00258,15.0,9.0,1,45.38,45.68599999999999,1,Low Engagement,0
CUST_00259,8.0,9.0,1,219.57,39.410000000000004,1,Low Engagement,0
CUST_00260,9.0,5.0,1,45.4,19.133999999999997,1,Low Engagement,0
CUST_00261,13.0,4.0,1,213.2,31.209500000000002,1,Low Engagement,0
CUST_00262,11.0,7.0,1,394.52,38.48,1,Low Engagement,0
CUST_00263,23.0,3.0,1,965.67,49.7975,1,Low Engagement,0
CUST_00264,17.0,7.0,1,122.17,42.426,1,Low Engagement,0
CUST_00265,13.0,11.0,1,1069.82,65.0795,0,High Engagement,1
CUST_00266,8.0,10.0,1,133.05,41.6985,1,Low Engagement,0
CUST_00267,11.0,9.0,1,72.26,40.211499999999994,1,Low Engagement,0
CUST_00268,10.0,7.0,1,576.91,38.438,1,Low Engagement,0
CUST_00269,20.0,9.0,1,955.44,65.34599999999999,0,High Engagement,1
CUST_00270,2.0,10.0,1,68.48,31.269999999999996,1,Low Engagement,0
CUST_00271,8.0,11.0,1,135.01,45.7,1,Low Engagement,0
CUST_00272,5.0,4.0,1,63.62,11.8415,1,Low Engagement,0
CUST_00273,8.0,11.0,1,79.71,43.44,1,Low Engagement,0
CUST_00274,17.0,8.0,1,431.26,53.28900000000001,0,High Engagement,0
CUST_00275,17.0,6.0,1,221.34,41.544000000000004,1,Low Engagement,0
CUST_00276,16.0,5.0,1,1025.35,45.0405,1,Low Engagement,0
CUST_00277,5.0,10.0,1,228.28,39.51,1,Low Engagement,0
CUST_00278,14.0,5.0,1,363.12,37.0595,1,Low Engagement,0
CUST_00279,26.0,9.0,1,1148.11,70.48249999999999,0,High Engagement,1
CUST_00280,11.0,8.0,1,659.8,45.619,1,Low Engagement,0
CUST_00281,12.0,9.0,1,570.61,51.7845,1,Low Engagement,0
CUST_00282,9.0,7.0,1,1843.57,41.22,1,Low Engagement,0
CUST_00283,13.0,7.0,1,188.47,38.331999999999994,1,Low Engagement,0
CUST_00284,13.0,6.0,1,2300.52,45.542,1,Low Engagement,0
CUST_00285,13.0,10.0,1,3585.16,64.526,0,High Engagement,1
CUST_00286,12.0,11.0,1,233.52,55.9325,0,High Engagement,0
CUST_00287,2.0,12.0,1,160.47,41.7915,1,Low Engagement,0
CUST_00288,35.0,7.0,1,123.17,52.80199999999999,0,High Engagement,0
CUST_00289,27.0,7.0,1,267.36,54.362500000000004,0,High Engagement,0
CUST_00290,18.0,6.0,1,1484.76,51.6355,1,Low Engagement,0
CUST_00291,12.0,7.0,1,349.92,39.729,1,Low Engagement,0
CUST_00292,22.0,12.0,1,140.69,69.3295,0,High Engagement,1
CUST_00293,18.0,8.0,1,584.78,56.036500000000004,0,High Engagement,0
CUST_00294,25.0,7.0,1,261.44,53.34749999999999,0,High Engagement,0
CUST_00295,10.0,10.0,1,81.6,43.467999999999996,1,Low Engagement,0
CUST_00296,10.0,13.0,1,246.94,57.5635,0,High Engagement,0
CUST_00297,33.0,7.0,1,242.73,55.681999999999995,0,High Engagement,0
CUST_00298,23.0,17.0,1,1436.44,85.9215,0,High Engagement,1
CUST_00299,20.0,4.0,1,51.25,34.824,1,Low Engagement,0
CUST_00300,6.0,7.0,1,501.65,30.501500000000004,1,Low Engagement,0
CUST_00301,8.0,10.0,1,1176.7,52.082499999999996,1,Low Engagement,0
CUST_00302,4.0,7.0,1,151.13,21.854499999999998,1,Low Engagement,0
CUST_00303,5.0,6.0,1,228.88,21.466,1,Low Engagement,0
CUST_00304,11.0,8.0,1,6359.05,51.89499999999999,2,Medium Engagement,0
CUST_00305,9.0,9.0,1,1623.31,50.52749999999999,1,Low Engagement,0
CUST_00306,13.0,5.0,1,332.34,35.022,1,Low Engagement,0
CUST_00307,15.0,8.0,1,1406.24,55.6535,0,High Engagement,0
CUST_00308,7.0,7.0,1,76.77,23.177999999999997,1,Low Engagement,0
CUST_00309,16.0,11.0,1,63.0,56.764,0,High Engagement,0
CUST_00310,14.0,9.0,1,234.0,50.714999999999996,1,Low Engagement,0
CUST_00311,8.0,5.0,1,352.48,25.9405,1,Low Engagement,0
CUST_00312,22.0,10.0,1,1351.23,73.14,0,High Engagement,1
CUST_00313,12.0,10.0,1,424.15,55.019,0,High Engagement,0
CUST_00314,5.0,7.0,1,143.4,22.848,1,Low Engagement,0
CUST_00315,5.0,8.0,1,471.06,33.49100000000001,1,Low Engagement,0
CUST_00316,20.0,7.0,1,15454.37,60.7105,2,Medium Engagement,0
CUST_00317,14.0,7.0,1,3802.5,51.859500000000004,1,Low Engagement,0
CUST_00318,12.0,8.0,1,318.6,43.952,1,Low Engagement,0
CUST_00319,12.0,7.0,1,81.44,32.785,1,Low Engagement,0
CUST_00320,7.0,14.0,1,72.16,47.585,0,High Engagement,0
CUST_00321,12.0,16.0,1,1077.56,70.81700000000001,0,High Engagement,1
CUST_00322,7.0,10.0,1,460.4,45.98599999999999,1,Low Engagement,0
CUST_00323,13.0,16.0,1,5528.61,76.584,2,Medium Engagement,0
CUST_00324,14.0,12.0,1,49.39,55.909,0,High Engagement,0
CUST_00325,6.0,8.0,1,314.4,32.8705,1,Low Engagement,0
CUST_00326,8.0,6.0,1,458.52,29.7305,1,Low Engagement,0
CUST_00327,17.0,11.0,1,129.39,61.0055,0,High Engagement,0
CUST_00328,21.0,9.0,1,33.42,52.16449999999999,0,High Engagement,0
CUST_00329,21.0,13.0,1,394.76,75.76249999999999,0,High Engagement,1
CUST_00330,12.0,5.0,1,644.84,36.421,1,Low Engagement,0
CUST_00331,24.0,10.0,1,4554.45,77.54549999999999,0,High Engagement,1
CUST_00332,8.0,12.0,1,126.5,48.408,0,High Engagement,0
CUST_00333,4.0,4.0,1,428.3,19.314,1,Low Engagement,0
CUST_00334,9.0,9.0,1,457.5,45.01549999999999,1,Low Engagement,0
CUST_00335,9.0,9.0,1,1030.8,48.82749999999999,1,Low Engagement,0
CUST_00336,8.0,13.0,1,49.39,46.983999999999995,0,High Engagement,0
CUST_00337,19.0,12.0,1,76.27,64.10600000000001,0,High Engagement,1
CUST_00338,13.0,6.0,1,1025.43,42.878,1,Low Engagement,0
CUST_00339,24.0,7.0,1,1779.8,61.2555,0,High Engagement,1
CUST_00340,9.0,10.0,1,392.76,49.05,1,Low Engagement,0
CUST_00341,11.0,7.0,1,352.49,37.903999999999996,1,Low Engagement,0
CUST_00342,17.0,14.0,1,1926.15,79.497,0,High Engagement,1
CUST_00343,21.0,9.0,1,255.96,59.86849999999999,0,High Engagement,0
CUST_00344,31.0,12.0,1,1111.6,83.7045,0,High Engagement,1
CUST_00345,11.0,6.0,1,2615.8,42.153999999999996,1,Low Engagement,0
CUST_00346,2.0,9.0,1,510.55,35.9755,1,Low Engagement,0
CUST_00347,1.0,4.0,1,248.3,14.524500000000002,1,Low Engagement,0
CUST_00348,39.0,12.0,1,1689.37,86.5515,0,High Engagement,1
CUST_00349,11.0,7.0,1,1265.69,43.688,1,Low Engagement,0
CUST_00350,31.0,13.0,1,1230.85,86.15449999999998,0,High Engagement,1
CUST_00351,14.0,6.0,1,134.15,34.6535,1,Low Engagement,0
CUST_00352,26.0,9.0,1,483.58,66.6265,0,High Engagement,1
CUST_00353,21.0,6.0,1,769.68,51.943,1,Low Engagement,0
CUST_00354,6.0,11.0,1,281.58,45.925,1,Low Engagement,0
CUST_00355,30.0,10.0,1,824.9,75.29400000000001,0,High Engagement,1
CUST_00356,7.0,9.0,1,151.26,35.7695,1,Low Engagement,0
CUST_00357,22.0,14.0,1,398.92,77.913,0,High Engagement,1
CUST_00358,19.0,13.0,1,645.31,76.28,0,High Engagement,1
CUST_00359,24.0,13.0,1,283.77,76.49699999999999,0,High Engagement,1
CUST_00360,13.0,7.0,1,140.24,36.91799999999999,1,Low Engagement,0
CUST_00361,22.0,11.0,1,538.93,73.0775,0,High Engagement,1
CUST_00362,7.0,9.0,1,182.33,36.6615,1,Low Engagement,0
CUST_00363,12.0,10.0,1,109.9,48.351,1,Low Engagement,0
CUST_00364,21.0,6.0,1,40.18,39.12899999999999,1,Low Engagement,0
CUST_00365,25.0,6.0,1,168.42,47.4875,1,Low Engagement,0
CUST_00366,7.0,5.0,1,14485.45,33.818000000000005,2,Medium Engagement,0
CUST_00367,21.0,7.0,1,548.52,53.99699999999999,0,High Engagement,0
CUST_00368,20.0,8.0,1,122.51,50.457499999999996,0,High Engagement,0
CUST_00369,19.0,7.0,1,561.32,52.286500000000004,1,Low Engagement,0
CUST_00370,11.0,15.0,1,62.46,55.40299999999999,0,High Engagement,0
CUST_00371,1.0,8.0,1,37.56,19.618000000000002,1,Low Engagement,0
CUST_00372,20.0,8.0,1,29.66,46.10549999999999,1,Low Engagement,0
CUST_00373,25.0,9.0,1,522.49,66.535,0,High Engagement,1
CUST_00374,27.0,11.0,1,431.85,75.07400000000001,0,High Engagement,1
CUST_00375,5.0,14.0,1,32.18,42.591,1,Low Engagement,0
CUST_00376,3.0,7.0,1,1624.74,31.8415,1,Low Engagement,0
CUST_00377,10.0,12.0,1,801.16,61.3055,0,High Engagement,1
CUST_00378,18.0,8.0,1,1199.05,59.152499999999996,0,High Engagement,0
CUST_00379,20.0,7.0,1,70.96,43.5265,1,Low Engagement,0
CUST_00380,10.0,11.0,1,941.45,58.9855,0,High Engagement,0
CUST_00381,12.0,7.0,1,796.68,43.701,1,Low Engagement,0
CUST_00382,12.0,6.0,1,746.84,39.711,1,Low Engagement,0
CUST_00383,6.0,10.0,1,339.09,42.939499999999995,1,Low Engagement,0
CUST_00384,17.0,10.0,1,103.2,55.936,0,High Engagement,0
CUST_00385,35.0,9.0,1,1020.35,72.6415,0,High Engagement,1
CUST_00386,16.0,13.0,1,297.36,68.76999999999998,0,High Engagement,1
CUST_00387,22.0,9.0,1,1566.03,68.97749999999999,0,High Engagement,1
CUST_00388,9.0,15.0,1,1000.16,64.37899999999999,0,High Engagement,1
CUST_00389,10.0,12.0,1,706.88,60.72149999999999,0,High Engagement,0
CUST_00390,13.0,11.0,1,469.83,61.2675,0,High Engagement,1
CUST_00391,10.0,5.0,1,33.29,20.446,1,Low Engagement,0
CUST_00392,7.0,7.0,1,1374.36,36.498,1,Low Engagement,0
CUST_00393,17.0,11.0,1,16.4,55.90149999999999,0,High Engagement,0
CUST_00394,7.0,8.0,1,1371.42,41.173,1,Low Engagement,0
CUST_00395,8.0,12.0,1,135.71,48.684,0,High Engagement,0
CUST_00396,21.0,12.0,1,123.69,67.9645,0,High Engagement,1
CUST_00397,20.0,10.0,1,1024.26,70.34849999999999,0,High Engagement,1
CUST_00398,1.0,7.0,1,656.9,27.079000000000004,1,Low Engagement,0
CUST_00399,10.0,7.0,1,718.68,39.514,1,Low Engagement,0
CUST_00400,16.0,9.0,1,356.38,56.032,0,High Engagement,0
CUST_00401,45.0,7.0,1,118.11,53.274,0,High Engagement,0
CUST_00402,2.0,10.0,1,1040.1,43.888,1,Low Engagement,0
CUST_00403,9.0,8.0,1,361.3,38.911,1,Low Engagement,0
CUST_00404,20.0,5.0,1,1401.8,50.9545,1,Low Engagement,0
CUST_00405,8.0,9.0,1,734.19,45.443999999999996,1,Low Engagement,0
CUST_00406,9.0,6.0,1,167.22,26.661999999999995,1,Low Engagement,0
CUST_00407,4.0,8.0,1,145.64,26.3415,1,Low Engagement,0
CUST_00408,11.0,13.0,1,470.04,62.62949999999999,0,High Engagement,1
CUST_00409,8.0,6.0,1,140.95,23.886499999999998,1,Low Engagement,0
CUST_00410,12.0,12.0,1,149.14,56.68450000000001,0,High Engagement,0
CUST_00411,10.0,16.0,1,303.01,61.146,0,High Engagement,0
CUST_00412,13.0,10.0,1,192.69,52.824000000000005,0,High Engagement,0
CUST_00413,13.0,8.0,1,1456.73,52.615,1,Low Engagement,0
CUST_00414,21.0,7.0,1,130.98,46.89699999999999,1,Low Engagement,0
CUST_00415,13.0,15.0,1,527.38,68.93900000000001,0,High Engagement,1
CUST_00416,8.0,11.0,1,2579.98,58.4,0,High Engagement,0
CUST_00417,23.0,11.0,1,66.02,64.09299999999999,0,High Engagement,1
CUST_00418,7.0,7.0,1,440.2,31.386000000000003,1,Low Engagement,0
CUST_00419,21.0,7.0,1,401.48,52.49299999999999,0,High Engagement,0
CUST_00420,7.0,6.0,1,28.4,17.055999999999997,1,Low Engagement,0
CUST_00421,45.0,8.0,1,23.26,53.52499999999999,0,High Engagement,0
CUST_00422,9.0,13.0,1,472.17,58.881499999999996,0,High Engagement,0
CUST_00423,24.0,11.0,1,2130.66,80.035,0,High Engagement,1
CUST_00424,5.0,4.0,1,142.84,15.0975,1,Low Engagement,0
CUST_00425,52.0,7.0,1,103.29,52.7555,0,High Engagement,0
CUST_00426,10.0,15.0,1,225.54,59.097,0,High Engagement,0
CUST_00427,7.0,9.0,1,6363.98,49.3615,2,Medium Engagement,0
CUST_00428,16.0,4.0,1,81.83,31.594,1,Low Engagement,0
CUST_00429,17.0,11.0,1,53.66,57.677499999999995,0,High Engagement,0
CUST_00430,14.0,11.0,1,45.25,52.730999999999995,0,High Engagement,0
CUST_00431,9.0,5.0,1,3569.16,36.44,1,Low Engagement,0
CUST_00432,10.0,6.0,1,1028.79,37.384,1,Low Engagement,0
CUST_00433,8.0,10.0,1,4180.2,55.3985,2,Medium Engagement,0
CUST_00434,16.0,12.0,1,550.06,69.756,0,High Engagement,1
CUST_00435,9.0,10.0,1,49.52,39.967999999999996,1,Low Engagement,0
CUST_00436,23.0,9.0,1,467.49,64.533,0,High Engagement,1
CUST_00437,19.0,10.0,1,165.64,60.592499999999994,0,High Engagement,0
CUST_00438,18.0,12.0,1,1539.87,76.725,0,High Engagement,1
CUST_00439,8.0,9.0,1,1513.47,48.368,1,Low Engagement,0
CUST_00440,6.0,12.0,1,475.64,51.520999999999994,0,High Engagement,0
CUST_00441,18.0,10.0,1,11.65,53.09550000000001,0,High Engagement,0
CUST_00442,15.0,5.0,1,84.6,31.692499999999995,1,Low Engagement,0
CUST_00443,17.0,6.0,1,1271.38,49.792,1,Low Engagement,0
CUST_00444,10.0,11.0,1,264.79,52.86150000000001,0,High Engagement,0
CUST_00445,9.0,11.0,1,132.39,47.551500000000004,1,Low Engagement,0
CUST_00446,19.0,10.0,1,3623.48,73.0085,0,High Engagement,1
CUST_00447,8.0,13.0,1,110.03,49.75,0,High Engagement,0
CUST_00448,21.0,10.0,1,593.4,68.731,0,High Engagement,1
CUST_00449,16.0,9.0,1,2134.26,63.464,0,High Engagement,1
CUST_00450,9.0,10.0,1,66.91,40.82599999999999,1,Low Engagement,0
CUST_00451,16.0,9.0,1,141.96,51.408,0,High Engagement,0
CUST_00452,18.0,10.0,1,952.75,67.9275,0,High Engagement,1
CUST_00453,23.0,13.0,1,42.57,67.91099999999999,0,High Engagement,1
CUST_00454,8.0,7.0,1,214.36,29.6005,1,Low Engagement,0
CUST_00455,10.0,10.0,1,271.91,49.092,1,Low Engagement,0
CUST_00456,25.0,7.0,1,507.24,56.6735,0,High Engagement,0
CUST_00457,16.0,8.0,1,122.34,45.7515,1,Low Engagement,0
CUST_00458,9.0,8.0,1,1331.82,44.823,1,Low Engagement,0
CUST_00459,22.0,5.0,1,855.08,50.629999999999995,1,Low Engagement,0
CUST_00460,26.0,13.0,1,192.46,75.5925,0,High Engagement,1
CUST_00461,14.0,7.0,1,108.3,37.2755,1,Low Engagement,0
CUST_00462,22.0,6.0,1,410.1,49.751999999999995,1,Low Engagement,0
CUST_00463,11.0,10.0,1,59.52,44.26199999999999,1,Low Engagement,0
CUST_00464,15.0,8.0,1,206.18,46.6695,1,Low Engagement,0
CUST_00465,16.0,9.0,1,1717.15,62.868,0,High Engagement,1
CUST_00466,7.0,9.0,1,163.89,36.149499999999996,1,Low Engagement,0
CUST_00467,9.0,11.0,1,215.07,49.871500000000005,1,Low Engagement,0
CUST_00468,16.0,10.0,1,159.43,56.6905,0,High Engagement,0
CUST_00469,33.0,5.0,1,88.01,44.682,1,Low Engagement,0
CUST_00470,8.0,11.0,1,51.96,42.128,1,Low Engagement,0
CUST_00471,12.0,13.0,1,61.93,55.21449999999999,0,High Engagement,0
CUST_00472,20.0,5.0,1,17099.3,54.49849999999999,2,Medium Engagement,0
CUST_00473,17.0,12.0,1,19.34,58.917500000000004,0,High Engagement,0
CUST_00474,9.0,9.0,1,76.66,36.62749999999999,1,Low Engagement,0
CUST_00475,34.0,13.0,1,235.12,79.044,0,High Engagement,1
CUST_00476,15.0,6.0,1,1451.84,47.4125,1,Low Engagement,0
CUST_00477,14.0,9.0,1,155.46,48.74699999999999,1,Low Engagement,0
CUST_00478,15.0,9.0,1,410.32,55.206,0,High Engagement,0
CUST_00479,11.0,11.0,1,508.02,58.003499999999995,0,High Engagement,0
CUST_00480,34.0,8.0,1,558.8,64.7295,0,High Engagement,1
CUST_00481,4.0,8.0,1,166.69,27.027500000000003,1,Low Engagement,0
CUST_00482,11.0,7.0,1,86.96,31.179999999999996,1,Low Engagement,0
CUST_00483,7.0,11.0,1,911.25,53.1375,0,High Engagement,0
CUST_00484,11.0,13.0,1,207.48,58.49749999999999,0,High Engagement,0
CUST_00485,26.0,9.0,1,1852.09,72.18649999999998,0,High Engagement,1
CUST_00486,36.0,11.0,1,173.9,72.846,0,High Engagement,1
CUST_00487,8.0,7.0,1,217.56,29.672500000000003,1,Low Engagement,0
CUST_00488,15.0,10.0,1,42.67,50.21249999999999,0,High Engagement,0
CUST_00489,15.0,14.0,1,812.8,73.38550000000001,0,High Engagement,1
CUST_00490,1.0,9.0,1,252.57,32.0345,1,Low Engagement,0
CUST_00491,9.0,8.0,1,103.22,32.706999999999994,1,Low Engagement,0
CUST_00492,15.0,9.0,1,750.72,58.089999999999996,0,High Engagement,0
CUST_00493,32.0,11.0,1,318.0,75.15899999999999,0,High Engagement,1
CUST_00494,5.0,7.0,1,46.29,18.708,1,Low Engagement,0
CUST_00495,16.0,10.0,1,82.32,53.7465,0,High Engagement,0
CUST_00496,18.0,5.0,1,1468.56,49.045500000000004,1,Low Engagement,0
CUST_00497,28.0,8.0,1,4296.64,69.7405,0,High Engagement,1
CUST_00498,9.0,9.0,1,669.82,46.9235,1,Low Engagement,0
CUST_00499,6.0,11.0,1,524.52,49.045,1,Low Engagement,0
CUST_00500,9.0,9.0,1,96.34,37.433499999999995,1,Low Engagement,0
CUST_00501,12.0,7.0,1,3626.65,48.36899999999999,1,Low Engagement,0
CUST_00502,17.0,12.0,1,846.24,73.1015,0,High Engagement,1
CUST_00503,25.0,10.0,1,1451.32,75.62549999999999,0,High Engagement,1
CUST_00504,18.0,10.0,1,43.88,54.43549999999999,0,High Engagement,0
CUST_00505,8.0,9.0,1,266.0,40.396,1,Low Engagement,0
CUST_00506,13.0,8.0,1,1258.16,52.010999999999996,1,Low Engagement,0
CUST_00507,14.0,4.0,1,2519.4,43.285000000000004,1,Low Engagement,0
CUST_00508,16.0,7.0,1,40.43,37.2845,1,Low Engagement,0
CUST_00509,12.0,6.0,1,490.05,37.743,1,Low Engagement,0
CUST_00510,17.0,8.0,1,717.75,55.781000000000006,0,High Engagement,0
CUST_00511,10.0,11.0,1,337.35,54.1495,0,High Engagement,0
CUST_00512,28.0,9.0,1,122.1,60.657,0,High Engagement,0
CUST_00513,21.0,13.0,1,115.87,69.65249999999999,0,High Engagement,1
CUST_00514,17.0,7.0,1,4485.1,56.55,2,Medium Engagement,0
CUST_00515,11.0,2.0,1,1528.48,35.78249999999999,1,Low Engagement,0
CUST_00516,14.0,11.0,1,731.0,65.027,0,High Engagement,1
CUST_00517,9.0,10.0,1,187.45,45.245999999999995,1,Low Engagement,0
CUST_00518,23.0,6.0,1,114.26,44.1715,1,Low Engagement,0
CUST_00519,28.0,11.0,1,288.48,73.525,0,High Engagement,1
CUST_00520,24.0,5.0,1,43.96,39.1795,1,Low Engagement,0
CUST_00521,5.0,9.0,1,3800.9,45.7795,1,Low Engagement,0
CUST_00522,14.0,17.0,1,50.68,60.841499999999996,0,High Engagement,0
CUST_00523,4.0,9.0,1,961.33,40.523999999999994,1,Low Engagement,0
CUST_00524,24.0,14.0,1,77.75,71.74249999999999,0,High Engagement,1
CUST_00525,12.0,8.0,1,20211.81,54.228,2,Medium Engagement,0
CUST_00526,3.0,16.0,1,18.3,40.9295,0,High Engagement,0
CUST_00527,13.0,6.0,1,746.9,41.513999999999996,1,Low Engagement,0
CUST_00528,29.0,8.0,1,2244.24,68.82000000000001,0,High Engagement,1
CUST_00529,32.0,6.0,1,116.84,48.21349999999999,0,High Engagement,0
CUST_00530,11.0,10.0,1,55.84,44.09799999999999,1,Low Engagement,0
CUST_00531,17.0,8.0,1,108.28,46.445,1,Low Engagement,0
CUST_00532,12.0,6.0,1,844.14,40.230999999999995,1,Low Engagement,0
CUST_00533,27.0,9.0,1,47.57,56.862,0,High Engagement,0
CUST_00534,15.0,11.0,1,45.84,54.346000000000004,0,High Engagement,0
CUST_00535,9.0,8.0,1,339.98,38.615,1,Low Engagement,0
CUST_00536,18.0,6.0,1,1413.16,51.4675,1,Low Engagement,0
CUST_00537,18.0,3.0,1,602.61,43.1115,1,Low Engagement,0
CUST_00538,13.0,11.0,1,712.9,63.3035,0,High Engagement,1
CUST_00539,12.0,7.0,1,287.13,38.757,1,Low Engagement,0
CUST_00540,27.0,9.0,1,1492.32,71.934,0,High Engagement,1
CUST_00541,15.0,14.0,1,609.04,72.05749999999999,0,High Engagement,1
CUST_00542,5.0,9.0,1,284.01,36.003499999999995,1,Low Engagement,0
CUST_00543,7.0,9.0,1,602.76,42.68149999999999,1,Low Engagement,0
CUST_00544,15.0,8.0,1,6777.93,58.83350000000001,2,Medium Engagement,0
CUST_00545,13.0,8.0,1,2297.96,53.903,1,Low Engagement,0
CUST_00546,12.0,9.0,1,169.49,45.7565,1,Low Engagement,0
CUST_00547,6.0,11.0,1,100.68,40.857,1,Low Engagement,0
CUST_00548,19.0,11.0,1,68.3,60.758,0,High Engagement,0
CUST_00549,16.0,9.0,1,199.54,53.088,0,High Engagement,0
CUST_00550,14.0,5.0,1,22.56,27.035500000000003,1,Low Engagement,0
CUST_00551,5.0,8.0,1,5733.93,41.283,2,Medium Engagement,0
CUST_00552,8.0,7.0,1,10870.2,41.8125,2,Medium Engagement,0
CUST_00553,5.0,11.0,1,979.5,50.5035,1,Low Engagement,0
CUST_00554,6.0,10.0,1,292.22,42.2115,1,Low Engagement,0
CUST_00555,7.0,7.0,1,3167.16,38.682,1,Low Engagement,0
CUST_00556,6.0,7.0,1,975.42,33.5295,1,Low Engagement,0
CUST_00557,8.0,3.0,1,259.04,22.1585,1,Low Engagement,0
CUST_00558,34.0,9.0,1,492.24,69.18599999999999,0,High Engagement,1
CUST_00559,14.0,7.0,1,598.76,45.731500000000004,1,Low Engagement,0
CUST_00560,11.0,13.0,1,120.51,55.9415,0,High Engagement,0
CUST_00561,18.0,7.0,1,607.09,51.5735,1,Low Engagement,0
CUST_00562,3.0,8.0,1,2564.49,37.688500000000005,1,Low Engagement,0
CUST_00563,13.0,7.0,1,1407.18,47.803999999999995,1,Low Engagement,0
CUST_00564,19.0,8.0,1,90.82,48.1575,1,Low Engagement,0
CUST_00565,32.0,7.0,1,69.42,49.8435,0,High Engagement,0
CUST_00566,13.0,9.0,1,4364.74,60.12749999999999,2,Medium Engagement,0
CUST_00567,9.0,6.0,1,227.16,28.148,1,Low Engagement,0
CUST_00568,6.0,7.0,1,6334.71,38.0655,2,Medium Engagement,0
CUST_00569,13.0,8.0,1,646.84,49.163000000000004,1,Low Engagement,0
CUST_00570,9.0,10.0,1,36.79,39.294,1,Low Engagement,0
CUST_00571,10.0,10.0,1,58.58,42.38399999999999,1,Low Engagement,0
CUST_00572,14.0,10.0,1,224.5,55.16949999999999,0,High Engagement,0
CUST_00573,9.0,9.0,1,2581.0,51.7195,1,Low Engagement,0
CUST_00574,5.0,9.0,1,1044.0,42.1755,1,Low Engagement,0
CUST_00575,15.0,5.0,1,691.64,41.74249999999999,1,Low Engagement,0
CUST_00576,8.0,12.0,1,260.91,51.896,0,High Engagement,0
CUST_00577,20.0,11.0,1,154.92,65.182,0,High Engagement,1
CUST_00578,7.0,13.0,1,124.84,48.585499999999996,0,High Engagement,0
CUST_00579,24.0,7.0,1,267.15,52.8075,0,High Engagement,0
CUST_00580,9.0,14.0,1,4713.66,67.715,2,Medium Engagement,0
CUST_00581,30.0,9.0,1,3528.37,75.08749999999999,0,High Engagement,1
CUST_00582,5.0,5.0,1,107.96,15.248000000000001,1,Low Engagement,0
CUST_00583,23.0,5.0,1,962.37,51.9455,1,Low Engagement,0
CUST_00584,8.0,9.0,1,85.3,35.096,1,Low Engagement,0
CUST_00585,4.0,9.0,1,540.56,37.932,1,Low Engagement,0
CUST_00586,7.0,12.0,1,1597.0,58.2975,0,High Engagement,0
CUST_00587,30.0,11.0,1,923.93,79.7155,0,High Engagement,1
CUST_00588,10.0,12.0,1,301.86,56.5695,0,High Engagement,0
CUST_00589,16.0,13.0,1,9046.59,79.178,2,Medium Engagement,0
CUST_00590,10.0,9.0,1,680.35,48.921499999999995,1,Low Engagement,0
CUST_00591,13.0,13.0,1,915.15,69.4055,0,High Engagement,1
CUST_00592,10.0,9.0,1,146.92,41.3215,1,Low Engagement,0
CUST_00593,8.0,8.0,1,212.57,34.2315,1,Low Engagement,0
CUST_00594,17.0,10.0,1,354.06,62.05199999999999,0,High Engagement,1
CUST_00595,4.0,9.0,1,269.47,34.419999999999995,1,Low Engagement,0
CUST_00596,6.0,16.0,1,272.1,53.2575,0,High Engagement,0
CUST_00597,18.0,15.0,1,147.49,69.85249999999999,0,High Engagement,1
CUST_00598,12.0,8.0,1,881.44,48.803999999999995,1,Low Engagement,0
CUST_00599,21.0,8.0,1,1777.59,63.51199999999999,0,High Engagement,1
CUST_00600,4.0,14.0,1,139.36,46.0715,0,High Engagement,0
CUST_00601,33.0,8.0,1,952.19,66.925,0,High Engagement,1
CUST_00602,18.0,16.0,1,12592.15,84.40950000000001,2,Medium Engagement,0
CUST_00603,33.0,8.0,1,301.0,61.485,0,High Engagement,1
CUST_00604,22.0,11.0,1,648.31,73.9055,0,High Engagement,1
CUST_00605,10.0,11.0,1,416.76,55.2095,0,High Engagement,0
CUST_00606,20.0,10.0,1,768.42,69.13649999999998,0,High Engagement,1
CUST_00607,29.0,6.0,1,197.56,49.883,0,High Engagement,0
CUST_00608,16.0,12.0,1,1119.96,72.904,0,High Engagement,1
CUST_00609,18.0,5.0,1,1760.08,49.6015,1,Low Engagement,0
CUST_00610,7.0,10.0,1,99.44,38.452,1,Low Engagement,0
CUST_00611,18.0,8.0,1,150.49,49.280499999999996,1,Low Engagement,0
CUST_00612,13.0,3.0,1,96.64,26.785999999999998,1,Low Engagement,0
CUST_00613,10.0,10.0,1,469.7,51.824000000000005,1,Low Engagement,0
CUST_00614,24.0,13.0,1,193.69,74.517,0,High Engagement,1
CUST_00615,4.0,5.0,1,364.34,20.0405,1,Low Engagement,0
CUST_00616,17.0,5.0,1,1621.2,48.12200000000001,1,Low Engagement,0
CUST_00617,20.0,7.0,1,2109.7,58.438500000000005,0,High Engagement,0
CUST_00618,12.0,11.0,1,1299.75,64.00049999999999,0,High Engagement,1
CUST_00619,31.0,13.0,1,1239.23,86.1865,0,High Engagement,1
CUST_00620,13.0,13.0,1,631.0,67.7495,0,High Engagement,1
CUST_00621,7.0,12.0,1,992.46,56.4935,0,High Engagement,0
CUST_00622,7.0,9.0,1,863.05,44.281499999999994,1,Low Engagement,0
CUST_00623,13.0,6.0,1,351.37,37.866,1,Low Engagement,0
CUST_00624,6.0,7.0,1,84.04,21.9255,1,Low Engagement,0
CUST_00625,36.0,14.0,1,100.18,76.5075,0,High Engagement,1
CUST_00626,10.0,3.0,1,46.78,18.976,1,Low Engagement,0
CUST_00627,28.0,14.0,1,145.42,76.3205,0,High Engagement,1
CUST_00628,25.0,6.0,1,1833.55,58.2895,0,High Engagement,0
CUST_00629,16.0,9.0,1,999.24,60.864,0,High Engagement,0
CUST_00630,12.0,13.0,1,93.68,56.6545,0,High Engagement,0
CUST_00631,13.0,11.0,1,458.18,61.1075,0,High Engagement,0
CUST_00632,22.0,5.0,1,297.61,45.562,1,Low Engagement,0
CUST_00633,15.0,6.0,1,266.6,39.6005,1,Low Engagement,0
CUST_00634,24.0,10.0,1,87.38,61.945499999999996,0,High Engagement,1
CUST_00635,8.0,16.0,1,1116.22,63.348499999999994,0,High Engagement,1
CUST_00636,16.0,6.0,1,49.43,34.0785,1,Low Engagement,0
CUST_00637,10.0,12.0,1,506.32,59.113499999999995,0,High Engagement,0
CUST_00638,9.0,9.0,1,27.7,34.147499999999994,1,Low Engagement,0
CUST_00639,10.0,7.0,1,656.45,39.062,1,Low Engagement,0
CUST_00640,19.0,9.0,1,1066.04,64.90599999999999,0,High Engagement,1
CUST_00641,17.0,9.0,1,569.2,59.6575,0,High Engagement,0
CUST_00642,2.0,10.0,1,16214.2,48.59,2,Medium Engagement,0
CUST_00643,31.0,5.0,1,1209.12,56.489,0,High Engagement,0
CUST_00644,16.0,9.0,1,599.44,58.56399999999999,0,High Engagement,0
CUST_00645,8.0,10.0,1,574.78,48.9265,1,Low Engagement,0
CUST_00646,21.0,9.0,1,1622.12,68.2405,0,High Engagement,1
CUST_00647,25.0,9.0,1,562.2,66.855,0,High Engagement,1
CUST_00648,14.0,10.0,1,240.48,55.58149999999999,0,High Engagement,0
CUST_00649,13.0,11.0,1,826.23,63.9515,0,High Engagement,1
CUST_00650,10.0,5.0,1,374.74,30.134,1,Low Engagement,0
CUST_00651,19.0,7.0,1,531.79,52.0865,1,Low Engagement,0
CUST_00652,18.0,11.0,1,423.08,68.077,0,High Engagement,1
CUST_00653,22.0,10.0,1,920.19,71.56,0,High Engagement,1
CUST_00654,20.0,7.0,1,762.12,54.710499999999996,0,High Engagement,0
CUST_00655,17.0,8.0,1,412.0,53.125,0,High Engagement,0
CUST_00656,15.0,8.0,1,28.6,39.8175,1,Low Engagement,0
CUST_00657,16.0,11.0,1,4740.2,73.604,2,Medium Engagement,0
CUST_00658,22.0,10.0,1,107.92,61.136,0,High Engagement,0
CUST_00659,21.0,11.0,1,148.56,65.75649999999999,0,High Engagement,1
CUST_00660,13.0,4.0,1,114.0,28.1775,1,Low Engagement,0
CUST_00661,11.0,5.0,1,697.96,34.959999999999994,1,Low Engagement,0
CUST_00662,33.0,9.0,1,1043.68,72.3655,0,High Engagement,1
CUST_00663,5.0,7.0,1,300.82,26.6,1,Low Engagement,0
CUST_00664,9.0,8.0,1,369.47,39.022999999999996,1,Low Engagement,0
CUST_00665,15.0,7.0,1,212.76,42.1125,1,Low Engagement,0
CUST_00666,27.0,9.0,1,375.36,65.814,0,High Engagement,1
CUST_00667,24.0,9.0,1,87.59,57.26699999999999,0,High Engagement,0
CUST_00668,14.0,11.0,1,226.36,59.163,0,High Engagement,0
CUST_00669,5.0,7.0,1,265.34,25.892,1,Low Engagement,0
CUST_00670,10.0,10.0,1,126.72,45.388,1,Low Engagement,0
CUST_00671,16.0,7.0,1,1293.15,52.180499999999995,1,Low Engagement,0
CUST_00672,19.0,10.0,1,142.39,59.8405,0,High Engagement,0
CUST_00673,26.0,9.0,1,1235.45,70.76249999999999,0,High Engagement,1
CUST_00674,13.0,8.0,1,2916.24,54.415,1,Low Engagement,0
CUST_00675,6.0,10.0,1,2439.48,50.895500000000006,1,Low Engagement,0
CUST_00676,5.0,8.0,1,1702.95,38.943000000000005,1,Low Engagement,0
CUST_00677,12.0,6.0,1,4674.4,45.043,2,Medium Engagement,0
CUST_00678,21.0,11.0,1,362.94,70.2805,0,High Engagement,1
CUST_00679,13.0,8.0,1,216.03,43.699,1,Low Engagement,0
CUST_00680,4.0,11.0,1,371.48,44.716,1,Low Engagement,0
CUST_00681,11.0,9.0,1,286.05,46.555499999999995,1,Low Engagement,0
CUST_00682,25.0,4.0,1,208.35,44.437,1,Low Engagement,0
CUST_00683,3.0,12.0,1,728.98,49.921,1,Low Engagement,0
CUST_00684,11.0,8.0,1,152.36,38.370999999999995,1,Low Engagement,0
CUST_00685,24.0,4.0,1,524.8,48.489,1,Low Engagement,0
CUST_00686,8.0,7.0,1,145.58,27.7005,1,Low Engagement,0
CUST_00687,14.0,12.0,1,54.07,56.187,0,High Engagement,0
CUST_00688,20.0,7.0,1,230.67,48.778499999999994,1,Low Engagement,0
CUST_00689,38.0,8.0,1,409.84,63.775499999999994,0,High Engagement,1
CUST_00690,21.0,10.0,1,3778.05,74.89099999999999,0,High Engagement,1
CUST_00691,6.0,12.0,1,584.55,52.49699999999999,0,High Engagement,0
CUST_00692,28.0,6.0,1,382.51,52.959500000000006,0,High Engagement,0
CUST_00693,15.0,14.0,1,914.24,73.8455,0,High Engagement,1
CUST_00694,6.0,9.0,1,161.82,34.526999999999994,1,Low Engagement,0
CUST_00695,3.0,11.0,1,94.57,37.013,1,Low Engagement,0
CUST_00696,5.0,7.0,1,178.05,23.932,1,Low Engagement,0
CUST_00697,9.0,8.0,1,1499.61,45.275,1,Low Engagement,0
CUST_00698,13.0,4.0,1,197.1,30.8415,1,Low Engagement,0
CUST_00699,15.0,11.0,1,223.0,60.64999999999999,0,High Engagement,0
CUST_00700,20.0,9.0,1,27.62,51.00799999999999,0,High Engagement,0
CUST_00701,5.0,7.0,1,1881.12,34.568,1,Low Engagement,0
CUST_00702,8.0,8.0,1,6832.65,46.2875,2,Medium Engagement,0
CUST_00703,14.0,7.0,1,354.73,43.1915,1,Low Engagement,0
CUST_00704,13.0,9.0,1,733.14,54.8195,0,High Engagement,0
CUST_00705,16.0,9.0,1,164.06,52.10399999999999,0,High Engagement,0
CUST_00706,11.0,8.0,1,90.99,36.026999999999994,1,Low Engagement,0
CUST_00707,23.0,9.0,1,246.8,61.324999999999996,0,High Engagement,1
CUST_00708,18.0,15.0,1,12621.72,83.94449999999999,2,Medium Engagement,0
CUST_00709,18.0,14.0,1,523.96,75.4685,0,High Engagement,1
CUST_00710,5.0,7.0,1,1052.64,32.532,1,Low Engagement,0
CUST_00711,25.0,11.0,1,67.76,65.595,0,High Engagement,1
CUST_00712,26.0,8.0,1,665.62,63.141999999999996,0,High Engagement,1
CUST_00713,5.0,16.0,1,225.05,50.876,0,High Engagement,0
CUST_00714,36.0,7.0,1,300.8,57.3225,0,High Engagement,0
CUST_00715,15.0,10.0,1,301.06,58.32849999999999,0,High Engagement,0
CUST_00716,9.0,7.0,1,1823.45,41.176,1,Low Engagement,0
CUST_00717,9.0,6.0,1,33.56,21.082,1,Low Engagement,0
CUST_00718,4.0,5.0,1,617.72,22.6605,1,Low Engagement,0
CUST_00719,28.0,1.0,1,68.42,39.92,1,Low Engagement,0
CUST_00720,9.0,17.0,1,508.36,62.036,0,High Engagement,1
CUST_00721,10.0,7.0,1,1421.3,42.342,1,Low Engagement,0
CUST_00722,5.0,12.0,1,69.2,41.1455,1,Low Engagement,0
CUST_00723,16.0,5.0,1,1216.44,45.692499999999995,1,Low Engagement,0
CUST_00724,14.0,10.0,1,198.74,54.62149999999999,0,High Engagement,0
CUST_00725,29.0,6.0,1,187.52,49.611000000000004,0,High Engagement,0
CUST_00726,4.0,7.0,1,463.47,27.4285,1,Low Engagement,0
CUST_00727,16.0,6.0,1,351.63,42.5985,1,Low Engagement,0
CUST_00728,5.0,6.0,1,110.14,17.95,1,Low Engagement,0
CUST_00729,8.0,10.0,1,164.14,42.6865,1,Low Engagement,0
CUST_00730,14.0,10.0,1,4646.05,66.4935,2,Medium Engagement,0
CUST_00731,33.0,7.0,1,1131.36,62.966,0,High Engagement,1
CUST_00732,2.0,10.0,1,1975.72,46.122,1,Low Engagement,0
CUST_00733,3.0,9.0,1,3521.58,43.34899999999999,1,Low Engagement,0
CUST_00734,6.0,10.0,1,3970.7,51.899499999999996,1,Low Engagement,0
CUST_00735,14.0,10.0,1,117.44,52.0975,0,High Engagement,0
CUST_00736,5.0,17.0,1,6935.92,62.959999999999994,2,Medium Engagement,0
CUST_00737,3.0,9.0,1,192.18,31.668999999999997,1,Low Engagement,0
CUST_00738,17.0,8.0,1,803.0,56.309,0,High Engagement,0
CUST_00739,10.0,7.0,1,3579.67,44.638,1,Low Engagement,0
CUST_00740,25.0,10.0,1,1088.76,74.5135,0,High Engagement,1
CUST_00741,17.0,15.0,1,86.08,66.29299999999999,0,High Engagement,1
CUST_00742,17.0,10.0,1,402.0,62.696,0,High Engagement,1
CUST_00743,8.0,5.0,1,1144.9,31.3485,1,Low Engagement,0
CUST_00744,26.0,10.0,1,665.32,72.833,0,High Engagement,1
CUST_00745,6.0,8.0,1,262.15,31.900499999999997,1,Low Engagement,0
CUST_00746,11.0,7.0,1,175.92,34.36,1,Low Engagement,0
CUST_00747,14.0,5.0,1,177.04,33.4275,1,Low Engagement,0
CUST_00748,24.0,11.0,1,185.72,69.279,0,High Engagement,1
CUST_00749,5.0,14.0,1,47.2,43.367,0,High Engagement,0
CUST_00750,17.0,7.0,1,431.8,48.61000000000001,1,Low Engagement,0
CUST_00751,7.0,11.0,1,20.99,38.7295,1,Low Engagement,0
CUST_00752,11.0,8.0,1,124.96,37.479,1,Low Engagement,0
CUST_00753,24.0,7.0,1,826.98,58.33149999999999,0,High Engagement,0
CUST_00754,11.0,7.0,1,986.1,42.72,1,Low Engagement,0
CUST_00755,11.0,11.0,1,392.3,56.7515,0,High Engagement,0
CUST_00756,6.0,10.0,1,193.01,40.0355,1,Low Engagement,0
CUST_00757,6.0,15.0,1,1023.65,59.112500000000004,0,High Engagement,0
CUST_00758,18.0,6.0,1,15415.64,54.9315,2,Medium Engagement,0
CUST_00759,14.0,9.0,1,600.08,55.44699999999999,0,High Engagement,0
CUST_00760,17.0,10.0,1,2392.44,69.756,0,High Engagement,1
CUST_00761,11.0,5.0,1,289.01,30.684,1,Low Engagement,0
CUST_00762,11.0,8.0,1,518.32,44.486999999999995,1,Low Engagement,0
CUST_00763,18.0,6.0,1,753.2,48.883500000000005,1,Low Engagement,0
CUST_00764,14.0,10.0,1,657.09,60.55349999999999,0,High Engagement,0
CUST_00765,2.0,9.0,1,3925.11,42.8915,1,Low Engagement,0
CUST_00766,30.0,13.0,1,207.38,77.4495,0,High Engagement,1
CUST_00767,9.0,8.0,1,86.56,32.074999999999996,1,Low Engagement,0
CUST_00768,23.0,10.0,1,1097.89,73.1275,0,High Engagement,1
CUST_00769,23.0,11.0,1,56.59,63.637,0,High Engagement,1
CUST_00770,19.0,8.0,1,192.74,51.60549999999999,0,High Engagement,0
CUST_00771,20.0,11.0,1,273.3,67.99,0,High Engagement,1
CUST_00772,37.0,9.0,1,96.44,61.56499999999999,0,High Engagement,1
CUST_00773,3.0,12.0,1,994.7,51.273,1,Low Engagement,0
CUST_00774,17.0,10.0,1,526.11,64.02,0,High Engagement,1
CUST_00775,23.0,12.0,1,115.03,69.209,0,High Engagement,1
CUST_00776,4.0,7.0,1,3919.16,34.8725,1,Low Engagement,0
CUST_00777,20.0,5.0,1,200.28,41.8545,1,Low Engagement,0
CUST_00778,6.0,11.0,1,190.03,43.877,1,Low Engagement,0
CUST_00779,10.0,6.0,1,63.48,24.56,1,Low Engagement,0
CUST_00780,12.0,5.0,1,133.04,28.657,1,Low Engagement,0
CUST_00781,8.0,5.0,1,59.07,17.904500000000002,1,Low Engagement,0
CUST_00782,12.0,12.0,1,88.06,54.386500000000005,0,High Engagement,0
CUST_00783,15.0,8.0,1,2625.12,57.36950000000001,0,High Engagement,0
CUST_00784,5.0,10.0,1,2571.42,49.67,1,Low Engagement,0
CUST_00785,25.0,11.0,1,196.45,70.207,0,High Engagement,1
CUST_00786,16.0,12.0,1,469.17,68.952,0,High Engagement,1
CUST_00787,23.0,8.0,1,84.13,51.344500000000004,0,High Engagement,0
CUST_00788,14.0,6.0,1,1614.94,46.185500000000005,1,Low Engagement,0
CUST_00789,35.0,9.0,1,1165.37,73.1495,0,High Engagement,1
CUST_00790,24.0,6.0,1,807.24,54.55749999999999,0,High Engagement,0
CUST_00791,12.0,9.0,1,1000.09,54.340500000000006,1,Low Engagement,0
CUST_00792,8.0,9.0,1,272.94,40.558,1,Low Engagement,0
CUST_00793,8.0,10.0,1,57.68,38.442499999999995,1,Low Engagement,0
CUST_00794,8.0,7.0,1,51.91,23.7965,1,Low Engagement,0
CUST_00795,22.0,15.0,1,2293.95,85.68900000000001,0,High Engagement,1
CUST_00796,35.0,10.0,1,85.33,65.592,0,High Engagement,1
CUST_00797,14.0,12.0,1,137.06,59.711000000000006,0,High Engagement,0
CUST_00798,34.0,6.0,1,3719.21,62.7885,0,High Engagement,1
CUST_00799,12.0,10.0,1,194.34,51.090999999999994,0,High Engagement,0
CUST_00800,12.0,12.0,1,964.32,65.7645,0,High Engagement,1
CUST_00801,9.0,11.0,1,138.44,47.7355,1,Low Engagement,0
CUST_00802,9.0,8.0,1,43.43,29.935000000000002,1,Low Engagement,0
CUST_00803,4.0,7.0,1,36.29,16.9045,1,Low Engagement,0
CUST_00804,26.0,12.0,1,2392.64,84.3865,0,High Engagement,1
CUST_00805,5.0,9.0,1,63.68,29.27949999999999,1,Low Engagement,0
CUST_00806,8.0,14.0,1,928.5,61.3635,0,High Engagement,1
CUST_00807,11.0,6.0,1,808.64,38.205999999999996,1,Low Engagement,0
CUST_00808,4.0,8.0,1,173.99,27.235500000000002,1,Low Engagement,0
CUST_00809,10.0,10.0,1,178.83,46.988,1,Low Engagement,0
CUST_00810,6.0,11.0,1,1055.82,52.221000000000004,1,Low Engagement,0
CUST_00811,12.0,8.0,1,904.98,48.88399999999999,1,Low Engagement,0
CUST_00812,43.0,7.0,1,362.46,58.7615,0,High Engagement,0
CUST_00813,11.0,7.0,1,580.26,40.315999999999995,1,Low Engagement,0
CUST_00814,16.0,11.0,1,2021.85,71.956,0,High Engagement,1
CUST_00815,21.0,7.0,1,194.99,48.805,1,Low Engagement,0
CUST_00816,9.0,14.0,1,23.34,48.894999999999996,0,High Engagement,0
CUST_00817,3.0,8.0,1,152.28,25.5865,1,Low Engagement,0
CUST_00818,5.0,8.0,1,4060.65,40.891,1,Low Engagement,0
CUST_00819,14.0,10.0,1,1270.43,63.3575,0,High Engagement,1
CUST_00820,4.0,2.0,1,153.78,13.323000000000002,1,Low Engagement,0
CUST_00821,13.0,11.0,1,190.72,56.695499999999996,0,High Engagement,0
CUST_00822,15.0,7.0,1,434.45,45.7345,1,Low Engagement,0
CUST_00823,6.0,8.0,1,152.03,29.208500000000004,1,Low Engagement,0
CUST_00824,14.0,11.0,1,49.54,52.959,0,High Engagement,0
CUST_00825,10.0,14.0,1,3513.44,69.21300000000001,0,High Engagement,1
CUST_00826,17.0,6.0,1,1217.93,49.62,1,Low Engagement,0
CUST_00827,19.0,7.0,1,121.83,44.782500000000006,1,Low Engagement,0
CUST_00828,8.0,11.0,1,37.21,41.332,1,Low Engagement,0
CUST_00829,36.0,10.0,1,36.92,63.31249999999999,0,High Engagement,1
CUST_00830,4.0,12.0,1,464.6,48.727999999999994,1,Low Engagement,0
CUST_00831,7.0,7.0,1,1114.12,35.653999999999996,1,Low Engagement,0
CUST_00832,8.0,5.0,1,1400.66,32.1485,1,Low Engagement,0
CUST_00833,17.0,12.0,1,320.76,68.4615,0,High Engagement,1
CUST_00834,4.0,12.0,1,2481.99,55.228,0,High Engagement,0
CUST_00835,28.0,7.0,1,711.05,59.597500000000004,0,High Engagement,0
CUST_00836,9.0,11.0,1,288.76,51.4515,0,High Engagement,0
CUST_00837,10.0,9.0,1,294.58,44.8735,1,Low Engagement,0
CUST_00838,6.0,8.0,1,55.38,25.240499999999997,1,Low Engagement,0
CUST_00839,16.0,11.0,1,211.1,61.931999999999995,0,High Engagement,1
CUST_00840,20.0,8.0,1,103.78,49.6055,0,High Engagement,0
CUST_00841,10.0,10.0,1,279.16,49.244,1,Low Engagement,0
CUST_00842,27.0,8.0,1,1345.56,66.53750000000001,0,High Engagement,1
CUST_00843,10.0,11.0,1,51.92,45.9995,1,Low Engagement,0
CUST_00844,11.0,8.0,1,46.8,33.910999999999994,1,Low Engagement,0
CUST_00845,9.0,5.0,1,53.77,19.592,1,Low Engagement,0
CUST_00846,17.0,6.0,1,2750.2,52.019999999999996,1,Low Engagement,0
CUST_00847,13.0,7.0,1,2652.26,49.52799999999999,1,Low Engagement,0
CUST_00848,9.0,5.0,1,195.28,24.854,1,Low Engagement,0
CUST_00849,14.0,14.0,1,96.3,61.4025,0,High Engagement,1
CUST_00850,18.0,10.0,1,136.84,58.5195,0,High Engagement,0
CUST_00851,15.0,10.0,1,46.82,50.4525,0,High Engagement,0
CUST_00852,9.0,7.0,1,60.64,26.168000000000003,1,Low Engagement,0
CUST_00853,15.0,9.0,1,184.47,51.105999999999995,1,Low Engagement,0
CUST_00854,7.0,7.0,1,51.92,21.972,1,Low Engagement,0
CUST_00855,10.0,8.0,1,5338.88,49.881,2,Medium Engagement,0
CUST_00856,8.0,10.0,1,141.06,41.954499999999996,1,Low Engagement,0
CUST_00857,12.0,11.0,1,36.78,48.87649999999999,0,High Engagement,0
CUST_00858,18.0,5.0,1,3998.54,51.42150000000001,1,Low Engagement,0
CUST_00859,34.0,12.0,1,738.85,82.69,0,High Engagement,1
CUST_00860,26.0,8.0,1,620.04,62.849999999999994,0,High Engagement,1
CUST_00861,36.0,9.0,1,668.58,70.91799999999999,0,High Engagement,1
CUST_00862,22.0,10.0,1,363.5,67.192,0,High Engagement,1
CUST_00863,28.0,10.0,1,166.56,66.7815,0,High Engagement,1
CUST_00864,1.0,10.0,1,329.47,38.113,1,Low Engagement,0
CUST_00865,43.0,9.0,1,3299.51,76.725,0,High Engagement,1
CUST_00866,12.0,4.0,1,74.72,24.734499999999997,1,Low Engagement,0
CUST_00867,43.0,8.0,1,678.46,66.4765,0,High Engagement,1
CUST_00868,33.0,9.0,1,542.96,69.4215,0,High Engagement,1
CUST_00869,14.0,11.0,1,726.3,64.98700000000001,0,High Engagement,1
CUST_00870,3.0,9.0,1,3539.43,43.369,1,Low Engagement,0
CUST_00871,22.0,13.0,1,448.51,77.1335,0,High Engagement,1
CUST_00872,1.0,8.0,1,333.41,28.482000000000003,1,Low Engagement,0
CUST_00873,20.0,7.0,1,1503.54,57.47449999999999,0,High Engagement,0
CUST_00874,4.0,17.0,1,1916.92,59.47649999999999,0,High Engagement,0
CUST_00875,13.0,8.0,1,319.55,45.759,1,Low Engagement,0
CUST_00876,21.0,9.0,1,114.7,55.9445,0,High Engagement,0
CUST_00877,19.0,10.0,1,147.94,60.0005,0,High Engagement,0
CUST_00878,20.0,9.0,1,1348.8,66.75399999999999,0,High Engagement,1
CUST_00879,20.0,8.0,1,154.68,51.5455,0,High Engagement,0
CUST_00880,22.0,7.0,1,301.9,51.894,0,High Engagement,0
CUST_00881,9.0,11.0,1,175.53,48.883500000000005,1,Low Engagement,0
CUST_00882,26.0,10.0,1,452.43,70.913,0,High Engagement,1
CUST_00883,7.0,11.0,1,695.39,51.9535,1,Low Engagement,0
CUST_00884,26.0,4.0,1,77.88,40.5285,1,Low Engagement,0
CUST_00885,19.0,8.0,1,666.91,57.8015,0,High Engagement,0
CUST_00886,14.0,7.0,1,378.4,43.5475,1,Low Engagement,0
CUST_00887,8.0,6.0,1,3574.3,37.070499999999996,1,Low Engagement,0
CUST_00888,5.0,11.0,1,6347.18,55.023500000000006,2,Medium Engagement,0
CUST_00889,8.0,11.0,1,159.38,46.512,1,Low Engagement,0
CUST_00890,8.0,7.0,1,1367.56,38.3085,1,Low Engagement,0
CUST_00891,22.0,8.0,1,146.94,52.92099999999999,0,High Engagement,0
CUST_00892,5.0,11.0,1,1528.16,52.2355,1,Low Engagement,0
CUST_00893,16.0,11.0,1,203.68,61.812,0,High Engagement,1
CUST_00894,17.0,13.0,1,220.66,68.5515,0,High Engagement,1
CUST_00895,5.0,5.0,1,1248.86,26.888,1,Low Engagement,0
CUST_00896,21.0,9.0,1,2711.08,69.55649999999999,0,High Engagement,1
CUST_00897,16.0,10.0,1,359.98,60.762499999999996,0,High Engagement,0
CUST_00898,26.0,12.0,1,53.55,68.3625,0,High Engagement,1
CUST_00899,23.0,11.0,1,661.76,74.845,0,High Engagement,1
CUST_00900,16.0,8.0,1,130.11,46.027499999999996,1,Low Engagement,0
CUST_00901,8.0,8.0,1,60.36,28.903499999999998,1,Low Engagement,0
CUST_00902,8.0,9.0,1,315.48,41.32,1,Low Engagement,0
CUST_00903,6.0,9.0,1,809.2,42.445,1,Low Engagement,0
CUST_00904,7.0,9.0,1,246.75,38.189499999999995,1,Low Engagement,0
CUST_00905,18.0,8.0,1,4132.45,62.404500000000006,0,High Engagement,1
CUST_00906,14.0,5.0,1,14978.5,46.6395,2,Medium Engagement,0
CUST_00907,4.0,13.0,1,541.25,51.59,0,High Engagement,0
CUST_00908,18.0,7.0,1,959.12,53.5795,1,Low Engagement,0
CUST_00909,24.0,8.0,1,275.94,57.674499999999995,0,High Engagement,0
CUST_00910,25.0,5.0,1,1842.36,55.7515,0,High Engagement,0
CUST_00911,4.0,10.0,1,1041.34,45.5705,1,Low Engagement,0
CUST_00912,24.0,10.0,1,252.81,66.90549999999999,0,High Engagement,1
CUST_00913,18.0,8.0,1,51.37,45.164500000000004,1,Low Engagement,0
CUST_00914,10.0,13.0,1,204.53,56.62349999999999,0,High Engagement,0
CUST_00915,31.0,9.0,1,280.83,65.6605,0,High Engagement,1
CUST_00916,8.0,12.0,1,608.25,56.15599999999999,0,High Engagement,0
CUST_00917,1.0,14.0,1,27.31,39.013999999999996,1,Low Engagement,0
CUST_00918,10.0,11.0,1,257.75,52.7335,0,High Engagement,0
CUST_00919,9.0,11.0,1,114.01,46.7875,1,Low Engagement,0
CUST_00920,17.0,7.0,1,195.66,44.646,1,Low Engagement,0
CUST_00921,19.0,7.0,1,1347.9,56.1025,0,High Engagement,0
CUST_00922,19.0,9.0,1,530.88,61.766,0,High Engagement,1
CUST_00923,14.0,8.0,1,111.94,42.13849999999999,1,Low Engagement,0
CUST_00924,14.0,8.0,1,254.52,46.1585,1,Low Engagement,0
CUST_00925,30.0,11.0,1,252.36,73.4275,0,High Engagement,1
CUST_00926,3.0,14.0,1,276.82,48.4885,0,High Engagement,0
CUST_00927,20.0,10.0,1,764.79,69.1065,0,High Engagement,1
CUST_00928,15.0,12.0,1,41.11,57.025999999999996,0,High Engagement,0
CUST_00929,10.0,14.0,1,3280.95,69.07300000000001,0,High Engagement,1
CUST_00930,12.0,10.0,1,863.87,58.39099999999999,0,High Engagement,0
CUST_00931,15.0,7.0,1,800.82,48.6945,1,Low Engagement,0
CUST_00932,7.0,9.0,1,3016.33,48.2495,1,Low Engagement,0
CUST_00933,18.0,7.0,1,1858.33,56.0175,0,High Engagement,0
CUST_00934,19.0,6.0,1,550.55,48.5325,1,Low Engagement,0
CUST_00935,20.0,7.0,1,1123.34,56.31849999999999,0,High Engagement,0
CUST_00936,27.0,9.0,1,159.45,61.514,0,High Engagement,1
CUST_00937,7.0,10.0,1,342.42,44.57599999999999,1,Low Engagement,0
CUST_00938,9.0,9.0,1,727.5,47.31949999999999,1,Low Engagement,0
CUST_00939,5.0,7.0,1,33.26,18.02,1,Low Engagement,0
CUST_00940,15.0,12.0,1,235.17,63.913999999999994,0,High Engagement,1
CUST_00941,11.0,8.0,1,2215.08,50.154999999999994,1,Low Engagement,0
CUST_00942,24.0,7.0,1,76.04,47.0295,1,Low Engagement,0
CUST_00943,32.0,6.0,1,10287.25,63.2815,2,Medium Engagement,0
CUST_00944,29.0,7.0,1,788.7,60.413,0,High Engagement,0
CUST_00945,15.0,8.0,1,3332.45,57.8495,0,High Engagement,0
CUST_00946,41.0,10.0,1,146.06,68.44999999999999,0,High Engagement,1
CUST_00947,17.0,11.0,1,840.56,70.09349999999999,0,High Engagement,1
CUST_00948,7.0,8.0,1,69.2,27.499000000000002,1,Low Engagement,0
CUST_00949,7.0,10.0,1,1043.27,49.8,1,Low Engagement,0
CUST_00950,16.0,8.0,1,1157.6,56.423500000000004,0,High Engagement,0
CUST_00951,20.0,9.0,1,36.81,51.478,0,High Engagement,0
CUST_00952,7.0,5.0,1,71.67,16.702,1,Low Engagement,0
CUST_00953,12.0,9.0,1,187.73,46.216499999999996,1,Low Engagement,0
CUST_00954,2.0,5.0,1,114.84,12.644,1,Low Engagement,0
CUST_00955,3.0,6.0,1,33.9,12.0995,1,Low Engagement,0
CUST_00956,6.0,9.0,1,720.91,41.916999999999994,1,Low Engagement,0
CUST_00957,12.0,10.0,1,487.57,55.775,0,High Engagement,0
CUST_00958,15.0,10.0,1,9387.22,68.6845,2,Medium Engagement,0
CUST_00959,10.0,5.0,1,6033.9,39.07,2,Medium Engagement,0
CUST_00960,9.0,10.0,1,5920.38,57.726,2,Medium Engagement,0
CUST_00961,17.0,13.0,1,3081.15,79.25949999999999,0,High Engagement,1
CUST_00962,14.0,7.0,1,85.69,36.4035,1,Low Engagement,0
CUST_00963,12.0,10.0,1,75.36,46.88699999999999,1,Low Engagement,0
CUST_00964,6.0,8.0,1,1629.35,40.176500000000004,1,Low Engagement,0
CUST_00965,13.0,8.0,1,182.72,42.875,1,Low Engagement,0
CUST_00966,9.0,4.0,1,3373.92,34.8575,1,Low Engagement,0
CUST_00967,4.0,7.0,1,29.38,16.5565,1,Low Engagement,0
CUST_00968,18.0,11.0,1,1740.39,74.12100000000001,0,High Engagement,1
CUST_00969,23.0,9.0,1,303.54,62.425,0,High Engagement,1
CUST_00970,9.0,5.0,1,37.14,18.703999999999997,1,Low Engagement,0
CUST_00971,13.0,11.0,1,55.46,51.6835,0,High Engagement,0
CUST_00972,6.0,8.0,1,1018.83,38.4005,1,Low Engagement,0
CUST_00973,7.0,12.0,1,672.38,54.75749999999999,0,High Engagement,0
CUST_00974,12.0,9.0,1,55.11,41.244499999999995,1,Low Engagement,0
CUST_00975,22.0,10.0,1,340.5,66.86800000000001,0,High Engagement,1
CUST_00976,18.0,8.0,1,578.08,55.9605,0,High Engagement,0
CUST_00977,13.0,12.0,1,286.76,61.83149999999999,0,High Engagement,1
CUST_00978,9.0,5.0,1,694.28,31.156,1,Low Engagement,0
CUST_00979,7.0,12.0,1,57.7,43.521499999999996,1,Low Engagement,0
CUST_00980,7.0,9.0,1,769.04,43.82149999999999,1,Low Engagement,0
CUST_00981,6.0,11.0,1,160.25,43.113,1,Low Engagement,0
CUST_00982,26.0,6.0,1,460.57,52.95699999999999,0,High Engagement,0
CUST_00983,5.0,9.0,1,74.07,29.7755,1,Low Engagement,0
CUST_00984,13.0,12.0,1,831.3,66.9395,0,High Engagement,1
CUST_00985,32.0,10.0,1,164.12,67.86149999999999,0,High Engagement,1
CUST_00986,10.0,8.0,1,691.08,43.989,1,Low Engagement,0
CUST_00987,29.0,9.0,1,217.67,63.72449999999999,0,High Engagement,1
CUST_00988,15.0,10.0,1,314.36,58.540499999999994,0,High Engagement,0
CUST_00989,21.0,7.0,1,300.52,51.020999999999994,1,Low Engagement,0
CUST_00990,6.0,10.0,1,146.87,38.6995,1,Low Engagement,0
CUST_00991,14.0,11.0,1,203.19,58.659000000000006,0,High Engagement,0
CUST_00992,10.0,12.0,1,74.88,50.073499999999996,0,High Engagement,0
CUST_00993,7.0,11.0,1,466.69,50.017500000000005,1,Low Engagement,0
CUST_00994,12.0,8.0,1,140.64,39.818,1,Low Engagement,0
CUST_00995,20.0,3.0,1,372.39,42.8565,1,Low Engagement,0
CUST_00996,15.0,10.0,1,302.64,58.3525,0,High Engagement,0
CUST_00997,3.0,9.0,1,3355.4,43.260999999999996,1,Low Engagement,0
CUST_00998,7.0,10.0,1,1139.43,50.12,1,Low Engagement,0
CUST_00999,3.0,7.0,1,3699.93,33.765499999999996,1,Low Engagement,0
CUST_01000,17.0,6.0,1,1375.34,50.132,1,Low Engagement,0
CUST_01001,31.0,7.0,1,121.5,51.857,0,High Engagement,0
CUST_01002,13.0,7.0,1,868.84,45.843999999999994,1,Low Engagement,0
CUST_01003,5.0,9.0,1,35.85,27.839499999999994,1,Low Engagement,0
CUST_01004,4.0,7.0,1,724.77,29.6325,1,Low Engagement,0
CUST_01005,31.0,5.0,1,760.1,54.589,0,High Engagement,0
CUST_01006,6.0,13.0,1,6009.26,61.343,2,Medium Engagement,0
CUST_01007,8.0,7.0,1,84.15,25.3645,1,Low Engagement,0
CUST_01008,14.0,7.0,1,2073.58,50.5715,1,Low Engagement,0
CUST_01009,7.0,11.0,1,1009.11,53.593500000000006,0,High Engagement,0
CUST_01010,10.0,14.0,1,101.54,54.49699999999999,0,High Engagement,0
CUST_01011,17.0,8.0,1,343.43,52.20100000000001,1,Low Engagement,0
CUST_01012,15.0,8.0,1,284.56,48.3575,1,Low Engagement,0
CUST_01013,14.0,11.0,1,48.42,52.879,0,High Engagement,0
CUST_01014,12.0,7.0,1,626.04,42.577,1,Low Engagement,0
CUST_01015,14.0,17.0,1,73.17,61.939499999999995,0,High Engagement,1
CUST_01016,23.0,8.0,1,217.38,55.644499999999994,0,High Engagement,0
CUST_01017,6.0,5.0,1,96.73,16.153499999999998,1,Low Engagement,0
CUST_01018,18.0,13.0,1,710.8,75.627,0,High Engagement,1
CUST_01019,18.0,7.0,1,380.35,49.3055,1,Low Engagement,0
CUST_01020,5.0,16.0,1,24.73,43.456,0,High Engagement,0
CUST_01021,23.0,10.0,1,106.82,61.907500000000006,0,High Engagement,1
CUST_01022,9.0,11.0,1,51.57,44.035500000000006,1,Low Engagement,0
CUST_01023,9.0,6.0,1,214.8,27.866000000000003,1,Low Engagement,0
CUST_01024,9.0,8.0,1,60.94,30.871,1,Low Engagement,0
CUST_01025,33.0,8.0,1,691.96,65.52900000000001,0,High Engagement,1
CUST_01026,12.0,11.0,1,713.01,61.5085,0,High Engagement,1
CUST_01027,10.0,5.0,1,26.52,20.122,1,Low Engagement,0
CUST_01028,13.0,10.0,1,6430.64,65.282,2,Medium Engagement,0
CUST_01029,12.0,7.0,1,1606.29,46.441,1,Low Engagement,0
CUST_01030,11.0,6.0,1,2054.44,41.602,1,Low Engagement,0
CUST_01031,10.0,4.0,1,3150.75,36.6475,1,Low Engagement,0
CUST_01032,29.0,10.0,1,510.88,72.751,0,High Engagement,1
CUST_01033,11.0,7.0,1,127.85,32.87199999999999,1,Low Engagement,0
CUST_01034,8.0,10.0,1,19.95,36.570499999999996,1,Low Engagement,0
CUST_01035,26.0,10.0,1,711.37,73.157,0,High Engagement,1
CUST_01036,18.0,8.0,1,5608.35,62.76050000000001,2,Medium Engagement,0
CUST_01037,22.0,14.0,1,467.52,78.649,0,High Engagement,1
CUST_01038,8.0,9.0,1,7762.06,51.367999999999995,2,Medium Engagement,0
CUST_01039,13.0,11.0,1,53.1,51.5515,0,High Engagement,0
CUST_01040,22.0,8.0,1,720.2,60.805,0,High Engagement,0
CUST_01041,29.0,9.0,1,9548.67,75.80449999999999,2,Medium Engagement,0
CUST_01042,14.0,6.0,1,2209.32,47.0415,1,Low Engagement,0
CUST_01043,14.0,9.0,1,3145.16,61.17499999999999,0,High Engagement,1
CUST_01044,17.0,10.0,1,15762.99,71.77600000000001,2,Medium Engagement,0
CUST_01045,27.0,11.0,1,6065.15,83.39000000000001,2,Medium Engagement,0
CUST_01046,16.0,12.0,1,1369.6,73.712,0,High Engagement,1
CUST_01047,33.0,9.0,1,107.43,61.34949999999999,0,High Engagement,1
CUST_01048,17.0,10.0,1,103.05,55.92399999999999,0,High Engagement,0
CUST_01049,15.0,7.0,1,214.04,42.1425,1,Low Engagement,0
CUST_01050,13.0,9.0,1,3535.77,59.80749999999999,0,High Engagement,0
CUST_01051,13.0,9.0,1,71.55,43.839499999999994,1,Low Engagement,0
CUST_01052,25.0,9.0,1,25.37,54.823,0,High Engagement,0
CUST_01053,11.0,7.0,1,38.75,28.811999999999994,1,Low Engagement,0
CUST_01054,7.0,9.0,1,51.32,31.625499999999995,1,Low Engagement,0
CUST_01055,9.0,6.0,1,166.2,26.634,1,Low Engagement,0
CUST_01056,24.0,13.0,1,466.36,78.93299999999999,0,High Engagement,1
CUST_01057,8.0,3.0,1,56.01,15.598499999999998,1,Low Engagement,0
CUST_01058,20.0,14.0,1,152.12,71.3755,0,High Engagement,1
CUST_01059,9.0,16.0,1,2693.76,67.972,0,High Engagement,1
CUST_01060,6.0,8.0,1,115.87,27.9185,1,Low Engagement,0
CUST_01061,10.0,18.0,1,539.01,64.384,0,High Engagement,1
CUST_01062,23.0,11.0,1,566.51,74.093,0,High Engagement,1
CUST_01063,31.0,13.0,1,4424.05,89.34649999999999,0,High Engagement,1
CUST_01064,11.0,12.0,1,82.92,52.2815,0,High Engagement,0
CUST_01065,21.0,7.0,1,957.18,56.516999999999996,0,High Engagement,0
CUST_01066,9.0,14.0,1,178.02,55.266999999999996,0,High Engagement,0
CUST_01067,2.0,10.0,1,537.06,40.918,1,Low Engagement,0
CUST_01068,10.0,13.0,1,195.28,56.3855,0,High Engagement,0
CUST_01069,25.0,7.0,1,297.96,54.0435,0,High Engagement,0
CUST_01070,5.0,4.0,1,942.72,24.273500000000002,1,Low Engagement,0
CUST_01071,8.0,9.0,1,68.06,34.264,1,Low Engagement,0
CUST_01072,24.0,9.0,1,900.84,68.347,0,High Engagement,1
CUST_01073,16.0,9.0,1,87.23,49.291999999999994,1,Low Engagement,0
CUST_01074,15.0,10.0,1,1577.13,65.74849999999999,0,High Engagement,1
CUST_01075,6.0,11.0,1,2694.16,55.089,0,High Engagement,0
CUST_01076,9.0,9.0,1,1053.48,48.951499999999996,1,Low Engagement,0
CUST_01077,13.0,12.0,1,1266.37,68.6475,0,High Engagement,1
CUST_01078,18.0,9.0,1,1645.25,65.369,0,High Engagement,1
CUST_01079,41.0,7.0,1,307.38,57.867999999999995,0,High Engagement,0
CUST_01080,17.0,11.0,1,211.54,63.3135,0,High Engagement,1
CUST_01081,15.0,7.0,1,458.05,45.958499999999994,1,Low Engagement,0
CUST_01082,17.0,6.0,1,203.1,41.146,1,Low Engagement,0
CUST_01083,4.0,13.0,1,156.97,45.406,1,Low Engagement,0
CUST_01084,19.0,9.0,1,164.49,55.87799999999999,0,High Engagement,0
CUST_01085,4.0,10.0,1,570.15,42.8305,1,Low Engagement,0
CUST_01086,28.0,13.0,1,4930.1,88.603,0,High Engagement,1
CUST_01087,7.0,12.0,1,434.5,52.6335,0,High Engagement,0
CUST_01088,6.0,10.0,1,168.89,39.4195,1,Low Engagement,0
CUST_01089,5.0,7.0,1,914.12,31.880000000000003,1,Low Engagement,0
CUST_01090,15.0,9.0,1,480.21,55.95,0,High Engagement,0
CUST_01091,12.0,8.0,1,230.64,42.24,1,Low Engagement,0
CUST_01092,18.0,7.0,1,445.11,49.98950000000001,1,Low Engagement,0
CUST_01093,12.0,7.0,1,388.98,40.285,1,Low Engagement,0
CUST_01094,13.0,5.0,1,116.51,29.831999999999997,1,Low Engagement,0
CUST_01095,4.0,9.0,1,1355.18,41.928,1,Low Engagement,0
CUST_01096,19.0,11.0,1,5970.24,77.58200000000001,2,Medium Engagement,0
CUST_01097,18.0,12.0,1,4758.1,79.17699999999999,0,High Engagement,1
CUST_01098,21.0,8.0,1,123.8,51.367999999999995,0,High Engagement,0
CUST_01099,13.0,8.0,1,21.12,36.323,1,Low Engagement,0
CUST_01100,15.0,9.0,1,2356.96,62.12599999999999,0,High Engagement,1
CUST_01101,19.0,19.0,1,369.08,76.50699999999999,0,High Engagement,1
CUST_01102,19.0,13.0,1,117.54,67.94399999999999,0,High Engagement,1
CUST_01103,18.0,7.0,1,285.7,47.8495,1,Low Engagement,0
CUST_01104,21.0,8.0,1,514.1,58.39199999999999,0,High Engagement,0
CUST_01105,24.0,10.0,1,314.4,68.0595,0,High Engagement,1
CUST_01106,11.0,12.0,1,601.94,61.799499999999995,0,High Engagement,1
CUST_01107,13.0,10.0,1,335.82,55.694,0,High Engagement,0
CUST_01108,19.0,5.0,1,530.64,45.8225,1,Low Engagement,0
CUST_01109,8.0,11.0,1,31.87,41.056000000000004,1,Low Engagement,0
CUST_01110,7.0,10.0,1,101.95,38.559999999999995,1,Low Engagement,0
CUST_01111,7.0,9.0,1,1782.85,47.0535,1,Low Engagement,0
CUST_01112,9.0,4.0,1,139.88,21.7175,1,Low Engagement,0
CUST_01113,10.0,12.0,1,258.02,55.7175,0,High Engagement,0
CUST_01114,18.0,8.0,1,306.24,52.87650000000001,0,High Engagement,0
CUST_01115,13.0,7.0,1,91.53,35.03999999999999,1,Low Engagement,0
CUST_01116,35.0,9.0,1,2776.5,75.73349999999999,0,High Engagement,1
CUST_01117,38.0,12.0,1,685.02,82.81599999999999,0,High Engagement,1
CUST_01118,8.0,11.0,1,4072.65,59.316,0,High Engagement,0
CUST_01119,42.0,8.0,1,698.72,66.576,0,High Engagement,1
CUST_01120,20.0,10.0,1,114.88,59.796499999999995,0,High Engagement,0
CUST_01121,7.0,5.0,1,801.75,28.07,1,Low Engagement,0
CUST_01122,3.0,6.0,1,525.58,23.419500000000003,1,Low Engagement,0
CUST_01123,7.0,11.0,1,1867.71,55.8095,0,High Engagement,0
CUST_01124,3.0,10.0,1,124.3,34.3715,1,Low Engagement,0
CUST_01125,13.0,11.0,1,66.4,52.1935,0,High Engagement,0
CUST_01126,18.0,10.0,1,121.67,58.0075,0,High Engagement,0
CUST_01127,12.0,9.0,1,536.13,51.5285,1,Low Engagement,0
CUST_01128,9.0,7.0,1,259.05,32.51199999999999,1,Low Engagement,0
CUST_01129,7.0,6.0,1,20.44,16.706,1,Low Engagement,0
CUST_01130,27.0,10.0,1,28.58,60.5685,0,High Engagement,0
CUST_01131,10.0,5.0,1,77.76,22.694,1,Low Engagement,0
CUST_01132,24.0,6.0,1,484.43,52.153499999999994,1,Low Engagement,0
CUST_01133,4.0,8.0,1,387.08,31.311500000000002,1,Low Engagement,0
CUST_01134,32.0,8.0,1,213.36,59.4345,0,High Engagement,0
CUST_01135,15.0,9.0,1,2413.15,62.166,0,High Engagement,1
CUST_01136,9.0,11.0,1,1003.41,57.3395,0,High Engagement,0
CUST_01137,7.0,6.0,1,2592.98,34.592,1,Low Engagement,0
CUST_01138,16.0,14.0,1,2936.17,79.0875,0,High Engagement,1
CUST_01139,13.0,8.0,1,102.78,40.115,1,Low Engagement,0
CUST_01140,10.0,8.0,1,38.26,31.636999999999997,1,Low Engagement,0
CUST_01141,4.0,11.0,1,70.3,36.964,1,Low Engagement,0
CUST_01142,1.0,11.0,1,3798.56,51.0745,1,Low Engagement,0
CUST_01143,13.0,9.0,1,41.26,42.28349999999999,1,Low Engagement,0
CUST_01144,48.0,10.0,1,109.93,67.3635,0,High Engagement,1
CUST_01145,13.0,4.0,1,74.78,26.5455,1,Low Engagement,0
CUST_01146,5.0,6.0,1,23.54,13.878000000000002,1,Low Engagement,0
CUST_01147,5.0,10.0,1,193.27,38.682,1,Low Engagement,0
CUST_01148,4.0,16.0,1,33.34,42.6085,0,High Engagement,0
CUST_01149,20.0,9.0,1,376.73,61.022,0,High Engagement,0
CUST_01150,29.0,8.0,1,1874.0,68.376,0,High Engagement,1
CUST_01151,6.0,10.0,1,235.98,41.0475,1,Low Engagement,0
CUST_01152,7.0,7.0,1,73.45,23.01,1,Low Engagement,0
CUST_01153,26.0,9.0,1,160.32,61.11449999999999,0,High Engagement,0
CUST_01154,18.0,13.0,1,224.04,69.84899999999999,0,High Engagement,1
CUST_01155,4.0,5.0,1,275.55,18.624499999999998,1,Low Engagement,0
CUST_01156,19.0,9.0,1,44.28,50.91,0,High Engagement,0
CUST_01157,18.0,14.0,1,159.74,69.54050000000001,0,High Engagement,1
CUST_01158,36.0,8.0,1,692.89,66.0735,0,High Engagement,1
CUST_01159,11.0,10.0,1,974.71,57.041999999999994,0,High Engagement,0
CUST_01160,10.0,8.0,1,236.46,38.672999999999995,1,Low Engagement,0
CUST_01161,5.0,3.0,1,225.2,16.626,1,Low Engagement,0
CUST_01162,13.0,11.0,1,510.75,61.711499999999994,0,High Engagement,1
CUST_01163,9.0,9.0,1,124.84,38.701499999999996,1,Low Engagement,0
CUST_01164,17.0,9.0,1,30.28,47.8155,1,Low Engagement,0
CUST_01165,19.0,8.0,1,45.81,46.00149999999999,1,Low Engagement,0
CUST_01166,14.0,19.0,1,1141.96,74.82399999999998,0,High Engagement,1
CUST_01167,30.0,10.0,1,242.45,69.30999999999999,0,High Engagement,1
CUST_01168,9.0,12.0,1,1001.52,60.295500000000004,0,High Engagement,0
CUST_01169,9.0,6.0,1,20.67,20.482,1,Low Engagement,0
CUST_01170,26.0,9.0,1,1626.64,71.7985,0,High Engagement,1
CUST_01171,16.0,13.0,1,123.31,64.458,0,High Engagement,1
CUST_01172,12.0,16.0,1,815.95,69.649,0,High Engagement,1
CUST_01173,27.0,5.0,1,15.7,39.4545,1,Low Engagement,0
CUST_01174,12.0,10.0,1,91.46,47.611,1,Low Engagement,0
CUST_01175,9.0,8.0,1,67.35,31.159,1,Low Engagement,0
CUST_01176,11.0,7.0,1,4439.94,46.784,1,Low Engagement,0
CUST_01177,11.0,7.0,1,581.55,40.331999999999994,1,Low Engagement,0
CUST_01178,7.0,9.0,1,527.91,42.049499999999995,1,Low Engagement,0
CUST_01179,12.0,12.0,1,1093.28,66.30850000000001,0,High Engagement,1
CUST_01180,13.0,8.0,1,310.4,45.635,1,Low Engagement,0
CUST_01181,20.0,5.0,1,744.3,48.338499999999996,1,Low Engagement,0
CUST_01182,25.0,9.0,1,237.29,62.535,0,High Engagement,1
CUST_01183,26.0,11.0,1,833.1,77.78649999999999,0,High Engagement,1
CUST_01184,13.0,6.0,1,1974.33,45.162,1,Low Engagement,0
CUST_01185,8.0,10.0,1,1035.52,51.59049999999999,1,Low Engagement,0
CUST_01186,7.0,15.0,1,114.62,50.137,0,High Engagement,0
CUST_01187,8.0,13.0,1,731.86,59.07399999999999,0,High Engagement,0
CUST_01188,4.0,8.0,1,110.32,25.0715,1,Low Engagement,0
CUST_01189,8.0,8.0,1,581.36,39.2915,1,Low Engagement,0
CUST_01190,51.0,13.0,1,2275.02,89.795,0,High Engagement,1
CUST_01191,28.0,7.0,1,5306.07,65.32950000000001,2,Medium Engagement,0
CUST_01192,15.0,6.0,1,1084.06,46.28450000000001,1,Low Engagement,0
CUST_01193,11.0,12.0,1,2472.03,66.9795,0,High Engagement,1
CUST_01194,17.0,12.0,1,137.92,64.2295,0,High Engagement,1
CUST_01195,7.0,7.0,1,825.4,34.418,1,Low Engagement,0
CUST_01196,11.0,10.0,1,651.88,55.226,0,High Engagement,0
CUST_01197,3.0,8.0,1,1227.09,35.4765,1,Low Engagement,0
CUST_01198,17.0,8.0,1,95.1,45.933,1,Low Engagement,0
CUST_01199,26.0,10.0,1,360.17,69.84899999999999,0,High Engagement,1
CUST_01200,8.0,7.0,1,6321.3,41.484500000000004,2,Medium Engagement,0
CUST_01201,6.0,11.0,1,68.13,39.469,1,Low Engagement,0
CUST_01202,8.0,8.0,1,1209.77,42.4755,1,Low Engagement,0
CUST_01203,1.0,10.0,1,1057.55,43.601,1,Low Engagement,0
CUST_01204,8.0,8.0,1,725.91,40.3675,1,Low Engagement,0
CUST_01205,9.0,10.0,1,41.33,39.526,1,Low Engagement,0
CUST_01206,35.0,12.0,1,352.1,79.26950000000001,0,High Engagement,1
CUST_01207,15.0,11.0,1,886.97,67.44200000000001,0,High Engagement,1
CUST_01208,7.0,10.0,1,82.02,37.78399999999999,1,Low Engagement,0
CUST_01209,10.0,15.0,1,145.47,56.952999999999996,0,High Engagement,0
CUST_01210,9.0,11.0,1,278.76,51.227500000000006,0,High Engagement,0
CUST_01211,9.0,9.0,1,593.64,46.335499999999996,1,Low Engagement,0
CUST_01212,17.0,8.0,1,189.31,49.125,1,Low Engagement,0
CUST_01213,7.0,4.0,1,557.7,24.831500000000002,1,Low Engagement,0
CUST_01214,6.0,4.0,1,595.58,23.551,1,Low Engagement,0
CUST_01215,23.0,4.0,1,1115.27,51.051,1,Low Engagement,0
CUST_01216,15.0,7.0,1,1990.55,52.034499999999994,1,Low Engagement,0
CUST_01217,2.0,13.0,1,2258.38,55.401500000000006,0,High Engagement,0
CUST_01218,14.0,3.0,1,7437.33,44.225500000000004,2,Medium Engagement,0
CUST_01219,6.0,10.0,1,630.93,45.975500000000004,1,Low Engagement,0
CUST_01220,5.0,9.0,1,177.33,33.59949999999999,1,Low Engagement,0
CUST_01221,25.0,7.0,1,26.15,45.171499999999995,1,Low Engagement,0
CUST_01222,7.0,9.0,1,48.93,31.457499999999992,1,Low Engagement,0
CUST_01223,11.0,4.0,1,194.5,27.1175,1,Low Engagement,0
CUST_01224,13.0,9.0,1,268.35,49.841499999999996,1,Low Engagement,0
CUST_01225,26.0,10.0,1,13630.9,79.449,2,Medium Engagement,0
CUST_01226,6.0,10.0,1,200.68,40.259499999999996,1,Low Engagement,0
CUST_01227,16.0,3.0,1,42.18,28.946499999999997,1,Low Engagement,0
CUST_01228,14.0,10.0,1,408.98,58.293499999999995,0,High Engagement,0
CUST_01229,16.0,9.0,1,351.9,55.98,0,High Engagement,0
CUST_01230,15.0,14.0,1,357.04,69.4135,0,High Engagement,1
CUST_01231,11.0,9.0,1,98.83,41.287499999999994,1,Low Engagement,0
CUST_01232,13.0,4.0,1,1025.69,38.825500000000005,1,Low Engagement,0
CUST_01233,30.0,10.0,1,32.32,61.809999999999995,0,High Engagement,1
CUST_01234,16.0,11.0,1,360.41,64.708,0,High Engagement,1
CUST_01235,15.0,12.0,1,597.3,68.582,0,High Engagement,1
CUST_01236,8.0,11.0,1,26.08,40.764,1,Low Engagement,0
CUST_01237,34.0,13.0,1,151.94,76.92,0,High Engagement,1
CUST_01238,15.0,7.0,1,268.05,43.3185,1,Low Engagement,0
CUST_01239,20.0,7.0,1,2323.79,58.662499999999994,0,High Engagement,0
CUST_01240,6.0,8.0,1,1125.36,38.788500000000006,1,Low Engagement,0
CUST_01241,9.0,7.0,1,612.05,36.828,1,Low Engagement,0
CUST_01242,7.0,8.0,1,2825.3,43.120999999999995,1,Low Engagement,0
CUST_01243,18.0,7.0,1,265.55,47.4015,1,Low Engagement,0
CUST_01244,4.0,8.0,1,115.86,25.2875,1,Low Engagement,0
CUST_01245,18.0,11.0,1,180.46,63.773,0,High Engagement,1
CUST_01246,17.0,8.0,1,482.33,53.885000000000005,0,High Engagement,0
CUST_01247,3.0,13.0,1,118.78,43.07899999999999,1,Low Engagement,0
CUST_01248,17.0,12.0,1,51.34,60.5255,0,High Engagement,0
CUST_01249,10.0,10.0,1,178.71,46.98,1,Low Engagement,0
CUST_01250,35.0,11.0,1,596.62,78.84949999999999,0,High Engagement,1
CUST_01251,19.0,12.0,1,407.17,72.038,0,High Engagement,1
CUST_01252,10.0,7.0,1,267.92,34.638000000000005,1,Low Engagement,0
CUST_01253,14.0,7.0,1,206.08,40.4075,1,Low Engagement,0
CUST_01254,21.0,5.0,1,1438.0,51.90899999999999,1,Low Engagement,0
CUST_01255,4.0,4.0,1,50.79,9.953999999999999,1,Low Engagement,0
CUST_01256,12.0,19.0,1,425.12,66.9215,0,High Engagement,1
CUST_01257,21.0,5.0,1,209.6,42.893,1,Low Engagement,0
CUST_01258,11.0,6.0,1,697.11,37.513999999999996,1,Low Engagement,0
CUST_01259,17.0,3.0,1,359.39,39.312000000000005,1,Low Engagement,0
CUST_01260,12.0,7.0,1,557.95,41.992999999999995,1,Low Engagement,0
CUST_01261,3.0,11.0,1,275.34,42.157,1,Low Engagement,0
CUST_01262,18.0,12.0,1,366.29,70.349,0,High Engagement,1
CUST_01263,25.0,7.0,1,123.19,49.7155,0,High Engagement,0
CUST_01264,5.0,8.0,1,2277.01,39.707,1,Low Engagement,0
CUST_01265,14.0,10.0,1,72.04,50.1495,0,High Engagement,0
CUST_01266,6.0,14.0,1,820.7,57.4325,0,High Engagement,0
CUST_01267,6.0,8.0,1,1900.24,40.6365,1,Low Engagement,0
CUST_01268,9.0,11.0,1,1940.05,59.6835,0,High Engagement,0
CUST_01269,17.0,11.0,1,31.18,56.48949999999999,0,High Engagement,0
CUST_01270,8.0,12.0,1,1633.66,60.216,0,High Engagement,0
CUST_01271,7.0,9.0,1,84.09,33.213499999999996,1,Low Engagement,0
CUST_01272,10.0,7.0,1,266.37,34.594,1,Low Engagement,0
CUST_01273,11.0,11.0,1,36.43,46.99549999999999,1,Low Engagement,0
CUST_01274,13.0,8.0,1,324.46,45.839,1,Low Engagement,0
CUST_01275,33.0,7.0,1,268.35,56.18,0,High Engagement,0
CUST_01276,38.0,5.0,1,47.45,43.4485,0,High Engagement,0
CUST_01277,13.0,7.0,1,473.54,43.01199999999999,1,Low Engagement,0
CUST_01278,18.0,7.0,1,220.68,46.44950000000001,1,Low Engagement,0
CUST_01279,3.0,5.0,1,753.94,22.5535,1,Low Engagement,0
CUST_01280,25.0,10.0,1,3717.21,77.92549999999999,0,High Engagement,1
CUST_01281,14.0,4.0,1,609.76,38.129000000000005,1,Low Engagement,0
CUST_01282,3.0,7.0,1,180.57,21.6895,1,Low Engagement,0
CUST_01283,22.0,3.0,1,210.28,41.56799999999999,1,Low Engagement,0
CUST_01284,7.0,6.0,1,157.4,22.624,1,Low Engagement,0
CUST_01285,17.0,11.0,1,6483.16,75.3335,2,Medium Engagement,0
CUST_01286,19.0,14.0,1,2534.18,82.51750000000001,0,High Engagement,1
CUST_01287,43.0,13.0,1,230.49,79.76299999999999,0,High Engagement,1
CUST_01288,13.0,14.0,1,71.43,58.75899999999999,0,High Engagement,0
CUST_01289,16.0,7.0,1,311.8,45.692499999999995,1,Low Engagement,0
CUST_01290,14.0,12.0,1,358.31,64.515,0,High Engagement,1
CUST_01291,9.0,11.0,1,174.0,48.8575,1,Low Engagement,0
CUST_01292,24.0,9.0,1,114.3,58.327,0,High Engagement,0
CUST_01293,13.0,9.0,1,843.7,55.39949999999999,0,High Engagement,0
CUST_01294,16.0,10.0,1,316.48,60.1345,0,High Engagement,0
CUST_01295,28.0,10.0,1,1633.04,77.3235,0,High Engagement,1
CUST_01296,16.0,7.0,1,123.96,41.152499999999996,1,Low Engagement,0
CUST_01297,23.0,13.0,1,458.75,78.05899999999998,0,High Engagement,1
CUST_01298,4.0,3.0,1,172.77,14.0745,1,Low Engagement,0
CUST_01299,9.0,8.0,1,1237.58,44.507,1,Low Engagement,0
CUST_01300,22.0,11.0,1,404.9,71.68150000000001,0,High Engagement,1
CUST_01301,12.0,8.0,1,216.5,41.912,1,Low Engagement,0
CUST_01302,43.0,11.0,1,49.98,68.457,0,High Engagement,1
CUST_01303,9.0,7.0,1,554.48,36.315999999999995,1,Low Engagement,0
CUST_01304,40.0,11.0,1,65.55,69.0855,0,High Engagement,1
CUST_01305,5.0,6.0,1,365.78,23.886000000000003,1,Low Engagement,0
CUST_01306,3.0,8.0,1,599.58,32.3885,1,Low Engagement,0
CUST_01307,5.0,10.0,1,1220.46,47.43,1,Low Engagement,0
CUST_01308,24.0,8.0,1,22.15,49.0425,0,High Engagement,0
CUST_01309,4.0,4.0,1,611.25,21.102,1,Low Engagement,0
CUST_01310,6.0,6.0,1,1737.88,31.9875,1,Low Engagement,0
CUST_01311,8.0,8.0,1,1289.76,42.7315,1,Low Engagement,0
CUST_01312,31.0,8.0,1,3697.99,70.448,0,High Engagement,1
CUST_01313,19.0,10.0,1,124.71,59.296499999999995,0,High Engagement,0
CUST_01314,12.0,10.0,1,520.35,56.062999999999995,0,High Engagement,0
CUST_01315,2.0,5.0,1,68.87,10.664,1,Low Engagement,0
CUST_01316,15.0,10.0,1,3361.82,67.5885,0,High Engagement,1
CUST_01317,4.0,11.0,1,1799.52,51.483999999999995,1,Low Engagement,0
CUST_01318,16.0,7.0,1,75.88,39.0605,1,Low Engagement,0
CUST_01319,19.0,6.0,1,513.79,48.2205,1,Low Engagement,0
CUST_01320,16.0,12.0,1,157.97,63.547999999999995,0,High Engagement,1
CUST_01321,24.0,9.0,1,135.3,59.150999999999996,0,High Engagement,0
CUST_01322,8.0,11.0,1,628.34,53.32,0,High Engagement,0
CUST_01323,25.0,9.0,1,313.52,63.998999999999995,0,High Engagement,1
CUST_01324,9.0,11.0,1,168.42,48.7055,1,Low Engagement,0
CUST_01325,6.0,8.0,1,261.21,31.8845,1,Low Engagement,0
CUST_01326,9.0,9.0,1,428.18,44.723499999999994,1,Low Engagement,0
CUST_01327,13.0,6.0,1,167.26,34.122,1,Low Engagement,0
CUST_01328,5.0,6.0,1,437.65,24.726000000000003,1,Low Engagement,0
CUST_01329,12.0,8.0,1,227.05,42.156,1,Low Engagement,0
CUST_01330,16.0,10.0,1,3989.15,69.4385,0,High Engagement,1
CUST_01331,8.0,8.0,1,283.94,35.7755,1,Low Engagement,0
CUST_01332,23.0,11.0,1,770.56,75.593,0,High Engagement,1
CUST_01333,12.0,7.0,1,49.14,31.200999999999997,1,Low Engagement,0
CUST_01334,3.0,7.0,1,7133.58,34.5695,2,Medium Engagement,0
CUST_01335,11.0,11.0,1,184.64,52.8915,0,High Engagement,0
CUST_01336,4.0,3.0,1,334.9,17.4545,1,Low Engagement,0
CUST_01337,4.0,14.0,1,54.28,42.5035,1,Low Engagement,0
CUST_01338,7.0,13.0,1,2692.55,61.69949999999999,0,High Engagement,1
CUST_01339,21.0,10.0,1,1186.29,71.767,0,High Engagement,1
CUST_01340,15.0,11.0,1,474.92,64.526,0,High Engagement,1
CUST_01341,3.0,12.0,1,730.24,49.933,1,Low Engagement,0
CUST_01342,22.0,11.0,1,600.3,73.58550000000001,0,High Engagement,1
CUST_01343,29.0,9.0,1,139.06,61.540499999999994,0,High Engagement,1
CUST_01344,14.0,13.0,1,406.49,67.217,0,High Engagement,1
CUST_01345,8.0,6.0,1,1260.33,34.2785,1,Low Engagement,0
CUST_01346,10.0,9.0,1,540.9,47.8655,1,Low Engagement,0
CUST_01347,17.0,5.0,1,145.31,36.906000000000006,1,Low Engagement,0
CUST_01348,1.0,12.0,1,791.89,49.262499999999996,1,Low Engagement,0
CUST_01349,10.0,11.0,1,4802.12,63.3935,2,Medium Engagement,0
CUST_01350,4.0,6.0,1,258.29,20.8345,1,Low Engagement,0
CUST_01351,15.0,10.0,1,320.35,58.6325,0,High Engagement,0
CUST_01352,6.0,11.0,1,484.34,48.649,1,Low Engagement,0
CUST_01353,33.0,10.0,1,606.28,74.652,0,High Engagement,1
CUST_01354,17.0,10.0,1,1438.22,68.36,0,High Engagement,1
CUST_01355,16.0,11.0,1,2955.99,72.792,0,High Engagement,1
CUST_01356,11.0,6.0,1,1089.66,39.45799999999999,1,Low Engagement,0
CUST_01357,7.0,9.0,1,109.12,34.205499999999994,1,Low Engagement,0
CUST_01358,5.0,9.0,1,125.47,31.999499999999998,1,Low Engagement,0
CUST_01359,17.0,4.0,1,847.8,44.0835,1,Low Engagement,0
CUST_01360,5.0,9.0,1,99.46,30.815499999999997,1,Low Engagement,0
CUST_01361,11.0,13.0,1,250.4,59.457499999999996,0,High Engagement,0
CUST_01362,9.0,11.0,1,155.56,48.3355,1,Low Engagement,0
CUST_01363,22.0,4.0,1,2098.14,52.3655,1,Low Engagement,0
CUST_01364,19.0,9.0,1,251.11,57.958,0,High Engagement,0
CUST_01365,27.0,7.0,1,602.17,58.42850000000001,0,High Engagement,0
CUST_01366,6.0,9.0,1,283.62,37.346999999999994,1,Low Engagement,0
CUST_01367,10.0,4.0,1,296.81,27.4555,1,Low Engagement,0
CUST_01368,21.0,12.0,1,560.75,75.3585,0,High Engagement,1
CUST_01369,16.0,10.0,1,54.75,52.444500000000005,0,High Engagement,0
CUST_01370,9.0,10.0,1,507.8,50.282000000000004,1,Low Engagement,0
CUST_01371,45.0,8.0,1,1701.39,70.225,0,High Engagement,1
CUST_01372,27.0,7.0,1,103.87,49.7425,0,High Engagement,0
CUST_01373,16.0,14.0,1,50.54,62.4495,0,High Engagement,1
CUST_01374,3.0,12.0,1,77.78,39.282999999999994,1,Low Engagement,0
CUST_01375,13.0,8.0,1,3725.7,54.907,1,Low Engagement,0
CUST_01376,11.0,8.0,1,149.09,38.211,1,Low Engagement,0
CUST_01377,21.0,6.0,1,153.58,43.974999999999994,1,Low Engagement,0
CUST_01378,6.0,8.0,1,866.76,37.700500000000005,1,Low Engagement,0
CUST_01379,10.0,8.0,1,470.4,42.149,1,Low Engagement,0
CUST_01380,22.0,10.0,1,148.78,62.663999999999994,0,High Engagement,1
CUST_01381,17.0,7.0,1,124.68,42.538000000000004,1,Low Engagement,0
CUST_01382,5.0,10.0,1,259.86,40.186,1,Low Engagement,0
CUST_01383,24.0,13.0,1,223.66,75.205,0,High Engagement,1
CUST_01384,14.0,8.0,1,74.45,40.55049999999999,1,Low Engagement,0
CUST_01385,10.0,12.0,1,49.94,48.845499999999994,0,High Engagement,0
CUST_01386,27.0,8.0,1,200.93,57.621500000000005,0,High Engagement,0
CUST_01387,10.0,8.0,1,306.31,40.053,1,Low Engagement,0
CUST_01388,19.0,8.0,1,198.02,51.765499999999996,0,High Engagement,0
CUST_01389,32.0,9.0,1,140.1,62.398999999999994,0,High Engagement,1
CUST_01390,19.0,8.0,1,109.94,48.9295,1,Low Engagement,0
CUST_01391,14.0,7.0,1,1498.4,49.6235,1,Low Engagement,0
CUST_01392,16.0,7.0,1,140.92,41.6765,1,Low Engagement,0
CUST_01393,1.0,5.0,1,2673.83,25.814999999999998,1,Low Engagement,0
CUST_01394,17.0,11.0,1,280.56,64.80749999999999,0,High Engagement,1
CUST_01395,13.0,5.0,1,722.14,38.796,1,Low Engagement,0
CUST_01396,16.0,11.0,1,81.07,57.611999999999995,0,High Engagement,0
CUST_01397,5.0,12.0,1,269.38,47.2715,1,Low Engagement,0
CUST_01398,30.0,8.0,1,3459.43,70.043,0,High Engagement,1
CUST_01399,5.0,10.0,1,144.74,37.258,1,Low Engagement,0
CUST_01400,7.0,7.0,1,92.39,23.849999999999998,1,Low Engagement,0
CUST_01401,19.0,11.0,1,1846.36,75.454,0,High Engagement,1
CUST_01402,10.0,11.0,1,454.16,55.5535,0,High Engagement,0
CUST_01403,10.0,9.0,1,487.08,47.381499999999996,1,Low Engagement,0
CUST_01404,10.0,8.0,1,233.46,38.592999999999996,1,Low Engagement,0
CUST_01405,9.0,9.0,1,955.72,48.48349999999999,1,Low Engagement,0
CUST_01406,20.0,6.0,1,136.19,42.5385,1,Low Engagement,0
CUST_01407,38.0,11.0,1,271.66,75.29,0,High Engagement,1
CUST_01408,13.0,5.0,1,2209.23,42.876000000000005,1,Low Engagement,0
CUST_01409,12.0,10.0,1,371.04,54.399,0,High Engagement,0
CUST_01410,7.0,11.0,1,202.3,45.825500000000005,1,Low Engagement,0
CUST_01411,16.0,10.0,1,228.3,58.4105,0,High Engagement,0
CUST_01412,12.0,10.0,1,172.64,50.491,1,Low Engagement,0
CUST_01413,23.0,16.0,1,1066.74,84.5135,0,High Engagement,1
CUST_01414,6.0,5.0,1,119.27,17.1655,1,Low Engagement,0
CUST_01415,11.0,7.0,1,15.73,27.803999999999995,1,Low Engagement,0
CUST_01416,20.0,6.0,1,30.54,37.780499999999996,1,Low Engagement,0
CUST_01417,18.0,8.0,1,265.1,52.0645,0,High Engagement,0
CUST_01418,13.0,7.0,1,41.21,32.577999999999996,1,Low Engagement,0
CUST_01419,9.0,8.0,1,102.22,32.639,1,Low Engagement,0
CUST_01420,8.0,8.0,1,102.9,30.739499999999996,1,Low Engagement,0
CUST_01421,19.0,13.0,1,1361.17,79.484,0,High Engagement,1
CUST_01422,23.0,5.0,1,3275.64,55.6255,1,Low Engagement,0
CUST_01423,24.0,8.0,1,80.11,51.902499999999996,0,High Engagement,0
CUST_01424,11.0,12.0,1,227.36,56.89949999999999,0,High Engagement,0
CUST_01425,9.0,13.0,1,1889.26,64.6335,0,High Engagement,1
CUST_01426,16.0,8.0,1,649.88,53.9075,0,High Engagement,0
CUST_01427,12.0,9.0,1,988.2,54.3005,1,Low Engagement,0
CUST_01428,10.0,11.0,1,583.2,56.8215,0,High Engagement,0
CUST_01429,11.0,6.0,1,1964.52,41.478,1,Low Engagement,0
CUST_01430,18.0,8.0,1,74.19,46.2685,1,Low Engagement,0
CUST_01431,9.0,11.0,1,54.73,44.1995,1,Low Engagement,0
CUST_01432,9.0,7.0,1,24.69,24.323999999999998,1,Low Engagement,0
CUST_01433,12.0,6.0,1,99.94,29.830999999999996,1,Low Engagement,0
CUST_01434,7.0,13.0,1,1731.75,60.5955,0,High Engagement,0
CUST_01435,17.0,12.0,1,6291.0,78.23750000000001,2,Medium Engagement,0
CUST_01436,7.0,8.0,1,989.72,39.885000000000005,1,Low Engagement,0
CUST_01437,12.0,5.0,1,628.11,36.341,1,Low Engagement,0
CUST_01438,14.0,13.0,1,3503.98,75.02499999999999,0,High Engagement,1
CUST_01439,1.0,8.0,1,299.76,27.93,1,Low Engagement,0
CUST_01440,11.0,4.0,1,29.22,20.569499999999998,1,Low Engagement,0
CUST_01441,17.0,10.0,1,790.25,65.92,0,High Engagement,1
CUST_01442,5.0,10.0,1,67.86,34.162,1,Low Engagement,0
CUST_01443,12.0,12.0,1,2303.77,68.7125,0,High Engagement,1
CUST_01444,10.0,8.0,1,371.2,41.00899999999999,1,Low Engagement,0
CUST_01445,8.0,14.0,1,18.18,46.7595,0,High Engagement,0
CUST_01446,8.0,11.0,1,766.43,54.26,0,High Engagement,0
CUST_01447,10.0,11.0,1,51.56,45.9775,1,Low Engagement,0
CUST_01448,25.0,8.0,1,109.7,53.770499999999984,0,High Engagement,0
CUST_01449,16.0,12.0,1,292.47,66.66,0,High Engagement,1
CUST_01450,12.0,6.0,1,3630.11,44.69499999999999,1,Low Engagement,0
CUST_01451,20.0,13.0,1,3825.02,83.036,0,High Engagement,1
CUST_01452,15.0,6.0,1,124.16,35.9245,1,Low Engagement,0
CUST_01453,21.0,11.0,1,2542.78,78.0285,0,High Engagement,1
CUST_01454,9.0,10.0,1,216.61,45.961999999999996,1,Low Engagement,0
CUST_01455,11.0,5.0,1,128.13,26.635999999999992,1,Low Engagement,0
CUST_01456,27.0,6.0,1,567.28,54.42450000000001,0,High Engagement,0
CUST_01457,4.0,13.0,1,246.89,47.629999999999995,1,Low Engagement,0
CUST_01458,19.0,5.0,1,1332.14,49.8145,1,Low Engagement,0
CUST_01459,14.0,12.0,1,952.55,69.103,0,High Engagement,1
CUST_01460,10.0,11.0,1,387.74,54.88550000000001,0,High Engagement,0
CUST_01461,46.0,10.0,1,335.45,72.847,0,High Engagement,1
CUST_01462,5.0,9.0,1,1762.3,44.055499999999995,1,Low Engagement,0
CUST_01463,3.0,7.0,1,167.25,21.3495,1,Low Engagement,0
CUST_01464,18.0,10.0,1,159.16,59.2795,0,High Engagement,0
CUST_01465,5.0,13.0,1,197.25,47.7575,0,High Engagement,0
CUST_01466,16.0,12.0,1,577.2,69.95599999999999,0,High Engagement,1
CUST_01467,14.0,6.0,1,1142.85,44.8855,1,Low Engagement,0
CUST_01468,3.0,7.0,1,333.2,24.839499999999997,1,Low Engagement,0
CUST_01469,29.0,15.0,1,160.15,77.94800000000001,0,High Engagement,1
CUST_01470,8.0,6.0,1,1041.73,33.56249999999999,1,Low Engagement,0
CUST_01471,14.0,6.0,1,529.58,41.5135,1,Low Engagement,0
CUST_01472,38.0,6.0,1,1439.69,60.9865,0,High Engagement,0
CUST_01473,33.0,4.0,1,1968.83,57.1315,0,High Engagement,0
CUST_01474,36.0,8.0,1,266.75,61.3535,0,High Engagement,1
CUST_01475,15.0,9.0,1,596.12,56.97399999999999,0,High Engagement,0
CUST_01476,17.0,13.0,1,404.29,71.69149999999999,0,High Engagement,1
CUST_01477,8.0,11.0,1,214.26,47.908,1,Low Engagement,0
CUST_01478,9.0,10.0,1,108.44,42.614,1,Low Engagement,0
CUST_01479,24.0,8.0,1,845.25,63.0945,0,High Engagement,1
CUST_01480,25.0,8.0,1,3433.37,68.07849999999999,0,High Engagement,1
CUST_01481,7.0,10.0,1,33.48,35.37199999999999,1,Low Engagement,0
CUST_01482,9.0,5.0,1,842.39,32.007999999999996,1,Low Engagement,0
CUST_01483,20.0,18.0,1,340.45,77.0245,0,High Engagement,1
CUST_01484,5.0,9.0,1,996.79,41.963499999999996,1,Low Engagement,0
CUST_01485,18.0,9.0,1,141.08,53.981,0,High Engagement,0
CUST_01486,8.0,8.0,1,97.46,30.5075,1,Low Engagement,0
CUST_01487,20.0,10.0,1,3045.68,73.5885,0,High Engagement,1
CUST_01488,25.0,6.0,1,2780.35,59.27349999999999,0,High Engagement,0
CUST_01489,9.0,8.0,1,106.17,32.827,1,Low Engagement,0
CUST_01490,11.0,11.0,1,179.43,52.771499999999996,0,High Engagement,0
CUST_01491,27.0,6.0,1,350.68,52.0965,0,High Engagement,0
CUST_01492,31.0,9.0,1,183.3,63.46449999999999,0,High Engagement,1
CUST_01493,11.0,13.0,1,200.88,58.3735,0,High Engagement,0
CUST_01494,16.0,11.0,1,474.06,66.068,0,High Engagement,1
CUST_01495,8.0,6.0,1,45.4,19.760499999999997,1,Low Engagement,0
CUST_01496,6.0,13.0,1,75.51,44.846999999999994,1,Low Engagement,0
CUST_01497,8.0,16.0,1,67.64,50.3965,0,High Engagement,0
CUST_01498,14.0,14.0,1,2470.44,75.57450000000001,0,High Engagement,1
CUST_01499,11.0,7.0,1,179.31,34.449999999999996,1,Low Engagement,0
CUST_01500,5.0,7.0,1,58.16,19.308,1,Low Engagement,0
CUST_01501,2.0,13.0,1,4051.08,56.589499999999994,0,High Engagement,0
CUST_01502,6.0,8.0,1,1159.39,38.892500000000005,1,Low Engagement,0
CUST_01503,20.0,10.0,1,216.39,62.82049999999999,0,High Engagement,1
CUST_01504,21.0,11.0,1,1897.1,77.3325,0,High Engagement,1
CUST_01505,24.0,9.0,1,654.07,66.935,0,High Engagement,1
CUST_01506,15.0,9.0,1,30.23,44.88999999999999,1,Low Engagement,0
CUST_01507,37.0,11.0,1,43.56,67.699,0,High Engagement,1
CUST_01508,11.0,9.0,1,2079.0,55.003499999999995,1,Low Engagement,0
CUST_01509,13.0,7.0,1,1182.84,47.116,1,Low Engagement,0
CUST_01510,12.0,6.0,1,58.63,28.035,1,Low Engagement,0
CUST_01511,8.0,7.0,1,141.87,27.596500000000002,1,Low Engagement,0
CUST_01512,16.0,9.0,1,674.86,59.123999999999995,0,High Engagement,0
CUST_01513,3.0,11.0,1,323.22,43.001,1,Low Engagement,0
CUST_01514,19.0,6.0,1,5803.08,55.564499999999995,2,Medium Engagement,0
CUST_01515,22.0,6.0,1,3102.36,57.252,0,High Engagement,0
CUST_01516,23.0,8.0,1,453.89,59.3365,0,High Engagement,0
CUST_01517,7.0,9.0,1,959.12,44.7315,1,Low Engagement,0
CUST_01518,8.0,10.0,1,2782.36,54.622499999999995,0,High Engagement,0
CUST_01519,16.0,3.0,1,19.61,27.866499999999995,1,Low Engagement,0
CUST_01520,10.0,7.0,1,37.54,26.918,1,Low Engagement,0
CUST_01521,22.0,8.0,1,119.0,51.989,0,High Engagement,0
CUST_01522,12.0,14.0,1,1277.3,70.216,0,High Engagement,1
CUST_01523,9.0,6.0,1,42.77,21.542,1,Low Engagement,0
CUST_01524,11.0,8.0,1,511.01,44.419,1,Low Engagement,0
CUST_01525,17.0,14.0,1,178.76,68.81700000000001,0,High Engagement,1
CUST_01526,6.0,12.0,1,169.92,46.353,1,Low Engagement,0
CUST_01527,37.0,9.0,1,65.91,60.224999999999994,0,High Engagement,0
CUST_01528,22.0,8.0,1,510.29,59.172999999999995,0,High Engagement,0
CUST_01529,9.0,14.0,1,8958.5,68.27499999999999,2,Medium Engagement,0
CUST_01530,8.0,15.0,1,4879.14,66.5995,2,Medium Engagement,0
CUST_01531,7.0,11.0,1,325.34,48.2695,1,Low Engagement,0
CUST_01532,12.0,7.0,1,169.18,36.053,1,Low Engagement,0
CUST_01533,6.0,12.0,1,222.64,47.62499999999999,1,Low Engagement,0
CUST_01534,12.0,14.0,1,247.05,62.548,0,High Engagement,1
CUST_01535,11.0,6.0,1,617.64,36.982,1,Low Engagement,0
CUST_01536,5.0,10.0,1,452.51,42.937999999999995,1,Low Engagement,0
CUST_01537,10.0,6.0,1,2221.04,39.959999999999994,1,Low Engagement,0
CUST_01538,8.0,14.0,1,1851.4,63.9115,0,High Engagement,1
CUST_01539,14.0,8.0,1,1549.86,54.4345,1,Low Engagement,0
CUST_01540,5.0,14.0,1,145.64,47.541,0,High Engagement,0
CUST_01541,4.0,15.0,1,1306.92,57.4515,0,High Engagement,0
CUST_01542,10.0,12.0,1,191.72,54.1855,0,High Engagement,0
CUST_01543,13.0,8.0,1,581.44,48.679,1,Low Engagement,0
CUST_01544,11.0,9.0,1,1898.04,54.7755,1,Low Engagement,0
CUST_01545,9.0,7.0,1,59.02,26.08,1,Low Engagement,0
CUST_01546,14.0,6.0,1,745.35,43.0935,1,Low Engagement,0
CUST_01547,6.0,10.0,1,29.91,33.5835,1,Low Engagement,0
CUST_01548,5.0,8.0,1,247.56,30.255000000000003,1,Low Engagement,0
CUST_01549,4.0,15.0,1,1880.11,58.6755,0,High Engagement,0
CUST_01550,15.0,4.0,1,234.96,34.88,1,Low Engagement,0
CUST_01551,36.0,12.0,1,604.45,82.06199999999998,0,High Engagement,1
CUST_01552,7.0,6.0,1,39.39,17.62,1,Low Engagement,0
CUST_01553,5.0,5.0,1,922.74,25.688,1,Low Engagement,0
CUST_01554,20.0,14.0,1,2062.96,82.9975,0,High Engagement,1
CUST_01555,22.0,9.0,1,20.18,52.38149999999999,0,High Engagement,0
CUST_01556,8.0,7.0,1,3531.45,40.728500000000004,1,Low Engagement,0
CUST_01557,11.0,7.0,1,7990.67,47.4,2,Medium Engagement,0
CUST_01558,13.0,15.0,1,432.55,67.903,0,High Engagement,1
CUST_01559,34.0,10.0,1,604.72,74.8525,0,High Engagement,1
CUST_01560,5.0,11.0,1,20.11,35.7315,1,Low Engagement,0
CUST_01561,7.0,8.0,1,1904.37,42.237,1,Low Engagement,0
CUST_01562,10.0,11.0,1,191.78,51.225500000000004,0,High Engagement,0
CUST_01563,1.0,8.0,1,681.3,31.930000000000003,1,Low Engagement,0
CUST_01564,16.0,15.0,1,91.73,65.1595,0,High Engagement,1
CUST_01565,16.0,9.0,1,560.8,58.23199999999999,0,High Engagement,0
CUST_01566,6.0,6.0,1,2043.44,32.459500000000006,1,Low Engagement,0
CUST_01567,13.0,14.0,1,650.68,69.127,0,High Engagement,1
CUST_01568,16.0,7.0,1,430.77,47.2405,1,Low Engagement,0
CUST_01569,12.0,10.0,1,148.12,49.747,1,Low Engagement,0
CUST_01570,4.0,15.0,1,165.18,47.67549999999999,0,High Engagement,0
CUST_01571,23.0,8.0,1,199.45,55.264500000000005,0,High Engagement,0
CUST_01572,8.0,5.0,1,373.84,26.2405,1,Low Engagement,0
CUST_01573,17.0,8.0,1,284.06,51.257,1,Low Engagement,0
CUST_01574,18.0,9.0,1,461.26,59.857000000000006,0,High Engagement,0
CUST_01575,15.0,7.0,1,2470.9,52.534499999999994,1,Low Engagement,0
CUST_01576,7.0,10.0,1,2085.9,52.152,1,Low Engagement,0
CUST_01577,13.0,9.0,1,89.46,44.653499999999994,1,Low Engagement,0
CUST_01578,8.0,9.0,1,161.48,37.936,1,Low Engagement,0
CUST_01579,29.0,6.0,1,286.26,51.827,0,High Engagement,0
CUST_01580,2.0,5.0,1,298.34,17.372,1,Low Engagement,0
CUST_01581,11.0,14.0,1,1966.96,69.783,0,High Engagement,1
CUST_01582,14.0,9.0,1,812.1,56.875,0,High Engagement,0
CUST_01583,8.0,13.0,1,730.66,59.058,0,High Engagement,0
CUST_01584,24.0,11.0,1,1020.55,77.535,0,High Engagement,1
CUST_01585,18.0,14.0,1,1093.16,78.7645,0,High Engagement,1
CUST_01586,22.0,7.0,1,3309.76,61.077999999999996,0,High Engagement,0
CUST_01587,19.0,9.0,1,114.52,54.126,0,High Engagement,0
CUST_01588,7.0,12.0,1,154.35,47.50149999999999,1,Low Engagement,0
CUST_01589,6.0,13.0,1,137.6,47.37499999999999,0,High Engagement,0
CUST_01590,4.0,11.0,1,146.96,40.024,1,Low Engagement,0
CUST_01591,7.0,10.0,1,60.04,36.751999999999995,1,Low Engagement,0
CUST_01592,9.0,10.0,1,125.85,43.418,1,Low Engagement,0
CUST_01593,19.0,11.0,1,679.25,71.50999999999999,0,High Engagement,1
CUST_01594,7.0,6.0,1,1176.54,32.188,1,Low Engagement,0
CUST_01595,15.0,12.0,1,284.6,64.964,0,High Engagement,1
CUST_01596,11.0,7.0,1,8.92,27.703999999999994,1,Low Engagement,0
CUST_01597,17.0,9.0,1,688.33,60.55350000000001,0,High Engagement,0
CUST_01598,21.0,8.0,1,283.44,55.403999999999996,0,High Engagement,0
CUST_01599,14.0,6.0,1,1298.46,45.393499999999996,1,Low Engagement,0
CUST_01600,5.0,8.0,1,903.92,36.507,1,Low Engagement,0
CUST_01601,15.0,10.0,1,827.26,63.200500000000005,0,High Engagement,1
CUST_01602,27.0,7.0,1,655.2,58.794500000000006,0,High Engagement,0
CUST_01603,6.0,8.0,1,6475.94,42.7965,2,Medium Engagement,0
CUST_01604,25.0,6.0,1,105.03,45.1975,1,Low Engagement,0
CUST_01605,8.0,9.0,1,218.82,39.388,1,Low Engagement,0
CUST_01606,12.0,15.0,1,65.48,57.412,0,High Engagement,0
CUST_01607,7.0,6.0,1,240.83,24.724,1,Low Engagement,0
CUST_01608,11.0,12.0,1,706.29,62.54749999999999,0,High Engagement,1
CUST_01609,28.0,6.0,1,1967.61,59.7875,0,High Engagement,0
CUST_01610,4.0,6.0,1,276.85,21.206500000000002,1,Low Engagement,0
CUST_01611,25.0,10.0,1,368.22,69.4735,0,High Engagement,1
CUST_01612,9.0,10.0,1,473.7,49.95,1,Low Engagement,0
CUST_01613,10.0,7.0,1,191.38,32.897999999999996,1,Low Engagement,0
CUST_01614,4.0,6.0,1,2388.48,30.1625,1,Low Engagement,0
CUST_01615,6.0,7.0,1,57.66,20.6375,1,Low Engagement,0
CUST_01616,18.0,14.0,1,20.29,63.5405,0,High Engagement,1
CUST_01617,16.0,6.0,1,77.65,35.4745,1,Low Engagement,0
CUST_01618,25.0,8.0,1,542.3,61.71049999999999,0,High Engagement,1
CUST_01619,6.0,11.0,1,294.31,46.184999999999995,1,Low Engagement,0
CUST_01620,16.0,9.0,1,207.14,53.236,0,High Engagement,0
CUST_01621,11.0,12.0,1,68.27,51.583499999999994,0,High Engagement,0
CUST_01622,19.0,11.0,1,448.51,69.472,0,High Engagement,1
CUST_01623,2.0,10.0,1,6055.6,48.094,2,Medium Engagement,0
CUST_01624,12.0,10.0,1,101.4,47.946999999999996,1,Low Engagement,0
CUST_01625,13.0,6.0,1,186.54,34.622,1,Low Engagement,0
CUST_01626,12.0,3.0,1,564.9,33.635,1,Low Engagement,0
CUST_01627,7.0,7.0,1,115.6,24.81,1,Low Engagement,0
CUST_01628,17.0,10.0,1,41.8,53.07599999999999,0,High Engagement,0
CUST_01629,13.0,11.0,1,58.9,51.839499999999994,0,High Engagement,0
CUST_01630,4.0,9.0,1,1292.08,41.70399999999999,1,Low Engagement,0
CUST_01631,3.0,11.0,1,224.04,41.051,1,Low Engagement,0
CUST_01632,13.0,9.0,1,477.56,52.74749999999999,1,Low Engagement,0
CUST_01633,5.0,8.0,1,459.98,33.331,1,Low Engagement,0
CUST_01634,13.0,12.0,1,6185.9,72.13149999999999,2,Medium Engagement,0
CUST_01635,16.0,10.0,1,940.84,65.2745,0,High Engagement,1
CUST_01636,2.0,13.0,1,175.76,44.2575,1,Low Engagement,0
CUST_01637,10.0,6.0,1,193.65,29.299999999999997,1,Low Engagement,0
CUST_01638,8.0,14.0,1,1652.46,63.5915,0,High Engagement,1
CUST_01639,9.0,5.0,1,139.74,23.204,1,Low Engagement,0
CUST_01640,6.0,9.0,1,37.9,29.324999999999996,1,Low Engagement,0
CUST_01641,20.0,5.0,1,246.5,42.8825,1,Low Engagement,0
CUST_01642,23.0,8.0,1,796.22,62.09250000000001,0,High Engagement,1
CUST_01643,7.0,9.0,1,49.28,31.493499999999997,1,Low Engagement,0
CUST_01644,7.0,9.0,1,615.58,42.7855,1,Low Engagement,0
CUST_01645,2.0,10.0,1,29.32,29.25,1,Low Engagement,0
CUST_01646,6.0,6.0,1,37.24,15.9155,1,Low Engagement,0
CUST_01647,9.0,8.0,1,365.0,38.955,1,Low Engagement,0
CUST_01648,6.0,10.0,1,797.68,47.075500000000005,1,Low Engagement,0
CUST_01649,4.0,11.0,1,767.16,48.216,1,Low Engagement,0
CUST_01650,24.0,11.0,1,40.64,63.563,0,High Engagement,1
CUST_01651,13.0,7.0,1,1835.38,48.644,1,Low Engagement,0
CUST_01652,20.0,15.0,1,304.29,75.6275,0,High Engagement,1
CUST_01653,10.0,8.0,1,1409.2,46.989,1,Low Engagement,0
CUST_01654,7.0,11.0,1,383.69,49.1255,1,Low Engagement,0
CUST_01655,17.0,11.0,1,83.67,59.1175,0,High Engagement,0
CUST_01656,16.0,9.0,1,63.46,48.15599999999999,1,Low Engagement,0
CUST_01657,5.0,10.0,1,6799.12,51.190000000000005,2,Medium Engagement,0
CUST_01658,1.0,7.0,1,37.08,14.894999999999998,1,Low Engagement,0
CUST_01659,16.0,8.0,1,267.18,49.5355,1,Low Engagement,0
CUST_01660,13.0,9.0,1,153.86,47.09549999999999,1,Low Engagement,0
CUST_01661,12.0,9.0,1,88.53,42.8165,1,Low Engagement,0
CUST_01662,9.0,8.0,1,1192.65,44.363,1,Low Engagement,0
CUST_01663,12.0,12.0,1,699.84,64.3725,0,High Engagement,1
CUST_01664,13.0,10.0,1,5139.25,65.038,2,Medium Engagement,0
CUST_01665,16.0,9.0,1,1499.77,62.464,0,High Engagement,1
CUST_01666,15.0,8.0,1,53.67,41.1335,1,Low Engagement,0
CUST_01667,12.0,16.0,1,188.91,62.388999999999996,0,High Engagement,1
CUST_01668,8.0,13.0,1,37.5,46.373999999999995,0,High Engagement,0
CUST_01669,2.0,5.0,1,455.82,19.400000000000002,1,Low Engagement,0
CUST_01670,16.0,9.0,1,87.41,49.303999999999995,1,Low Engagement,0
CUST_01671,12.0,8.0,1,1657.25,51.248000000000005,1,Low Engagement,0
CUST_01672,11.0,11.0,1,1347.2,62.2795,0,High Engagement,1
CUST_01673,3.0,8.0,1,127.81,24.7645,1,Low Engagement,0
CUST_01674,22.0,5.0,1,75.74,39.181999999999995,1,Low Engagement,0
CUST_01675,8.0,10.0,1,89.88,39.9745,1,Low Engagement,0
CUST_01676,16.0,9.0,1,47.92,47.367999999999995,1,Low Engagement,0
CUST_01677,2.0,6.0,1,307.05,20.098000000000003,1,Low Engagement,0
CUST_01678,7.0,12.0,1,400.0,52.2735,0,High Engagement,0
CUST_01679,4.0,5.0,1,60.01,11.9025,1,Low Engagement,0
CUST_01680,14.0,8.0,1,541.64,49.970499999999994,1,Low Engagement,0
CUST_01681,12.0,8.0,1,1771.15,51.432,1,Low Engagement,0
CUST_01682,9.0,7.0,1,663.43,37.184,1,Low Engagement,0
CUST_01683,4.0,6.0,1,12.92,12.298499999999999,1,Low Engagement,0
CUST_01684,30.0,16.0,1,1527.54,89.216,0,High Engagement,1
CUST_01685,6.0,10.0,1,1003.95,48.0475,1,Low Engagement,0
CUST_01686,9.0,9.0,1,6818.97,53.22749999999999,2,Medium Engagement,0
CUST_01687,30.0,13.0,1,174.0,76.6195,0,High Engagement,1
CUST_01688,9.0,14.0,1,276.81,57.483,0,High Engagement,0
CUST_01689,24.0,8.0,1,380.0,59.3425,0,High Engagement,0
CUST_01690,13.0,9.0,1,984.12,56.07149999999999,0,High Engagement,0
CUST_01691,22.0,3.0,1,238.14,42.224,1,Low Engagement,0
CUST_01692,23.0,8.0,1,513.2,60.02850000000001,0,High Engagement,0
CUST_01693,5.0,9.0,1,506.47,38.8595,1,Low Engagement,0
CUST_01694,41.0,7.0,1,32.68,49.135999999999996,0,High Engagement,0
CUST_01695,24.0,7.0,1,52.48,45.903499999999994,1,Low Engagement,0
CUST_01696,10.0,12.0,1,615.75,60.0935,0,High Engagement,0
CUST_01697,21.0,8.0,1,371.12,56.775999999999996,0,High Engagement,0
CUST_01698,9.0,15.0,1,5756.32,68.699,2,Medium Engagement,0
CUST_01699,21.0,8.0,1,659.99,59.55999999999999,0,High Engagement,0
CUST_01700,10.0,6.0,1,318.51,31.879999999999995,1,Low Engagement,0
CUST_01701,20.0,12.0,1,60.37,64.31,0,High Engagement,1
CUST_01702,13.0,5.0,1,977.36,40.099999999999994,1,Low Engagement,0
CUST_01703,21.0,14.0,1,83.31,69.56800000000001,0,High Engagement,1
CUST_01704,11.0,8.0,1,1473.19,48.99099999999999,1,Low Engagement,0
CUST_01705,19.0,9.0,1,835.78,63.83,0,High Engagement,1
CUST_01706,12.0,10.0,1,1059.3,59.31099999999999,0,High Engagement,0
CUST_01707,15.0,5.0,1,584.64,40.954499999999996,1,Low Engagement,0
CUST_01708,6.0,8.0,1,148.63,29.056500000000003,1,Low Engagement,0
CUST_01709,10.0,7.0,1,86.32,29.334,1,Low Engagement,0
CUST_01710,23.0,5.0,1,348.27,47.1655,1,Low Engagement,0
CUST_01711,10.0,12.0,1,60.96,49.421499999999995,0,High Engagement,0
CUST_01712,13.0,6.0,1,773.64,41.698,1,Low Engagement,0
CUST_01713,11.0,8.0,1,2484.39,50.39499999999999,1,Low Engagement,0
CUST_01714,14.0,5.0,1,1404.92,43.1475,1,Low Engagement,0
CUST_01715,5.0,11.0,1,105.54,39.7155,1,Low Engagement,0
CUST_01716,10.0,6.0,1,31.44,22.911999999999995,1,Low Engagement,0
CUST_01717,12.0,12.0,1,536.47,63.1245,0,High Engagement,1
CUST_01718,3.0,10.0,1,305.32,38.787499999999994,1,Low Engagement,0
CUST_01719,37.0,13.0,1,192.42,78.45100000000001,0,High Engagement,1
CUST_01720,16.0,9.0,1,45.42,47.251999999999995,1,Low Engagement,0
CUST_01721,18.0,6.0,1,488.88,46.8555,1,Low Engagement,0
CUST_01722,20.0,9.0,1,153.81,56.50999999999999,0,High Engagement,0
CUST_01723,15.0,5.0,1,67.42,30.8585,1,Low Engagement,0
CUST_01724,34.0,5.0,1,157.04,47.5105,0,High Engagement,0
CUST_01725,8.0,4.0,1,375.55,24.778,1,Low Engagement,0
CUST_01726,4.0,3.0,1,475.66,19.2025,1,Low Engagement,0
CUST_01727,9.0,15.0,1,254.58,57.806999999999995,0,High Engagement,0
CUST_01728,23.0,8.0,1,462.3,59.4485,0,High Engagement,0
CUST_01729,4.0,9.0,1,334.89,35.556,1,Low Engagement,0
CUST_01730,12.0,13.0,1,170.25,59.42249999999999,0,High Engagement,0
CUST_01731,8.0,4.0,1,1865.48,31.582,1,Low Engagement,0
CUST_01732,23.0,11.0,1,504.39,73.54499999999999,0,High Engagement,1
CUST_01733,21.0,13.0,1,2128.04,82.6345,0,High Engagement,1
CUST_01734,3.0,10.0,1,173.91,35.9075,1,Low Engagement,0
CUST_01735,2.0,13.0,1,1380.85,53.9655,0,High Engagement,0
CUST_01736,12.0,12.0,1,4357.11,69.9165,0,High Engagement,1
CUST_01737,12.0,7.0,1,967.69,44.513,1,Low Engagement,0
CUST_01738,10.0,5.0,1,165.57,25.997999999999998,1,Low Engagement,0
CUST_01739,5.0,8.0,1,167.3,28.327,1,Low Engagement,0
CUST_01740,7.0,8.0,1,4815.27,44.053,2,Medium Engagement,0
CUST_01741,18.0,10.0,1,345.36,63.16349999999999,0,High Engagement,1
CUST_01742,3.0,13.0,1,59.48,40.443,1,Low Engagement,0
CUST_01743,24.0,8.0,1,367.94,59.1305,0,High Engagement,0
CUST_01744,8.0,6.0,1,5391.15,37.6505,2,Medium Engagement,0
CUST_01745,40.0,11.0,1,933.64,81.3935,0,High Engagement,1
CUST_01746,6.0,9.0,1,179.31,35.00299999999999,1,Low Engagement,0
CUST_01747,17.0,6.0,1,151.92,39.732,1,Low Engagement,0
CUST_01748,51.0,9.0,1,285.86,67.485,0,High Engagement,1
CUST_01749,8.0,4.0,1,104.68,18.41,1,Low Engagement,0
CUST_01750,12.0,8.0,1,326.56,44.068,1,Low Engagement,0
CUST_01751,24.0,6.0,1,399.13,51.205499999999994,1,Low Engagement,0
CUST_01752,20.0,14.0,1,2879.42,83.7495,0,High Engagement,1
CUST_01753,23.0,12.0,1,574.72,77.129,0,High Engagement,1
CUST_01754,27.0,3.0,1,116.21,41.8885,1,Low Engagement,0
CUST_01755,4.0,7.0,1,321.57,25.6665,1,Low Engagement,0
CUST_01756,15.0,9.0,1,289.12,53.465999999999994,0,High Engagement,0
CUST_01757,26.0,6.0,1,193.16,48.596999999999994,1,Low Engagement,0
CUST_01758,11.0,9.0,1,99.16,41.299499999999995,1,Low Engagement,0
CUST_01759,15.0,2.0,1,1992.0,43.401,1,Low Engagement,0
CUST_01760,15.0,5.0,1,784.55,42.354499999999994,1,Low Engagement,0
CUST_01761,9.0,10.0,1,287.19,47.49,1,Low Engagement,0
CUST_01762,11.0,11.0,1,123.1,51.0235,0,High Engagement,0
CUST_01763,7.0,12.0,1,398.66,52.24949999999999,0,High Engagement,0
CUST_01764,12.0,11.0,1,131.74,53.168499999999995,0,High Engagement,0
CUST_01765,27.0,6.0,1,304.6,51.3965,0,High Engagement,0
CUST_01766,27.0,14.0,1,172.7,76.76950000000001,0,High Engagement,1
CUST_01767,9.0,13.0,1,525.3,59.4375,0,High Engagement,0
CUST_01768,3.0,6.0,1,877.49,25.7635,1,Low Engagement,0
CUST_01769,13.0,12.0,1,212.96,60.2275,0,High Engagement,0
CUST_01770,3.0,7.0,1,735.52,28.701500000000003,1,Low Engagement,0
CUST_01771,9.0,9.0,1,242.42,41.8835,1,Low Engagement,0
CUST_01772,23.0,7.0,1,74.75,46.1975,1,Low Engagement,0
CUST_01773,9.0,12.0,1,110.64,49.671499999999995,0,High Engagement,0
CUST_01774,18.0,10.0,1,210.25,60.579499999999996,0,High Engagement,0
CUST_01775,5.0,11.0,1,316.01,45.1695,1,Low Engagement,0
CUST_01776,25.0,13.0,1,403.65,78.92099999999999,0,High Engagement,1
CUST_01777,9.0,10.0,1,333.01,48.209999999999994,1,Low Engagement,0
CUST_01778,22.0,8.0,1,97.75,51.00899999999999,0,High Engagement,0
CUST_01779,25.0,10.0,1,500.1,71.00949999999999,0,High Engagement,1
CUST_01780,10.0,7.0,1,446.25,37.166,1,Low Engagement,0
CUST_01781,5.0,15.0,1,256.32,51.123,0,High Engagement,0
CUST_01782,12.0,14.0,1,262.85,62.848000000000006,0,High Engagement,1
CUST_01783,5.0,8.0,1,855.59,36.295,1,Low Engagement,0
CUST_01784,10.0,6.0,1,469.3,33.76,1,Low Engagement,0
CUST_01785,13.0,7.0,1,128.45,36.556,1,Low Engagement,0
CUST_01786,12.0,5.0,1,509.89,35.341,1,Low Engagement,0
CUST_01787,4.0,7.0,1,116.04,20.624499999999998,1,Low Engagement,0
CUST_01788,22.0,12.0,1,342.63,73.8055,0,High Engagement,1
CUST_01789,12.0,10.0,1,193.57,51.059,0,High Engagement,0
CUST_01790,24.0,12.0,1,31.95,66.103,0,High Engagement,1
CUST_01791,23.0,12.0,1,75.85,67.529,0,High Engagement,1
CUST_01792,21.0,3.0,1,159.06,39.422999999999995,1,Low Engagement,0
CUST_01793,39.0,10.0,1,337.83,72.58200000000001,0,High Engagement,1
CUST_01794,9.0,6.0,1,9670.2,40.018,2,Medium Engagement,0
CUST_01795,9.0,5.0,1,377.07,28.232000000000003,1,Low Engagement,0
CUST_01796,21.0,5.0,1,2879.18,53.733,1,Low Engagement,0
CUST_01797,7.0,7.0,1,690.97,33.589999999999996,1,Low Engagement,0
CUST_01798,12.0,11.0,1,30.71,48.570499999999996,0,High Engagement,0
CUST_01799,17.0,5.0,1,1281.54,47.254000000000005,1,Low Engagement,0
CUST_01800,24.0,12.0,1,131.59,70.61899999999999,0,High Engagement,1
CUST_01801,12.0,11.0,1,291.5,57.1325,0,High Engagement,0
CUST_01802,1.0,10.0,1,202.28,35.605,1,Low Engagement,0
CUST_01803,23.0,7.0,1,332.28,53.1775,0,High Engagement,0
CUST_01804,24.0,12.0,1,2455.56,83.30699999999999,0,High Engagement,1
CUST_01805,10.0,7.0,1,1127.97,41.418,1,Low Engagement,0
CUST_01806,18.0,11.0,1,270.82,65.825,0,High Engagement,1
CUST_01807,26.0,9.0,1,344.36,64.9425,0,High Engagement,1
CUST_01808,24.0,7.0,1,1225.95,59.9235,0,High Engagement,0
CUST_01809,20.0,12.0,1,884.52,76.642,0,High Engagement,1
CUST_01810,16.0,12.0,1,590.86,70.068,0,High Engagement,1
CUST_01811,40.0,14.0,1,65.57,75.39300000000001,0,High Engagement,1
CUST_01812,14.0,5.0,1,231.15,34.7235,1,Low Engagement,0
CUST_01813,2.0,8.0,1,703.98,32.483000000000004,1,Low Engagement,0
CUST_01814,10.0,3.0,1,154.16,23.508,1,Low Engagement,0
CUST_01815,12.0,2.0,1,53.88,22.8595,1,Low Engagement,0
CUST_01816,17.0,8.0,1,68.9,44.793,1,Low Engagement,0
CUST_01817,9.0,9.0,1,861.61,48.043499999999995,1,Low Engagement,0
CUST_01818,13.0,15.0,1,1389.39,73.127,0,High Engagement,1
CUST_01819,23.0,11.0,1,446.55,72.905,0,High Engagement,1
CUST_01820,36.0,10.0,1,170.7,68.8265,0,High Engagement,1
CUST_01821,5.0,8.0,1,1315.48,38.051,1,Low Engagement,0
CUST_01822,12.0,12.0,1,308.28,60.41649999999999,0,High Engagement,0
CUST_01823,5.0,11.0,1,46.42,37.027499999999996,1,Low Engagement,0
CUST_01824,10.0,9.0,1,1181.43,51.293499999999995,1,Low Engagement,0
CUST_01825,7.0,7.0,1,1612.05,37.041999999999994,1,Low Engagement,0
CUST_01826,17.0,8.0,1,2557.14,60.221000000000004,0,High Engagement,0
CUST_01827,15.0,13.0,1,348.47,68.012,0,High Engagement,1
CUST_01828,9.0,12.0,1,956.91,60.079499999999996,0,High Engagement,0
CUST_01829,13.0,10.0,1,237.4,53.894,0,High Engagement,0
CUST_01830,7.0,10.0,1,334.91,44.467999999999996,1,Low Engagement,0
CUST_01831,19.0,12.0,1,175.08,67.762,0,High Engagement,1
CUST_01832,15.0,5.0,1,27.48,28.822499999999994,1,Low Engagement,0
CUST_01833,14.0,11.0,1,121.84,56.235,0,High Engagement,0
CUST_01834,3.0,4.0,1,55.8,9.199,1,Low Engagement,0
CUST_01835,39.0,9.0,1,851.74,72.2875,0,High Engagement,1
CUST_01836,5.0,11.0,1,128.3,40.6995,1,Low Engagement,0
CUST_01837,6.0,9.0,1,185.48,35.153,1,Low Engagement,0
CUST_01838,36.0,10.0,1,276.54,71.2445,0,High Engagement,1
CUST_01839,9.0,8.0,1,6454.76,48.150999999999996,2,Medium Engagement,0
CUST_01840,39.0,10.0,1,48.54,64.21,0,High Engagement,1
CUST_01841,17.0,9.0,1,287.45,56.345499999999994,0,High Engagement,0
CUST_01842,4.0,9.0,1,3430.43,44.32,1,Low Engagement,0
CUST_01843,18.0,9.0,1,186.06,55.30500000000001,0,High Engagement,0
CUST_01844,7.0,11.0,1,673.56,51.7935,1,Low Engagement,0
CUST_01845,35.0,4.0,1,144.8,45.7355,1,Low Engagement,0
CUST_01846,9.0,6.0,1,1014.33,35.378,1,Low Engagement,0
CUST_01847,6.0,8.0,1,194.15,30.3765,1,Low Engagement,0
CUST_01848,15.0,12.0,1,73.89,58.702,0,High Engagement,0
CUST_01849,11.0,4.0,1,1930.72,37.3895,1,Low Engagement,0
CUST_01850,21.0,11.0,1,1151.65,75.5765,0,High Engagement,1
CUST_01851,22.0,9.0,1,450.37,63.49349999999999,0,High Engagement,1
CUST_01852,11.0,6.0,1,600.11,36.809999999999995,1,Low Engagement,0
CUST_01853,13.0,6.0,1,1533.32,44.422,1,Low Engagement,0
CUST_01854,22.0,12.0,1,402.88,74.6255,0,High Engagement,1
CUST_01855,29.0,13.0,1,3326.13,88.30250000000001,0,High Engagement,1
CUST_01856,16.0,14.0,1,224.07,68.5355,0,High Engagement,1
CUST_01857,15.0,11.0,1,508.65,64.858,0,High Engagement,1
CUST_01858,16.0,9.0,1,20.44,46.022,1,Low Engagement,0
CUST_01859,17.0,13.0,1,108.66,65.1355,0,High Engagement,1
CUST_01860,13.0,13.0,1,1469.76,71.3095,0,High Engagement,1
CUST_01861,54.0,10.0,1,247.72,71.43650000000001,0,High Engagement,1
CUST_01862,15.0,12.0,1,381.82,66.45400000000001,0,High Engagement,1
CUST_01863,2.0,6.0,1,1787.73,27.794,1,Low Engagement,0
CUST_01864,8.0,8.0,1,200.82,33.9955,1,Low Engagement,0
CUST_01865,10.0,6.0,1,2019.03,39.72,1,Low Engagement,0
CUST_01866,4.0,9.0,1,1049.63,40.943999999999996,1,Low Engagement,0
CUST_01867,6.0,6.0,1,505.55,26.8355,1,Low Engagement,0
CUST_01868,15.0,11.0,1,140.98,58.446,0,High Engagement,0
CUST_01869,5.0,8.0,1,133.48,27.223000000000003,1,Low Engagement,0
CUST_01870,9.0,13.0,1,106.09,51.4775,0,High Engagement,0
CUST_01871,8.0,6.0,1,386.85,28.990499999999997,1,Low Engagement,0
CUST_01872,7.0,10.0,1,2390.82,52.444,1,Low Engagement,0
CUST_01873,12.0,12.0,1,602.1,63.6725,0,High Engagement,1
CUST_01874,10.0,14.0,1,3268.89,69.061,0,High Engagement,1
CUST_01875,6.0,9.0,1,362.98,38.584999999999994,1,Low Engagement,0
CUST_01876,30.0,10.0,1,716.08,74.67,0,High Engagement,1
CUST_01877,21.0,16.0,1,126.24,72.61699999999999,0,High Engagement,1
CUST_01878,10.0,16.0,1,154.05,57.754000000000005,0,High Engagement,0
CUST_01879,19.0,11.0,1,249.84,66.554,0,High Engagement,1
CUST_01880,32.0,14.0,1,162.4,78.06249999999999,0,High Engagement,1
CUST_01881,5.0,9.0,1,2685.42,45.0875,1,Low Engagement,0
CUST_01882,11.0,7.0,1,441.24,38.943999999999996,1,Low Engagement,0
CUST_01883,7.0,7.0,1,77.52,23.206,1,Low Engagement,0
CUST_01884,9.0,9.0,1,542.1,45.9355,1,Low Engagement,0
CUST_01885,29.0,8.0,1,84.81,54.42800000000001,0,High Engagement,0
CUST_01886,12.0,12.0,1,2663.53,69.02850000000001,0,High Engagement,1
CUST_01887,31.0,10.0,1,1569.62,78.131,0,High Engagement,1
CUST_01888,13.0,7.0,1,5285.84,50.69199999999999,2,Medium Engagement,0
CUST_01889,12.0,6.0,1,1419.85,42.351,1,Low Engagement,0
CUST_01890,9.0,4.0,1,444.72,27.4535,1,Low Engagement,0
CUST_01891,13.0,5.0,1,102.04,29.156,1,Low Engagement,0
CUST_01892,19.0,13.0,1,5456.52,82.532,2,Medium Engagement,0
CUST_01893,3.0,7.0,1,424.95,26.005499999999998,1,Low Engagement,0
CUST_01894,24.0,7.0,1,41.86,45.3035,1,Low Engagement,0
CUST_01895,2.0,8.0,1,480.0,30.654999999999998,1,Low Engagement,0
CUST_01896,9.0,8.0,1,409.55,39.555,1,Low Engagement,0
CUST_01897,5.0,13.0,1,196.6,47.741499999999995,0,High Engagement,0
CUST_01898,9.0,6.0,1,558.86,32.67,1,Low Engagement,0
CUST_01899,14.0,5.0,1,247.33,35.0875,1,Low Engagement,0
CUST_01900,23.0,9.0,1,348.54,63.111,0,High Engagement,1
CUST_01901,22.0,8.0,1,6892.23,66.785,2,Medium Engagement,0
CUST_01902,5.0,3.0,1,342.36,18.822,1,Low Engagement,0
CUST_01903,14.0,12.0,1,1657.96,71.255,0,High Engagement,1
CUST_01904,25.0,6.0,1,293.16,50.30949999999999,1,Low Engagement,0
CUST_01905,15.0,10.0,1,270.3,57.7245,0,High Engagement,0
CUST_01906,19.0,10.0,1,40.8,55.4085,0,High Engagement,0
CUST_01907,9.0,11.0,1,434.35,53.423500000000004,0,High Engagement,0
CUST_01908,11.0,10.0,1,90.54,45.709999999999994,1,Low Engagement,0
CUST_01909,1.0,9.0,1,307.64,33.1105,1,Low Engagement,0
CUST_01910,9.0,11.0,1,51.6,44.039500000000004,1,Low Engagement,0
CUST_01911,9.0,16.0,1,65.45,52.224000000000004,0,High Engagement,0
CUST_01912,6.0,14.0,1,211.34,50.716499999999996,0,High Engagement,0
CUST_01913,3.0,8.0,1,119.63,24.4645,1,Low Engagement,0
CUST_01914,19.0,8.0,1,148.93,50.3375,1,Low Engagement,0
CUST_01915,29.0,6.0,1,34.71,43.567,1,Low Engagement,0
CUST_01916,13.0,11.0,1,880.7,64.2235,0,High Engagement,1
CUST_01917,9.0,7.0,1,348.1,34.040000000000006,1,Low Engagement,0
CUST_01918,9.0,9.0,1,239.35,41.82749999999999,1,Low Engagement,0
CUST_01919,33.0,8.0,1,314.24,61.697,0,High Engagement,1
CUST_01920,14.0,7.0,1,23.05,33.2995,1,Low Engagement,0
CUST_01921,11.0,7.0,1,2465.0,45.68,1,Low Engagement,0
CUST_01922,38.0,10.0,1,1043.44,77.78649999999999,0,High Engagement,1
CUST_01923,21.0,6.0,1,209.5,45.45099999999999,1,Low Engagement,0
CUST_01924,24.0,11.0,1,1766.7,79.54299999999999,0,High Engagement,1
CUST_01925,10.0,12.0,1,3075.95,65.60549999999999,0,High Engagement,1
CUST_01926,23.0,5.0,1,189.17,44.0215,1,Low Engagement,0
CUST_01927,9.0,9.0,1,85.14,37.02349999999999,1,Low Engagement,0
CUST_01928,13.0,10.0,1,638.23,58.814,0,High Engagement,0
CUST_01929,21.0,4.0,1,383.61,44.5505,1,Low Engagement,0
CUST_01930,21.0,9.0,1,134.19,56.700499999999984,0,High Engagement,0
CUST_01931,19.0,7.0,1,10556.34,59.6545,2,Medium Engagement,0
CUST_01932,2.0,9.0,1,664.82,37.2235,1,Low Engagement,0
CUST_01933,7.0,7.0,1,598.9,32.922,1,Low Engagement,0
CUST_01934,9.0,7.0,1,537.96,36.208,1,Low Engagement,0
CUST_01935,20.0,11.0,1,720.9,72.762,0,High Engagement,1
CUST_01936,11.0,12.0,1,4875.35,68.2195,2,Medium Engagement,0
CUST_01937,5.0,13.0,1,595.92,53.2735,0,High Engagement,0
CUST_01938,15.0,5.0,1,194.79,35.4605,1,Low Engagement,0
CUST_01939,22.0,7.0,1,30.59,43.14999999999999,1,Low Engagement,0
CUST_01940,4.0,4.0,1,1376.62,24.558,1,Low Engagement,0
CUST_01941,7.0,15.0,1,608.66,58.421,0,High Engagement,0
CUST_01942,8.0,9.0,1,198.81,38.955999999999996,1,Low Engagement,0
CUST_01943,12.0,8.0,1,129.11,39.467999999999996,1,Low Engagement,0
CUST_01944,17.0,10.0,1,184.92,58.728,0,High Engagement,0
CUST_01945,16.0,9.0,1,2492.08,63.81199999999999,0,High Engagement,1
CUST_01946,11.0,8.0,1,122.72,37.379,1,Low Engagement,0
CUST_01947,12.0,2.0,1,1877.16,38.287499999999994,1,Low Engagement,0
CUST_01948,14.0,3.0,1,497.8,36.4775,1,Low Engagement,0
CUST_01949,26.0,8.0,1,292.86,59.146,0,High Engagement,0
CUST_01950,26.0,5.0,1,49.08,40.555,1,Low Engagement,0
CUST_01951,22.0,8.0,1,99.03,51.05299999999999,0,High Engagement,0
CUST_01952,10.0,6.0,1,202.02,29.531999999999996,1,Low Engagement,0
CUST_01953,5.0,10.0,1,2130.68,49.246,1,Low Engagement,0
CUST_01954,19.0,12.0,1,1015.66,76.262,0,High Engagement,1
CUST_01955,10.0,6.0,1,152.28,28.165999999999997,1,Low Engagement,0
CUST_01956,30.0,12.0,1,197.87,75.17150000000001,0,High Engagement,1
CUST_01957,4.0,9.0,1,2419.69,43.568,1,Low Engagement,0
CUST_01958,11.0,5.0,1,690.38,34.884,1,Low Engagement,0
CUST_01959,37.0,13.0,1,298.02,80.735,0,High Engagement,1
CUST_01960,16.0,10.0,1,236.1,58.586499999999994,0,High Engagement,0
CUST_01961,6.0,11.0,1,1600.87,53.74099999999999,0,High Engagement,0
CUST_01962,2.0,9.0,1,899.49,38.543499999999995,1,Low Engagement,0
CUST_01963,15.0,11.0,1,536.05,65.122,0,High Engagement,1
CUST_01964,23.0,8.0,1,138.25,53.4645,0,High Engagement,0
CUST_01965,32.0,8.0,1,2889.09,70.19449999999999,0,High Engagement,1
CUST_01966,5.0,10.0,1,129.57,36.814,1,Low Engagement,0
CUST_01967,20.0,12.0,1,151.13,67.988,0,High Engagement,1
CUST_01968,5.0,8.0,1,49.62,23.571,1,Low Engagement,0
CUST_01969,16.0,11.0,1,370.88,64.86,0,High Engagement,1
CUST_01970,5.0,6.0,1,18.2,13.678,1,Low Engagement,0
CUST_01971,16.0,7.0,1,3105.7,54.5685,1,Low Engagement,0
CUST_01972,3.0,7.0,1,2375.6,32.8215,1,Low Engagement,0
CUST_01973,21.0,14.0,1,515.49,78.33600000000001,0,High Engagement,1
CUST_01974,19.0,8.0,1,380.88,55.137499999999996,0,High Engagement,0
CUST_01975,17.0,8.0,1,225.26,49.985,1,Low Engagement,0
CUST_01976,9.0,6.0,1,4607.12,39.370000000000005,1,Low Engagement,0
CUST_01977,12.0,6.0,1,41.82,27.130999999999993,1,Low Engagement,0
CUST_01978,19.0,10.0,1,212.34,61.772499999999994,0,High Engagement,1
CUST_01979,19.0,2.0,1,45.21,32.63700000000001,1,Low Engagement,0
CUST_01980,34.0,8.0,1,150.32,58.1935,0,High Engagement,0
CUST_01981,18.0,9.0,1,121.04,53.301,0,High Engagement,0
CUST_01982,32.0,7.0,1,1336.86,63.4035,0,High Engagement,1
CUST_01983,29.0,8.0,1,109.18,55.39200000000001,0,High Engagement,0
CUST_01984,11.0,6.0,1,21409.05,43.998,2,Medium Engagement,0
CUST_01985,5.0,6.0,1,62.0,15.834000000000001,1,Low Engagement,0
CUST_01986,10.0,10.0,1,557.92,52.664,1,Low Engagement,0
CUST_01987,2.0,7.0,1,751.1,28.124,1,Low Engagement,0
CUST_01988,9.0,6.0,1,57.23,22.294,1,Low Engagement,0
CUST_01989,13.0,10.0,1,1439.04,62.273999999999994,0,High Engagement,1
CUST_01990,17.0,8.0,1,305.34,51.632999999999996,1,Low Engagement,0
CUST_01991,10.0,7.0,1,1197.82,41.638,1,Low Engagement,0
CUST_01992,22.0,8.0,1,215.34,54.797000000000004,0,High Engagement,0
CUST_01993,28.0,12.0,1,117.49,72.04499999999999,0,High Engagement,1
CUST_01994,20.0,10.0,1,65.52,57.63649999999999,0,High Engagement,0
CUST_01995,22.0,10.0,1,67.04,59.388,0,High Engagement,0
CUST_01996,13.0,10.0,1,32.92,46.559999999999995,1,Low Engagement,0
CUST_01997,28.0,11.0,1,2172.16,82.02900000000001,0,High Engagement,1
CUST_01998,19.0,9.0,1,509.08,61.534,0,High Engagement,1
CUST_01999,9.0,4.0,1,233.12,24.217499999999998,1,Low Engagement,0
CUST_02000,28.0,10.0,1,470.2,71.9715,0,High Engagement,1
CUST_02001,5.0,18.0,1,114.39,48.014,0,High Engagement,0
CUST_02002,15.0,17.0,1,110.84,65.1385,0,High Engagement,1
CUST_02003,20.0,7.0,1,1148.64,56.406499999999994,0,High Engagement,0
CUST_02004,9.0,6.0,1,1868.16,37.58200000000001,1,Low Engagement,0
CUST_02005,7.0,4.0,1,235.0,20.4955,1,Low Engagement,0
CUST_02006,30.0,8.0,1,191.24,58.367000000000004,0,High Engagement,0
CUST_02007,1.0,11.0,1,379.65,42.7865,1,Low Engagement,0
CUST_02008,3.0,11.0,1,144.09,38.897,1,Low Engagement,0
CUST_02009,23.0,12.0,1,2104.36,82.217,0,High Engagement,1
CUST_02010,8.0,6.0,1,47.15,19.8465,1,Low Engagement,0
CUST_02011,9.0,12.0,1,1753.78,62.341499999999996,0,High Engagement,1
CUST_02012,7.0,6.0,1,643.12,29.56,1,Low Engagement,0
CUST_02013,7.0,17.0,1,75.52,49.226,0,High Engagement,0
CUST_02014,12.0,6.0,1,50.22,27.603,1,Low Engagement,0
CUST_02015,34.0,12.0,1,10492.06,88.714,2,Medium Engagement,0
CUST_02016,17.0,9.0,1,67.16,49.6935,0,High Engagement,0
CUST_02017,19.0,15.0,1,865.9,79.66149999999999,0,High Engagement,1
CUST_02018,18.0,11.0,1,38.5,58.109,0,High Engagement,0
CUST_02019,2.0,14.0,1,255.82,47.415,0,High Engagement,0
CUST_02020,10.0,8.0,1,9153.03,50.293,2,Medium Engagement,0
CUST_02021,18.0,11.0,1,407.91,67.949,0,High Engagement,1
CUST_02022,12.0,7.0,1,417.71,40.613,1,Low Engagement,0
CUST_02023,5.0,9.0,1,3306.55,45.49549999999999,1,Low Engagement,0
CUST_02024,4.0,9.0,1,1210.46,41.443999999999996,1,Low Engagement,0
CUST_02025,7.0,9.0,1,1644.88,46.8255,1,Low Engagement,0
CUST_02026,9.0,6.0,1,104.11,24.39,1,Low Engagement,0
CUST_02027,14.0,5.0,1,271.66,35.5615,1,Low Engagement,0
CUST_02028,4.0,13.0,1,307.16,48.806,0,High Engagement,0
CUST_02029,2.0,11.0,1,119.08,37.4195,1,Low Engagement,0
CUST_02030,12.0,12.0,1,260.4,59.4685,0,High Engagement,0
CUST_02031,16.0,6.0,1,3239.0,50.9745,1,Low Engagement,0
CUST_02032,6.0,12.0,1,461.4,51.321,0,High Engagement,0
CUST_02033,12.0,9.0,1,60.24,41.4925,1,Low Engagement,0
CUST_02034,27.0,6.0,1,867.18,56.3805,0,High Engagement,0
CUST_02035,6.0,10.0,1,43.67,34.2875,1,Low Engagement,0
CUST_02036,24.0,11.0,1,280.47,71.399,0,High Engagement,1
CUST_02037,8.0,8.0,1,1493.28,43.3115,1,Low Engagement,0
CUST_02038,4.0,13.0,1,152.84,45.274,1,Low Engagement,0
CUST_02039,7.0,5.0,1,255.1,22.433999999999997,1,Low Engagement,0
CUST_02040,21.0,5.0,1,70.9,38.129,1,Low Engagement,0
CUST_02041,7.0,7.0,1,294.32,29.465999999999998,1,Low Engagement,0
CUST_02042,23.0,9.0,1,265.56,61.68899999999999,0,High Engagement,1
CUST_02043,11.0,8.0,1,13.74,32.44299999999999,1,Low Engagement,0
CUST_02044,5.0,7.0,1,110.44,21.656,1,Low Engagement,0
CUST_02045,7.0,10.0,1,53.34,36.41599999999999,1,Low Engagement,0
CUST_02046,13.0,4.0,1,429.03,34.7575,1,Low Engagement,0
CUST_02047,8.0,13.0,1,3865.01,64.24600000000001,0,High Engagement,1
CUST_02048,9.0,6.0,1,65.6,22.722,1,Low Engagement,0
CUST_02049,3.0,15.0,1,374.6,50.8045,0,High Engagement,0
CUST_02050,11.0,15.0,1,3632.49,71.887,0,High Engagement,1
CUST_02051,11.0,11.0,1,41.48,47.247499999999995,1,Low Engagement,0
CUST_02052,5.0,9.0,1,18699.75,46.85549999999999,2,Medium Engagement,0
CUST_02053,16.0,10.0,1,102.73,54.534499999999994,0,High Engagement,0
CUST_02054,21.0,10.0,1,33.59,56.863,0,High Engagement,0
CUST_02055,27.0,11.0,1,470.22,75.51400000000001,0,High Engagement,1
CUST_02056,14.0,7.0,1,4493.46,52.0635,2,Medium Engagement,0
CUST_02057,19.0,8.0,1,302.46,53.9455,0,High Engagement,0
CUST_02058,19.0,7.0,1,1794.36,57.0545,0,High Engagement,0
CUST_02059,17.0,7.0,1,607.32,50.342,1,Low Engagement,0
CUST_02060,16.0,9.0,1,28.73,46.388,1,Low Engagement,0
CUST_02061,4.0,13.0,1,287.81,48.482,0,High Engagement,0
CUST_02062,4.0,10.0,1,173.92,36.926500000000004,1,Low Engagement,0
CUST_02063,21.0,12.0,1,395.57,73.7085,0,High Engagement,1
CUST_02064,36.0,10.0,1,2477.93,80.3085,0,High Engagement,1
CUST_02065,10.0,6.0,1,1851.55,39.495999999999995,1,Low Engagement,0
CUST_02066,20.0,13.0,1,313.59,73.74,0,High Engagement,1
CUST_02067,14.0,8.0,1,98.05,41.522499999999994,1,Low Engagement,0
CUST_02068,11.0,8.0,1,14099.66,52.28299999999999,2,Medium Engagement,0
CUST_02069,19.0,13.0,1,444.76,74.452,0,High Engagement,1
CUST_02070,9.0,5.0,1,96.34,21.498,1,Low Engagement,0
CUST_02071,17.0,13.0,1,2922.3,79.1675,0,High Engagement,1
CUST_02072,15.0,13.0,1,690.07,71.308,0,High Engagement,1
CUST_02073,15.0,6.0,1,400.38,41.7045,1,Low Engagement,0
CUST_02074,24.0,12.0,1,149.53,71.20299999999999,0,High Engagement,1
CUST_02075,6.0,12.0,1,102.32,43.885,1,Low Engagement,0
CUST_02076,6.0,7.0,1,438.62,29.7855,1,Low Engagement,0
CUST_02077,11.0,7.0,1,1253.94,43.651999999999994,1,Low Engagement,0
CUST_02078,8.0,9.0,1,100.72,35.66,1,Low Engagement,0
CUST_02079,12.0,12.0,1,451.23,62.200500000000005,0,High Engagement,1
CUST_02080,10.0,7.0,1,443.53,37.129999999999995,1,Low Engagement,0
CUST_02081,13.0,7.0,1,149.5,37.227999999999994,1,Low Engagement,0
CUST_02082,22.0,5.0,1,267.9,44.99399999999999,1,Low Engagement,0
CUST_02083,7.0,11.0,1,227.16,46.3795,1,Low Engagement,0
CUST_02084,6.0,14.0,1,120.18,48.0605,0,High Engagement,0
CUST_02085,17.0,13.0,1,1115.59,76.3115,0,High Engagement,1
CUST_02086,6.0,12.0,1,461.06,51.30899999999999,0,High Engagement,0
CUST_02087,30.0,11.0,1,12.7,65.0115,0,High Engagement,1
CUST_02088,25.0,6.0,1,403.86,51.905499999999996,0,High Engagement,0
CUST_02089,30.0,8.0,1,198.92,58.623000000000005,0,High Engagement,0
CUST_02090,5.0,8.0,1,276.97,30.839000000000006,1,Low Engagement,0
CUST_02091,14.0,9.0,1,92.0,46.351,1,Low Engagement,0
CUST_02092,6.0,8.0,1,181.9,30.044500000000003,1,Low Engagement,0
CUST_02093,32.0,10.0,1,123.09,66.54549999999999,0,High Engagement,1
CUST_02094,12.0,12.0,1,949.24,65.6845,0,High Engagement,1
CUST_02095,15.0,9.0,1,1116.0,59.74999999999999,0,High Engagement,0
CUST_02096,10.0,5.0,1,3757.95,38.49,1,Low Engagement,0
CUST_02097,18.0,9.0,1,374.47,58.889,0,High Engagement,0
CUST_02098,12.0,10.0,1,111.8,48.431,1,Low Engagement,0
CUST_02099,18.0,8.0,1,6553.7,62.948499999999996,2,Medium Engagement,0
CUST_02100,14.0,10.0,1,2031.0,64.9015,0,High Engagement,1
CUST_02101,22.0,5.0,1,2386.75,54.13,1,Low Engagement,0
CUST_02102,20.0,6.0,1,428.98,48.2285,1,Low Engagement,0
CUST_02103,33.0,9.0,1,667.23,70.3775,0,High Engagement,1
CUST_02104,9.0,10.0,1,183.36,45.146,1,Low Engagement,0
CUST_02105,22.0,5.0,1,50.34,37.949999999999996,1,Low Engagement,0
CUST_02106,13.0,7.0,1,2017.8,48.9,1,Low Engagement,0
CUST_02107,21.0,12.0,1,939.58,77.7165,0,High Engagement,1
CUST_02108,10.0,13.0,1,82.69,52.4915,0,High Engagement,0
CUST_02109,6.0,5.0,1,1548.66,29.097499999999997,1,Low Engagement,0
CUST_02110,18.0,7.0,1,120.29,43.5775,1,Low Engagement,0
CUST_02111,9.0,16.0,1,1008.45,64.88,0,High Engagement,1
CUST_02112,7.0,2.0,1,157.18,17.6565,1,Low Engagement,0
CUST_02113,11.0,8.0,1,184.24,39.24699999999999,1,Low Engagement,0
CUST_02114,17.0,11.0,1,296.49,65.0975,0,High Engagement,1
CUST_02115,34.0,8.0,1,759.4,66.2015,0,High Engagement,1
CUST_02116,12.0,3.0,1,648.54,34.278999999999996,1,Low Engagement,0
CUST_02117,13.0,8.0,1,44.27,37.431,1,Low Engagement,0
CUST_02118,11.0,9.0,1,283.05,46.46349999999999,1,Low Engagement,0
CUST_02119,11.0,8.0,1,82.71,35.671,1,Low Engagement,0
CUST_02120,11.0,10.0,1,5362.82,61.41399999999999,2,Medium Engagement,0
CUST_02121,15.0,7.0,1,1032.65,49.7665,1,Low Engagement,0
CUST_02122,11.0,6.0,1,1342.64,40.262,1,Low Engagement,0
CUST_02123,23.0,4.0,1,307.77,45.095,1,Low Engagement,0
CUST_02124,15.0,5.0,1,59.86,30.490499999999997,1,Low Engagement,0
CUST_02125,10.0,3.0,1,98.67,21.337999999999997,1,Low Engagement,0
CUST_02126,16.0,11.0,1,168.82,60.888,0,High Engagement,0
CUST_02127,26.0,9.0,1,218.33,62.574499999999986,0,High Engagement,1
CUST_02128,25.0,10.0,1,3650.02,77.8975,0,High Engagement,1
CUST_02129,18.0,11.0,1,291.68,66.273,0,High Engagement,1
CUST_02130,31.0,9.0,1,761.58,70.5325,0,High Engagement,1
CUST_02131,33.0,8.0,1,327.8,61.917,0,High Engagement,1
CUST_02132,8.0,6.0,1,420.3,29.3545,1,Low Engagement,0
CUST_02133,15.0,13.0,1,165.23,64.252,0,High Engagement,1
CUST_02134,32.0,6.0,1,689.09,56.89749999999999,0,High Engagement,0
CUST_02135,10.0,17.0,1,110.5,56.45,0,High Engagement,0
CUST_02136,19.0,7.0,1,1471.18,56.438500000000005,0,High Engagement,0
CUST_02137,11.0,11.0,1,98.44,49.8915,0,High Engagement,0
CUST_02138,6.0,9.0,1,166.77,34.669,1,Low Engagement,0
CUST_02139,9.0,14.0,1,578.2,61.126999999999995,0,High Engagement,0
CUST_02140,10.0,15.0,1,802.96,65.40499999999999,0,High Engagement,1
CUST_02141,24.0,9.0,1,279.32,62.75099999999999,0,High Engagement,1
CUST_02142,28.0,4.0,1,362.1,48.579,1,Low Engagement,0
CUST_02143,9.0,9.0,1,853.89,48.00749999999999,1,Low Engagement,0
CUST_02144,2.0,10.0,1,1556.6,45.43,1,Low Engagement,0
CUST_02145,29.0,13.0,1,174.85,76.3225,0,High Engagement,1
CUST_02146,4.0,7.0,1,1556.22,32.7245,1,Low Engagement,0
CUST_02147,17.0,4.0,1,905.01,44.355500000000006,1,Low Engagement,0
CUST_02148,34.0,7.0,1,78.87,50.7345,0,High Engagement,0
CUST_02149,4.0,6.0,1,757.0,26.138499999999997,1,Low Engagement,0
CUST_02150,20.0,5.0,1,140.67,40.1145,1,Low Engagement,0
CUST_02151,11.0,6.0,1,31.73,24.769999999999996,1,Low Engagement,0
CUST_02152,14.0,10.0,1,841.3,61.67349999999999,0,High Engagement,1
CUST_02153,12.0,4.0,1,972.54,36.7905,1,Low Engagement,0
CUST_02154,6.0,12.0,1,652.04,52.99699999999999,0,High Engagement,0
CUST_02155,21.0,9.0,1,986.59,66.35249999999999,0,High Engagement,1
CUST_02156,13.0,9.0,1,701.49,54.58749999999999,0,High Engagement,0
CUST_02157,6.0,8.0,1,241.01,31.5025,1,Low Engagement,0
CUST_02158,44.0,11.0,1,344.71,76.857,0,High Engagement,1
CUST_02159,10.0,6.0,1,592.71,34.888,1,Low Engagement,0
CUST_02160,7.0,11.0,1,728.37,52.1815,1,Low Engagement,0
CUST_02161,15.0,8.0,1,149.4,45.0735,1,Low Engagement,0
CUST_02162,2.0,6.0,1,169.38,17.066,1,Low Engagement,0
CUST_02163,6.0,4.0,1,464.85,22.339000000000002,1,Low Engagement,0
CUST_02164,17.0,10.0,1,25.98,52.296,0,High Engagement,0
CUST_02165,11.0,12.0,1,57.58,51.055499999999995,0,High Engagement,0
CUST_02166,1.0,10.0,1,40.2,29.433,1,Low Engagement,0
CUST_02167,8.0,10.0,1,191.01,43.378499999999995,1,Low Engagement,0
CUST_02168,10.0,9.0,1,132.15,40.8655,1,Low Engagement,0
CUST_02169,16.0,11.0,1,1215.58,70.248,0,High Engagement,1
CUST_02170,18.0,12.0,1,201.12,67.31700000000001,0,High Engagement,1
CUST_02171,16.0,7.0,1,103.15,40.1885,1,Low Engagement,0
CUST_02172,22.0,11.0,1,227.0,68.6855,0,High Engagement,1
CUST_02173,13.0,10.0,1,902.25,60.354,0,High Engagement,0
CUST_02174,7.0,9.0,1,2472.52,47.845499999999994,1,Low Engagement,0
CUST_02175,18.0,4.0,1,8139.35,50.663000000000004,2,Medium Engagement,0
CUST_02176,4.0,11.0,1,336.66,44.211999999999996,1,Low Engagement,0
CUST_02177,19.0,10.0,1,10323.69,74.0205,2,Medium Engagement,0
CUST_02178,5.0,8.0,1,169.55,28.383000000000003,1,Low Engagement,0
CUST_02179,11.0,10.0,1,116.63,46.78999999999999,1,Low Engagement,0
CUST_02180,18.0,10.0,1,205.36,60.5035,0,High Engagement,0
CUST_02181,7.0,7.0,1,62.9,22.493999999999996,1,Low Engagement,0
CUST_02182,29.0,5.0,1,555.29,52.505,0,High Engagement,0
CUST_02183,4.0,4.0,1,6619.8,27.778000000000002,2,Medium Engagement,0
CUST_02184,14.0,11.0,1,35.81,52.227000000000004,0,High Engagement,0
CUST_02185,12.0,12.0,1,147.34,56.6285,0,High Engagement,0
CUST_02186,16.0,7.0,1,55.62,38.10849999999999,1,Low Engagement,0
CUST_02187,11.0,9.0,1,484.82,49.18349999999999,1,Low Engagement,0
CUST_02188,46.0,8.0,1,242.76,61.495999999999995,0,High Engagement,1
CUST_02189,25.0,6.0,1,520.27,53.12949999999999,0,High Engagement,0
CUST_02190,16.0,5.0,1,386.28,40.5285,1,Low Engagement,0
CUST_02191,30.0,7.0,1,327.24,56.484,0,High Engagement,0
CUST_02192,18.0,5.0,1,786.88,46.5135,1,Low Engagement,0
CUST_02193,15.0,7.0,1,78.11,37.634499999999996,1,Low Engagement,0
CUST_02194,6.0,7.0,1,2506.05,36.6055,1,Low Engagement,0
CUST_02195,29.0,10.0,1,529.24,72.943,0,High Engagement,1
CUST_02196,3.0,13.0,1,1049.76,53.583000000000006,0,High Engagement,0
CUST_02197,22.0,7.0,1,964.36,57.385999999999996,0,High Engagement,0
CUST_02198,20.0,10.0,1,442.8,66.4245,0,High Engagement,1
CUST_02199,19.0,12.0,1,228.06,69.046,0,High Engagement,1
CUST_02200,3.0,9.0,1,79.78,27.756999999999998,1,Low Engagement,0
CUST_02201,11.0,7.0,1,81.66,30.927999999999994,1,Low Engagement,0
CUST_02202,12.0,9.0,1,173.22,45.82449999999999,1,Low Engagement,0
CUST_02203,10.0,9.0,1,543.06,47.893499999999996,1,Low Engagement,0
CUST_02204,3.0,9.0,1,110.0,29.032999999999998,1,Low Engagement,0
CUST_02205,11.0,9.0,1,48.95,39.00749999999999,1,Low Engagement,0
CUST_02206,7.0,12.0,1,837.03,55.7495,0,High Engagement,0
CUST_02207,17.0,11.0,1,109.5,60.153499999999994,0,High Engagement,0
CUST_02208,19.0,9.0,1,699.61,63.038,0,High Engagement,1
CUST_02209,12.0,7.0,1,71.28,32.32299999999999,1,Low Engagement,0
CUST_02210,10.0,10.0,1,5059.65,59.524,2,Medium Engagement,0
CUST_02211,6.0,9.0,1,73.23,31.104999999999993,1,Low Engagement,0
CUST_02212,7.0,7.0,1,124.03,25.214,1,Low Engagement,0
CUST_02213,19.0,12.0,1,1410.32,77.566,0,High Engagement,1
CUST_02214,6.0,8.0,1,278.9,32.2405,1,Low Engagement,0
CUST_02215,26.0,8.0,1,9924.28,69.654,2,Medium Engagement,0
CUST_02216,18.0,8.0,1,45.12,44.8085,1,Low Engagement,0
CUST_02217,13.0,8.0,1,93.74,39.803,1,Low Engagement,0
CUST_02218,18.0,8.0,1,25.38,43.8145,1,Low Engagement,0
CUST_02219,9.0,12.0,1,1840.8,62.4875,0,High Engagement,1
CUST_02220,27.0,14.0,1,110.15,74.6575,0,High Engagement,1
CUST_02221,3.0,6.0,1,63.63,13.6235,1,Low Engagement,0
CUST_02222,14.0,9.0,1,98.67,46.544999999999995,1,Low Engagement,0
CUST_02223,4.0,8.0,1,2201.36,38.36350000000001,1,Low Engagement,0
CUST_02224,19.0,10.0,1,238.7,62.4045,0,High Engagement,1
CUST_02225,13.0,8.0,1,398.8,46.867,1,Low Engagement,0
CUST_02226,18.0,9.0,1,699.63,61.900999999999996,0,High Engagement,1
CUST_02227,4.0,7.0,1,387.29,26.632499999999997,1,Low Engagement,0
CUST_02228,29.0,9.0,1,212.33,63.58849999999999,0,High Engagement,1
CUST_02229,5.0,8.0,1,104.65,26.043000000000006,1,Low Engagement,0
CUST_02230,8.0,13.0,1,107.8,49.606,0,High Engagement,0
CUST_02231,22.0,13.0,1,23.73,66.1875,0,High Engagement,1
CUST_02232,17.0,9.0,1,335.94,57.101499999999994,0,High Engagement,0
CUST_02233,15.0,10.0,1,3646.34,67.7365,0,High Engagement,1
CUST_02234,16.0,9.0,1,119.47,50.644,0,High Engagement,0
CUST_02235,2.0,6.0,1,74.85,13.498,1,Low Engagement,0
CUST_02236,4.0,5.0,1,157.93,15.8565,1,Low Engagement,0
CUST_02237,6.0,8.0,1,238.58,31.428500000000003,1,Low Engagement,0
CUST_02238,8.0,11.0,1,122.4,45.278,1,Low Engagement,0
CUST_02239,12.0,10.0,1,578.25,56.538999999999994,0,High Engagement,0
CUST_02240,4.0,12.0,1,5729.07,56.616,2,Medium Engagement,0
CUST_02241,2.0,11.0,1,32.55,33.3635,1,Low Engagement,0
CUST_02242,4.0,13.0,1,1222.23,55.13399999999999,0,High Engagement,0
CUST_02243,23.0,8.0,1,16.09,48.0885,0,High Engagement,0
CUST_02244,3.0,11.0,1,65.47,35.701,1,Low Engagement,0
CUST_02245,6.0,10.0,1,23.58,33.307500000000005,1,Low Engagement,0
CUST_02246,11.0,5.0,1,155.21,27.54,1,Low Engagement,0
CUST_02247,11.0,8.0,1,175.96,39.04699999999999,1,Low Engagement,0
CUST_02248,18.0,6.0,1,703.92,48.5475,1,Low Engagement,0
CUST_02249,8.0,6.0,1,857.34,32.7225,1,Low Engagement,0
CUST_02250,9.0,8.0,1,579.68,41.20700000000001,1,Low Engagement,0
CUST_02251,11.0,11.0,1,1523.22,62.7155,0,High Engagement,1
CUST_02252,13.0,7.0,1,50.61,33.111999999999995,1,Low Engagement,0
CUST_02253,14.0,9.0,1,36.67,43.647,1,Low Engagement,0
CUST_02254,6.0,10.0,1,3580.46,51.715500000000006,1,Low Engagement,0
CUST_02255,10.0,9.0,1,214.39,43.177499999999995,1,Low Engagement,0
CUST_02256,12.0,10.0,1,34.22,44.830999999999996,1,Low Engagement,0
CUST_02257,20.0,11.0,1,402.41,69.97,0,High Engagement,1
CUST_02258,5.0,8.0,1,2080.52,39.499,1,Low Engagement,0
CUST_02259,28.0,7.0,1,102.56,50.05349999999999,0,High Engagement,0
CUST_02260,9.0,13.0,1,172.84,53.81750000000001,0,High Engagement,0
CUST_02261,10.0,9.0,1,826.58,49.829499999999996,1,Low Engagement,0
CUST_02262,4.0,6.0,1,86.99,15.7385,1,Low Engagement,0
CUST_02263,11.0,15.0,1,131.77,58.36699999999999,0,High Engagement,0
CUST_02264,3.0,7.0,1,83.04,18.2255,1,Low Engagement,0
CUST_02265,20.0,10.0,1,2808.0,73.4405,0,High Engagement,1
CUST_02266,32.0,13.0,1,65.03,72.94699999999999,0,High Engagement,1
CUST_02267,16.0,11.0,1,82.08,57.672000000000004,0,High Engagement,0
CUST_02268,22.0,8.0,1,88.38,50.70099999999999,0,High Engagement,0
CUST_02269,22.0,4.0,1,149.44,40.5835,1,Low Engagement,0
CUST_02270,16.0,5.0,1,141.78,35.4565,1,Low Engagement,0
CUST_02271,18.0,11.0,1,154.22,63.068999999999996,0,High Engagement,1
CUST_02272,13.0,9.0,1,152.39,47.05149999999999,1,Low Engagement,0
CUST_02273,17.0,7.0,1,70.98,40.202000000000005,1,Low Engagement,0
CUST_02274,16.0,8.0,1,484.5,52.563500000000005,1,Low Engagement,0
CUST_02275,25.0,7.0,1,153.7,50.7235,0,High Engagement,0
CUST_02276,12.0,10.0,1,282.58,53.007000000000005,0,High Engagement,0
CUST_02277,32.0,9.0,1,736.6,70.63899999999998,0,High Engagement,1
CUST_02278,12.0,9.0,1,2987.56,57.6565,0,High Engagement,0
CUST_02279,10.0,5.0,1,108.84,23.965999999999998,1,Low Engagement,0
CUST_02280,23.0,11.0,1,1023.46,76.773,0,High Engagement,1
CUST_02281,12.0,7.0,1,2747.2,47.809000000000005,1,Low Engagement,0
CUST_02282,9.0,10.0,1,124.43,43.374,1,Low Engagement,0
CUST_02283,7.0,9.0,1,79.6,32.9815,1,Low Engagement,0
CUST_02284,12.0,7.0,1,47.54,31.128999999999994,1,Low Engagement,0
CUST_02285,9.0,5.0,1,490.26,29.536,1,Low Engagement,0
CUST_02286,23.0,9.0,1,158.88,59.169,0,High Engagement,0
CUST_02287,19.0,9.0,1,57.81,51.614000000000004,0,High Engagement,0
CUST_02288,16.0,11.0,1,800.49,68.56,0,High Engagement,1
CUST_02289,42.0,9.0,1,791.39,72.1725,0,High Engagement,1
CUST_02290,25.0,8.0,1,397.77,60.1825,0,High Engagement,0
CUST_02291,35.0,12.0,1,1374.93,85.4255,0,High Engagement,1
CUST_02292,8.0,9.0,1,711.84,45.284,1,Low Engagement,0
CUST_02293,28.0,12.0,1,406.59,78.19699999999999,0,High Engagement,1
CUST_02294,19.0,12.0,1,225.57,68.97800000000001,0,High Engagement,1
CUST_02295,8.0,6.0,1,438.57,29.522499999999997,1,Low Engagement,0
CUST_02296,6.0,9.0,1,1719.3,45.336999999999996,1,Low Engagement,0
CUST_02297,15.0,7.0,1,12720.43,54.4225,2,Medium Engagement,0
CUST_02298,13.0,4.0,1,1456.16,40.1895,1,Low Engagement,0
CUST_02299,3.0,7.0,1,1312.64,31.0775,1,Low Engagement,0
CUST_02300,10.0,9.0,1,128.8,40.765499999999996,1,Low Engagement,0
CUST_02301,4.0,6.0,1,2968.07,30.642500000000002,1,Low Engagement,0
CUST_02302,9.0,9.0,1,94.58,37.39149999999999,1,Low Engagement,0
CUST_02303,18.0,10.0,1,188.86,60.043499999999995,0,High Engagement,0
CUST_02304,24.0,12.0,1,2230.07,83.13099999999999,0,High Engagement,1
CUST_02305,24.0,8.0,1,2037.9,66.3145,0,High Engagement,1
CUST_02306,6.0,12.0,1,1399.78,56.248999999999995,0,High Engagement,0
CUST_02307,5.0,4.0,1,252.12,17.9075,1,Low Engagement,0
CUST_02308,5.0,7.0,1,495.6,29.096,1,Low Engagement,0
CUST_02309,14.0,11.0,1,554.11,63.675000000000004,0,High Engagement,1
CUST_02310,42.0,7.0,1,292.24,57.660999999999994,0,High Engagement,0
CUST_02311,6.0,11.0,1,117.0,41.617,1,Low Engagement,0
CUST_02312,23.0,10.0,1,216.06,65.3155,0,High Engagement,1
CUST_02313,7.0,6.0,1,328.49,26.32,1,Low Engagement,0
CUST_02314,4.0,3.0,1,266.82,16.2705,1,Low Engagement,0
CUST_02315,3.0,6.0,1,200.72,18.563499999999998,1,Low Engagement,0
CUST_02316,10.0,7.0,1,1468.44,42.458,1,Low Engagement,0
CUST_02317,11.0,11.0,1,1680.4,63.031499999999994,0,High Engagement,1
CUST_02318,20.0,7.0,1,216.72,48.4545,1,Low Engagement,0
CUST_02319,49.0,12.0,1,71.38,72.65650000000001,0,High Engagement,1
CUST_02320,16.0,8.0,1,371.53,51.2475,1,Low Engagement,0
CUST_02321,29.0,5.0,1,103.02,44.181,1,Low Engagement,0
CUST_02322,16.0,7.0,1,3357.02,54.752500000000005,1,Low Engagement,0
CUST_02323,12.0,9.0,1,1841.64,56.552499999999995,0,High Engagement,0
CUST_02324,57.0,11.0,1,373.08,77.51450000000001,0,High Engagement,1
CUST_02325,4.0,7.0,1,612.76,28.8525,1,Low Engagement,0
CUST_02326,15.0,6.0,1,617.32,43.816500000000005,1,Low Engagement,0
CUST_02327,17.0,8.0,1,143.54,47.793,1,Low Engagement,0
CUST_02328,11.0,17.0,1,306.76,63.33599999999999,0,High Engagement,1
CUST_02329,22.0,9.0,1,116.15,56.857499999999995,0,High Engagement,0
CUST_02330,9.0,11.0,1,7056.66,61.8755,2,Medium Engagement,0
CUST_02331,4.0,13.0,1,394.1,50.041999999999994,0,High Engagement,0
CUST_02332,8.0,7.0,1,142.88,27.6245,1,Low Engagement,0
CUST_02333,26.0,10.0,1,1030.1,74.76899999999999,0,High Engagement,1
CUST_02334,13.0,9.0,1,109.32,45.43149999999999,1,Low Engagement,0
CUST_02335,4.0,7.0,1,70.69,18.664499999999997,1,Low Engagement,0
CUST_02336,10.0,9.0,1,461.16,47.0255,1,Low Engagement,0
CUST_02337,24.0,4.0,1,994.05,51.381,1,Low Engagement,0
CUST_02338,6.0,5.0,1,541.36,24.6335,1,Low Engagement,0
CUST_02339,5.0,11.0,1,183.5,42.3675,1,Low Engagement,0
CUST_02340,11.0,6.0,1,1591.35,40.87,1,Low Engagement,0
CUST_02341,19.0,7.0,1,36.94,40.8465,1,Low Engagement,0
CUST_02342,19.0,6.0,1,101.47,40.1605,1,Low Engagement,0
CUST_02343,8.0,11.0,1,4706.6,59.472,2,Medium Engagement,0
CUST_02344,10.0,7.0,1,491.27,37.734,1,Low Engagement,0
CUST_02345,12.0,6.0,1,415.9,36.907000000000004,1,Low Engagement,0
CUST_02346,1.0,6.0,1,59.37,12.369,1,Low Engagement,0
CUST_02347,15.0,7.0,1,1993.1,52.046499999999995,1,Low Engagement,0
CUST_02348,12.0,8.0,1,479.28,45.955999999999996,1,Low Engagement,0
CUST_02349,22.0,8.0,1,25.66,47.605,0,High Engagement,0
CUST_02350,11.0,10.0,1,188.62,49.04599999999999,1,Low Engagement,0
CUST_02351,14.0,4.0,1,48.31,26.817,1,Low Engagement,0
CUST_02352,18.0,9.0,1,81.9,51.627,0,High Engagement,0
CUST_02353,7.0,7.0,1,77.8,23.237999999999996,1,Low Engagement,0
CUST_02354,7.0,13.0,1,37.36,44.5395,1,Low Engagement,0
CUST_02355,17.0,8.0,1,23.05,42.473,1,Low Engagement,0
CUST_02356,16.0,11.0,1,1656.48,71.404,0,High Engagement,1
CUST_02357,10.0,5.0,1,110.19,24.062,1,Low Engagement,0
CUST_02358,15.0,10.0,1,31.71,49.6685,0,High Engagement,0
CUST_02359,16.0,9.0,1,260.87,54.41199999999999,0,High Engagement,0
CUST_02360,13.0,15.0,1,662.8,69.999,0,High Engagement,1
CUST_02361,14.0,13.0,1,74.28,59.205,0,High Engagement,0
CUST_02362,19.0,6.0,1,100.63,40.1265,1,Low Engagement,0
CUST_02363,23.0,8.0,1,52.52,49.8205,0,High Engagement,0
CUST_02364,13.0,10.0,1,227.86,53.66599999999999,0,High Engagement,0
CUST_02365,14.0,6.0,1,1548.15,46.0615,1,Low Engagement,0
CUST_02366,7.0,10.0,1,5869.68,53.952,2,Medium Engagement,0
CUST_02367,24.0,10.0,1,182.92,65.26549999999999,0,High Engagement,1
CUST_02368,16.0,10.0,1,403.17,61.3505,0,High Engagement,1
CUST_02369,12.0,12.0,1,1277.36,66.8845,0,High Engagement,1
CUST_02370,10.0,12.0,1,560.75,59.587500000000006,0,High Engagement,0
CUST_02371,19.0,4.0,1,52.43,33.936,1,Low Engagement,0
CUST_02372,34.0,12.0,1,475.42,80.574,0,High Engagement,1
CUST_02373,20.0,10.0,1,327.6,64.9965,0,High Engagement,1
CUST_02374,7.0,11.0,1,1128.25,54.0255,0,High Engagement,0
CUST_02375,7.0,8.0,1,99.06,28.741,1,Low Engagement,0
CUST_02376,10.0,14.0,1,85.55,53.913,0,High Engagement,0
CUST_02377,10.0,11.0,1,370.62,54.6215,0,High Engagement,0
CUST_02378,14.0,7.0,1,1629.48,49.9035,1,Low Engagement,0
CUST_02379,17.0,5.0,1,109.83,35.606,1,Low Engagement,0
CUST_02380,26.0,8.0,1,368.91,60.266,0,High Engagement,0
CUST_02381,39.0,8.0,1,3360.56,71.56700000000001,0,High Engagement,1
CUST_02382,8.0,12.0,1,2674.16,61.456,0,High Engagement,1
CUST_02383,53.0,15.0,1,189.76,81.036,0,High Engagement,1
CUST_02384,16.0,10.0,1,1933.34,67.9105,0,High Engagement,1
CUST_02385,3.0,1.0,1,71.89,9.024000000000001,1,Low Engagement,0
CUST_02386,13.0,8.0,1,1229.21,51.927,1,Low Engagement,0
CUST_02387,15.0,6.0,1,746.8,44.6805,1,Low Engagement,0
CUST_02388,5.0,3.0,1,1750.7,25.918000000000003,1,Low Engagement,0
CUST_02389,8.0,8.0,1,512.64,38.7155,1,Low Engagement,0
CUST_02390,27.0,7.0,1,2657.99,63.7665,0,High Engagement,1
CUST_02391,9.0,5.0,1,386.71,28.355999999999998,1,Low Engagement,0
CUST_02392,41.0,7.0,1,1438.14,64.856,0,High Engagement,1
CUST_02393,8.0,15.0,1,9352.67,67.1155,2,Medium Engagement,0
CUST_02394,45.0,4.0,1,8731.1,60.479499999999994,2,Medium Engagement,0
CUST_02395,13.0,10.0,1,987.82,60.78199999999999,0,High Engagement,0
CUST_02396,10.0,7.0,1,486.76,37.686,1,Low Engagement,0
CUST_02397,28.0,14.0,1,27.83,71.1645,0,High Engagement,1
CUST_02398,5.0,6.0,1,765.19,27.466,1,Low Engagement,0
CUST_02399,14.0,9.0,1,2004.96,60.17499999999999,0,High Engagement,0
CUST_02400,9.0,10.0,1,74.93,41.226,1,Low Engagement,0
CUST_02401,17.0,14.0,1,89.33,65.661,0,High Engagement,1
CUST_02402,21.0,8.0,1,280.92,55.36399999999999,0,High Engagement,0
CUST_02403,22.0,14.0,1,1249.1,83.025,0,High Engagement,1
CUST_02404,20.0,8.0,1,433.06,56.63349999999999,0,High Engagement,0
CUST_02405,8.0,9.0,1,6481.68,51.232,2,Medium Engagement,0
CUST_02406,10.0,8.0,1,744.32,44.349,1,Low Engagement,0
CUST_02407,17.0,9.0,1,1701.71,64.2055,0,High Engagement,1
CUST_02408,17.0,10.0,1,38.08,52.918,0,High Engagement,0
CUST_02409,39.0,9.0,1,82.64,61.19549999999999,0,High Engagement,1
CUST_02410,5.0,4.0,1,705.13,23.0135,1,Low Engagement,0
CUST_02411,32.0,7.0,1,54.33,49.1155,0,High Engagement,0
CUST_02412,7.0,8.0,1,417.48,35.873,1,Low Engagement,0
CUST_02413,12.0,9.0,1,103.66,43.384499999999996,1,Low Engagement,0
CUST_02414,24.0,14.0,1,88.5,72.22649999999999,0,High Engagement,1
CUST_02415,8.0,10.0,1,4578.08,55.4825,2,Medium Engagement,0
CUST_02416,18.0,7.0,1,108.43,43.005500000000005,1,Low Engagement,0
CUST_02417,19.0,11.0,1,37.94,59.226,0,High Engagement,0
CUST_02418,17.0,9.0,1,121.07,52.069500000000005,0,High Engagement,0
CUST_02419,26.0,11.0,1,474.19,75.1565,0,High Engagement,1
CUST_02420,42.0,8.0,1,5243.35,72.37599999999999,0,High Engagement,1
CUST_02421,25.0,11.0,1,3680.26,81.843,0,High Engagement,1
CUST_02422,5.0,8.0,1,81.05,25.079,1,Low Engagement,0
CUST_02423,12.0,12.0,1,73.74,53.7165,0,High Engagement,0
CUST_02424,12.0,12.0,1,1777.91,68.0485,0,High Engagement,1
CUST_02425,22.0,12.0,1,2174.71,81.47749999999999,0,High Engagement,1
CUST_02426,2.0,10.0,1,236.3,36.754,1,Low Engagement,0
CUST_02427,2.0,13.0,1,775.35,51.6335,0,High Engagement,0
CUST_02428,32.0,10.0,1,31.88,62.30149999999999,0,High Engagement,1
CUST_02429,9.0,7.0,1,108.6,28.247999999999994,1,Low Engagement,0
CUST_02430,7.0,8.0,1,104.0,28.981,1,Low Engagement,0
CUST_02431,11.0,8.0,1,125.91,37.507,1,Low Engagement,0
CUST_02432,7.0,9.0,1,205.83,37.281499999999994,1,Low Engagement,0
CUST_02433,13.0,12.0,1,132.56,57.9715,0,High Engagement,0
CUST_02434,12.0,6.0,1,570.6,38.407000000000004,1,Low Engagement,0
CUST_02435,12.0,3.0,1,67.73,23.730999999999998,1,Low Engagement,0
CUST_02436,3.0,12.0,1,69.24,38.873,1,Low Engagement,0
CUST_02437,22.0,9.0,1,74.18,55.049499999999995,0,High Engagement,0
CUST_02438,23.0,4.0,1,20.93,35.799,1,Low Engagement,0
CUST_02439,12.0,6.0,1,1197.72,41.655,1,Low Engagement,0
CUST_02440,15.0,11.0,1,4134.0,71.89,0,High Engagement,1
CUST_02441,14.0,10.0,1,1045.36,62.64149999999999,0,High Engagement,1
CUST_02442,35.0,14.0,1,115.89,77.089,0,High Engagement,1
CUST_02443,9.0,10.0,1,486.6,50.11,1,Low Engagement,0
CUST_02444,13.0,9.0,1,116.81,45.787499999999994,1,Low Engagement,0
CUST_02445,48.0,7.0,1,349.41,58.7255,0,High Engagement,0
CUST_02446,11.0,8.0,1,75.73,35.334999999999994,1,Low Engagement,0
CUST_02447,4.0,6.0,1,2212.05,30.0225,1,Low Engagement,0
CUST_02448,12.0,13.0,1,758.68,66.80649999999999,0,High Engagement,1
CUST_02449,32.0,9.0,1,2155.88,74.55099999999999,0,High Engagement,1
CUST_02450,23.0,10.0,1,109.46,62.039500000000004,0,High Engagement,1
CUST_02451,11.0,10.0,1,1611.84,58.96199999999999,0,High Engagement,0
CUST_02452,21.0,8.0,1,1296.24,62.407999999999994,0,High Engagement,1
CUST_02453,35.0,7.0,1,39.11,48.913999999999994,0,High Engagement,0
CUST_02454,1.0,11.0,1,134.9,37.5865,1,Low Engagement,0
CUST_02455,8.0,8.0,1,68.31,29.279500000000002,1,Low Engagement,0
CUST_02456,10.0,13.0,1,1423.55,65.6955,0,High Engagement,1
CUST_02457,8.0,7.0,1,757.71,35.8765,1,Low Engagement,0
CUST_02458,21.0,5.0,1,1318.94,51.573,1,Low Engagement,0
CUST_02459,27.0,10.0,1,77.36,63.0245,0,High Engagement,1
CUST_02460,23.0,6.0,1,139.62,45.127500000000005,1,Low Engagement,0
CUST_02461,14.0,9.0,1,250.81,51.08299999999999,1,Low Engagement,0
CUST_02462,28.0,9.0,1,367.2,66.077,0,High Engagement,1
CUST_02463,12.0,3.0,1,750.15,35.00299999999999,1,Low Engagement,0
CUST_02464,23.0,7.0,1,1746.1,60.4135,0,High Engagement,0
CUST_02465,10.0,10.0,1,259.37,48.848,1,Low Engagement,0
CUST_02466,9.0,10.0,1,740.85,52.09,1,Low Engagement,0
CUST_02467,3.0,9.0,1,486.04,36.42099999999999,1,Low Engagement,0
CUST_02468,16.0,5.0,1,480.97,41.5925,1,Low Engagement,0
CUST_02469,15.0,8.0,1,1394.94,55.6135,0,High Engagement,0
CUST_02470,6.0,9.0,1,93.85,32.013,1,Low Engagement,0
CUST_02471,4.0,8.0,1,793.68,34.731500000000004,1,Low Engagement,0
CUST_02472,10.0,8.0,1,9678.92,50.333000000000006,2,Medium Engagement,0
CUST_02473,13.0,8.0,1,579.82,48.659,1,Low Engagement,0
CUST_02474,14.0,7.0,1,11630.16,52.8195,2,Medium Engagement,0
CUST_02475,13.0,7.0,1,601.84,44.18,1,Low Engagement,0
CUST_02476,19.0,8.0,1,5391.9,63.8695,2,Medium Engagement,0
CUST_02477,10.0,11.0,1,343.67,54.2455,0,High Engagement,0
CUST_02478,18.0,10.0,1,80.21,56.2395,0,High Engagement,0
CUST_02479,8.0,5.0,1,3113.29,34.216499999999996,1,Low Engagement,0
CUST_02480,14.0,11.0,1,560.88,63.731,0,High Engagement,1
CUST_02481,15.0,11.0,1,151.48,58.794000000000004,0,High Engagement,0
CUST_02482,11.0,6.0,1,2184.38,41.754,1,Low Engagement,0
CUST_02483,14.0,7.0,1,1046.93,48.2715,1,Low Engagement,0
CUST_02484,4.0,7.0,1,692.02,29.3925,1,Low Engagement,0
CUST_02485,11.0,6.0,1,146.4,29.766,1,Low Engagement,0
CUST_02486,2.0,9.0,1,1290.72,40.019499999999994,1,Low Engagement,0
CUST_02487,6.0,8.0,1,239.94,31.472500000000004,1,Low Engagement,0
CUST_02488,12.0,5.0,1,237.02,31.465,1,Low Engagement,0
CUST_02489,14.0,5.0,1,70.03,29.4315,1,Low Engagement,0
CUST_02490,10.0,12.0,1,137.71,52.62549999999999,0,High Engagement,0
CUST_02491,8.0,8.0,1,580.0,39.2795,1,Low Engagement,0
CUST_02492,24.0,10.0,1,401.01,69.28549999999998,0,High Engagement,1
CUST_02493,10.0,5.0,1,3037.85,38.038,1,Low Engagement,0
CUST_02494,36.0,9.0,1,128.64,62.817999999999984,0,High Engagement,1
CUST_02495,19.0,13.0,1,55.48,65.17999999999999,0,High Engagement,1
CUST_02496,23.0,11.0,1,160.27,67.841,0,High Engagement,1
CUST_02497,7.0,7.0,1,91.69,23.837999999999997,1,Low Engagement,0
CUST_02498,15.0,11.0,1,217.83,60.556,0,High Engagement,0
CUST_02499,6.0,7.0,1,98.56,22.4415,1,Low Engagement,0
CUST_02500,11.0,8.0,1,382.35,43.019,1,Low Engagement,0
CUST_02501,7.0,3.0,1,306.41,21.248,1,Low Engagement,0
CUST_02502,18.0,10.0,1,497.35,64.98349999999999,0,High Engagement,1
CUST_02503,11.0,5.0,1,181.74,28.252,1,Low Engagement,0
CUST_02504,8.0,8.0,1,422.96,37.7315,1,Low Engagement,0
CUST_02505,15.0,3.0,1,10941.3,45.960499999999996,2,Medium Engagement,0
CUST_02506,10.0,5.0,1,4214.74,38.666,1,Low Engagement,0
CUST_02507,39.0,4.0,1,53.39,42.3775,0,High Engagement,0
CUST_02508,8.0,13.0,1,50.52,47.053999999999995,0,High Engagement,0
CUST_02509,4.0,13.0,1,72.22,42.094,1,Low Engagement,0
CUST_02510,14.0,14.0,1,5718.14,76.97850000000001,2,Medium Engagement,0
CUST_02511,11.0,8.0,1,1214.59,48.214999999999996,1,Low Engagement,0
CUST_02512,12.0,17.0,1,1175.72,71.405,0,High Engagement,1
CUST_02513,7.0,9.0,1,150.36,35.741499999999995,1,Low Engagement,0
CUST_02514,11.0,9.0,1,850.44,51.75949999999999,1,Low Engagement,0
CUST_02515,12.0,10.0,1,1404.36,60.363,0,High Engagement,0
CUST_02516,25.0,8.0,1,13.45,49.4385,0,High Engagement,0
CUST_02517,24.0,7.0,1,1125.32,59.591499999999996,0,High Engagement,0
CUST_02518,6.0,9.0,1,342.48,38.300999999999995,1,Low Engagement,0
CUST_02519,32.0,14.0,1,1064.08,87.15449999999998,0,High Engagement,1
CUST_02520,21.0,6.0,1,1011.54,53.091,1,Low Engagement,0
CUST_02521,26.0,9.0,1,261.05,63.5025,0,High Engagement,1
CUST_02522,23.0,8.0,1,564.42,60.4445,0,High Engagement,0
CUST_02523,7.0,7.0,1,140.52,25.714,1,Low Engagement,0
CUST_02524,15.0,7.0,1,298.1,43.8945,1,Low Engagement,0
CUST_02525,20.0,7.0,1,97.74,44.6385,1,Low Engagement,0
CUST_02526,1.0,8.0,1,129.19,23.778000000000002,1,Low Engagement,0
CUST_02527,25.0,16.0,1,28.08,71.1075,0,High Engagement,1
CUST_02528,9.0,5.0,1,438.47,28.888,1,Low Engagement,0
CUST_02529,3.0,5.0,1,225.64,16.5415,1,Low Engagement,0
CUST_02530,10.0,10.0,1,2155.68,57.936,0,High Engagement,0
CUST_02531,27.0,9.0,1,1454.26,71.85000000000001,0,High Engagement,1
CUST_02532,8.0,5.0,1,574.05,28.296499999999998,1,Low Engagement,0
CUST_02533,12.0,8.0,1,1258.33,50.215999999999994,1,Low Engagement,0
CUST_02534,7.0,10.0,1,36.55,35.516,1,Low Engagement,0
CUST_02535,18.0,9.0,1,370.25,58.821,0,High Engagement,0
CUST_02536,6.0,12.0,1,1490.25,56.480999999999995,0,High Engagement,0
CUST_02537,24.0,13.0,1,211.19,74.925,0,High Engagement,1
CUST_02538,4.0,10.0,1,8890.0,50.046499999999995,2,Medium Engagement,0
CUST_02539,12.0,14.0,1,450.64,65.532,0,High Engagement,1
CUST_02540,7.0,9.0,1,715.93,43.4775,1,Low Engagement,0
CUST_02541,25.0,9.0,1,3306.18,72.991,0,High Engagement,1
CUST_02542,11.0,12.0,1,988.51,64.0275,0,High Engagement,1
CUST_02543,12.0,9.0,1,537.81,51.54449999999999,1,Low Engagement,0
CUST_02544,15.0,5.0,1,198.71,35.5665,1,Low Engagement,0
CUST_02545,24.0,9.0,1,2576.29,71.843,0,High Engagement,1
CUST_02546,9.0,10.0,1,4285.6,57.346,2,Medium Engagement,0
CUST_02547,22.0,11.0,1,426.1,71.88950000000001,0,High Engagement,1
CUST_02548,15.0,8.0,1,494.12,51.1135,1,Low Engagement,0
CUST_02549,22.0,10.0,1,1561.2,73.652,0,High Engagement,1
CUST_02550,18.0,11.0,1,3757.62,75.873,0,High Engagement,1
CUST_02551,19.0,7.0,1,104.71,44.0025,1,Low Engagement,0
CUST_02552,15.0,11.0,1,1356.89,69.162,0,High Engagement,1
CUST_02553,7.0,6.0,1,7242.7,36.132,2,Medium Engagement,0
CUST_02554,8.0,8.0,1,890.91,41.2555,1,Low Engagement,0
CUST_02555,10.0,6.0,1,80.76,25.363999999999997,1,Low Engagement,0
CUST_02556,26.0,14.0,1,1282.92,85.85000000000001,0,High Engagement,1
CUST_02557,6.0,10.0,1,2585.38,51.051500000000004,1,Low Engagement,0
CUST_02558,15.0,7.0,1,265.38,43.238499999999995,1,Low Engagement,0
CUST_02559,23.0,9.0,1,5375.16,72.317,2,Medium Engagement,0
CUST_02560,6.0,8.0,1,26.22,23.7285,1,Low Engagement,0
CUST_02561,13.0,16.0,1,108.96,61.559999999999995,0,High Engagement,1
CUST_02562,16.0,10.0,1,490.68,62.338499999999996,0,High Engagement,1
CUST_02563,19.0,8.0,1,704.13,58.0655,0,High Engagement,0
CUST_02564,11.0,4.0,1,1461.34,36.5415,1,Low Engagement,0
CUST_02565,16.0,7.0,1,211.59,43.640499999999996,1,Low Engagement,0
CUST_02566,3.0,7.0,1,168.39,21.3855,1,Low Engagement,0
CUST_02567,19.0,20.0,1,130.35,71.36449999999999,0,High Engagement,1
CUST_02568,18.0,7.0,1,167.43,45.1415,1,Low Engagement,0
CUST_02569,6.0,6.0,1,43.76,16.2395,1,Low Engagement,0
CUST_02570,11.0,7.0,1,122.0,32.66,1,Low Engagement,0
CUST_02571,7.0,6.0,1,91.4,20.132,1,Low Engagement,0
CUST_02572,1.0,6.0,1,287.76,19.393,1,Low Engagement,0
CUST_02573,4.0,9.0,1,309.85,35.208,1,Low Engagement,0
CUST_02574,4.0,13.0,1,114.3,43.858,1,Low Engagement,0
CUST_02575,12.0,5.0,1,88.79,26.893,1,Low Engagement,0
CUST_02576,7.0,10.0,1,66.4,37.041999999999994,1,Low Engagement,0
CUST_02577,7.0,8.0,1,1617.37,41.741,1,Low Engagement,0
CUST_02578,18.0,11.0,1,1310.59,73.153,0,High Engagement,1
CUST_02579,10.0,7.0,1,833.35,40.162,1,Low Engagement,0
CUST_02580,42.0,11.0,1,4058.0,85.7045,0,High Engagement,1
CUST_02581,20.0,5.0,1,380.24,45.1505,1,Low Engagement,0
CUST_02582,5.0,5.0,1,365.62,21.32,1,Low Engagement,0
CUST_02583,12.0,9.0,1,71.37,42.0205,1,Low Engagement,0
CUST_02584,7.0,7.0,1,620.3,33.146,1,Low Engagement,0
CUST_02585,14.0,11.0,1,1266.08,67.275,0,High Engagement,1
CUST_02586,27.0,10.0,1,412.63,70.97650000000002,0,High Engagement,1
CUST_02587,23.0,11.0,1,124.18,66.66899999999998,0,High Engagement,1
CUST_02588,8.0,8.0,1,133.03,31.9955,1,Low Engagement,0
CUST_02589,4.0,6.0,1,645.21,25.354499999999998,1,Low Engagement,0
CUST_02590,15.0,7.0,1,232.83,42.5625,1,Low Engagement,0
CUST_02591,16.0,8.0,1,71.69,43.5755,1,Low Engagement,0
CUST_02592,32.0,9.0,1,35.15,57.77899999999999,0,High Engagement,0
CUST_02593,14.0,11.0,1,16.68,51.41899999999999,0,High Engagement,0
CUST_02594,31.0,8.0,1,351.67,61.8,0,High Engagement,1
CUST_02595,12.0,10.0,1,145.44,49.650999999999996,1,Low Engagement,0
CUST_02596,37.0,7.0,1,60.16,50.27349999999999,0,High Engagement,0
CUST_02597,39.0,9.0,1,118.48,62.7195,0,High Engagement,1
CUST_02598,16.0,16.0,1,42.76,63.2405,0,High Engagement,1
CUST_02599,23.0,7.0,1,1463.1,59.869499999999995,0,High Engagement,0
CUST_02600,15.0,9.0,1,543.09,56.574000000000005,0,High Engagement,0
CUST_02601,19.0,7.0,1,517.23,51.9305,1,Low Engagement,0
CUST_02602,16.0,8.0,1,299.49,50.14350000000001,1,Low Engagement,0
CUST_02603,5.0,7.0,1,324.69,26.996,1,Low Engagement,0
CUST_02604,6.0,10.0,1,966.18,47.8715,1,Low Engagement,0
CUST_02605,9.0,11.0,1,702.06,55.767500000000005,0,High Engagement,0
CUST_02606,17.0,13.0,1,49.52,62.46949999999999,0,High Engagement,1
CUST_02607,21.0,10.0,1,113.47,60.55099999999999,0,High Engagement,0
CUST_02608,18.0,5.0,1,11244.84,52.28950000000001,2,Medium Engagement,0
CUST_02609,28.0,10.0,1,133.52,65.72749999999999,0,High Engagement,1
CUST_02610,18.0,7.0,1,165.82,45.0855,1,Low Engagement,0
CUST_02611,3.0,7.0,1,982.58,29.9255,1,Low Engagement,0
CUST_02612,44.0,5.0,1,386.79,52.9055,0,High Engagement,0
CUST_02613,8.0,8.0,1,414.95,37.6795,1,Low Engagement,0
CUST_02614,14.0,9.0,1,89.14,46.235,1,Low Engagement,0
CUST_02615,28.0,10.0,1,100.48,64.3475,0,High Engagement,1
CUST_02616,14.0,13.0,1,239.19,64.517,0,High Engagement,1
CUST_02617,22.0,4.0,1,581.88,47.36749999999999,1,Low Engagement,0
CUST_02618,32.0,6.0,1,171.53,50.0135,0,High Engagement,0
CUST_02619,26.0,9.0,1,283.62,63.964499999999994,0,High Engagement,1
CUST_02620,16.0,14.0,1,1290.94,76.7875,0,High Engagement,1
CUST_02621,5.0,10.0,1,1168.44,47.254000000000005,1,Low Engagement,0
CUST_02622,12.0,2.0,1,1312.2,37.079499999999996,1,Low Engagement,0
CUST_02623,12.0,8.0,1,164.48,40.599999999999994,1,Low Engagement,0
CUST_02624,29.0,6.0,1,1839.54,59.939,0,High Engagement,0
CUST_02625,15.0,8.0,1,394.4,49.9975,1,Low Engagement,0
CUST_02626,19.0,8.0,1,94.59,48.3015,1,Low Engagement,0
CUST_02627,2.0,5.0,1,184.89,14.904,1,Low Engagement,0
CUST_02628,26.0,7.0,1,4972.89,64.443,2,Medium Engagement,0
CUST_02629,25.0,8.0,1,723.65,63.06649999999999,0,High Engagement,1
CUST_02630,8.0,7.0,1,226.83,29.8765,1,Low Engagement,0
CUST_02631,21.0,10.0,1,103.76,60.14699999999999,0,High Engagement,0
CUST_02632,8.0,8.0,1,6839.84,46.2915,2,Medium Engagement,0
CUST_02633,19.0,7.0,1,60.01,42.0445,1,Low Engagement,0
CUST_02634,23.0,10.0,1,31.06,58.3715,0,High Engagement,0
CUST_02635,18.0,8.0,1,434.34,54.5605,0,High Engagement,0
CUST_02636,31.0,10.0,1,1362.48,77.619,0,High Engagement,1
CUST_02637,16.0,8.0,1,4715.42,59.9595,2,Medium Engagement,0
CUST_02638,8.0,10.0,1,133.71,41.7185,1,Low Engagement,0
CUST_02639,16.0,8.0,1,657.24,53.9915,0,High Engagement,0
CUST_02640,9.0,6.0,1,5881.96,39.662,2,Medium Engagement,0
CUST_02641,17.0,7.0,1,359.4,47.73,1,Low Engagement,0
CUST_02642,1.0,10.0,1,121.68,33.19499999999999,1,Low Engagement,0
CUST_02643,10.0,10.0,1,117.6,45.019999999999996,1,Low Engagement,0
CUST_02644,16.0,9.0,1,932.99,60.56399999999999,0,High Engagement,0
CUST_02645,10.0,9.0,1,239.16,43.7615,1,Low Engagement,0
CUST_02646,13.0,6.0,1,119.28,32.538,1,Low Engagement,0
CUST_02647,9.0,16.0,1,1544.5,66.52,0,High Engagement,1
CUST_02648,15.0,13.0,1,1636.3,74.84,0,High Engagement,1
CUST_02649,13.0,14.0,1,1774.77,73.175,0,High Engagement,1
CUST_02650,8.0,10.0,1,1049.07,51.6745,1,Low Engagement,0
CUST_02651,5.0,10.0,1,27.96,32.134,1,Low Engagement,0
CUST_02652,7.0,12.0,1,1143.35,57.0415,0,High Engagement,0
CUST_02653,11.0,16.0,1,238.51,61.724000000000004,0,High Engagement,1
CUST_02654,3.0,10.0,1,8352.75,49.0155,2,Medium Engagement,0
CUST_02655,21.0,11.0,1,6369.33,79.47649999999999,2,Medium Engagement,0
CUST_02656,33.0,7.0,1,668.0,60.694,0,High Engagement,0
CUST_02657,31.0,7.0,1,149.8,52.797000000000004,0,High Engagement,0
CUST_02658,12.0,17.0,1,3075.78,74.145,0,High Engagement,1
CUST_02659,27.0,9.0,1,34.44,56.19,0,High Engagement,0
CUST_02660,18.0,9.0,1,13.17,48.437,0,High Engagement,0
CUST_02661,7.0,9.0,1,3258.1,48.4135,1,Low Engagement,0
CUST_02662,3.0,10.0,1,2783.61,47.5635,1,Low Engagement,0
CUST_02663,7.0,2.0,1,1909.08,28.9245,1,Low Engagement,0
CUST_02664,10.0,9.0,1,479.25,47.25749999999999,1,Low Engagement,0
CUST_02665,15.0,10.0,1,93.44,52.6485,0,High Engagement,0
CUST_02666,16.0,7.0,1,2580.04,54.2005,1,Low Engagement,0
CUST_02667,5.0,11.0,1,637.38,48.579499999999996,1,Low Engagement,0
CUST_02668,17.0,8.0,1,322.84,51.893,1,Low Engagement,0
CUST_02669,14.0,9.0,1,4735.17,61.846999999999994,2,Medium Engagement,0
CUST_02670,14.0,8.0,1,629.2,50.6745,1,Low Engagement,0
CUST_02671,13.0,10.0,1,47.58,47.318,1,Low Engagement,0
CUST_02672,21.0,6.0,1,1591.68,54.811,1,Low Engagement,0
CUST_02673,31.0,7.0,1,158.6,53.113,0,High Engagement,0
CUST_02674,21.0,11.0,1,43.25,61.280499999999996,0,High Engagement,1
CUST_02675,46.0,6.0,1,4833.22,64.067,0,High Engagement,1
CUST_02676,17.0,7.0,1,2259.88,55.262,1,Low Engagement,0
CUST_02677,15.0,7.0,1,30.92,35.2425,1,Low Engagement,0
CUST_02678,11.0,12.0,1,134.74,54.3755,0,High Engagement,0
CUST_02679,30.0,5.0,1,2403.18,58.34,0,High Engagement,0
CUST_02680,7.0,9.0,1,55.2,31.833499999999997,1,Low Engagement,0
CUST_02681,28.0,6.0,1,573.36,54.8675,0,High Engagement,0
CUST_02682,8.0,11.0,1,1028.81,55.50400000000001,0,High Engagement,0
CUST_02683,15.0,10.0,1,1008.72,64.0405,0,High Engagement,1
CUST_02684,17.0,11.0,1,2908.24,74.1335,0,High Engagement,1
CUST_02685,8.0,11.0,1,103.4,44.42,1,Low Engagement,0
CUST_02686,15.0,9.0,1,524.37,56.394,0,High Engagement,0
CUST_02687,19.0,9.0,1,108.07,53.82199999999999,0,High Engagement,0
CUST_02688,7.0,6.0,1,755.14,30.352,1,Low Engagement,0
CUST_02689,7.0,8.0,1,662.36,38.089,1,Low Engagement,0
CUST_02690,42.0,9.0,1,4071.89,77.0885,0,High Engagement,1
CUST_02691,20.0,12.0,1,586.04,74.738,0,High Engagement,1
CUST_02692,21.0,9.0,1,82.79,54.62049999999999,0,High Engagement,0
CUST_02693,9.0,11.0,1,64.33,44.651500000000006,1,Low Engagement,0
CUST_02694,16.0,7.0,1,923.5,50.8325,1,Low Engagement,0
CUST_02695,14.0,10.0,1,198.19,54.5975,0,High Engagement,0
CUST_02696,6.0,7.0,1,516.4,30.645500000000002,1,Low Engagement,0
CUST_02697,53.0,7.0,1,927.96,63.42099999999999,0,High Engagement,1
CUST_02698,18.0,12.0,1,133.74,65.337,0,High Engagement,1
CUST_02699,17.0,11.0,1,429.99,66.9095,0,High Engagement,1
CUST_02700,18.0,4.0,1,97.71,34.803,1,Low Engagement,0
CUST_02701,7.0,5.0,1,81.79,17.142,1,Low Engagement,0
CUST_02702,52.0,11.0,1,875.03,81.463,0,High Engagement,1
CUST_02703,10.0,17.0,1,1546.6,68.758,0,High Engagement,1
CUST_02704,10.0,10.0,1,961.91,55.14399999999999,0,High Engagement,0
CUST_02705,18.0,9.0,1,191.22,55.409,0,High Engagement,0
CUST_02706,9.0,8.0,1,133.49,33.947,1,Low Engagement,0
CUST_02707,13.0,10.0,1,4051.16,64.738,0,High Engagement,1
CUST_02708,16.0,9.0,1,70.7,48.519999999999996,1,Low Engagement,0
CUST_02709,15.0,6.0,1,229.32,38.8165,1,Low Engagement,0
CUST_02710,12.0,10.0,1,109.87,48.346999999999994,1,Low Engagement,0
CUST_02711,7.0,12.0,1,2297.47,59.2855,0,High Engagement,0
CUST_02712,22.0,6.0,1,263.47,47.452,1,Low Engagement,0
CUST_02713,28.0,11.0,1,19.69,64.509,0,High Engagement,1
CUST_02714,7.0,7.0,1,326.8,29.974,1,Low Engagement,0
CUST_02715,26.0,10.0,1,569.5,72.06899999999999,0,High Engagement,1
CUST_02716,8.0,7.0,1,447.84,33.2965,1,Low Engagement,0
CUST_02717,18.0,12.0,1,571.45,72.50500000000001,0,High Engagement,1
CUST_02718,16.0,10.0,1,99.66,54.4065,0,High Engagement,0
CUST_02719,22.0,4.0,1,788.85,48.8075,1,Low Engagement,0
CUST_02720,5.0,10.0,1,164.4,37.918,1,Low Engagement,0
CUST_02721,16.0,9.0,1,306.93,55.303999999999995,0,High Engagement,0
CUST_02722,11.0,10.0,1,613.5,54.99799999999999,0,High Engagement,0
CUST_02723,23.0,9.0,1,62.17,55.301,0,High Engagement,0
CUST_02724,18.0,7.0,1,6031.04,58.13750000000001,2,Medium Engagement,0
CUST_02725,16.0,5.0,1,177.0,36.5485,1,Low Engagement,0
CUST_02726,8.0,7.0,1,123.42,27.0085,1,Low Engagement,0
CUST_02727,19.0,5.0,1,283.34,42.6705,1,Low Engagement,0
CUST_02728,8.0,6.0,1,48.01,19.886499999999998,1,Low Engagement,0
CUST_02729,5.0,8.0,1,6687.15,41.475,2,Medium Engagement,0
CUST_02730,9.0,12.0,1,375.22,55.7195,0,High Engagement,0
CUST_02731,10.0,13.0,1,2209.35,66.96749999999999,0,High Engagement,1
CUST_02732,11.0,9.0,1,1635.72,54.34349999999999,1,Low Engagement,0
CUST_02733,14.0,9.0,1,497.55,54.579,0,High Engagement,0
CUST_02734,14.0,8.0,1,47.0,39.19049999999999,1,Low Engagement,0
CUST_02735,16.0,4.0,1,480.38,40.083999999999996,1,Low Engagement,0
CUST_02736,14.0,8.0,1,383.55,48.2985,1,Low Engagement,0
CUST_02737,8.0,9.0,1,277.47,40.644,1,Low Engagement,0
CUST_02738,20.0,5.0,1,2013.84,52.070499999999996,1,Low Engagement,0
CUST_02739,8.0,11.0,1,425.1,51.388,1,Low Engagement,0
CUST_02740,15.0,18.0,1,209.93,68.2685,0,High Engagement,1
CUST_02741,24.0,10.0,1,86.01,61.8895,0,High Engagement,1
CUST_02742,11.0,12.0,1,143.66,54.6395,0,High Engagement,0
CUST_02743,6.0,9.0,1,450.63,39.593,1,Low Engagement,0
CUST_02744,6.0,10.0,1,20.23,33.1635,1,Low Engagement,0
CUST_02745,8.0,10.0,1,711.83,49.966499999999996,1,Low Engagement,0
CUST_02746,6.0,7.0,1,64.25,20.9735,1,Low Engagement,0
CUST_02747,25.0,8.0,1,452.24,60.73449999999999,0,High Engagement,0
CUST_02748,12.0,11.0,1,688.58,61.2925,0,High Engagement,1
CUST_02749,39.0,8.0,1,121.68,57.849000000000004,0,High Engagement,0
CUST_02750,13.0,9.0,1,683.75,54.44749999999999,0,High Engagement,0
CUST_02751,3.0,11.0,1,372.2,43.717,1,Low Engagement,0
CUST_02752,14.0,7.0,1,1559.2,49.7675,1,Low Engagement,0
CUST_02753,12.0,4.0,1,4687.08,40.9905,1,Low Engagement,0
CUST_02754,21.0,11.0,1,275.37,68.8765,0,High Engagement,1
CUST_02755,12.0,11.0,1,63.28,50.2445,0,High Engagement,0
CUST_02756,12.0,11.0,1,642.42,60.9645,0,High Engagement,0
CUST_02757,19.0,15.0,1,459.75,76.6535,0,High Engagement,1
CUST_02758,9.0,18.0,1,1047.68,65.45,0,High Engagement,1
CUST_02759,11.0,10.0,1,641.96,55.15399999999999,0,High Engagement,0
CUST_02760,21.0,12.0,1,1758.52,80.06450000000001,0,High Engagement,1
CUST_02761,5.0,10.0,1,1199.06,47.358,1,Low Engagement,0
CUST_02762,12.0,9.0,1,83.82,42.616499999999995,1,Low Engagement,0
CUST_02763,1.0,10.0,1,9366.16,48.013,2,Medium Engagement,0
CUST_02764,30.0,6.0,1,236.76,51.11,0,High Engagement,0
CUST_02765,13.0,11.0,1,4832.6,68.90350000000001,2,Medium Engagement,0
CUST_02766,8.0,12.0,1,95.58,47.068,1,Low Engagement,0
CUST_02767,21.0,7.0,1,878.7,56.165,0,High Engagement,0
CUST_02768,15.0,7.0,1,303.4,43.98649999999999,1,Low Engagement,0
CUST_02769,7.0,11.0,1,909.72,53.12950000000001,0,High Engagement,0
CUST_02770,22.0,10.0,1,270.4,65.65599999999999,0,High Engagement,1
CUST_02771,18.0,8.0,1,836.34,57.68449999999999,0,High Engagement,0
CUST_02772,22.0,11.0,1,575.73,73.35350000000001,0,High Engagement,1
CUST_02773,11.0,9.0,1,710.58,50.9795,1,Low Engagement,0
CUST_02774,18.0,7.0,1,1498.88,55.3535,0,High Engagement,0
CUST_02775,35.0,10.0,1,117.34,66.916,0,High Engagement,1
CUST_02776,30.0,10.0,1,26.09,61.502,0,High Engagement,1
CUST_02777,19.0,10.0,1,230.4,62.192499999999995,0,High Engagement,1
CUST_02778,5.0,11.0,1,23.05,35.8475,1,Low Engagement,0
CUST_02779,18.0,7.0,1,476.24,50.37750000000001,1,Low Engagement,0
CUST_02780,25.0,6.0,1,26.2,41.4935,1,Low Engagement,0
CUST_02781,24.0,11.0,1,2698.73,80.587,0,High Engagement,1
CUST_02782,15.0,10.0,1,211.29,56.45250000000001,0,High Engagement,0
CUST_02783,19.0,10.0,1,578.85,66.81049999999999,0,High Engagement,1
CUST_02784,6.0,7.0,1,2162.24,36.261500000000005,1,Low Engagement,0
CUST_02785,15.0,10.0,1,46.56,50.436499999999995,0,High Engagement,0
CUST_02786,4.0,10.0,1,623.88,43.3145,1,Low Engagement,0
CUST_02787,24.0,4.0,1,22.31,36.625,1,Low Engagement,0
CUST_02788,21.0,8.0,1,520.13,58.42799999999999,0,High Engagement,0
CUST_02789,20.0,7.0,1,899.73,55.3825,0,High Engagement,0
CUST_02790,16.0,6.0,1,15.65,32.5025,1,Low Engagement,0
CUST_02791,28.0,12.0,1,1058.3,82.637,0,High Engagement,1
CUST_02792,12.0,9.0,1,1388.1,55.6365,0,High Engagement,0
CUST_02793,11.0,10.0,1,603.6,54.91999999999999,0,High Engagement,0
CUST_02794,21.0,13.0,1,116.7,69.6985,0,High Engagement,1
CUST_02795,5.0,12.0,1,31.33,39.2055,1,Low Engagement,0
CUST_02796,15.0,10.0,1,851.89,63.3045,0,High Engagement,1
CUST_02797,11.0,10.0,1,125.74,47.18999999999999,1,Low Engagement,0
CUST_02798,15.0,14.0,1,76.0,62.12950000000001,0,High Engagement,1
CUST_02799,18.0,16.0,1,414.4,75.5415,0,High Engagement,1
CUST_02800,10.0,12.0,1,2986.11,65.5415,0,High Engagement,1
CUST_02801,42.0,6.0,1,191.06,51.722999999999985,0,High Engagement,0
CUST_02802,18.0,12.0,1,173.72,66.561,0,High Engagement,1
CUST_02803,14.0,11.0,1,52.47,53.127,0,High Engagement,0
CUST_02804,33.0,7.0,1,341.82,57.426,0,High Engagement,0
CUST_02805,15.0,7.0,1,457.92,45.95049999999999,1,Low Engagement,0
CUST_02806,7.0,6.0,1,1783.41,33.684000000000005,1,Low Engagement,0
CUST_02807,16.0,9.0,1,339.92,55.79599999999999,0,High Engagement,0
CUST_02808,7.0,9.0,1,272.94,38.7275,1,Low Engagement,0
CUST_02809,9.0,9.0,1,252.48,42.07149999999999,1,Low Engagement,0
CUST_02810,10.0,8.0,1,5047.05,49.821,2,Medium Engagement,0
CUST_02811,4.0,11.0,1,288.99,43.476,1,Low Engagement,0
CUST_02812,15.0,6.0,1,612.24,43.7725,1,Low Engagement,0
CUST_02813,10.0,8.0,1,85.92,33.997,1,Low Engagement,0
CUST_02814,17.0,7.0,1,348.88,47.598,1,Low Engagement,0
CUST_02815,5.0,10.0,1,59.9,33.774,1,Low Engagement,0
CUST_02816,14.0,14.0,1,322.86,67.3425,0,High Engagement,1
CUST_02817,8.0,7.0,1,6686.43,41.5725,2,Medium Engagement,0
CUST_02818,13.0,7.0,1,2864.8,49.696,1,Low Engagement,0
CUST_02819,6.0,10.0,1,1769.28,50.115500000000004,1,Low Engagement,0
CUST_02820,16.0,8.0,1,286.33,49.9515,1,Low Engagement,0
CUST_02821,14.0,11.0,1,309.5,60.851,0,High Engagement,0
CUST_02822,14.0,11.0,1,554.52,63.683,0,High Engagement,1
CUST_02823,8.0,7.0,1,705.55,35.540499999999994,1,Low Engagement,0
CUST_02824,6.0,6.0,1,5085.93,34.167500000000004,1,Low Engagement,0
CUST_02825,20.0,5.0,1,66.62,37.0625,1,Low Engagement,0
CUST_02826,5.0,8.0,1,1275.27,37.903000000000006,1,Low Engagement,0
CUST_02827,29.0,12.0,1,24.78,68.04249999999999,0,High Engagement,1
CUST_02828,33.0,9.0,1,254.43,65.58949999999999,0,High Engagement,1
CUST_02829,11.0,7.0,1,2702.44,45.919999999999995,1,Low Engagement,0
CUST_02830,21.0,10.0,1,303.26,65.455,0,High Engagement,1
CUST_02831,13.0,12.0,1,712.69,66.2675,0,High Engagement,1
CUST_02832,13.0,12.0,1,61.78,54.943499999999986,0,High Engagement,0
CUST_02833,17.0,9.0,1,101.93,51.173500000000004,0,High Engagement,0
CUST_02834,30.0,8.0,1,117.5,56.103,0,High Engagement,0
CUST_02835,8.0,8.0,1,225.68,34.539500000000004,1,Low Engagement,0
CUST_02836,20.0,5.0,1,83.4,37.866499999999995,1,Low Engagement,0
CUST_02837,16.0,11.0,1,342.07,64.444,0,High Engagement,1
CUST_02838,11.0,9.0,1,84.64,40.79149999999999,1,Low Engagement,0
CUST_02839,8.0,6.0,1,3739.37,37.1625,1,Low Engagement,0
CUST_02840,10.0,10.0,1,1457.8,56.812,0,High Engagement,0
CUST_02841,6.0,10.0,1,1169.06,48.6235,1,Low Engagement,0
CUST_02842,7.0,10.0,1,192.44,41.599999999999994,1,Low Engagement,0
CUST_02843,2.0,7.0,1,32.82,15.067999999999998,1,Low Engagement,0
CUST_02844,27.0,8.0,1,643.68,63.37750000000001,0,High Engagement,1
CUST_02845,6.0,9.0,1,3310.18,46.865,1,Low Engagement,0
CUST_02846,11.0,13.0,1,244.72,59.345499999999994,0,High Engagement,0
CUST_02847,22.0,10.0,1,139.78,62.38,0,High Engagement,1
CUST_02848,4.0,5.0,1,2726.74,27.9285,1,Low Engagement,0
CUST_02849,4.0,7.0,1,355.95,26.176499999999997,1,Low Engagement,0
CUST_02850,8.0,5.0,1,37.55,16.7965,1,Low Engagement,0
CUST_02851,13.0,13.0,1,173.76,61.3015,0,High Engagement,1
CUST_02852,11.0,10.0,1,947.58,56.90599999999999,0,High Engagement,0
CUST_02853,55.0,16.0,1,391.24,85.2685,0,High Engagement,1
CUST_02854,12.0,5.0,1,955.11,38.185,1,Low Engagement,0
CUST_02855,15.0,13.0,1,136.9,63.336000000000006,0,High Engagement,1
CUST_02856,10.0,5.0,1,21.02,19.89,1,Low Engagement,0
CUST_02857,10.0,8.0,1,248.84,38.940999999999995,1,Low Engagement,0
CUST_02858,9.0,10.0,1,63.16,40.653999999999996,1,Low Engagement,0
CUST_02859,37.0,11.0,1,425.45,77.461,0,High Engagement,1
CUST_02860,27.0,10.0,1,181.48,66.7705,0,High Engagement,1
CUST_02861,2.0,13.0,1,673.95,50.929500000000004,0,High Engagement,0
CUST_02862,27.0,9.0,1,3901.75,74.222,0,High Engagement,1
CUST_02863,10.0,2.0,1,591.41,29.9205,1,Low Engagement,0
CUST_02864,19.0,6.0,1,1498.35,52.8045,1,Low Engagement,0
CUST_02865,4.0,5.0,1,199.34,16.9805,1,Low Engagement,0
CUST_02866,6.0,11.0,1,263.72,45.54899999999999,1,Low Engagement,0
CUST_02867,39.0,8.0,1,101.35,56.903000000000006,0,High Engagement,0
CUST_02868,16.0,9.0,1,80.69,48.964,1,Low Engagement,0
CUST_02869,2.0,11.0,1,265.75,41.291500000000006,1,Low Engagement,0
CUST_02870,53.0,4.0,1,27.95,41.4785,0,High Engagement,0
CUST_02871,10.0,5.0,1,2796.82,37.894,1,Low Engagement,0
CUST_02872,16.0,6.0,1,69.33,35.0885,1,Low Engagement,0
CUST_02873,15.0,9.0,1,982.42,59.233999999999995,0,High Engagement,0
CUST_02874,23.0,7.0,1,372.7,53.7735,0,High Engagement,0
CUST_02875,8.0,12.0,1,121.45,48.192,0,High Engagement,0
CUST_02876,10.0,6.0,1,385.52,32.852,1,Low Engagement,0
CUST_02877,36.0,16.0,1,379.52,84.35849999999999,0,High Engagement,1
CUST_02878,15.0,8.0,1,464.05,50.725500000000004,1,Low Engagement,0
CUST_02879,9.0,11.0,1,528.64,54.4555,0,High Engagement,0
CUST_02880,11.0,6.0,1,307.45,33.558,1,Low Engagement,0
CUST_02881,16.0,9.0,1,156.96,51.912000000000006,0,High Engagement,0
CUST_02882,9.0,7.0,1,410.73,34.9,1,Low Engagement,0
CUST_02883,30.0,6.0,1,5784.24,62.382000000000005,2,Medium Engagement,0
CUST_02884,9.0,10.0,1,483.72,50.058,1,Low Engagement,0
CUST_02885,12.0,8.0,1,1043.81,49.532,1,Low Engagement,0
CUST_02886,11.0,7.0,1,11.23,27.719999999999995,1,Low Engagement,0
CUST_02887,11.0,12.0,1,29.61,49.6155,0,High Engagement,0
CUST_02888,8.0,11.0,1,921.43,55.02,0,High Engagement,0
CUST_02889,17.0,6.0,1,40.18,34.949999999999996,1,Low Engagement,0
CUST_02890,13.0,7.0,1,1297.64,47.459999999999994,1,Low Engagement,0
CUST_02891,15.0,7.0,1,901.35,49.146499999999996,1,Low Engagement,0
CUST_02892,33.0,7.0,1,993.08,62.458000000000006,0,High Engagement,1
CUST_02893,4.0,6.0,1,166.96,18.6745,1,Low Engagement,0
CUST_02894,8.0,7.0,1,1259.08,37.9525,1,Low Engagement,0
CUST_02895,22.0,9.0,1,965.37,67.08149999999999,0,High Engagement,1
CUST_02896,12.0,6.0,1,810.54,40.091,1,Low Engagement,0
CUST_02897,14.0,5.0,1,105.9,30.9315,1,Low Engagement,0
CUST_02898,9.0,10.0,1,3820.23,57.202,0,High Engagement,0
CUST_02899,8.0,7.0,1,763.55,35.9165,1,Low Engagement,0
CUST_02900,8.0,12.0,1,448.06,54.583999999999996,0,High Engagement,0
CUST_02901,16.0,8.0,1,337.89,50.7675,1,Low Engagement,0
CUST_02902,45.0,8.0,1,140.64,58.739,0,High Engagement,0
CUST_02903,28.0,11.0,1,730.72,78.05499999999999,0,High Engagement,1
CUST_02904,11.0,6.0,1,1431.7,40.522,1,Low Engagement,0
CUST_02905,3.0,12.0,1,883.14,50.773,1,Low Engagement,0
CUST_02906,25.0,4.0,1,1125.35,52.501,1,Low Engagement,0
CUST_02907,15.0,8.0,1,271.9,48.069500000000005,1,Low Engagement,0
CUST_02908,42.0,13.0,1,197.95,78.97049999999999,0,High Engagement,1
CUST_02909,18.0,9.0,1,144.24,54.049,0,High Engagement,0
CUST_02910,12.0,13.0,1,219.09,60.6305,0,High Engagement,0
CUST_02911,10.0,10.0,1,114.12,44.803999999999995,1,Low Engagement,0
CUST_02912,5.0,10.0,1,33.97,32.45,1,Low Engagement,0
CUST_02913,12.0,9.0,1,36.97,40.2765,1,Low Engagement,0
CUST_02914,23.0,7.0,1,362.12,53.60549999999999,0,High Engagement,0
CUST_02915,3.0,6.0,1,244.93,19.5515,1,Low Engagement,0
CUST_02916,35.0,9.0,1,120.61,62.38549999999999,0,High Engagement,1
CUST_02917,4.0,10.0,1,165.76,36.7025,1,Low Engagement,0
CUST_02918,8.0,9.0,1,1003.97,46.788,1,Low Engagement,0
CUST_02919,17.0,12.0,1,7166.8,78.3975,2,Medium Engagement,0
CUST_02920,4.0,10.0,1,928.95,45.0785,1,Low Engagement,0
CUST_02921,12.0,14.0,1,912.6,68.864,0,High Engagement,1
CUST_02922,15.0,8.0,1,31.14,39.9375,1,Low Engagement,0
CUST_02923,16.0,13.0,1,50.68,61.18799999999999,0,High Engagement,1
CUST_02924,10.0,14.0,1,614.24,63.413,0,High Engagement,1
CUST_02925,6.0,11.0,1,645.57,49.985,1,Low Engagement,0
CUST_02926,30.0,14.0,1,1123.05,86.803,0,High Engagement,1
CUST_02927,18.0,5.0,1,157.77,38.609500000000004,1,Low Engagement,0
CUST_02928,16.0,9.0,1,1134.7,61.364,0,High Engagement,1
CUST_02929,9.0,9.0,1,42.7,34.90749999999999,1,Low Engagement,0
CUST_02930,20.0,5.0,1,904.06,49.1705,1,Low Engagement,0
CUST_02931,5.0,10.0,1,527.46,43.778,1,Low Engagement,0
CUST_02932,35.0,8.0,1,392.62,63.221000000000004,0,High Engagement,1
CUST_02933,9.0,3.0,1,52.29,17.342,1,Low Engagement,0
CUST_02934,22.0,7.0,1,107.29,46.721999999999994,1,Low Engagement,0
CUST_02935,26.0,6.0,1,235.93,49.60099999999999,1,Low Engagement,0
CUST_02936,15.0,4.0,1,39.02,27.924,1,Low Engagement,0
CUST_02937,16.0,11.0,1,1202.59,70.196,0,High Engagement,1
CUST_02938,13.0,7.0,1,1153.29,47.004,1,Low Engagement,0
CUST_02939,25.0,12.0,1,8.33,65.98299999999999,0,High Engagement,1
CUST_02940,9.0,11.0,1,161.64,48.5035,1,Low Engagement,0
CUST_02941,20.0,7.0,1,52.21,42.6185,1,Low Engagement,0
CUST_02942,14.0,8.0,1,220.2,45.3985,1,Low Engagement,0
CUST_02943,30.0,12.0,1,177.01,74.6395,0,High Engagement,1
CUST_02944,29.0,10.0,1,16.14,60.843,0,High Engagement,0
CUST_02945,9.0,10.0,1,3585.81,57.082,0,High Engagement,0
CUST_02946,24.0,9.0,1,1210.2,69.559,0,High Engagement,1
CUST_02947,18.0,11.0,1,163.94,63.317,0,High Engagement,1
CUST_02948,13.0,9.0,1,125.97,46.18749999999999,1,Low Engagement,0
CUST_02949,24.0,9.0,1,2355.98,71.63499999999999,0,High Engagement,1
CUST_02950,21.0,7.0,1,282.84,50.70099999999999,1,Low Engagement,0
CUST_02951,10.0,9.0,1,56.65,37.6015,1,Low Engagement,0
CUST_02952,6.0,7.0,1,12389.96,38.4295,2,Medium Engagement,0
CUST_02953,7.0,10.0,1,100.09,38.48799999999999,1,Low Engagement,0
CUST_02954,8.0,6.0,1,593.2,31.0145,1,Low Engagement,0
CUST_02955,12.0,9.0,1,28.15,39.832499999999996,1,Low Engagement,0
CUST_02956,16.0,9.0,1,2287.3,63.62,0,High Engagement,1
CUST_02957,14.0,11.0,1,184.36,58.150999999999996,0,High Engagement,0
CUST_02958,4.0,5.0,1,238.3,17.8645,1,Low Engagement,0
CUST_02959,11.0,10.0,1,72.68,44.913999999999994,1,Low Engagement,0
CUST_02960,36.0,9.0,1,238.62,65.80599999999998,0,High Engagement,1
CUST_02961,10.0,8.0,1,2132.7,48.221,1,Low Engagement,0
CUST_02962,4.0,10.0,1,2070.88,47.914500000000004,1,Low Engagement,0
CUST_02963,21.0,8.0,1,103.18,50.416,0,High Engagement,0
CUST_02964,2.0,8.0,1,295.4,28.263000000000005,1,Low Engagement,0
CUST_02965,18.0,14.0,1,229.68,71.27250000000001,0,High Engagement,1
CUST_02966,18.0,12.0,1,516.74,72.069,0,High Engagement,1
CUST_02967,16.0,5.0,1,428.6,40.972500000000004,1,Low Engagement,0
CUST_02968,7.0,5.0,1,4765.45,33.114,1,Low Engagement,0
CUST_02969,13.0,10.0,1,5496.54,65.11,2,Medium Engagement,0
CUST_02970,8.0,10.0,1,3236.8,54.9185,0,High Engagement,0
CUST_02971,7.0,9.0,1,60.56,32.0895,1,Low Engagement,0
CUST_02972,42.0,8.0,1,3858.79,71.984,0,High Engagement,1
CUST_02973,21.0,6.0,1,58.0,40.047,1,Low Engagement,0
CUST_02974,16.0,7.0,1,5192.79,55.3925,2,Medium Engagement,0
CUST_02975,12.0,8.0,1,94.26,38.023999999999994,1,Low Engagement,0
CUST_02976,20.0,8.0,1,184.96,52.3655,0,High Engagement,0
CUST_02977,14.0,4.0,1,1323.84,41.421,1,Low Engagement,0
CUST_02978,21.0,14.0,1,3338.29,84.896,0,High Engagement,1
CUST_02979,30.0,4.0,1,1817.58,56.1615,0,High Engagement,0
CUST_02980,17.0,7.0,1,1284.16,53.518,1,Low Engagement,0
CUST_02981,7.0,6.0,1,350.12,26.636000000000003,1,Low Engagement,0
CUST_02982,25.0,12.0,1,769.26,79.96699999999998,0,High Engagement,1
CUST_02983,12.0,8.0,1,1685.34,51.284,1,Low Engagement,0
CUST_02984,15.0,9.0,1,123.45,49.26199999999999,1,Low Engagement,0
CUST_02985,11.0,11.0,1,283.0,55.083499999999994,0,High Engagement,0
CUST_02986,5.0,11.0,1,1018.8,50.6675,1,Low Engagement,0
CUST_02987,22.0,12.0,1,70.63,66.4775,0,High Engagement,1
CUST_02988,27.0,8.0,1,11.72,50.3175,0,High Engagement,0
CUST_02989,15.0,11.0,1,84.54,56.245999999999995,0,High Engagement,0
CUST_02990,24.0,9.0,1,194.79,60.90899999999999,0,High Engagement,0
CUST_02991,9.0,11.0,1,486.67,54.051500000000004,0,High Engagement,0
CUST_02992,14.0,7.0,1,1326.75,49.1675,1,Low Engagement,0
CUST_02993,8.0,10.0,1,65.03,38.8045,1,Low Engagement,0
CUST_02994,17.0,8.0,1,84.6,45.535,1,Low Engagement,0
CUST_02995,16.0,8.0,1,299.55,50.1475,1,Low Engagement,0
CUST_02996,14.0,11.0,1,285.07,60.431000000000004,0,High Engagement,0
CUST_02997,15.0,8.0,1,77.51,42.273500000000006,1,Low Engagement,0
CUST_02998,2.0,8.0,1,6092.47,38.419000000000004,2,Medium Engagement,0
CUST_02999,9.0,8.0,1,120.41,33.495,1,Low Engagement,0
CUST_03000,7.0,12.0,1,321.9,51.177499999999995,0,High Engagement,0
CUST_03001,18.0,13.0,1,114.3,66.615,0,High Engagement,1
CUST_03002,14.0,6.0,1,2569.15,47.3735,1,Low Engagement,0
CUST_03003,2.0,10.0,1,110.21,33.082,1,Low Engagement,0
CUST_03004,7.0,13.0,1,487.6,55.32749999999999,0,High Engagement,0
CUST_03005,1.0,14.0,1,114.64,43.106,1,Low Engagement,0
CUST_03006,34.0,9.0,1,505.52,69.26199999999999,0,High Engagement,1
CUST_03007,7.0,6.0,1,24.78,16.89,1,Low Engagement,0
CUST_03008,19.0,9.0,1,3838.65,68.438,0,High Engagement,1
CUST_03009,11.0,8.0,1,359.82,42.65899999999999,1,Low Engagement,0
CUST_03010,5.0,9.0,1,23.59,27.263499999999997,1,Low Engagement,0
CUST_03011,9.0,5.0,1,942.08,32.484,1,Low Engagement,0
CUST_03012,18.0,2.0,1,907.35,44.696000000000005,1,Low Engagement,0
CUST_03013,10.0,10.0,1,86.82,43.72,1,Low Engagement,0
CUST_03014,21.0,5.0,1,38.08,36.474999999999994,1,Low Engagement,0
CUST_03015,6.0,6.0,1,344.97,24.9635,1,Low Engagement,0
CUST_03016,13.0,8.0,1,377.18,46.611,1,Low Engagement,0
CUST_03017,17.0,9.0,1,240.38,55.3815,0,High Engagement,0
CUST_03018,8.0,11.0,1,283.16,49.376000000000005,1,Low Engagement,0
CUST_03019,12.0,8.0,1,99.52,38.18,1,Low Engagement,0
CUST_03020,8.0,8.0,1,678.07,40.0155,1,Low Engagement,0
CUST_03021,15.0,9.0,1,154.52,50.302,1,Low Engagement,0
CUST_03022,7.0,9.0,1,149.2,35.6855,1,Low Engagement,0
CUST_03023,11.0,7.0,1,1182.75,43.443999999999996,1,Low Engagement,0
CUST_03024,1.0,7.0,1,1460.39,30.447000000000003,1,Low Engagement,0
CUST_03025,13.0,8.0,1,53.82,37.974999999999994,1,Low Engagement,0
CUST_03026,13.0,8.0,1,1099.8,51.519000000000005,1,Low Engagement,0
CUST_03027,15.0,12.0,1,91.09,59.474,0,High Engagement,0
CUST_03028,4.0,4.0,1,207.51,15.662,1,Low Engagement,0
CUST_03029,22.0,10.0,1,1693.77,73.896,0,High Engagement,1
CUST_03030,13.0,8.0,1,204.99,43.471,1,Low Engagement,0
CUST_03031,12.0,10.0,1,516.7,56.035000000000004,0,High Engagement,0
CUST_03032,4.0,6.0,1,601.67,25.0625,1,Low Engagement,0
CUST_03033,19.0,9.0,1,93.66,53.26599999999999,0,High Engagement,0
CUST_03034,22.0,12.0,1,312.39,73.3535,0,High Engagement,1
CUST_03035,48.0,11.0,1,3128.0,85.393,0,High Engagement,1
CUST_03036,3.0,8.0,1,103.0,23.6845,1,Low Engagement,0
CUST_03037,30.0,14.0,1,405.37,82.175,0,High Engagement,1
CUST_03038,15.0,8.0,1,28.8,39.8295,1,Low Engagement,0
CUST_03039,27.0,8.0,1,44.99,51.709500000000006,0,High Engagement,0
CUST_03040,17.0,5.0,1,10.49,31.222,1,Low Engagement,0
CUST_03041,18.0,12.0,1,185.85,66.893,0,High Engagement,1
CUST_03042,29.0,8.0,1,54.25,52.968,0,High Engagement,0
CUST_03043,22.0,9.0,1,397.89,62.9675,0,High Engagement,1
CUST_03044,24.0,8.0,1,3057.96,67.1705,0,High Engagement,1
CUST_03045,12.0,11.0,1,39.16,49.012499999999996,0,High Engagement,0
CUST_03046,2.0,7.0,1,137.16,19.724,1,Low Engagement,0
CUST_03047,14.0,10.0,1,3443.32,66.04549999999999,0,High Engagement,1
CUST_03048,8.0,9.0,1,1742.01,48.8,1,Low Engagement,0
CUST_03049,21.0,8.0,1,194.4,53.467999999999996,0,High Engagement,0
CUST_03050,14.0,10.0,1,315.98,56.9935,0,High Engagement,0
CUST_03051,13.0,10.0,1,26.21,46.22599999999999,1,Low Engagement,0
CUST_03052,10.0,8.0,1,173.74,37.137,1,Low Engagement,0
CUST_03053,19.0,14.0,1,1637.69,81.4175,0,High Engagement,1
CUST_03054,12.0,8.0,1,3370.75,52.92399999999999,1,Low Engagement,0
CUST_03055,14.0,9.0,1,86.12,46.123,1,Low Engagement,0
CUST_03056,13.0,8.0,1,304.15,45.511,1,Low Engagement,0
CUST_03057,12.0,5.0,1,1111.2,38.812999999999995,1,Low Engagement,0
CUST_03058,3.0,4.0,1,377.4,17.747,1,Low Engagement,0
CUST_03059,12.0,9.0,1,208.83,46.7445,1,Low Engagement,0
CUST_03060,7.0,8.0,1,300.38,34.217,1,Low Engagement,0
CUST_03061,12.0,12.0,1,34.0,51.7285,0,High Engagement,0
CUST_03062,14.0,11.0,1,97.76,55.143,0,High Engagement,0
CUST_03063,9.0,10.0,1,325.9,48.106,1,Low Engagement,0
CUST_03064,1.0,7.0,1,44.54,15.277,1,Low Engagement,0
CUST_03065,10.0,8.0,1,11225.38,50.38499999999999,2,Medium Engagement,0
CUST_03066,9.0,8.0,1,818.3,42.847,1,Low Engagement,0
CUST_03067,11.0,9.0,1,44.19,38.76749999999999,1,Low Engagement,0
CUST_03068,5.0,9.0,1,237.61,35.043499999999995,1,Low Engagement,0
CUST_03069,14.0,8.0,1,272.73,46.518499999999996,1,Low Engagement,0
CUST_03070,15.0,11.0,1,511.8,64.898,0,High Engagement,1
CUST_03071,11.0,6.0,1,1447.74,40.562,1,Low Engagement,0
CUST_03072,21.0,8.0,1,578.04,58.9,0,High Engagement,0
CUST_03073,13.0,6.0,1,565.51,40.174,1,Low Engagement,0
CUST_03074,11.0,8.0,1,1826.8,49.647,1,Low Engagement,0
CUST_03075,12.0,5.0,1,36.39,24.296999999999997,1,Low Engagement,0
CUST_03076,23.0,15.0,1,71.21,71.40849999999999,0,High Engagement,1
CUST_03077,18.0,8.0,1,131.51,48.6485,1,Low Engagement,0
CUST_03078,7.0,9.0,1,2033.95,47.4095,1,Low Engagement,0
CUST_03079,6.0,6.0,1,522.32,27.0195,1,Low Engagement,0
CUST_03080,11.0,10.0,1,106.22,46.30599999999999,1,Low Engagement,0
CUST_03081,22.0,8.0,1,144.29,52.821000000000005,0,High Engagement,0
CUST_03082,20.0,9.0,1,25.53,50.925999999999995,0,High Engagement,0
CUST_03083,15.0,5.0,1,1334.58,44.5305,1,Low Engagement,0
CUST_03084,9.0,5.0,1,53.29,19.555999999999997,1,Low Engagement,0
CUST_03085,18.0,5.0,1,15.98,32.5615,1,Low Engagement,0
CUST_03086,3.0,7.0,1,258.26,23.4975,1,Low Engagement,0
CUST_03087,9.0,5.0,1,102.68,21.732,1,Low Engagement,0
CUST_03088,19.0,7.0,1,53.37,41.722500000000004,1,Low Engagement,0
CUST_03089,4.0,5.0,1,107.32,13.9485,1,Low Engagement,0
CUST_03090,26.0,10.0,1,152.12,65.52699999999999,0,High Engagement,1
CUST_03091,25.0,10.0,1,96.26,62.88549999999999,0,High Engagement,1
CUST_03092,13.0,6.0,1,192.0,34.733999999999995,1,Low Engagement,0
CUST_03093,20.0,16.0,1,74.73,69.5385,0,High Engagement,1
CUST_03094,9.0,11.0,1,109.95,46.6515,1,Low Engagement,0
CUST_03095,6.0,6.0,1,599.26,27.651500000000002,1,Low Engagement,0
CUST_03096,28.0,11.0,1,158.15,70.489,0,High Engagement,1
CUST_03097,24.0,10.0,1,417.68,69.4735,0,High Engagement,1
CUST_03098,20.0,12.0,1,902.66,76.69,0,High Engagement,1
CUST_03099,3.0,9.0,1,246.45,32.949,1,Low Engagement,0
CUST_03100,12.0,6.0,1,1194.68,41.650999999999996,1,Low Engagement,0
CUST_03101,32.0,8.0,1,112.8,56.37049999999999,0,High Engagement,0
CUST_03102,18.0,11.0,1,500.25,68.94500000000001,0,High Engagement,1
CUST_03103,12.0,9.0,1,209.36,46.7525,1,Low Engagement,0
CUST_03104,12.0,8.0,1,1545.24,51.012,1,Low Engagement,0
CUST_03105,12.0,11.0,1,1863.16,65.2165,0,High Engagement,1
CUST_03106,1.0,10.0,1,465.16,39.773,1,Low Engagement,0
CUST_03107,16.0,7.0,1,44.08,37.4685,1,Low Engagement,0
CUST_03108,17.0,8.0,1,11757.4,62.001000000000005,2,Medium Engagement,0
CUST_03109,3.0,5.0,1,311.14,18.2695,1,Low Engagement,0
CUST_03110,14.0,6.0,1,61.03,31.5615,1,Low Engagement,0
CUST_03111,10.0,10.0,1,380.83,50.85999999999999,1,Low Engagement,0
CUST_03112,5.0,12.0,1,304.35,47.955499999999994,1,Low Engagement,0
CUST_03113,1.0,7.0,1,109.15,18.239,1,Low Engagement,0
CUST_03114,9.0,12.0,1,355.9,55.439499999999995,0,High Engagement,0
CUST_03115,12.0,4.0,1,671.8,35.1465,1,Low Engagement,0
CUST_03116,17.0,11.0,1,425.18,66.86949999999999,0,High Engagement,1
CUST_03117,20.0,10.0,1,1182.22,70.9045,0,High Engagement,1
CUST_03118,13.0,9.0,1,151.72,47.009499999999996,1,Low Engagement,0
CUST_03119,6.0,6.0,1,810.96,29.0895,1,Low Engagement,0
CUST_03120,28.0,9.0,1,225.45,63.544999999999995,0,High Engagement,1
CUST_03121,14.0,4.0,1,680.96,38.597,1,Low Engagement,0
CUST_03122,9.0,6.0,1,235.66,28.338,1,Low Engagement,0
CUST_03123,13.0,11.0,1,910.0,64.3475,0,High Engagement,1
CUST_03124,24.0,8.0,1,178.01,55.46049999999999,0,High Engagement,0
CUST_03125,29.0,12.0,1,650.41,80.7565,0,High Engagement,1
CUST_03126,10.0,6.0,1,83.79,25.535999999999998,1,Low Engagement,0
CUST_03127,37.0,9.0,1,4030.3,76.713,0,High Engagement,1
CUST_03128,23.0,6.0,1,1140.33,55.19550000000001,0,High Engagement,0
CUST_03129,8.0,10.0,1,117.83,41.1425,1,Low Engagement,0
CUST_03130,16.0,8.0,1,2346.2,58.659499999999994,0,High Engagement,0
CUST_03131,8.0,10.0,1,669.41,49.6705,1,Low Engagement,0
CUST_03132,17.0,13.0,1,229.92,68.7635,0,High Engagement,1
CUST_03133,16.0,10.0,1,257.94,59.0345,0,High Engagement,0
CUST_03134,10.0,10.0,1,58.42,42.372,1,Low Engagement,0
CUST_03135,31.0,5.0,1,766.0,54.641,0,High Engagement,0
CUST_03136,13.0,10.0,1,105.74,49.949999999999996,0,High Engagement,0
CUST_03137,54.0,14.0,1,132.09,78.60549999999999,0,High Engagement,1
CUST_03138,9.0,9.0,1,105.09,37.79549999999999,1,Low Engagement,0
CUST_03139,17.0,9.0,1,977.48,62.12950000000001,0,High Engagement,1
CUST_03140,20.0,9.0,1,54.59,52.43399999999999,0,High Engagement,0
CUST_03141,7.0,8.0,1,683.4,38.221,1,Low Engagement,0
CUST_03142,9.0,8.0,1,1460.68,45.179,1,Low Engagement,0
CUST_03143,11.0,8.0,1,144.91,38.07099999999999,1,Low Engagement,0
CUST_03144,15.0,10.0,1,239.25,57.1325,0,High Engagement,0
CUST_03145,11.0,6.0,1,81.9,27.259999999999994,1,Low Engagement,0
CUST_03146,22.0,8.0,1,4054.88,66.149,0,High Engagement,1
CUST_03147,7.0,7.0,1,100.18,24.116,1,Low Engagement,0
CUST_03148,12.0,8.0,1,53.0,36.116,1,Low Engagement,0
CUST_03149,13.0,10.0,1,101.69,49.766,0,High Engagement,0
CUST_03150,6.0,6.0,1,151.35,20.8095,1,Low Engagement,0
CUST_03151,17.0,10.0,1,761.8,65.752,0,High Engagement,1
CUST_03152,16.0,6.0,1,29.36,33.0305,1,Low Engagement,0
CUST_03153,16.0,10.0,1,44.73,51.890499999999996,0,High Engagement,0
CUST_03154,18.0,9.0,1,146.62,54.137,0,High Engagement,0
CUST_03155,13.0,9.0,1,49.6,42.74349999999999,1,Low Engagement,0
CUST_03156,19.0,7.0,1,106.25,44.0665,1,Low Engagement,0
CUST_03157,16.0,8.0,1,197.8,48.0075,1,Low Engagement,0
CUST_03158,4.0,9.0,1,3073.45,44.076,1,Low Engagement,0
CUST_03159,5.0,4.0,1,284.16,18.5835,1,Low Engagement,0
CUST_03160,30.0,9.0,1,89.86,59.955499999999994,0,High Engagement,0
CUST_03161,13.0,13.0,1,14477.83,74.6135,2,Medium Engagement,0
CUST_03162,17.0,11.0,1,1320.24,71.9575,0,High Engagement,1
CUST_03163,16.0,8.0,1,441.98,52.03150000000001,1,Low Engagement,0
CUST_03164,14.0,6.0,1,1175.36,44.9935,1,Low Engagement,0
CUST_03165,39.0,10.0,1,587.6,75.278,0,High Engagement,1
CUST_03166,18.0,11.0,1,48.46,58.609,0,High Engagement,0
CUST_03167,10.0,11.0,1,776.94,58.221500000000006,0,High Engagement,0
CUST_03168,29.0,9.0,1,55.37,58.0245,0,High Engagement,0
CUST_03169,13.0,15.0,1,115.74,61.405,0,High Engagement,1
CUST_03170,17.0,9.0,1,101.57,51.165499999999994,0,High Engagement,0
CUST_03171,15.0,10.0,1,2862.56,67.23649999999999,0,High Engagement,1
CUST_03172,29.0,9.0,1,2535.0,74.1005,0,High Engagement,1
CUST_03173,14.0,7.0,1,4309.57,52.0275,2,Medium Engagement,0
CUST_03174,12.0,8.0,1,18728.68,54.22,2,Medium Engagement,0
CUST_03175,19.0,12.0,1,4880.04,80.36200000000001,0,High Engagement,1
CUST_03176,23.0,10.0,1,1498.91,74.3275,0,High Engagement,1
CUST_03177,29.0,6.0,1,868.08,57.123000000000005,0,High Engagement,0
CUST_03178,18.0,8.0,1,3211.1,61.9245,0,High Engagement,1
CUST_03179,23.0,9.0,1,71.6,55.760999999999996,0,High Engagement,0
CUST_03180,24.0,14.0,1,2182.74,86.4065,0,High Engagement,1
CUST_03181,13.0,9.0,1,264.76,49.735499999999995,1,Low Engagement,0
CUST_03182,12.0,13.0,1,657.45,66.1305,0,High Engagement,1
CUST_03183,9.0,9.0,1,140.44,39.1675,1,Low Engagement,0
CUST_03184,7.0,7.0,1,270.95,28.974,1,Low Engagement,0
CUST_03185,7.0,10.0,1,693.65,48.0,1,Low Engagement,0
CUST_03186,7.0,6.0,1,12876.52,36.356,2,Medium Engagement,0
CUST_03187,16.0,13.0,1,58.59,61.581999999999994,0,High Engagement,1
CUST_03188,2.0,11.0,1,291.31,41.8195,1,Low Engagement,0
CUST_03189,25.0,10.0,1,2320.6,76.94949999999999,0,High Engagement,1
CUST_03190,11.0,9.0,1,619.04,50.37149999999999,1,Low Engagement,0
CUST_03191,12.0,11.0,1,250.66,56.30449999999999,0,High Engagement,0
CUST_03192,12.0,9.0,1,35.48,40.20049999999999,1,Low Engagement,0
CUST_03193,19.0,15.0,1,109.6,69.59349999999999,0,High Engagement,1
CUST_03194,21.0,16.0,1,820.57,81.729,0,High Engagement,1
CUST_03195,4.0,6.0,1,746.76,26.070500000000003,1,Low Engagement,0
CUST_03196,19.0,12.0,1,50.19,62.830000000000005,0,High Engagement,1
CUST_03197,11.0,9.0,1,182.75,44.2195,1,Low Engagement,0
CUST_03198,8.0,8.0,1,1161.5,42.3315,1,Low Engagement,0
CUST_03199,3.0,5.0,1,4097.09,27.6975,1,Low Engagement,0
CUST_03200,4.0,10.0,1,293.35,39.6105,1,Low Engagement,0
CUST_03201,7.0,8.0,1,6448.94,44.381,2,Medium Engagement,0
CUST_03202,11.0,15.0,1,513.15,65.131,0,High Engagement,1
CUST_03203,6.0,6.0,1,363.36,25.2195,1,Low Engagement,0
CUST_03204,30.0,15.0,1,596.74,84.77900000000001,0,High Engagement,1
CUST_03205,4.0,9.0,1,284.72,34.772,1,Low Engagement,0
CUST_03206,9.0,7.0,1,1010.95,39.048,1,Low Engagement,0
CUST_03207,22.0,13.0,1,76.33,68.8035,0,High Engagement,1
CUST_03208,18.0,10.0,1,773.95,67.09150000000001,0,High Engagement,1
CUST_03209,5.0,6.0,1,38.97,14.634,1,Low Engagement,0
CUST_03210,24.0,15.0,1,2616.16,87.5705,0,High Engagement,1
CUST_03211,21.0,10.0,1,91.68,59.694999999999986,0,High Engagement,0
CUST_03212,11.0,14.0,1,378.73,62.903,0,High Engagement,1
CUST_03213,5.0,12.0,1,32.62,39.27949999999999,1,Low Engagement,0
CUST_03214,4.0,12.0,1,412.28,48.208,1,Low Engagement,0
CUST_03215,9.0,5.0,1,16.63,17.808,1,Low Engagement,0
CUST_03216,7.0,6.0,1,909.09,31.128,1,Low Engagement,0
CUST_03217,28.0,13.0,1,327.82,79.18299999999999,0,High Engagement,1
CUST_03218,12.0,10.0,1,165.53,50.319,1,Low Engagement,0
CUST_03219,20.0,10.0,1,127.83,60.33249999999999,0,High Engagement,0
CUST_03220,13.0,10.0,1,28.39,46.32599999999999,1,Low Engagement,0
CUST_03221,8.0,8.0,1,3660.4,45.491499999999995,1,Low Engagement,0
CUST_03222,17.0,8.0,1,113.9,46.685,1,Low Engagement,0
CUST_03223,6.0,6.0,1,803.02,29.0515,1,Low Engagement,0
CUST_03224,31.0,10.0,1,68.2,63.903,0,High Engagement,1
CUST_03225,7.0,9.0,1,254.51,38.3495,1,Low Engagement,0
CUST_03226,33.0,11.0,1,3485.0,84.42550000000001,0,High Engagement,1
CUST_03227,30.0,6.0,1,367.1,53.354,0,High Engagement,0
CUST_03228,21.0,10.0,1,212.0,63.56699999999999,0,High Engagement,1
CUST_03229,18.0,7.0,1,242.67,46.9735,1,Low Engagement,0
CUST_03230,21.0,13.0,1,87.03,68.4665,0,High Engagement,1
CUST_03231,11.0,5.0,1,9879.5,41.244,2,Medium Engagement,0
CUST_03232,16.0,22.0,1,1712.13,79.4535,0,High Engagement,1
CUST_03233,18.0,11.0,1,134.37,62.393,0,High Engagement,1
CUST_03234,11.0,9.0,1,2949.98,55.76749999999999,0,High Engagement,0
CUST_03235,13.0,5.0,1,104.98,29.299999999999997,1,Low Engagement,0
CUST_03236,18.0,13.0,1,464.64,73.547,0,High Engagement,1
CUST_03237,9.0,9.0,1,215.06,41.2435,1,Low Engagement,0
CUST_03238,21.0,11.0,1,4452.15,79.0405,0,High Engagement,1
CUST_03239,11.0,15.0,1,1239.19,68.987,0,High Engagement,1
CUST_03240,16.0,12.0,1,15.84,57.48799999999999,0,High Engagement,0
CUST_03241,10.0,7.0,1,108.51,30.186,1,Low Engagement,0
CUST_03242,29.0,9.0,1,879.96,70.5685,0,High Engagement,1
CUST_03243,5.0,10.0,1,251.74,40.018,1,Low Engagement,0
CUST_03244,3.0,4.0,1,30.98,7.887,1,Low Engagement,0
CUST_03245,23.0,8.0,1,197.92,55.20850000000001,0,High Engagement,0
CUST_03246,25.0,7.0,1,530.65,56.9355,0,High Engagement,0
CUST_03247,19.0,9.0,1,211.12,57.05,0,High Engagement,0
CUST_03248,12.0,11.0,1,277.16,56.8445,0,High Engagement,0
CUST_03249,11.0,12.0,1,62.01,51.30349999999999,0,High Engagement,0
CUST_03250,11.0,8.0,1,509.3,44.394999999999996,1,Low Engagement,0
CUST_03251,22.0,16.0,1,81.15,71.51799999999999,0,High Engagement,1
CUST_03252,20.0,14.0,1,279.59,74.4255,0,High Engagement,1
CUST_03253,6.0,11.0,1,794.32,50.993,1,Low Engagement,0
CUST_03254,17.0,6.0,1,4864.0,53.008,2,Medium Engagement,0
CUST_03255,5.0,9.0,1,798.8,41.03549999999999,1,Low Engagement,0
CUST_03256,8.0,5.0,1,68.97,18.3965,1,Low Engagement,0
CUST_03257,3.0,13.0,1,485.36,50.06299999999999,0,High Engagement,0
CUST_03258,25.0,8.0,1,1063.19,64.7505,0,High Engagement,1
CUST_03259,6.0,9.0,1,70.45,30.968999999999998,1,Low Engagement,0
CUST_03260,4.0,8.0,1,809.37,34.8175,1,Low Engagement,0
CUST_03261,7.0,9.0,1,3332.97,48.473499999999994,1,Low Engagement,0
CUST_03262,35.0,13.0,1,2717.91,89.3635,0,High Engagement,1
CUST_03263,9.0,4.0,1,190.7,23.1895,1,Low Engagement,0
CUST_03264,9.0,12.0,1,130.49,50.45949999999999,0,High Engagement,0
CUST_03265,22.0,8.0,1,700.29,60.67700000000001,0,High Engagement,0
CUST_03266,13.0,8.0,1,472.22,47.675,1,Low Engagement,0
CUST_03267,20.0,7.0,1,128.48,45.9785,1,Low Engagement,0
CUST_03268,7.0,5.0,1,237.86,22.07,1,Low Engagement,0
CUST_03269,8.0,8.0,1,6220.28,46.155499999999996,2,Medium Engagement,0
CUST_03270,26.0,9.0,1,1473.94,71.48249999999999,0,High Engagement,1
CUST_03271,27.0,9.0,1,3203.38,73.838,0,High Engagement,1
CUST_03272,25.0,6.0,1,20.1,41.229499999999994,1,Low Engagement,0
CUST_03273,15.0,8.0,1,17.81,39.3775,1,Low Engagement,0
CUST_03274,14.0,4.0,1,968.28,40.181,1,Low Engagement,0
CUST_03275,10.0,5.0,1,279.51,28.633999999999997,1,Low Engagement,0
CUST_03276,14.0,4.0,1,2492.68,43.257,1,Low Engagement,0
CUST_03277,16.0,9.0,1,89.54,49.38799999999999,1,Low Engagement,0
CUST_03278,21.0,7.0,1,224.72,49.464999999999996,1,Low Engagement,0
CUST_03279,14.0,12.0,1,73.53,57.111000000000004,0,High Engagement,0
CUST_03280,6.0,10.0,1,94.99,36.7275,1,Low Engagement,0
CUST_03281,11.0,8.0,1,274.52,41.294999999999995,1,Low Engagement,0
CUST_03282,2.0,7.0,1,921.81,28.983999999999998,1,Low Engagement,0
CUST_03283,28.0,5.0,1,4494.8,58.857499999999995,2,Medium Engagement,0
CUST_03284,2.0,8.0,1,335.17,28.883000000000003,1,Low Engagement,0
CUST_03285,26.0,10.0,1,1760.77,76.713,0,High Engagement,1
CUST_03286,15.0,13.0,1,112.2,62.39,0,High Engagement,1
CUST_03287,17.0,8.0,1,366.9,52.517,1,Low Engagement,0
CUST_03288,17.0,8.0,1,51.38,43.933,1,Low Engagement,0
CUST_03289,10.0,6.0,1,214.08,29.787999999999997,1,Low Engagement,0
CUST_03290,4.0,5.0,1,1313.79,25.856500000000004,1,Low Engagement,0
CUST_03291,17.0,11.0,1,158.29,61.9495,0,High Engagement,1
CUST_03292,19.0,15.0,1,812.72,79.42949999999999,0,High Engagement,1
CUST_03293,11.0,6.0,1,320.42,33.733999999999995,1,Low Engagement,0
CUST_03294,12.0,9.0,1,21.22,39.540499999999994,1,Low Engagement,0
CUST_03295,9.0,9.0,1,528.28,45.81949999999999,1,Low Engagement,0
CUST_03296,2.0,8.0,1,1244.16,34.863,1,Low Engagement,0
CUST_03297,10.0,12.0,1,236.53,55.2775,0,High Engagement,0
CUST_03298,37.0,11.0,1,2315.7,84.22900000000001,0,High Engagement,1
CUST_03299,32.0,9.0,1,151.5,62.79499999999999,0,High Engagement,1
CUST_03300,15.0,4.0,1,10639.53,46.628,2,Medium Engagement,0
CUST_03301,30.0,13.0,1,1374.62,86.3455,0,High Engagement,1
CUST_03302,11.0,11.0,1,25.46,46.4595,1,Low Engagement,0
CUST_03303,19.0,15.0,1,565.45,77.6935,0,High Engagement,1
CUST_03304,4.0,12.0,1,258.1,45.792,1,Low Engagement,0
CUST_03305,17.0,8.0,1,480.82,53.876999999999995,0,High Engagement,0
CUST_03306,16.0,10.0,1,1282.56,66.52250000000001,0,High Engagement,1
CUST_03307,4.0,10.0,1,908.49,44.9625,1,Low Engagement,0
CUST_03308,20.0,9.0,1,473.33,62.117999999999995,0,High Engagement,1
CUST_03309,11.0,5.0,1,450.4,32.792,1,Low Engagement,0
CUST_03310,5.0,12.0,1,3339.62,57.1275,0,High Engagement,0
CUST_03311,7.0,8.0,1,49.09,26.461000000000002,1,Low Engagement,0
CUST_03312,9.0,5.0,1,309.73,27.248,1,Low Engagement,0
CUST_03313,7.0,14.0,1,2668.6,62.953,0,High Engagement,1
CUST_03314,23.0,7.0,1,823.08,57.5415,0,High Engagement,0
CUST_03315,12.0,10.0,1,167.45,50.398999999999994,1,Low Engagement,0
CUST_03316,10.0,13.0,1,1292.53,65.2875,0,High Engagement,1
CUST_03317,10.0,9.0,1,1722.54,52.649499999999996,1,Low Engagement,0
CUST_03318,14.0,7.0,1,136.76,38.4115,1,Low Engagement,0
CUST_03319,15.0,8.0,1,368.72,49.6255,1,Low Engagement,0
CUST_03320,27.0,5.0,1,83.32,42.6765,1,Low Engagement,0
CUST_03321,26.0,4.0,1,1494.32,54.088499999999996,1,Low Engagement,0
CUST_03322,10.0,5.0,1,53.83,21.55,1,Low Engagement,0
CUST_03323,11.0,7.0,1,249.44,36.096,1,Low Engagement,0
CUST_03324,14.0,10.0,1,77.26,50.38549999999999,0,High Engagement,0
CUST_03325,12.0,6.0,1,983.4,40.894999999999996,1,Low Engagement,0
CUST_03326,15.0,6.0,1,36.11,31.8125,1,Low Engagement,0
CUST_03327,7.0,11.0,1,788.4,52.5375,1,Low Engagement,0
CUST_03328,12.0,13.0,1,1721.93,69.99849999999999,0,High Engagement,1
CUST_03329,17.0,10.0,1,182.2,58.644,0,High Engagement,0
CUST_03330,11.0,6.0,1,124.98,29.118,1,Low Engagement,0
CUST_03331,16.0,8.0,1,39.28,41.9215,1,Low Engagement,0
CUST_03332,14.0,10.0,1,187.26,54.2855,0,High Engagement,0
CUST_03333,12.0,13.0,1,77.03,55.93849999999999,0,High Engagement,0
CUST_03334,20.0,9.0,1,868.44,64.95,0,High Engagement,1
CUST_03335,13.0,9.0,1,2223.35,58.83949999999999,0,High Engagement,0
CUST_03336,18.0,6.0,1,381.57,45.6355,1,Low Engagement,0
CUST_03337,6.0,5.0,1,730.72,26.0555,1,Low Engagement,0
CUST_03338,30.0,10.0,1,2627.96,79.182,0,High Engagement,1
CUST_03339,8.0,8.0,1,272.28,35.5275,1,Low Engagement,0
CUST_03340,16.0,10.0,1,422.76,61.5345,0,High Engagement,1
CUST_03341,5.0,9.0,1,213.28,34.4755,1,Low Engagement,0
CUST_03342,14.0,9.0,1,24.89,43.08299999999999,1,Low Engagement,0
CUST_03343,7.0,10.0,1,223.37,42.332,1,Low Engagement,0
CUST_03344,17.0,4.0,1,778.52,43.767500000000005,1,Low Engagement,0
CUST_03345,16.0,10.0,1,82.92,53.7725,0,High Engagement,0
CUST_03346,22.0,9.0,1,1038.15,67.39349999999999,0,High Engagement,1
CUST_03347,15.0,9.0,1,331.48,54.118,0,High Engagement,0
CUST_03348,14.0,10.0,1,526.36,59.5335,0,High Engagement,0
CUST_03349,6.0,10.0,1,462.5,44.4235,1,Low Engagement,0
CUST_03350,19.0,9.0,1,1264.56,65.50999999999999,0,High Engagement,1
CUST_03351,23.0,6.0,1,620.0,52.587500000000006,1,Low Engagement,0
CUST_03352,9.0,13.0,1,79.59,50.3915,0,High Engagement,0
CUST_03353,8.0,8.0,1,872.57,41.1595,1,Low Engagement,0
CUST_03354,22.0,11.0,1,62.78,63.1215,0,High Engagement,1
CUST_03355,8.0,11.0,1,177.42,47.012,1,Low Engagement,0
CUST_03356,21.0,12.0,1,87.3,66.4285,0,High Engagement,1
CUST_03357,15.0,6.0,1,2150.04,48.5445,1,Low Engagement,0
CUST_03358,16.0,8.0,1,344.77,50.859500000000004,1,Low Engagement,0
CUST_03359,11.0,12.0,1,1579.77,65.81949999999999,0,High Engagement,1
CUST_03360,31.0,12.0,1,41.25,69.43249999999999,0,High Engagement,1
CUST_03361,22.0,4.0,1,902.6,49.3475,1,Low Engagement,0
CUST_03362,6.0,7.0,1,947.56,33.3855,1,Low Engagement,0
CUST_03363,16.0,8.0,1,2265.64,58.587500000000006,0,High Engagement,0
CUST_03364,7.0,9.0,1,1568.76,46.6655,1,Low Engagement,0
CUST_03365,8.0,14.0,1,369.99,57.0315,0,High Engagement,0
CUST_03366,8.0,10.0,1,1253.13,52.31049999999999,1,Low Engagement,0
CUST_03367,16.0,5.0,1,1908.15,47.2605,1,Low Engagement,0
CUST_03368,35.0,9.0,1,6064.8,76.94949999999999,2,Medium Engagement,0
CUST_03369,20.0,6.0,1,303.72,46.55649999999999,1,Low Engagement,0
CUST_03370,8.0,6.0,1,345.48,28.3985,1,Low Engagement,0
CUST_03371,2.0,4.0,1,168.18,12.9815,1,Low Engagement,0
CUST_03372,30.0,14.0,1,2099.8,88.919,0,High Engagement,1
CUST_03373,23.0,11.0,1,316.01,71.255,0,High Engagement,1
CUST_03374,9.0,13.0,1,341.58,57.2855,0,High Engagement,0
CUST_03375,12.0,5.0,1,55.51,25.332999999999995,1,Low Engagement,0
CUST_03376,24.0,9.0,1,12.93,53.794999999999995,0,High Engagement,0
CUST_03377,28.0,9.0,1,859.41,70.11699999999999,0,High Engagement,1
CUST_03378,10.0,9.0,1,392.52,46.2975,1,Low Engagement,0
CUST_03379,3.0,14.0,1,2174.34,57.2605,0,High Engagement,0
CUST_03380,21.0,12.0,1,158.84,69.1085,0,High Engagement,1
CUST_03381,22.0,10.0,1,342.38,66.888,0,High Engagement,1
CUST_03382,2.0,12.0,1,131.76,40.8315,1,Low Engagement,0
CUST_03383,14.0,11.0,1,880.76,65.827,0,High Engagement,1
CUST_03384,37.0,7.0,1,160.82,54.2975,0,High Engagement,0
CUST_03385,19.0,5.0,1,1236.45,49.490500000000004,1,Low Engagement,0
CUST_03386,10.0,5.0,1,1095.74,35.082,1,Low Engagement,0
CUST_03387,15.0,4.0,1,1425.8,43.3,1,Low Engagement,0
CUST_03388,11.0,6.0,1,307.86,33.57,1,Low Engagement,0
CUST_03389,3.0,11.0,1,356.6,43.485,1,Low Engagement,0
CUST_03390,8.0,8.0,1,468.72,38.2315,1,Low Engagement,0
CUST_03391,16.0,7.0,1,1934.0,53.5365,1,Low Engagement,0
CUST_03392,9.0,5.0,1,83.45,21.006,1,Low Engagement,0
CUST_03393,5.0,7.0,1,5547.38,36.576,2,Medium Engagement,0
CUST_03394,17.0,9.0,1,563.62,59.621500000000005,0,High Engagement,0
CUST_03395,34.0,8.0,1,1263.25,68.28150000000001,0,High Engagement,1
CUST_03396,9.0,8.0,1,2168.84,46.306999999999995,1,Low Engagement,0
CUST_03397,13.0,5.0,1,222.91,32.912,1,Low Engagement,0
CUST_03398,7.0,8.0,1,164.28,31.169000000000004,1,Low Engagement,0
CUST_03399,13.0,9.0,1,674.55,54.39149999999999,0,High Engagement,0
CUST_03400,9.0,13.0,1,24.66,47.661500000000004,0,High Engagement,0
CUST_03401,14.0,13.0,1,76.37,59.31099999999999,0,High Engagement,0
CUST_03402,9.0,2.0,1,442.32,26.5345,1,Low Engagement,0
CUST_03403,31.0,6.0,1,946.0,58.062999999999995,0,High Engagement,0
CUST_03404,31.0,7.0,1,93.24,50.644999999999996,0,High Engagement,0
CUST_03405,9.0,8.0,1,60.08,30.826999999999998,1,Low Engagement,0
CUST_03406,15.0,10.0,1,534.52,61.1805,0,High Engagement,1
CUST_03407,8.0,6.0,1,469.0,29.8705,1,Low Engagement,0
CUST_03408,21.0,7.0,1,40.05,42.80499999999999,1,Low Engagement,0
CUST_03409,20.0,13.0,1,718.18,77.77199999999999,0,High Engagement,1
CUST_03410,10.0,10.0,1,348.54,50.377999999999986,1,Low Engagement,0
CUST_03411,13.0,6.0,1,881.85,42.246,1,Low Engagement,0
CUST_03412,13.0,10.0,1,191.76,52.786,0,High Engagement,0
CUST_03413,8.0,5.0,1,6648.75,35.3245,2,Medium Engagement,0
CUST_03414,8.0,6.0,1,1558.89,35.0985,1,Low Engagement,0
CUST_03415,18.0,12.0,1,118.96,64.805,0,High Engagement,1
CUST_03416,18.0,10.0,1,93.38,56.79149999999999,0,High Engagement,0
CUST_03417,30.0,16.0,1,49.17,74.14,0,High Engagement,1
CUST_03418,1.0,12.0,1,1277.19,51.1825,1,Low Engagement,0
CUST_03419,7.0,6.0,1,50.26,18.192,1,Low Engagement,0
CUST_03420,34.0,5.0,1,733.16,55.13849999999999,0,High Engagement,0
CUST_03421,18.0,9.0,1,460.4,59.839,0,High Engagement,0
CUST_03422,5.0,7.0,1,2093.52,34.827999999999996,1,Low Engagement,0
CUST_03423,11.0,10.0,1,33.41,42.90999999999999,1,Low Engagement,0
CUST_03424,15.0,8.0,1,163.71,45.5255,1,Low Engagement,0
CUST_03425,5.0,7.0,1,3375.18,35.884,1,Low Engagement,0
CUST_03426,21.0,6.0,1,791.43,52.05499999999999,1,Low Engagement,0
CUST_03427,10.0,6.0,1,207.5,29.644,1,Low Engagement,0
CUST_03428,9.0,11.0,1,77.78,45.3135,1,Low Engagement,0
CUST_03429,26.0,12.0,1,41.52,67.69850000000001,0,High Engagement,1
CUST_03430,10.0,10.0,1,561.92,52.70399999999999,1,Low Engagement,0
CUST_03431,22.0,10.0,1,349.86,67.00399999999999,0,High Engagement,1
CUST_03432,15.0,7.0,1,317.37,44.2145,1,Low Engagement,0
CUST_03433,21.0,5.0,1,84.1,38.76499999999999,1,Low Engagement,0
CUST_03434,12.0,11.0,1,583.91,60.5325,0,High Engagement,0
CUST_03435,15.0,8.0,1,796.65,53.3535,1,Low Engagement,0
CUST_03436,27.0,10.0,1,266.46,68.7125,0,High Engagement,1
CUST_03437,16.0,11.0,1,1807.2,71.648,0,High Engagement,1
CUST_03438,8.0,10.0,1,189.59,43.3505,1,Low Engagement,0
CUST_03439,10.0,7.0,1,266.56,34.602,1,Low Engagement,0
CUST_03440,20.0,13.0,1,36.15,65.084,0,High Engagement,1
CUST_03441,10.0,11.0,1,199.62,51.48550000000001,0,High Engagement,0
CUST_03442,5.0,10.0,1,647.44,44.694,1,Low Engagement,0
CUST_03443,15.0,14.0,1,28.64,59.75749999999999,0,High Engagement,0
CUST_03444,8.0,9.0,1,110.56,36.14,1,Low Engagement,0
CUST_03445,14.0,6.0,1,45.9,30.7815,1,Low Engagement,0
CUST_03446,10.0,8.0,1,369.05,40.957,1,Low Engagement,0
CUST_03447,16.0,10.0,1,256.01,59.018499999999996,0,High Engagement,0
CUST_03448,34.0,11.0,1,232.4,73.95,0,High Engagement,1
CUST_03449,38.0,12.0,1,572.91,81.95599999999999,0,High Engagement,1
CUST_03450,11.0,10.0,1,277.24,51.04199999999999,1,Low Engagement,0
CUST_03451,14.0,8.0,1,3182.05,56.186499999999995,0,High Engagement,0
CUST_03452,15.0,15.0,1,137.02,65.37349999999999,0,High Engagement,1
CUST_03453,8.0,11.0,1,3397.75,58.98800000000001,0,High Engagement,0
CUST_03454,4.0,12.0,1,252.5,45.684,1,Low Engagement,0
CUST_03455,27.0,6.0,1,11.73,41.956500000000005,1,Low Engagement,0
CUST_03456,24.0,5.0,1,230.24,45.7835,1,Low Engagement,0
CUST_03457,5.0,8.0,1,19.81,22.083000000000002,1,Low Engagement,0
CUST_03458,26.0,8.0,1,729.42,63.581999999999994,0,High Engagement,1
CUST_03459,15.0,7.0,1,42.52,35.8225,1,Low Engagement,0
CUST_03460,15.0,9.0,1,183.55,51.08999999999999,1,Low Engagement,0
CUST_03461,26.0,4.0,1,66.14,39.936499999999995,1,Low Engagement,0
CUST_03462,11.0,8.0,1,140.0,37.922999999999995,1,Low Engagement,0
CUST_03463,11.0,8.0,1,50.94,34.142999999999994,1,Low Engagement,0
CUST_03464,26.0,11.0,1,434.12,74.6745,0,High Engagement,1
CUST_03465,3.0,6.0,1,278.52,20.227500000000003,1,Low Engagement,0
CUST_03466,6.0,6.0,1,463.6,26.375500000000002,1,Low Engagement,0
CUST_03467,23.0,3.0,1,15729.15,54.80350000000001,2,Medium Engagement,0
CUST_03468,25.0,9.0,1,4057.92,73.39099999999999,0,High Engagement,1
CUST_03469,8.0,10.0,1,330.12,46.2305,1,Low Engagement,0
CUST_03470,23.0,9.0,1,129.71,58.217,0,High Engagement,0
CUST_03471,22.0,6.0,1,406.08,49.692,1,Low Engagement,0
CUST_03472,16.0,9.0,1,965.67,60.71399999999999,0,High Engagement,0
CUST_03473,14.0,4.0,1,1499.16,41.897,1,Low Engagement,0
CUST_03474,10.0,7.0,1,2533.02,43.926,1,Low Engagement,0
CUST_03475,9.0,7.0,1,93.04,27.627999999999997,1,Low Engagement,0
CUST_03476,4.0,16.0,1,3119.2,60.2645,0,High Engagement,0
CUST_03477,9.0,8.0,1,6510.48,48.167,2,Medium Engagement,0
CUST_03478,15.0,10.0,1,45.47,50.3925,0,High Engagement,0
CUST_03479,5.0,12.0,1,457.3,49.8835,1,Low Engagement,0
CUST_03480,19.0,6.0,1,2154.72,53.840500000000006,1,Low Engagement,0
CUST_03481,11.0,12.0,1,9234.21,68.7315,2,Medium Engagement,0
CUST_03482,13.0,12.0,1,641.3,65.72349999999999,0,High Engagement,1
CUST_03483,19.0,5.0,1,156.04,39.7005,1,Low Engagement,0
CUST_03484,10.0,6.0,1,1414.09,38.644,1,Low Engagement,0
CUST_03485,15.0,7.0,1,234.69,42.610499999999995,1,Low Engagement,0
CUST_03486,17.0,5.0,1,22.66,31.53,1,Low Engagement,0
CUST_03487,18.0,12.0,1,3114.92,78.457,0,High Engagement,1
CUST_03488,18.0,14.0,1,1022.98,78.4805,0,High Engagement,1
CUST_03489,6.0,8.0,1,133.76,28.608500000000003,1,Low Engagement,0
CUST_03490,8.0,9.0,1,24.72,32.083999999999996,1,Low Engagement,0
CUST_03491,19.0,12.0,1,526.8,73.31,0,High Engagement,1
CUST_03492,8.0,8.0,1,676.56,40.0115,1,Low Engagement,0
CUST_03493,14.0,11.0,1,833.4,65.583,0,High Engagement,1
CUST_03494,16.0,13.0,1,18014.55,79.398,2,Medium Engagement,0
CUST_03495,5.0,8.0,1,113.22,26.411,1,Low Engagement,0
CUST_03496,7.0,10.0,1,652.96,47.69199999999999,1,Low Engagement,0
CUST_03497,17.0,7.0,1,3505.7,56.178000000000004,0,High Engagement,0
CUST_03498,20.0,9.0,1,53.22,52.349999999999994,0,High Engagement,0
CUST_03499,18.0,14.0,1,243.43,71.6085,0,High Engagement,1
CUST_03500,4.0,6.0,1,23.25,12.6025,1,Low Engagement,0
CUST_03501,5.0,7.0,1,388.29,27.908,1,Low Engagement,0
CUST_03502,11.0,8.0,1,2864.34,50.706999999999994,1,Low Engagement,0
CUST_03503,5.0,8.0,1,915.76,36.583,1,Low Engagement,0
CUST_03504,8.0,17.0,1,923.74,62.848499999999994,0,High Engagement,1
CUST_03505,40.0,9.0,1,278.08,66.95750000000001,0,High Engagement,1
CUST_03506,26.0,8.0,1,67.66,52.43399999999999,0,High Engagement,0
CUST_03507,7.0,9.0,1,35.28,30.7735,1,Low Engagement,0
CUST_03508,4.0,11.0,1,170.7,40.774,1,Low Engagement,0
CUST_03509,16.0,9.0,1,84.9,49.196,1,Low Engagement,0
CUST_03510,9.0,12.0,1,15.71,45.3035,1,Low Engagement,0
CUST_03511,19.0,9.0,1,145.8,55.257999999999996,0,High Engagement,0
CUST_03512,12.0,16.0,1,745.8,69.22500000000001,0,High Engagement,1
CUST_03513,43.0,13.0,1,59.91,73.979,0,High Engagement,1
CUST_03514,15.0,10.0,1,454.93,60.296499999999995,0,High Engagement,0
CUST_03515,16.0,10.0,1,173.65,57.0545,0,High Engagement,0
CUST_03516,31.0,10.0,1,176.2,67.975,0,High Engagement,1
CUST_03517,4.0,3.0,1,176.36,14.198499999999997,1,Low Engagement,0
CUST_03518,24.0,13.0,1,4561.9,86.51299999999999,0,High Engagement,1
CUST_03519,24.0,9.0,1,72.42,56.57299999999999,0,High Engagement,0
CUST_03520,14.0,12.0,1,4033.94,73.231,0,High Engagement,1
CUST_03521,14.0,7.0,1,76.37,35.9695,1,Low Engagement,0
CUST_03522,10.0,9.0,1,398.85,46.37749999999999,1,Low Engagement,0
CUST_03523,4.0,10.0,1,197.9,37.5505,1,Low Engagement,0
CUST_03524,10.0,10.0,1,321.41,49.967999999999996,1,Low Engagement,0
CUST_03525,7.0,11.0,1,816.84,52.7095,0,High Engagement,0
CUST_03526,8.0,11.0,1,489.5,52.147999999999996,0,High Engagement,0
CUST_03527,15.0,12.0,1,7494.45,75.50200000000001,2,Medium Engagement,0
CUST_03528,9.0,16.0,1,123.85,54.815999999999995,0,High Engagement,0
CUST_03529,18.0,12.0,1,601.1,72.781,0,High Engagement,1
CUST_03530,14.0,3.0,1,34.32,25.4455,1,Low Engagement,0
CUST_03531,12.0,12.0,1,1179.0,66.5805,0,High Engagement,1
CUST_03532,7.0,6.0,1,692.0,29.924,1,Low Engagement,0
CUST_03533,12.0,6.0,1,229.24,33.839,1,Low Engagement,0
CUST_03534,21.0,7.0,1,713.2,55.265,0,High Engagement,0
CUST_03535,5.0,8.0,1,855.28,36.291000000000004,1,Low Engagement,0
CUST_03536,7.0,13.0,1,283.9,52.5995,0,High Engagement,0
CUST_03537,14.0,11.0,1,2228.73,69.06700000000001,0,High Engagement,1
CUST_03538,3.0,13.0,1,154.06,44.31099999999999,1,Low Engagement,0
CUST_03539,13.0,8.0,1,202.62,43.415,1,Low Engagement,0
CUST_03540,5.0,8.0,1,87.18,25.383,1,Low Engagement,0
CUST_03541,18.0,7.0,1,1486.0,55.3215,0,High Engagement,0
CUST_03542,14.0,10.0,1,960.85,62.237500000000004,0,High Engagement,1
CUST_03543,38.0,10.0,1,34.11,63.3945,0,High Engagement,1
CUST_03544,11.0,7.0,1,3915.41,46.632,1,Low Engagement,0
CUST_03545,17.0,9.0,1,244.6,55.44949999999999,0,High Engagement,0
CUST_03546,9.0,9.0,1,217.0,41.2835,1,Low Engagement,0
CUST_03547,11.0,10.0,1,573.63,54.62999999999999,0,High Engagement,0
CUST_03548,4.0,7.0,1,3242.6,34.5005,1,Low Engagement,0
CUST_03549,7.0,12.0,1,31.55,42.1775,1,Low Engagement,0
CUST_03550,14.0,7.0,1,2149.24,50.6475,1,Low Engagement,0
CUST_03551,14.0,12.0,1,252.88,62.727,0,High Engagement,1
CUST_03552,17.0,4.0,1,843.57,44.0555,1,Low Engagement,0
CUST_03553,17.0,8.0,1,3258.9,60.71300000000001,0,High Engagement,0
CUST_03554,5.0,10.0,1,58.27,33.694,1,Low Engagement,0
CUST_03555,29.0,9.0,1,47.61,57.60849999999999,0,High Engagement,0
CUST_03556,5.0,5.0,1,75.33,13.892,1,Low Engagement,0
CUST_03557,17.0,6.0,1,85.86,37.22,1,Low Engagement,0
CUST_03558,24.0,8.0,1,1404.78,65.1585,0,High Engagement,1
CUST_03559,7.0,9.0,1,634.02,42.893499999999996,1,Low Engagement,0
CUST_03560,7.0,7.0,1,484.67,31.941999999999997,1,Low Engagement,0
CUST_03561,9.0,12.0,1,183.85,52.0635,0,High Engagement,0
CUST_03562,22.0,8.0,1,200.63,54.469,0,High Engagement,0
CUST_03563,8.0,4.0,1,952.41,29.093999999999998,1,Low Engagement,0
CUST_03564,18.0,9.0,1,7868.56,68.081,2,Medium Engagement,0
CUST_03565,10.0,9.0,1,350.6,45.729499999999994,1,Low Engagement,0
CUST_03566,13.0,6.0,1,116.06,32.37799999999999,1,Low Engagement,0
CUST_03567,21.0,8.0,1,6056.32,65.78,2,Medium Engagement,0
CUST_03568,12.0,9.0,1,61.71,41.54449999999999,1,Low Engagement,0
CUST_03569,12.0,10.0,1,107.56,48.211,1,Low Engagement,0
CUST_03570,4.0,16.0,1,162.62,48.0705,0,High Engagement,0
CUST_03571,11.0,9.0,1,93.39,41.1155,1,Low Engagement,0
CUST_03572,17.0,6.0,1,61.83,36.07599999999999,1,Low Engagement,0
CUST_03573,14.0,6.0,1,10535.48,49.1015,2,Medium Engagement,0
CUST_03574,28.0,11.0,1,2176.36,82.045,0,High Engagement,1
CUST_03575,1.0,12.0,1,520.45,47.2785,1,Low Engagement,0
CUST_03576,19.0,7.0,1,264.82,48.518499999999996,1,Low Engagement,0
CUST_03577,16.0,10.0,1,198.64,57.7385,0,High Engagement,0
CUST_03578,19.0,5.0,1,735.38,47.3665,1,Low Engagement,0
CUST_03579,18.0,10.0,1,1774.3,70.2555,0,High Engagement,1
CUST_03580,5.0,8.0,1,6389.84,41.415,2,Medium Engagement,0
CUST_03581,24.0,9.0,1,1530.97,70.47899999999998,0,High Engagement,1
CUST_03582,10.0,7.0,1,261.8,34.518,1,Low Engagement,0
CUST_03583,19.0,9.0,1,1859.05,66.854,0,High Engagement,1
CUST_03584,5.0,13.0,1,118.7,45.3535,1,Low Engagement,0
CUST_03585,37.0,7.0,1,1031.34,63.265499999999996,0,High Engagement,1
CUST_03586,13.0,6.0,1,135.48,33.098,1,Low Engagement,0
CUST_03587,5.0,10.0,1,65.3,34.03,1,Low Engagement,0
CUST_03588,15.0,7.0,1,809.37,48.7405,1,Low Engagement,0
CUST_03589,21.0,8.0,1,166.74,52.732,0,High Engagement,0
CUST_03590,27.0,16.0,1,1644.48,88.4225,0,High Engagement,1
CUST_03591,16.0,12.0,1,238.83,65.57600000000001,0,High Engagement,1
CUST_03592,16.0,11.0,1,1172.74,70.104,0,High Engagement,1
CUST_03593,18.0,9.0,1,1527.36,65.09700000000001,0,High Engagement,1
CUST_03594,9.0,7.0,1,46.67,25.439999999999998,1,Low Engagement,0
CUST_03595,11.0,10.0,1,1590.55,58.92599999999999,0,High Engagement,0
CUST_03596,23.0,11.0,1,1050.49,76.92899999999999,0,High Engagement,1
CUST_03597,14.0,3.0,1,53.47,26.449499999999997,1,Low Engagement,0
CUST_03598,19.0,9.0,1,112.71,54.04599999999999,0,High Engagement,0
CUST_03599,6.0,7.0,1,482.34,30.3095,1,Low Engagement,0
CUST_03600,8.0,7.0,1,2846.03,40.2845,1,Low Engagement,0
CUST_03601,12.0,10.0,1,885.96,58.526999999999994,0,High Engagement,0
CUST_03602,31.0,10.0,1,192.39,68.367,0,High Engagement,1
CUST_03603,21.0,9.0,1,1078.97,66.7405,0,High Engagement,1
CUST_03604,10.0,8.0,1,23.18,30.892999999999997,1,Low Engagement,0
CUST_03605,18.0,7.0,1,255.07,47.2135,1,Low Engagement,0
CUST_03606,9.0,8.0,1,693.93,42.079,1,Low Engagement,0
CUST_03607,16.0,11.0,1,220.98,62.175999999999995,0,High Engagement,1
CUST_03608,26.0,14.0,1,1795.92,87.022,0,High Engagement,1
CUST_03609,18.0,13.0,1,2418.6,79.97099999999999,0,High Engagement,1
CUST_03610,6.0,9.0,1,98.77,32.144999999999996,1,Low Engagement,0
CUST_03611,14.0,6.0,1,32.47,30.069499999999998,1,Low Engagement,0
CUST_03612,7.0,16.0,1,332.02,55.886,0,High Engagement,0
CUST_03613,16.0,10.0,1,1515.12,67.1705,0,High Engagement,1
CUST_03614,4.0,7.0,1,29.89,16.5765,1,Low Engagement,0
CUST_03615,20.0,8.0,1,103.34,49.585499999999996,0,High Engagement,0
CUST_03616,10.0,9.0,1,131.13,40.823499999999996,1,Low Engagement,0
CUST_03617,21.0,7.0,1,3510.01,60.361,0,High Engagement,0
CUST_03618,8.0,10.0,1,46.95,37.8985,1,Low Engagement,0
CUST_03619,4.0,8.0,1,689.8,34.039500000000004,1,Low Engagement,0
CUST_03620,23.0,10.0,1,7715.64,77.3475,2,Medium Engagement,0
CUST_03621,16.0,8.0,1,68.81,43.423500000000004,1,Low Engagement,0
CUST_03622,14.0,9.0,1,120.13,47.535,1,Low Engagement,0
CUST_03623,21.0,6.0,1,104.06,42.10299999999999,1,Low Engagement,0
CUST_03624,18.0,8.0,1,406.8,54.2925,0,High Engagement,0
CUST_03625,17.0,13.0,1,1420.04,77.26749999999998,0,High Engagement,1
CUST_03626,14.0,15.0,1,282.06,67.3985,0,High Engagement,1
CUST_03627,25.0,8.0,1,309.76,58.958499999999994,0,High Engagement,0
CUST_03628,13.0,8.0,1,329.75,45.915,1,Low Engagement,0
CUST_03629,3.0,8.0,1,50.54,21.3385,1,Low Engagement,0
CUST_03630,16.0,15.0,1,205.09,68.89549999999998,0,High Engagement,1
CUST_03631,1.0,7.0,1,126.96,19.027,1,Low Engagement,0
CUST_03632,32.0,11.0,1,26.41,65.971,0,High Engagement,1
CUST_03633,14.0,5.0,1,64.15,29.129499999999997,1,Low Engagement,0
CUST_03634,27.0,7.0,1,120.4,50.4905,0,High Engagement,0
CUST_03635,16.0,9.0,1,290.8,55.028,0,High Engagement,0
CUST_03636,14.0,11.0,1,338.07,61.279,0,High Engagement,1
CUST_03637,15.0,10.0,1,66.17,51.42450000000001,0,High Engagement,0
CUST_03638,4.0,14.0,1,88.61,44.1155,1,Low Engagement,0
CUST_03639,16.0,9.0,1,44.54,47.18999999999999,1,Low Engagement,0
CUST_03640,7.0,11.0,1,5279.8,57.789500000000004,2,Medium Engagement,0
CUST_03641,8.0,7.0,1,105.36,26.176500000000004,1,Low Engagement,0
CUST_03642,13.0,8.0,1,495.08,47.943,1,Low Engagement,0
CUST_03643,24.0,7.0,1,13182.78,63.9435,2,Medium Engagement,0
CUST_03644,12.0,16.0,1,871.66,69.901,0,High Engagement,1
CUST_03645,6.0,12.0,1,585.96,52.50899999999999,0,High Engagement,0
CUST_03646,14.0,6.0,1,107.16,33.5335,1,Low Engagement,0
CUST_03647,13.0,7.0,1,600.21,44.163999999999994,1,Low Engagement,0
CUST_03648,18.0,8.0,1,128.83,48.5885,1,Low Engagement,0
CUST_03649,28.0,10.0,1,91.24,64.0315,0,High Engagement,1
CUST_03650,11.0,5.0,1,192.75,28.547999999999995,1,Low Engagement,0
CUST_03651,8.0,10.0,1,88.1,39.906499999999994,1,Low Engagement,0
CUST_03652,19.0,12.0,1,35.45,62.05400000000001,0,High Engagement,1
CUST_03653,8.0,8.0,1,165.65,33.0515,1,Low Engagement,0
CUST_03654,15.0,8.0,1,297.74,48.5655,1,Low Engagement,0
CUST_03655,15.0,4.0,1,90.3,30.428,1,Low Engagement,0
CUST_03656,9.0,8.0,1,603.6,41.445,1,Low Engagement,0
CUST_03657,24.0,10.0,1,274.29,67.33749999999999,0,High Engagement,1
CUST_03658,18.0,10.0,1,1644.14,70.04350000000001,0,High Engagement,1
CUST_03659,14.0,6.0,1,572.16,41.817499999999995,1,Low Engagement,0
CUST_03660,7.0,5.0,1,358.0,24.169999999999998,1,Low Engagement,0
CUST_03661,3.0,12.0,1,684.84,49.597,1,Low Engagement,0
CUST_03662,33.0,12.0,1,56.39,70.7135,0,High Engagement,1
CUST_03663,7.0,7.0,1,656.63,33.35399999999999,1,Low Engagement,0
CUST_03664,7.0,9.0,1,93.76,33.601499999999994,1,Low Engagement,0
CUST_03665,10.0,6.0,1,1268.76,38.188,1,Low Engagement,0
CUST_03666,10.0,12.0,1,236.44,55.26950000000001,0,High Engagement,0
CUST_03667,14.0,6.0,1,81.21,32.4935,1,Low Engagement,0
CUST_03668,7.0,8.0,1,908.6,39.489,1,Low Engagement,0
CUST_03669,2.0,10.0,1,32.92,29.452,1,Low Engagement,0
CUST_03670,34.0,8.0,1,924.23,67.0495,0,High Engagement,1
CUST_03671,9.0,10.0,1,3102.99,56.76599999999999,0,High Engagement,0
CUST_03672,14.0,6.0,1,1421.21,45.7575,1,Low Engagement,0
CUST_03673,40.0,8.0,1,2061.65,70.565,0,High Engagement,1
CUST_03674,4.0,8.0,1,111.54,25.099500000000003,1,Low Engagement,0
CUST_03675,27.0,6.0,1,58.11,44.020500000000006,1,Low Engagement,0
CUST_03676,12.0,11.0,1,34.68,48.7885,0,High Engagement,0
CUST_03677,10.0,9.0,1,64.94,37.9935,1,Low Engagement,0
CUST_03678,23.0,7.0,1,2204.04,61.0335,0,High Engagement,0
CUST_03679,22.0,6.0,1,83.49,42.124,1,Low Engagement,0
CUST_03680,26.0,9.0,1,1331.6,71.0865,0,High Engagement,1
CUST_03681,11.0,8.0,1,489.92,44.23499999999999,1,Low Engagement,0
CUST_03682,24.0,9.0,1,3069.18,72.18699999999998,0,High Engagement,1
CUST_03683,27.0,8.0,1,197.0,57.49350000000001,0,High Engagement,0
CUST_03684,7.0,10.0,1,416.33,45.556,1,Low Engagement,0
CUST_03685,15.0,11.0,1,484.4,64.634,0,High Engagement,1
CUST_03686,22.0,14.0,1,906.6,81.729,0,High Engagement,1
CUST_03687,7.0,13.0,1,61.62,45.775499999999994,0,High Engagement,0
CUST_03688,20.0,6.0,1,1239.15,53.012499999999996,1,Low Engagement,0
CUST_03689,12.0,11.0,1,279.8,56.9085,0,High Engagement,0
CUST_03690,15.0,6.0,1,604.82,43.7245,1,Low Engagement,0
CUST_03691,16.0,12.0,1,173.38,63.94799999999999,0,High Engagement,1
CUST_03692,10.0,9.0,1,1935.23,53.0015,1,Low Engagement,0
CUST_03693,14.0,9.0,1,150.13,48.535,1,Low Engagement,0
CUST_03694,6.0,6.0,1,1434.3,31.387500000000003,1,Low Engagement,0
CUST_03695,15.0,10.0,1,2172.22,66.6365,0,High Engagement,1
CUST_03696,24.0,8.0,1,212.76,56.308499999999995,0,High Engagement,0
CUST_03697,15.0,11.0,1,188.46,59.818000000000005,0,High Engagement,0
CUST_03698,7.0,8.0,1,1327.75,41.041,1,Low Engagement,0
CUST_03699,10.0,10.0,1,42.9,41.559999999999995,1,Low Engagement,0
CUST_03700,16.0,7.0,1,21.93,36.3925,1,Low Engagement,0
CUST_03701,32.0,8.0,1,1613.82,68.74249999999999,0,High Engagement,1
CUST_03702,6.0,8.0,1,53.25,25.1205,1,Low Engagement,0
CUST_03703,18.0,6.0,1,3031.2,53.423500000000004,1,Low Engagement,0
CUST_03704,14.0,19.0,1,853.56,73.61999999999999,0,High Engagement,1
CUST_03705,12.0,5.0,1,462.89,34.812999999999995,1,Low Engagement,0
CUST_03706,12.0,7.0,1,471.42,41.181,1,Low Engagement,0
CUST_03707,4.0,8.0,1,1502.72,37.3035,1,Low Engagement,0
CUST_03708,13.0,7.0,1,261.31,40.012,1,Low Engagement,0
CUST_03709,25.0,8.0,1,150.24,55.26649999999999,0,High Engagement,0
CUST_03710,10.0,9.0,1,217.39,43.2375,1,Low Engagement,0
CUST_03711,36.0,9.0,1,136.17,63.04599999999999,0,High Engagement,1
CUST_03712,3.0,8.0,1,346.36,29.7045,1,Low Engagement,0
CUST_03713,7.0,10.0,1,2787.38,52.800000000000004,1,Low Engagement,0
CUST_03714,33.0,12.0,1,9314.7,88.4335,2,Medium Engagement,0
CUST_03715,11.0,10.0,1,62.66,44.41,1,Low Engagement,0
CUST_03716,31.0,5.0,1,197.36,47.905,0,High Engagement,0
CUST_03717,15.0,8.0,1,67.29,41.7775,1,Low Engagement,0
CUST_03718,19.0,7.0,1,653.25,52.99850000000001,1,Low Engagement,0
CUST_03719,12.0,11.0,1,270.97,56.708499999999994,0,High Engagement,0
CUST_03720,17.0,10.0,1,51.2,53.608,0,High Engagement,0
CUST_03721,20.0,7.0,1,19547.2,60.75849999999999,2,Medium Engagement,0
CUST_03722,26.0,4.0,1,114.58,42.0445,1,Low Engagement,0
CUST_03723,19.0,12.0,1,31.33,61.84,0,High Engagement,1
CUST_03724,17.0,10.0,1,803.2,66.01199999999999,0,High Engagement,1
CUST_03725,31.0,2.0,1,856.89,52.703500000000005,1,Low Engagement,0
CUST_03726,6.0,10.0,1,332.6,42.8435,1,Low Engagement,0
CUST_03727,3.0,11.0,1,881.66,47.793,1,Low Engagement,0
CUST_03728,7.0,13.0,1,473.55,55.1435,0,High Engagement,0
CUST_03729,28.0,12.0,1,745.15,81.089,0,High Engagement,1
CUST_03730,9.0,10.0,1,544.6,50.64999999999999,1,Low Engagement,0
CUST_03731,2.0,11.0,1,235.65,40.6715,1,Low Engagement,0
CUST_03732,9.0,10.0,1,2228.79,56.086000000000006,0,High Engagement,0
CUST_03733,18.0,8.0,1,78.94,46.496500000000005,1,Low Engagement,0
CUST_03734,16.0,10.0,1,38.39,51.566500000000005,0,High Engagement,0
CUST_03735,4.0,12.0,1,155.92,43.324,1,Low Engagement,0
CUST_03736,13.0,15.0,1,1210.73,72.563,0,High Engagement,1
CUST_03737,19.0,7.0,1,1110.42,55.3185,0,High Engagement,0
CUST_03738,10.0,11.0,1,2450.87,62.1455,0,High Engagement,1
CUST_03739,6.0,8.0,1,1487.78,39.87650000000001,1,Low Engagement,0
CUST_03740,7.0,6.0,1,68.47,19.1,1,Low Engagement,0
CUST_03741,9.0,10.0,1,7364.45,57.962,2,Medium Engagement,0
CUST_03742,6.0,7.0,1,157.08,24.7015,1,Low Engagement,0
CUST_03743,18.0,8.0,1,1856.0,60.69650000000001,0,High Engagement,0
CUST_03744,19.0,12.0,1,1297.82,77.214,0,High Engagement,1
CUST_03745,21.0,5.0,1,651.3,48.537,1,Low Engagement,0
CUST_03746,19.0,9.0,1,618.97,62.502,0,High Engagement,1
CUST_03747,23.0,9.0,1,49.59,54.657,0,High Engagement,0
CUST_03748,12.0,9.0,1,236.74,47.3925,1,Low Engagement,0
CUST_03749,6.0,11.0,1,407.41,47.801,1,Low Engagement,0
CUST_03750,15.0,9.0,1,415.2,55.25,0,High Engagement,0
CUST_03751,9.0,7.0,1,149.24,29.764000000000003,1,Low Engagement,0
CUST_03752,19.0,7.0,1,378.3,50.4105,1,Low Engagement,0
CUST_03753,10.0,9.0,1,614.5,48.4895,1,Low Engagement,0
CUST_03754,23.0,8.0,1,1422.16,64.4525,0,High Engagement,1
CUST_03755,5.0,10.0,1,41.21,32.788000000000004,1,Low Engagement,0
CUST_03756,14.0,16.0,1,145.46,64.5195,0,High Engagement,1
CUST_03757,17.0,6.0,1,3283.54,52.368,1,Low Engagement,0
CUST_03758,7.0,10.0,1,805.67,48.712,1,Low Engagement,0
CUST_03759,19.0,13.0,1,21.14,63.452,0,High Engagement,1
CUST_03760,12.0,12.0,1,228.81,58.796499999999995,0,High Engagement,0
CUST_03761,4.0,14.0,1,1818.59,57.8035,0,High Engagement,0
CUST_03762,14.0,11.0,1,657.3,64.49900000000001,0,High Engagement,1
CUST_03763,6.0,8.0,1,170.35,29.7605,1,Low Engagement,0
CUST_03764,23.0,10.0,1,966.44,72.5995,0,High Engagement,1
CUST_03765,9.0,13.0,1,147.4,53.041500000000006,0,High Engagement,0
CUST_03766,11.0,3.0,1,24.47,19.681999999999995,1,Low Engagement,0
CUST_03767,8.0,9.0,1,761.5,45.583999999999996,1,Low Engagement,0
CUST_03768,8.0,7.0,1,1411.48,38.4365,1,Low Engagement,0
CUST_03769,10.0,13.0,1,1663.87,66.21549999999999,0,High Engagement,1
CUST_03770,8.0,7.0,1,1763.34,39.1525,1,Low Engagement,0
CUST_03771,2.0,6.0,1,272.9,19.45,1,Low Engagement,0
CUST_03772,27.0,6.0,1,233.6,49.972500000000004,0,High Engagement,0
CUST_03773,12.0,7.0,1,5515.83,48.937,2,Medium Engagement,0
CUST_03774,36.0,7.0,1,1713.28,65.0025,0,High Engagement,1
CUST_03775,6.0,13.0,1,60.7,44.15899999999999,1,Low Engagement,0
CUST_03776,16.0,7.0,1,69.58,38.7865,1,Low Engagement,0
CUST_03777,13.0,12.0,1,120.64,57.5595,0,High Engagement,0
CUST_03778,12.0,6.0,1,192.7,32.971000000000004,1,Low Engagement,0
CUST_03779,18.0,10.0,1,935.46,67.8595,0,High Engagement,1
CUST_03780,3.0,8.0,1,38.51,20.7085,1,Low Engagement,0
CUST_03781,18.0,6.0,1,241.01,43.2695,1,Low Engagement,0
CUST_03782,9.0,7.0,1,473.3,35.556,1,Low Engagement,0
CUST_03783,16.0,8.0,1,60.03,42.9955,1,Low Engagement,0
CUST_03784,6.0,6.0,1,2503.61,32.9195,1,Low Engagement,0
CUST_03785,5.0,8.0,1,134.64,27.271,1,Low Engagement,0
CUST_03786,15.0,8.0,1,2020.3,56.7655,0,High Engagement,0
CUST_03787,29.0,9.0,1,65.35,58.4885,0,High Engagement,0
CUST_03788,26.0,7.0,1,132.03,50.479,0,High Engagement,0
CUST_03789,17.0,6.0,1,45.18,35.215999999999994,1,Low Engagement,0
CUST_03790,25.0,9.0,1,125.07,59.495,0,High Engagement,0
CUST_03791,16.0,11.0,1,379.89,65.01199999999999,0,High Engagement,1
CUST_03792,25.0,4.0,1,664.8,50.229,1,Low Engagement,0
CUST_03793,11.0,4.0,1,622.91,32.957499999999996,1,Low Engagement,0
CUST_03794,26.0,8.0,1,194.41,57.013999999999996,0,High Engagement,0
CUST_03795,10.0,9.0,1,324.33,45.341499999999996,1,Low Engagement,0
CUST_03796,3.0,12.0,1,2467.76,54.189,0,High Engagement,0
CUST_03797,29.0,5.0,1,2034.1,57.665,0,High Engagement,0
CUST_03798,10.0,9.0,1,112.04,40.0495,1,Low Engagement,0
CUST_03799,23.0,6.0,1,93.93,43.36750000000001,1,Low Engagement,0
CUST_03800,10.0,3.0,1,45.48,18.927999999999997,1,Low Engagement,0
CUST_03801,5.0,9.0,1,318.04,36.57549999999999,1,Low Engagement,0
CUST_03802,19.0,7.0,1,458.01,51.2465,1,Low Engagement,0
CUST_03803,12.0,7.0,1,1624.97,46.492999999999995,1,Low Engagement,0
CUST_03804,8.0,8.0,1,456.14,38.055499999999995,1,Low Engagement,0
CUST_03805,11.0,15.0,1,88.08,56.614999999999995,0,High Engagement,0
CUST_03806,2.0,9.0,1,272.91,32.8275,1,Low Engagement,0
CUST_03807,1.0,9.0,1,392.57,34.3105,1,Low Engagement,0
CUST_03808,16.0,10.0,1,1535.1,67.2145,0,High Engagement,1
CUST_03809,4.0,7.0,1,180.69,22.708499999999997,1,Low Engagement,0
CUST_03810,27.0,8.0,1,23.06,50.62550000000001,0,High Engagement,0
CUST_03811,2.0,10.0,1,2872.38,46.974,1,Low Engagement,0
CUST_03812,22.0,9.0,1,1065.6,67.5375,0,High Engagement,1
CUST_03813,7.0,9.0,1,62.95,32.189499999999995,1,Low Engagement,0
CUST_03814,19.0,7.0,1,64.38,42.2545,1,Low Engagement,0
CUST_03815,8.0,6.0,1,37.26,19.342499999999998,1,Low Engagement,0
CUST_03816,9.0,10.0,1,149.89,44.17,1,Low Engagement,0
CUST_03817,11.0,14.0,1,885.38,66.89500000000001,0,High Engagement,1
CUST_03818,47.0,8.0,1,1160.74,68.8885,0,High Engagement,1
CUST_03819,10.0,4.0,1,1708.25,35.1915,1,Low Engagement,0
CUST_03820,16.0,10.0,1,946.55,65.2945,0,High Engagement,1
CUST_03821,8.0,15.0,1,403.75,58.24349999999999,0,High Engagement,0
CUST_03822,10.0,11.0,1,84.22,47.5655,1,Low Engagement,0
CUST_03823,8.0,6.0,1,203.53,25.6965,1,Low Engagement,0
CUST_03824,4.0,7.0,1,219.75,23.6765,1,Low Engagement,0
CUST_03825,15.0,9.0,1,1474.25,60.849999999999994,0,High Engagement,0
CUST_03826,13.0,8.0,1,307.12,45.574999999999996,1,Low Engagement,0
CUST_03827,9.0,8.0,1,82.08,31.862999999999996,1,Low Engagement,0
CUST_03828,12.0,8.0,1,123.52,39.292,1,Low Engagement,0
CUST_03829,8.0,9.0,1,1799.22,48.903999999999996,1,Low Engagement,0
CUST_03830,11.0,11.0,1,496.99,57.9195,0,High Engagement,0
CUST_03831,30.0,8.0,1,1301.04,67.459,0,High Engagement,1
CUST_03832,8.0,5.0,1,596.07,28.476499999999998,1,Low Engagement,0
CUST_03833,12.0,10.0,1,1372.62,60.28699999999999,0,High Engagement,0
CUST_03834,24.0,8.0,1,528.56,60.9545,0,High Engagement,0
CUST_03835,12.0,8.0,1,5263.83,53.56799999999999,2,Medium Engagement,0
CUST_03836,5.0,12.0,1,310.43,48.0715,1,Low Engagement,0
CUST_03837,20.0,7.0,1,453.78,52.1505,1,Low Engagement,0
CUST_03838,3.0,11.0,1,433.88,44.413000000000004,1,Low Engagement,0
CUST_03839,34.0,12.0,1,458.84,80.338,0,High Engagement,1
CUST_03840,23.0,7.0,1,1680.7,60.3055,0,High Engagement,0
CUST_03841,10.0,12.0,1,324.04,56.9295,0,High Engagement,0
CUST_03842,12.0,8.0,1,413.14,45.251999999999995,1,Low Engagement,0
CUST_03843,12.0,12.0,1,1126.5,66.40050000000001,0,High Engagement,1
CUST_03844,14.0,9.0,1,186.24,49.586999999999996,1,Low Engagement,0
CUST_03845,17.0,9.0,1,14731.95,67.0615,2,Medium Engagement,0
CUST_03846,16.0,8.0,1,194.16,47.9155,1,Low Engagement,0
CUST_03847,4.0,9.0,1,44.32,27.02,1,Low Engagement,0
CUST_03848,14.0,7.0,1,488.0,44.8035,1,Low Engagement,0
CUST_03849,16.0,6.0,1,151.53,38.3585,1,Low Engagement,0
CUST_03850,28.0,7.0,1,45.49,47.4815,0,High Engagement,0
CUST_03851,12.0,9.0,1,4553.96,58.3685,2,Medium Engagement,0
CUST_03852,11.0,4.0,1,151.0,25.8735,1,Low Engagement,0
CUST_03853,11.0,8.0,1,5572.28,51.76299999999999,2,Medium Engagement,0
CUST_03854,11.0,8.0,1,119.04,37.22299999999999,1,Low Engagement,0
CUST_03855,12.0,10.0,1,630.84,56.97899999999999,0,High Engagement,0
CUST_03856,7.0,8.0,1,379.55,35.429,1,Low Engagement,0
CUST_03857,12.0,10.0,1,175.65,50.599,1,Low Engagement,0
CUST_03858,11.0,13.0,1,115.74,55.70349999999999,0,High Engagement,0
CUST_03859,8.0,5.0,1,11469.4,35.584500000000006,2,Medium Engagement,0
CUST_03860,12.0,8.0,1,7.87,34.244,1,Low Engagement,0
CUST_03861,18.0,4.0,1,119.99,35.819,1,Low Engagement,0
CUST_03862,10.0,9.0,1,114.89,40.1935,1,Low Engagement,0
CUST_03863,16.0,11.0,1,445.05,65.704,0,High Engagement,1
CUST_03864,12.0,6.0,1,1207.84,41.683,1,Low Engagement,0
CUST_03865,6.0,9.0,1,227.93,36.177,1,Low Engagement,0
CUST_03866,7.0,8.0,1,466.4,36.377,1,Low Engagement,0
CUST_03867,25.0,7.0,1,118.36,49.4995,0,High Engagement,0
CUST_03868,9.0,17.0,1,863.34,64.484,0,High Engagement,1
CUST_03869,28.0,12.0,1,203.25,74.66499999999999,0,High Engagement,1
CUST_03870,18.0,9.0,1,208.22,55.857,0,High Engagement,0
CUST_03871,16.0,3.0,1,161.82,33.9565,1,Low Engagement,0
CUST_03872,20.0,11.0,1,247.99,67.482,0,High Engagement,1
CUST_03873,7.0,7.0,1,32.05,20.922,1,Low Engagement,0
CUST_03874,17.0,17.0,1,148.05,69.378,0,High Engagement,1
CUST_03875,34.0,6.0,1,66.95,46.4685,0,High Engagement,0
CUST_03876,8.0,10.0,1,4627.35,55.5025,2,Medium Engagement,0
CUST_03877,23.0,13.0,1,513.12,78.67899999999999,0,High Engagement,1
CUST_03878,11.0,9.0,1,1563.7,54.1995,1,Low Engagement,0
CUST_03879,12.0,8.0,1,38.43,35.348,1,Low Engagement,0
CUST_03880,12.0,6.0,1,2354.3,43.771,1,Low Engagement,0
CUST_03881,4.0,13.0,1,3135.69,57.78199999999999,0,High Engagement,0
CUST_03882,4.0,8.0,1,1312.08,36.767500000000005,1,Low Engagement,0
CUST_03883,18.0,6.0,1,869.52,49.4915,1,Low Engagement,0
CUST_03884,8.0,12.0,1,1283.64,59.324,0,High Engagement,0
CUST_03885,11.0,8.0,1,172.43,38.922999999999995,1,Low Engagement,0
CUST_03886,24.0,5.0,1,203.53,45.2055,1,Low Engagement,0
CUST_03887,8.0,7.0,1,114.13,26.548499999999997,1,Low Engagement,0
CUST_03888,6.0,9.0,1,1234.88,44.141,1,Low Engagement,0
CUST_03889,21.0,11.0,1,337.67,69.9285,0,High Engagement,1
CUST_03890,24.0,11.0,1,932.36,77.143,0,High Engagement,1
CUST_03891,13.0,9.0,1,1876.97,58.41549999999999,0,High Engagement,0
CUST_03892,9.0,9.0,1,209.1,41.09949999999999,1,Low Engagement,0
CUST_03893,20.0,9.0,1,127.82,55.64199999999999,0,High Engagement,0
CUST_03894,13.0,5.0,1,327.09,34.948,1,Low Engagement,0
CUST_03895,6.0,4.0,1,1974.72,28.303,1,Low Engagement,0
CUST_03896,11.0,7.0,1,2283.1,45.528,1,Low Engagement,0
CUST_03897,5.0,10.0,1,729.55,45.302,1,Low Engagement,0
CUST_03898,12.0,7.0,1,6722.61,49.165000000000006,2,Medium Engagement,0
CUST_03899,20.0,10.0,1,1109.21,70.6445,0,High Engagement,1
CUST_03900,21.0,6.0,1,1564.46,54.76699999999999,1,Low Engagement,0
CUST_03901,8.0,6.0,1,186.32,25.234499999999997,1,Low Engagement,0
CUST_03902,5.0,7.0,1,417.21,28.232000000000003,1,Low Engagement,0
CUST_03903,17.0,7.0,1,389.36,48.178,1,Low Engagement,0
CUST_03904,8.0,10.0,1,232.17,44.3745,1,Low Engagement,0
CUST_03905,16.0,9.0,1,92.6,49.48799999999999,1,Low Engagement,0
CUST_03906,5.0,11.0,1,968.02,50.463499999999996,1,Low Engagement,0
CUST_03907,13.0,11.0,1,3562.36,68.4435,0,High Engagement,1
CUST_03908,11.0,5.0,1,430.36,32.596,1,Low Engagement,0
CUST_03909,15.0,11.0,1,483.81,64.622,0,High Engagement,1
CUST_03910,8.0,12.0,1,51.94,45.092,1,Low Engagement,0
CUST_03911,6.0,7.0,1,25.07,18.9895,1,Low Engagement,0
CUST_03912,4.0,11.0,1,1206.99,50.044,1,Low Engagement,0
CUST_03913,6.0,9.0,1,117.48,33.009,1,Low Engagement,0
CUST_03914,15.0,12.0,1,104.4,59.982,0,High Engagement,0
CUST_03915,8.0,9.0,1,203.3,39.06,1,Low Engagement,0
CUST_03916,8.0,9.0,1,19.1,31.848,1,Low Engagement,0
CUST_03917,21.0,10.0,1,26.55,56.519,0,High Engagement,0
CUST_03918,13.0,10.0,1,642.96,58.82999999999999,0,High Engagement,0
CUST_03919,3.0,12.0,1,77.2,39.241,1,Low Engagement,0
CUST_03920,27.0,5.0,1,181.48,46.148500000000006,1,Low Engagement,0
CUST_03921,5.0,6.0,1,429.92,24.65,1,Low Engagement,0
CUST_03922,36.0,6.0,1,1388.62,60.624500000000005,0,High Engagement,0
CUST_03923,18.0,10.0,1,444.03,64.33949999999999,0,High Engagement,1
CUST_03924,6.0,15.0,1,919.94,58.6445,0,High Engagement,0
CUST_03925,14.0,9.0,1,1235.6,58.55499999999999,0,High Engagement,0
CUST_03926,36.0,12.0,1,337.58,79.182,0,High Engagement,1
CUST_03927,12.0,10.0,1,2900.73,62.303,0,High Engagement,1
CUST_03928,5.0,6.0,1,1927.03,30.942000000000004,1,Low Engagement,0
CUST_03929,15.0,11.0,1,134.28,58.238,0,High Engagement,0
CUST_03930,9.0,12.0,1,78.63,48.311499999999995,0,High Engagement,0
CUST_03931,13.0,3.0,1,110.07,27.381999999999994,1,Low Engagement,0
CUST_03932,5.0,8.0,1,395.79,32.675000000000004,1,Low Engagement,0
CUST_03933,7.0,10.0,1,3020.14,52.94,1,Low Engagement,0
CUST_03934,12.0,8.0,1,1733.36,51.356,1,Low Engagement,0
CUST_03935,12.0,11.0,1,270.8,56.69649999999999,0,High Engagement,0
CUST_03936,22.0,6.0,1,298.39,48.148,1,Low Engagement,0
CUST_03937,34.0,8.0,1,29.41,52.9255,0,High Engagement,0
CUST_03938,5.0,11.0,1,1160.04,51.1675,1,Low Engagement,0
CUST_03939,9.0,8.0,1,1313.3,44.763,1,Low Engagement,0
CUST_03940,9.0,9.0,1,2171.75,51.3195,1,Low Engagement,0
CUST_03941,11.0,13.0,1,869.88,65.5255,0,High Engagement,1
CUST_03942,2.0,6.0,1,34.89,11.49,1,Low Engagement,0
CUST_03943,7.0,6.0,1,394.37,27.24,1,Low Engagement,0
CUST_03944,3.0,11.0,1,174.6,39.869,1,Low Engagement,0
CUST_03945,15.0,7.0,1,27.89,35.0905,1,Low Engagement,0
CUST_03946,15.0,9.0,1,332.83,54.142,0,High Engagement,0
CUST_03947,19.0,8.0,1,96.2,48.32149999999999,1,Low Engagement,0
CUST_03948,30.0,10.0,1,433.64,72.202,0,High Engagement,1
CUST_03949,15.0,9.0,1,578.85,56.831999999999994,0,High Engagement,0
CUST_03950,20.0,9.0,1,520.96,62.60199999999999,0,High Engagement,1
CUST_03951,32.0,9.0,1,8361.85,76.57499999999999,2,Medium Engagement,0
CUST_03952,9.0,7.0,1,1269.96,39.928,1,Low Engagement,0
CUST_03953,9.0,8.0,1,76.22,31.587,1,Low Engagement,0
CUST_03954,9.0,10.0,1,1612.4,55.19,0,High Engagement,0
CUST_03955,22.0,12.0,1,76.36,66.7495,0,High Engagement,1
CUST_03956,40.0,11.0,1,984.94,81.62549999999999,0,High Engagement,1
CUST_03957,10.0,6.0,1,373.64,32.68,1,Low Engagement,0
CUST_03958,12.0,7.0,1,292.1,38.836999999999996,1,Low Engagement,0
CUST_03959,12.0,12.0,1,273.46,59.74850000000001,0,High Engagement,0
CUST_03960,17.0,6.0,1,1115.48,49.284,1,Low Engagement,0
CUST_03961,26.0,7.0,1,255.11,53.706999999999994,0,High Engagement,0
CUST_03962,32.0,11.0,1,116.85,70.21499999999999,0,High Engagement,1
CUST_03963,11.0,8.0,1,876.37,46.90299999999999,1,Low Engagement,0
CUST_03964,7.0,3.0,1,153.27,17.756,1,Low Engagement,0
CUST_03965,14.0,14.0,1,218.56,65.29450000000001,0,High Engagement,1
CUST_03966,11.0,12.0,1,2089.5,66.6075,0,High Engagement,1
CUST_03967,19.0,14.0,1,512.59,76.4975,0,High Engagement,1
CUST_03968,8.0,10.0,1,104.92,40.534499999999994,1,Low Engagement,0
CUST_03969,7.0,8.0,1,64.72,27.265,1,Low Engagement,0
CUST_03970,14.0,5.0,1,662.24,39.971500000000006,1,Low Engagement,0
CUST_03971,8.0,7.0,1,42.79,23.2925,1,Low Engagement,0
CUST_03972,33.0,14.0,1,242.37,80.285,0,High Engagement,1
CUST_03973,16.0,6.0,1,668.84,45.7185,1,Low Engagement,0
CUST_03974,9.0,13.0,1,167.26,53.6975,0,High Engagement,0
CUST_03975,16.0,10.0,1,45.17,51.91049999999999,0,High Engagement,0
CUST_03976,34.0,10.0,1,26.44,62.49249999999999,0,High Engagement,1
CUST_03977,5.0,7.0,1,975.64,32.172,1,Low Engagement,0
CUST_03978,7.0,12.0,1,96.28,45.2495,1,Low Engagement,0
CUST_03979,3.0,4.0,1,2830.15,25.471,1,Low Engagement,0
CUST_03980,14.0,3.0,1,1335.96,40.789500000000004,1,Low Engagement,0
CUST_03981,16.0,7.0,1,240.62,44.3405,1,Low Engagement,0
CUST_03982,26.0,13.0,1,159.09,74.72449999999999,0,High Engagement,1
CUST_03983,12.0,8.0,1,508.76,46.256,1,Low Engagement,0
CUST_03984,12.0,8.0,1,120.88,39.164,1,Low Engagement,0
CUST_03985,30.0,9.0,1,815.79,70.5795,0,High Engagement,1
CUST_03986,11.0,7.0,1,774.72,41.728,1,Low Engagement,0
CUST_03987,6.0,13.0,1,251.07,50.33099999999999,0,High Engagement,0
CUST_03988,7.0,11.0,1,2607.88,56.597500000000004,0,High Engagement,0
CUST_03989,36.0,7.0,1,184.72,54.808499999999995,0,High Engagement,0
CUST_03990,29.0,9.0,1,128.78,61.23649999999999,0,High Engagement,1
CUST_03991,8.0,6.0,1,1153.04,33.9345,1,Low Engagement,0
CUST_03992,19.0,9.0,1,307.42,59.062000000000005,0,High Engagement,0
CUST_03993,8.0,7.0,1,1711.78,39.0525,1,Low Engagement,0
CUST_03994,39.0,7.0,1,291.6,57.477999999999994,0,High Engagement,0
CUST_03995,9.0,4.0,1,20.78,16.4295,1,Low Engagement,0
CUST_03996,6.0,10.0,1,4602.66,52.0675,2,Medium Engagement,0
CUST_03997,9.0,10.0,1,791.1,52.39,1,Low Engagement,0
CUST_03998,48.0,7.0,1,3188.46,67.11749999999999,0,High Engagement,1
CUST_03999,15.0,14.0,1,394.49,69.9375,0,High Engagement,1
CUST_04000,6.0,14.0,1,3468.87,61.8885,0,High Engagement,1
CUST_04001,18.0,7.0,1,21.55,38.981500000000004,1,Low Engagement,0
CUST_04002,5.0,13.0,1,225.15,48.3775,0,High Engagement,0
CUST_04003,24.0,16.0,1,67.6,72.4635,0,High Engagement,1
CUST_04004,20.0,6.0,1,653.8,50.2845,1,Low Engagement,0
CUST_04005,22.0,8.0,1,1058.96,62.510999999999996,0,High Engagement,1
CUST_04006,14.0,9.0,1,1317.25,58.831,0,High Engagement,0
CUST_04007,16.0,7.0,1,82.08,39.3565,1,Low Engagement,0
CUST_04008,17.0,6.0,1,27.2,34.292,1,Low Engagement,0
CUST_04009,13.0,8.0,1,93.7,39.799,1,Low Engagement,0
CUST_04010,16.0,10.0,1,146.07,56.2145,0,High Engagement,0
CUST_04011,5.0,6.0,1,31.45,14.250000000000002,1,Low Engagement,0
CUST_04012,6.0,6.0,1,54.75,16.8495,1,Low Engagement,0
CUST_04013,15.0,6.0,1,234.9,38.932500000000005,1,Low Engagement,0
CUST_04014,6.0,11.0,1,1000.51,51.964999999999996,1,Low Engagement,0
CUST_04015,11.0,4.0,1,1053.13,35.2975,1,Low Engagement,0
CUST_04016,5.0,7.0,1,561.71,29.656,1,Low Engagement,0
CUST_04017,25.0,8.0,1,1225.77,65.2465,0,High Engagement,1
CUST_04018,4.0,9.0,1,100.02,29.575999999999997,1,Low Engagement,0
CUST_04019,13.0,15.0,1,16137.95,76.691,2,Medium Engagement,0
CUST_04020,4.0,9.0,1,23.76,26.008,1,Low Engagement,0
CUST_04021,3.0,10.0,1,343.22,39.3555,1,Low Engagement,0
CUST_04022,9.0,5.0,1,49.74,19.368,1,Low Engagement,0
CUST_04023,24.0,11.0,1,2305.32,80.235,0,High Engagement,1
CUST_04024,13.0,10.0,1,1136.2,61.326,0,High Engagement,1
CUST_04025,11.0,9.0,1,1298.1,53.49549999999999,1,Low Engagement,0
CUST_04026,3.0,8.0,1,36.42,20.580499999999997,1,Low Engagement,0
CUST_04027,4.0,8.0,1,757.68,34.5075,1,Low Engagement,0
CUST_04028,16.0,10.0,1,1367.67,66.8025,0,High Engagement,1
CUST_04029,15.0,8.0,1,323.36,48.9935,1,Low Engagement,0
CUST_04030,25.0,7.0,1,43.56,46.037499999999994,1,Low Engagement,0
CUST_04031,27.0,13.0,1,1421.64,85.424,0,High Engagement,1
CUST_04032,46.0,16.0,1,1585.8,91.213,0,High Engagement,1
CUST_04033,15.0,5.0,1,14.38,28.366499999999995,1,Low Engagement,0
CUST_04034,30.0,7.0,1,238.32,54.831999999999994,0,High Engagement,0
CUST_04035,40.0,6.0,1,228.5,52.552,0,High Engagement,0
CUST_04036,12.0,7.0,1,624.57,42.573,1,Low Engagement,0
CUST_04037,15.0,9.0,1,72.53,47.065999999999995,1,Low Engagement,0
CUST_04038,7.0,12.0,1,1011.51,56.5695,0,High Engagement,0
CUST_04039,18.0,11.0,1,97.52,60.853,0,High Engagement,0
CUST_04040,7.0,10.0,1,3041.6,52.952,1,Low Engagement,0
CUST_04041,9.0,12.0,1,3157.8,63.72749999999999,0,High Engagement,1
CUST_04042,28.0,5.0,1,57.28,41.8175,1,Low Engagement,0
CUST_04043,9.0,10.0,1,106.13,42.518,1,Low Engagement,0
CUST_04044,20.0,5.0,1,217.51,42.2265,1,Low Engagement,0
CUST_04045,20.0,12.0,1,42.63,63.358000000000004,0,High Engagement,1
CUST_04046,3.0,10.0,1,7751.37,48.9875,2,Medium Engagement,0
CUST_04047,21.0,12.0,1,173.44,69.49650000000001,0,High Engagement,1
CUST_04048,10.0,6.0,1,1759.23,39.332,1,Low Engagement,0
CUST_04049,8.0,8.0,1,42.22,27.9355,1,Low Engagement,0
CUST_04050,14.0,8.0,1,225.65,45.518499999999996,1,Low Engagement,0
CUST_04051,10.0,14.0,1,61.73,52.773,0,High Engagement,0
CUST_04052,21.0,6.0,1,114.32,42.54299999999999,1,Low Engagement,0
CUST_04053,18.0,9.0,1,986.98,63.417,0,High Engagement,1
CUST_04054,34.0,10.0,1,5980.02,81.43249999999999,2,Medium Engagement,0
CUST_04055,13.0,9.0,1,1330.14,57.271499999999996,0,High Engagement,0
CUST_04056,12.0,8.0,1,76.68,37.272,1,Low Engagement,0
CUST_04057,48.0,11.0,1,76.62,69.905,0,High Engagement,1
CUST_04058,23.0,6.0,1,1609.7,56.48350000000001,0,High Engagement,0
CUST_04059,12.0,15.0,1,35.38,55.87599999999999,0,High Engagement,0
CUST_04060,34.0,10.0,1,95.17,65.7925,0,High Engagement,1
CUST_04061,16.0,4.0,1,129.26,33.582,1,Low Engagement,0
CUST_04062,9.0,9.0,1,491.41,45.48349999999999,1,Low Engagement,0
CUST_04063,8.0,12.0,1,1113.4,58.764,0,High Engagement,0
CUST_04064,13.0,8.0,1,34.91,36.967,1,Low Engagement,0
CUST_04065,15.0,11.0,1,90.44,56.486000000000004,0,High Engagement,0
CUST_04066,13.0,3.0,1,521.78,35.082,1,Low Engagement,0
CUST_04067,15.0,10.0,1,15740.2,68.8565,2,Medium Engagement,0
CUST_04068,21.0,11.0,1,156.04,66.06249999999999,0,High Engagement,1
CUST_04069,9.0,8.0,1,91.5,32.271,1,Low Engagement,0
CUST_04070,4.0,8.0,1,955.22,35.4835,1,Low Engagement,0
CUST_04071,6.0,16.0,1,1396.29,60.79750000000001,0,High Engagement,0
CUST_04072,18.0,13.0,1,149.0,67.859,0,High Engagement,1
CUST_04073,9.0,12.0,1,528.51,57.415499999999994,0,High Engagement,0
CUST_04074,14.0,10.0,1,220.91,55.1055,0,High Engagement,0
CUST_04075,8.0,11.0,1,3046.9,58.728,0,High Engagement,0
CUST_04076,9.0,10.0,1,139.41,43.818,1,Low Engagement,0
CUST_04077,15.0,4.0,1,1160.94,42.464,1,Low Engagement,0
CUST_04078,19.0,12.0,1,522.73,73.266,0,High Engagement,1
CUST_04079,14.0,12.0,1,46.02,55.754999999999995,0,High Engagement,0
CUST_04080,18.0,4.0,1,1298.06,47.055,1,Low Engagement,0
CUST_04081,5.0,9.0,1,323.16,36.65149999999999,1,Low Engagement,0
CUST_04082,12.0,6.0,1,91.25,29.542999999999996,1,Low Engagement,0
CUST_04083,10.0,11.0,1,544.16,56.525499999999994,0,High Engagement,0
CUST_04084,19.0,7.0,1,6437.32,59.374500000000005,2,Medium Engagement,0
CUST_04085,8.0,8.0,1,254.68,35.1835,1,Low Engagement,0
CUST_04086,4.0,12.0,1,3937.75,56.16799999999999,0,High Engagement,0
CUST_04087,4.0,6.0,1,20.61,12.494499999999999,1,Low Engagement,0
CUST_04088,13.0,8.0,1,219.57,43.785,1,Low Engagement,0
CUST_04089,16.0,14.0,1,524.46,72.8795,0,High Engagement,1
CUST_04090,15.0,8.0,1,5219.16,58.525499999999994,2,Medium Engagement,0
CUST_04091,10.0,12.0,1,1529.88,63.8775,0,High Engagement,1
CUST_04092,10.0,11.0,1,78.43,47.2855,1,Low Engagement,0
CUST_04093,16.0,7.0,1,173.88,42.6965,1,Low Engagement,0
CUST_04094,7.0,10.0,1,1362.55,50.84799999999999,1,Low Engagement,0
CUST_04095,11.0,11.0,1,331.25,55.8955,0,High Engagement,0
CUST_04096,13.0,4.0,1,1039.81,38.87350000000001,1,Low Engagement,0
CUST_04097,32.0,14.0,1,16.74,71.92249999999999,0,High Engagement,1
CUST_04098,3.0,7.0,1,233.08,22.9535,1,Low Engagement,0
CUST_04099,9.0,5.0,1,121.87,22.631999999999998,1,Low Engagement,0
CUST_04100,11.0,9.0,1,243.26,45.683499999999995,1,Low Engagement,0
CUST_04101,28.0,15.0,1,23.77,71.7605,0,High Engagement,1
CUST_04102,15.0,5.0,1,245.18,36.6145,1,Low Engagement,0
CUST_04103,23.0,14.0,1,73.88,70.7765,0,High Engagement,1
CUST_04104,3.0,8.0,1,410.35,30.5805,1,Low Engagement,0
CUST_04105,25.0,10.0,1,43.75,60.433499999999995,0,High Engagement,0
CUST_04106,6.0,9.0,1,120.44,33.148999999999994,1,Low Engagement,0
CUST_04107,17.0,10.0,1,408.74,62.78,0,High Engagement,1
CUST_04108,13.0,17.0,1,232.91,65.52,0,High Engagement,1
CUST_04109,7.0,7.0,1,329.09,30.009999999999998,1,Low Engagement,0
CUST_04110,3.0,12.0,1,2606.79,54.32900000000001,0,High Engagement,0
CUST_04111,22.0,9.0,1,34.59,53.061499999999995,0,High Engagement,0
CUST_04112,17.0,9.0,1,28.06,47.7095,1,Low Engagement,0
CUST_04113,20.0,7.0,1,326.33,50.59849999999999,1,Low Engagement,0
CUST_04114,18.0,13.0,1,19.67,62.22299999999999,0,High Engagement,1
CUST_04115,4.0,7.0,1,118.82,20.7565,1,Low Engagement,0
CUST_04116,9.0,7.0,1,376.34,34.46,1,Low Engagement,0
CUST_04117,17.0,6.0,1,337.93,43.768,1,Low Engagement,0
CUST_04118,5.0,7.0,1,97.9,21.067999999999998,1,Low Engagement,0
CUST_04119,12.0,9.0,1,393.15,50.0205,1,Low Engagement,0
CUST_04120,8.0,10.0,1,45.86,37.854499999999994,1,Low Engagement,0
CUST_04121,23.0,3.0,1,8164.84,54.583499999999994,2,Medium Engagement,0
CUST_04122,18.0,4.0,1,164.22,37.283,1,Low Engagement,0
CUST_04123,11.0,9.0,1,604.33,50.23949999999999,1,Low Engagement,0
CUST_04124,11.0,8.0,1,1539.15,49.126999999999995,1,Low Engagement,0
CUST_04125,14.0,11.0,1,239.11,59.483,0,High Engagement,0
CUST_04126,27.0,8.0,1,652.72,63.441500000000005,0,High Engagement,1
CUST_04127,8.0,10.0,1,152.9,42.3625,1,Low Engagement,0
CUST_04128,7.0,8.0,1,25.9,25.293,1,Low Engagement,0
CUST_04129,11.0,7.0,1,376.8,38.24999999999999,1,Low Engagement,0
CUST_04130,15.0,11.0,1,381.98,63.49,0,High Engagement,1
CUST_04131,2.0,8.0,1,530.9,31.186999999999998,1,Low Engagement,0
CUST_04132,2.0,10.0,1,189.75,35.63,1,Low Engagement,0
CUST_04133,26.0,9.0,1,73.9,57.750499999999995,0,High Engagement,0
CUST_04134,19.0,7.0,1,1173.93,55.5305,0,High Engagement,0
CUST_04135,4.0,6.0,1,1824.72,29.514499999999998,1,Low Engagement,0
CUST_04136,14.0,10.0,1,479.22,59.0415,0,High Engagement,0
CUST_04137,6.0,6.0,1,504.56,26.827499999999997,1,Low Engagement,0
CUST_04138,12.0,11.0,1,80.08,51.04449999999999,0,High Engagement,0
CUST_04139,10.0,6.0,1,330.4,32.056,1,Low Engagement,0
CUST_04140,5.0,7.0,1,370.72,27.644000000000002,1,Low Engagement,0
CUST_04141,18.0,11.0,1,465.54,68.533,0,High Engagement,1
CUST_04142,15.0,16.0,1,247.45,68.7545,0,High Engagement,1
CUST_04143,49.0,12.0,1,183.06,76.7285,0,High Engagement,1
CUST_04144,8.0,12.0,1,219.0,50.98400000000001,0,High Engagement,0
CUST_04145,30.0,11.0,1,71.28,67.72550000000001,0,High Engagement,1
CUST_04146,29.0,12.0,1,260.79,76.24449999999999,0,High Engagement,1
CUST_04147,8.0,10.0,1,93.45,40.0945,1,Low Engagement,0
CUST_04148,13.0,6.0,1,185.56,34.589999999999996,1,Low Engagement,0
CUST_04149,31.0,8.0,1,337.86,61.596000000000004,0,High Engagement,1
CUST_04150,8.0,9.0,1,57.09,33.727999999999994,1,Low Engagement,0
CUST_04151,10.0,9.0,1,1348.58,51.829499999999996,1,Low Engagement,0
CUST_04152,31.0,9.0,1,130.03,61.8645,0,High Engagement,1
CUST_04153,14.0,12.0,1,927.24,69.003,0,High Engagement,1
CUST_04154,13.0,8.0,1,690.66,49.483,1,Low Engagement,0
CUST_04155,13.0,8.0,1,3001.24,54.45100000000001,1,Low Engagement,0
CUST_04156,13.0,8.0,1,93.08,39.763,1,Low Engagement,0
CUST_04157,6.0,8.0,1,80.96,26.436500000000002,1,Low Engagement,0
CUST_04158,12.0,8.0,1,3120.09,52.739999999999995,1,Low Engagement,0
CUST_04159,24.0,8.0,1,5834.91,68.1545,2,Medium Engagement,0
CUST_04160,9.0,11.0,1,7115.08,61.87950000000001,2,Medium Engagement,0
CUST_04161,25.0,11.0,1,796.17,77.13499999999999,0,High Engagement,1
CUST_04162,16.0,12.0,1,19.37,57.56,0,High Engagement,0
CUST_04163,8.0,15.0,1,151.35,53.289500000000004,0,High Engagement,0
CUST_04164,9.0,8.0,1,3962.6,47.559000000000005,1,Low Engagement,0
CUST_04165,30.0,14.0,1,1252.25,87.21900000000001,0,High Engagement,1
CUST_04166,13.0,8.0,1,169.44,42.543,1,Low Engagement,0
CUST_04167,11.0,6.0,1,76.18,26.998,1,Low Engagement,0
CUST_04168,22.0,7.0,1,1740.75,59.58599999999999,0,High Engagement,0
CUST_04169,1.0,5.0,1,1601.6,24.499000000000002,1,Low Engagement,0
CUST_04170,23.0,11.0,1,914.68,76.289,0,High Engagement,1
CUST_04171,23.0,11.0,1,69.71,64.301,0,High Engagement,1
CUST_04172,13.0,8.0,1,56.98,38.099,1,Low Engagement,0
CUST_04173,15.0,9.0,1,171.66,50.769999999999996,1,Low Engagement,0
CUST_04174,8.0,8.0,1,61.95,28.975499999999997,1,Low Engagement,0
CUST_04175,9.0,6.0,1,21.01,20.502000000000002,1,Low Engagement,0
CUST_04176,18.0,5.0,1,1892.69,49.8255,1,Low Engagement,0
CUST_04177,10.0,9.0,1,61.82,37.8535,1,Low Engagement,0
CUST_04178,15.0,9.0,1,333.2,54.152,0,High Engagement,0
CUST_04179,11.0,14.0,1,102.45,56.364999999999995,0,High Engagement,0
CUST_04180,20.0,12.0,1,915.09,76.76200000000001,0,High Engagement,1
CUST_04181,5.0,8.0,1,83.74,25.231,1,Low Engagement,0
CUST_04182,23.0,11.0,1,42.06,62.857,0,High Engagement,1
CUST_04183,13.0,9.0,1,201.3,48.403499999999994,1,Low Engagement,0
CUST_04184,22.0,8.0,1,536.6,59.429,0,High Engagement,0
CUST_04185,6.0,10.0,1,4377.2,52.0115,2,Medium Engagement,0
CUST_04186,24.0,11.0,1,3273.13,80.951,0,High Engagement,1
CUST_04187,6.0,8.0,1,4900.71,42.496500000000005,2,Medium Engagement,0
CUST_04188,20.0,14.0,1,57.55,67.4735,0,High Engagement,1
CUST_04189,17.0,8.0,1,126.03,47.272999999999996,1,Low Engagement,0
CUST_04190,8.0,5.0,1,347.27,25.8565,1,Low Engagement,0
CUST_04191,22.0,5.0,1,1080.74,51.641999999999996,1,Low Engagement,0
CUST_04192,8.0,8.0,1,384.08,37.3315,1,Low Engagement,0
CUST_04193,11.0,9.0,1,79.93,40.543499999999995,1,Low Engagement,0
CUST_04194,7.0,10.0,1,441.83,45.779999999999994,1,Low Engagement,0
CUST_04195,10.0,16.0,1,485.06,63.50600000000001,0,High Engagement,1
CUST_04196,14.0,7.0,1,102.98,37.043499999999995,1,Low Engagement,0
CUST_04197,8.0,10.0,1,367.64,46.750499999999995,1,Low Engagement,0
CUST_04198,13.0,11.0,1,23.01,50.00750000000001,0,High Engagement,0
CUST_04199,21.0,12.0,1,182.27,69.7325,0,High Engagement,1
CUST_04200,5.0,5.0,1,59.76,13.144,1,Low Engagement,0
CUST_04201,8.0,7.0,1,70.61,24.704500000000003,1,Low Engagement,0
CUST_04202,15.0,5.0,1,4633.58,47.442499999999995,2,Medium Engagement,0
CUST_04203,4.0,8.0,1,44.69,22.0315,1,Low Engagement,0
CUST_04204,22.0,9.0,1,3518.89,70.8935,0,High Engagement,1
CUST_04205,30.0,7.0,1,918.69,61.36000000000001,0,High Engagement,1
CUST_04206,12.0,5.0,1,472.58,34.953,1,Low Engagement,0
CUST_04207,10.0,7.0,1,3335.75,44.498000000000005,1,Low Engagement,0
CUST_04208,13.0,6.0,1,112.16,32.182,1,Low Engagement,0
CUST_04209,11.0,9.0,1,25.38,37.829499999999996,1,Low Engagement,0
CUST_04210,24.0,7.0,1,116.66,48.771499999999996,0,High Engagement,0
CUST_04211,11.0,10.0,1,107.68,46.349999999999994,1,Low Engagement,0
CUST_04212,20.0,8.0,1,1174.74,61.173500000000004,0,High Engagement,1
CUST_04213,13.0,11.0,1,117.59,54.4555,0,High Engagement,0
CUST_04214,7.0,13.0,1,198.72,50.7675,0,High Engagement,0
CUST_04215,23.0,6.0,1,636.36,52.6635,1,Low Engagement,0
CUST_04216,22.0,7.0,1,103.67,46.59799999999999,1,Low Engagement,0
CUST_04217,7.0,15.0,1,3629.09,64.333,0,High Engagement,1
CUST_04218,11.0,6.0,1,1213.6,39.846,1,Low Engagement,0
CUST_04219,19.0,7.0,1,604.73,52.6945,1,Low Engagement,0
CUST_04220,12.0,8.0,1,497.05,46.160000000000004,1,Low Engagement,0
CUST_04221,22.0,10.0,1,291.64,66.108,0,High Engagement,1
CUST_04222,10.0,6.0,1,1044.39,37.476,1,Low Engagement,0
CUST_04223,7.0,24.0,1,24.23,46.837999999999994,0,High Engagement,0
CUST_04224,25.0,10.0,1,162.43,65.36149999999999,0,High Engagement,1
CUST_04225,4.0,12.0,1,77.61,40.275999999999996,1,Low Engagement,0
CUST_04226,21.0,9.0,1,853.96,65.7285,0,High Engagement,1
CUST_04227,7.0,7.0,1,343.76,30.221999999999998,1,Low Engagement,0
CUST_04228,17.0,10.0,1,653.64,65.008,0,High Engagement,1
CUST_04229,34.0,5.0,1,108.65,45.70649999999999,0,High Engagement,0
CUST_04230,2.0,9.0,1,49.19,25.595499999999994,1,Low Engagement,0
CUST_04231,8.0,9.0,1,1042.25,46.94,1,Low Engagement,0
CUST_04232,18.0,8.0,1,424.56,54.4565,0,High Engagement,0
CUST_04233,8.0,7.0,1,233.28,30.0245,1,Low Engagement,0
CUST_04234,21.0,16.0,1,397.65,78.27699999999999,0,High Engagement,1
CUST_04235,23.0,8.0,1,211.88,55.5165,0,High Engagement,0
CUST_04236,7.0,8.0,1,135.32,30.245,1,Low Engagement,0
CUST_04237,29.0,6.0,1,89.45,46.247,1,Low Engagement,0
CUST_04238,28.0,9.0,1,83.45,59.02299999999999,0,High Engagement,0
CUST_04239,6.0,13.0,1,1024.11,57.083,0,High Engagement,0
CUST_04240,11.0,12.0,1,433.8,60.155499999999996,0,High Engagement,0
CUST_04241,13.0,7.0,1,114.43,35.964,1,Low Engagement,0
CUST_04242,12.0,8.0,1,123.49,39.284,1,Low Engagement,0
CUST_04243,8.0,9.0,1,2490.41,49.696,1,Low Engagement,0
CUST_04244,7.0,5.0,1,424.4,24.986,1,Low Engagement,0
CUST_04245,13.0,15.0,1,195.27,63.915,0,High Engagement,1
CUST_04246,23.0,15.0,1,1543.4,85.4125,0,High Engagement,1
CUST_04247,11.0,13.0,1,253.71,59.5255,0,High Engagement,0
CUST_04248,20.0,8.0,1,219.13,53.19349999999999,0,High Engagement,0
CUST_04249,20.0,13.0,1,1632.72,81.068,0,High Engagement,1
CUST_04250,9.0,7.0,1,1636.98,40.88,1,Low Engagement,0
CUST_04251,7.0,15.0,1,304.29,54.99499999999999,0,High Engagement,0
CUST_04252,4.0,6.0,1,4650.08,31.406500000000005,1,Low Engagement,0
CUST_04253,15.0,10.0,1,1998.25,66.4285,0,High Engagement,1
CUST_04254,23.0,8.0,1,255.4,56.50050000000001,0,High Engagement,0
CUST_04255,18.0,11.0,1,772.75,71.013,0,High Engagement,1
CUST_04256,24.0,10.0,1,1039.58,73.67349999999999,0,High Engagement,1
CUST_04257,12.0,7.0,1,69.48,32.253,1,Low Engagement,0
CUST_04258,3.0,12.0,1,75.29,39.137,1,Low Engagement,0
CUST_04259,6.0,11.0,1,752.46,50.745,1,Low Engagement,0
CUST_04260,5.0,7.0,1,63.71,19.592,1,Low Engagement,0
CUST_04261,19.0,9.0,1,628.04,62.538,0,High Engagement,1
CUST_04262,15.0,7.0,1,6587.35,54.118500000000004,2,Medium Engagement,0
CUST_04263,9.0,8.0,1,938.08,43.395,1,Low Engagement,0
CUST_04264,5.0,9.0,1,2848.07,45.195499999999996,1,Low Engagement,0
CUST_04265,9.0,15.0,1,921.19,64.01100000000001,0,High Engagement,1
CUST_04266,16.0,8.0,1,186.09,47.7035,1,Low Engagement,0
CUST_04267,10.0,10.0,1,283.52,49.332,1,Low Engagement,0
CUST_04268,10.0,7.0,1,2537.22,43.938,1,Low Engagement,0
CUST_04269,15.0,5.0,1,114.07,32.854499999999994,1,Low Engagement,0
CUST_04270,10.0,11.0,1,79.85,47.3295,1,Low Engagement,0
CUST_04271,32.0,10.0,1,204.04,68.9495,0,High Engagement,1
CUST_04272,23.0,9.0,1,42.94,54.297,0,High Engagement,0
CUST_04273,5.0,13.0,1,153.9,46.5815,1,Low Engagement,0
CUST_04274,27.0,10.0,1,653.71,73.15650000000001,0,High Engagement,1
CUST_04275,11.0,6.0,1,137.4,29.486,1,Low Engagement,0
CUST_04276,18.0,14.0,1,120.04,68.1845,0,High Engagement,1
CUST_04277,30.0,9.0,1,707.41,69.92349999999999,0,High Engagement,1
CUST_04278,2.0,11.0,1,180.9,39.3515,1,Low Engagement,0
CUST_04279,22.0,4.0,1,377.85,45.3035,1,Low Engagement,0
CUST_04280,25.0,9.0,1,6743.4,73.991,2,Medium Engagement,0
CUST_04281,25.0,11.0,1,83.21,66.323,0,High Engagement,1
CUST_04282,20.0,10.0,1,249.45,63.56449999999999,0,High Engagement,1
CUST_04283,6.0,14.0,1,14.57,43.2525,0,High Engagement,0
CUST_04284,10.0,11.0,1,1302.22,60.31350000000001,0,High Engagement,0
CUST_04285,15.0,6.0,1,288.85,40.0805,1,Low Engagement,0
CUST_04286,4.0,4.0,1,654.0,21.382,1,Low Engagement,0
CUST_04287,13.0,9.0,1,986.9,56.08749999999999,0,High Engagement,0
CUST_04288,24.0,10.0,1,1478.97,75.0535,0,High Engagement,1
CUST_04289,11.0,12.0,1,4099.0,68.0075,0,High Engagement,1
CUST_04290,24.0,13.0,1,157.01,73.52899999999998,0,High Engagement,1
CUST_04291,12.0,4.0,1,149.48,27.686500000000002,1,Low Engagement,0
CUST_04292,15.0,12.0,1,88.06,59.36,0,High Engagement,0
CUST_04293,14.0,7.0,1,3336.76,51.603500000000004,1,Low Engagement,0
CUST_04294,5.0,12.0,1,949.88,53.3195,0,High Engagement,0
CUST_04295,8.0,16.0,1,18.5,47.996500000000005,0,High Engagement,0
CUST_04296,17.0,8.0,1,137.89,47.625,1,Low Engagement,0
CUST_04297,23.0,9.0,1,1818.9,70.229,0,High Engagement,1
CUST_04298,7.0,5.0,1,72.95,16.753999999999998,1,Low Engagement,0
CUST_04299,21.0,13.0,1,105.18,69.1665,0,High Engagement,1
CUST_04300,14.0,9.0,1,89.72,46.263,1,Low Engagement,0
CUST_04301,12.0,12.0,1,308.14,60.4085,0,High Engagement,0
CUST_04302,7.0,10.0,1,39.94,35.696,1,Low Engagement,0
CUST_04303,14.0,7.0,1,20.96,33.2235,1,Low Engagement,0
CUST_04304,17.0,8.0,1,68.45,44.765,1,Low Engagement,0
CUST_04305,24.0,5.0,1,89.9,41.427499999999995,1,Low Engagement,0
CUST_04306,5.0,4.0,1,161.34,15.717500000000001,1,Low Engagement,0
CUST_04307,15.0,10.0,1,38.62,50.0285,0,High Engagement,0
CUST_04308,17.0,8.0,1,550.74,54.525,0,High Engagement,0
CUST_04309,18.0,7.0,1,221.79,46.465500000000006,1,Low Engagement,0
CUST_04310,14.0,10.0,1,258.6,55.9295,0,High Engagement,0
CUST_04311,11.0,12.0,1,274.54,57.89949999999999,0,High Engagement,0
CUST_04312,1.0,5.0,1,498.6,19.559,1,Low Engagement,0
CUST_04313,25.0,9.0,1,238.05,62.55499999999999,0,High Engagement,1
CUST_04314,3.0,10.0,1,1083.16,44.719500000000004,1,Low Engagement,0
CUST_04315,11.0,7.0,1,470.5,39.303999999999995,1,Low Engagement,0
CUST_04316,16.0,8.0,1,762.08,54.6995,0,High Engagement,0
CUST_04317,20.0,9.0,1,837.15,64.794,0,High Engagement,1
CUST_04318,48.0,8.0,1,263.67,61.9285,0,High Engagement,1
CUST_04319,21.0,10.0,1,166.56,62.41699999999999,0,High Engagement,1
CUST_04320,33.0,8.0,1,127.5,57.236999999999995,0,High Engagement,0
CUST_04321,18.0,13.0,1,658.2,75.263,0,High Engagement,1
CUST_04322,9.0,10.0,1,92.65,42.001999999999995,1,Low Engagement,0
CUST_04323,20.0,11.0,1,66.83,61.626000000000005,0,High Engagement,1
CUST_04324,10.0,8.0,1,1174.44,46.248999999999995,1,Low Engagement,0
CUST_04325,11.0,15.0,1,207.6,60.54299999999999,0,High Engagement,0
CUST_04326,18.0,8.0,1,732.98,57.1325,0,High Engagement,0
CUST_04327,12.0,12.0,1,128.54,56.048500000000004,0,High Engagement,0
CUST_04328,27.0,5.0,1,65.29,41.8065,1,Low Engagement,0
CUST_04329,21.0,8.0,1,272.11,55.175999999999995,0,High Engagement,0
CUST_04330,11.0,6.0,1,83.32,27.335999999999995,1,Low Engagement,0
CUST_04331,15.0,7.0,1,1266.88,50.542500000000004,1,Low Engagement,0
CUST_04332,7.0,11.0,1,69.66,41.1655,1,Low Engagement,0
CUST_04333,8.0,6.0,1,2211.0,36.066500000000005,1,Low Engagement,0
CUST_04334,23.0,5.0,1,198.54,44.3015,1,Low Engagement,0
CUST_04335,13.0,6.0,1,102.81,31.753999999999998,1,Low Engagement,0
CUST_04336,7.0,12.0,1,750.96,55.2975,0,High Engagement,0
CUST_04337,17.0,11.0,1,6876.09,75.4015,2,Medium Engagement,0
CUST_04338,5.0,7.0,1,23.56,17.564,1,Low Engagement,0
CUST_04339,6.0,12.0,1,11804.41,59.709,2,Medium Engagement,0
CUST_04340,10.0,6.0,1,2833.09,40.476,1,Low Engagement,0
CUST_04341,15.0,11.0,1,64.44,55.282,0,High Engagement,0
CUST_04342,10.0,11.0,1,507.3,56.1615,0,High Engagement,0
CUST_04343,11.0,7.0,1,118.26,32.492,1,Low Engagement,0
CUST_04344,14.0,10.0,1,51.03,49.1095,0,High Engagement,0
CUST_04345,18.0,7.0,1,16.94,38.837500000000006,1,Low Engagement,0
CUST_04346,29.0,7.0,1,1689.2,63.381,0,High Engagement,1
CUST_04347,3.0,8.0,1,132.19,24.9165,1,Low Engagement,0
CUST_04348,11.0,6.0,1,1067.24,39.406,1,Low Engagement,0
CUST_04349,9.0,6.0,1,421.5,31.294,1,Low Engagement,0
CUST_04350,26.0,14.0,1,73.85,72.66600000000001,0,High Engagement,1
CUST_04351,18.0,8.0,1,7627.66,63.05650000000001,2,Medium Engagement,0
CUST_04352,28.0,8.0,1,304.91,60.1685,0,High Engagement,0
CUST_04353,26.0,9.0,1,80.28,58.0425,0,High Engagement,0
CUST_04354,9.0,12.0,1,319.45,54.9075,0,High Engagement,0
CUST_04355,34.0,9.0,1,3127.58,75.806,0,High Engagement,1
CUST_04356,14.0,11.0,1,265.39,59.983,0,High Engagement,0
CUST_04357,12.0,7.0,1,1251.34,45.509,1,Low Engagement,0
CUST_04358,3.0,13.0,1,1397.66,54.65899999999999,0,High Engagement,0
CUST_04359,17.0,13.0,1,3595.6,79.5875,0,High Engagement,1
CUST_04360,13.0,8.0,1,549.65,48.423,1,Low Engagement,0
CUST_04361,21.0,4.0,1,122.52,38.890499999999996,1,Low Engagement,0
CUST_04362,6.0,15.0,1,114.76,48.55649999999999,0,High Engagement,0
CUST_04363,10.0,11.0,1,83.88,47.541500000000006,1,Low Engagement,0
CUST_04364,9.0,10.0,1,176.39,44.982,1,Low Engagement,0
CUST_04365,32.0,12.0,1,1672.96,85.45899999999999,0,High Engagement,1
CUST_04366,12.0,9.0,1,76.04,42.2345,1,Low Engagement,0
CUST_04367,6.0,10.0,1,1298.62,49.051500000000004,1,Low Engagement,0
CUST_04368,2.0,10.0,1,231.22,36.641999999999996,1,Low Engagement,0
CUST_04369,18.0,7.0,1,15726.0,58.621500000000005,2,Medium Engagement,0
CUST_04370,19.0,7.0,1,1156.32,55.47449999999999,0,High Engagement,0
CUST_04371,7.0,14.0,1,750.36,58.62500000000001,0,High Engagement,0
CUST_04372,12.0,4.0,1,597.16,34.582499999999996,1,Low Engagement,0
CUST_04373,26.0,14.0,1,250.17,78.206,0,High Engagement,1
CUST_04374,14.0,9.0,1,653.63,55.82699999999999,0,High Engagement,0
CUST_04375,14.0,9.0,1,598.59,55.419,0,High Engagement,0
CUST_04376,9.0,11.0,1,8366.48,61.9595,2,Medium Engagement,0
CUST_04377,17.0,7.0,1,479.19,49.150000000000006,1,Low Engagement,0
CUST_04378,18.0,11.0,1,840.74,71.333,0,High Engagement,1
CUST_04379,8.0,8.0,1,4623.05,45.8035,2,Medium Engagement,0
CUST_04380,10.0,10.0,1,1179.21,55.97599999999999,0,High Engagement,0
CUST_04381,20.0,4.0,1,30.25,33.708,1,Low Engagement,0
CUST_04382,14.0,6.0,1,68.28,31.889499999999998,1,Low Engagement,0
CUST_04383,14.0,5.0,1,3124.43,45.2155,1,Low Engagement,0
CUST_04384,7.0,10.0,1,2486.46,52.547999999999995,1,Low Engagement,0
CUST_04385,11.0,9.0,1,112.2,41.897499999999994,1,Low Engagement,0
CUST_04386,10.0,9.0,1,3138.15,54.0655,1,Low Engagement,0
CUST_04387,23.0,4.0,1,137.84,41.027,1,Low Engagement,0
CUST_04388,8.0,8.0,1,549.52,39.0355,1,Low Engagement,0
CUST_04389,16.0,6.0,1,2456.54,50.3865,1,Low Engagement,0
CUST_04390,27.0,9.0,1,776.25,69.33,0,High Engagement,1
CUST_04391,15.0,10.0,1,355.64,59.152499999999996,0,High Engagement,0
CUST_04392,16.0,8.0,1,11748.89,60.6355,2,Medium Engagement,0
CUST_04393,15.0,13.0,1,202.4,65.244,0,High Engagement,1
CUST_04394,14.0,5.0,1,162.62,33.0135,1,Low Engagement,0
CUST_04395,17.0,7.0,1,663.22,50.717999999999996,1,Low Engagement,0
CUST_04396,7.0,3.0,1,30.28,12.405999999999999,1,Low Engagement,0
CUST_04397,14.0,9.0,1,2008.87,60.183,0,High Engagement,0
CUST_04398,9.0,5.0,1,270.24,26.476,1,Low Engagement,0
CUST_04399,11.0,7.0,1,851.76,42.07599999999999,1,Low Engagement,0
CUST_04400,26.0,5.0,1,383.82,49.59499999999999,1,Low Engagement,0
CUST_04401,10.0,16.0,1,929.6,66.47800000000001,0,High Engagement,1
CUST_04402,7.0,9.0,1,2274.76,47.6615,1,Low Engagement,0
CUST_04403,21.0,9.0,1,388.41,62.0405,0,High Engagement,1
CUST_04404,27.0,9.0,1,720.3,68.95,0,High Engagement,1
CUST_04405,14.0,12.0,1,39.4,55.403000000000006,0,High Engagement,0
CUST_04406,28.0,7.0,1,174.79,52.6375,0,High Engagement,0
CUST_04407,12.0,18.0,1,261.06,64.427,0,High Engagement,1
CUST_04408,19.0,9.0,1,410.23,60.49399999999999,0,High Engagement,0
CUST_04409,14.0,8.0,1,32.76,38.454499999999996,1,Low Engagement,0
CUST_04410,11.0,7.0,1,290.37,36.936,1,Low Engagement,0
CUST_04411,12.0,11.0,1,1761.04,65.0445,0,High Engagement,1
CUST_04412,17.0,15.0,1,2862.63,81.15299999999999,0,High Engagement,1
CUST_04413,24.0,12.0,1,485.83,77.143,0,High Engagement,1
CUST_04414,23.0,11.0,1,29.45,62.22899999999999,0,High Engagement,1
CUST_04415,8.0,5.0,1,762.23,29.668499999999998,1,Low Engagement,0
CUST_04416,15.0,12.0,1,682.81,69.206,0,High Engagement,1
CUST_04417,7.0,9.0,1,234.03,37.905499999999996,1,Low Engagement,0
CUST_04418,13.0,4.0,1,3072.5,42.073499999999996,1,Low Engagement,0
CUST_04419,26.0,11.0,1,1016.44,78.6425,0,High Engagement,1
CUST_04420,32.0,7.0,1,80.84,50.34749999999999,0,High Engagement,0
CUST_04421,15.0,14.0,1,328.89,69.01350000000001,0,High Engagement,1
CUST_04422,3.0,12.0,1,562.52,48.673,1,Low Engagement,0
CUST_04423,11.0,11.0,1,190.05,53.019499999999994,0,High Engagement,0
CUST_04424,11.0,8.0,1,336.12,42.33899999999999,1,Low Engagement,0
CUST_04425,7.0,5.0,1,100.06,17.862000000000002,1,Low Engagement,0
CUST_04426,21.0,6.0,1,37.64,39.01899999999999,1,Low Engagement,0
CUST_04427,15.0,11.0,1,134.21,58.233999999999995,0,High Engagement,0
CUST_04428,20.0,7.0,1,1954.15,58.2385,0,High Engagement,0
CUST_04429,24.0,5.0,1,567.12,50.30749999999999,1,Low Engagement,0
CUST_04430,7.0,6.0,1,1170.72,32.16,1,Low Engagement,0
CUST_04431,33.0,7.0,1,2705.92,65.622,0,High Engagement,1
CUST_04432,11.0,10.0,1,467.3,53.63,0,High Engagement,0
CUST_04433,17.0,10.0,1,488.86,63.676,0,High Engagement,1
CUST_04434,17.0,10.0,1,78.17,54.932,0,High Engagement,0
CUST_04435,10.0,7.0,1,573.03,38.41,1,Low Engagement,0
CUST_04436,6.0,10.0,1,523.38,45.091499999999996,1,Low Engagement,0
CUST_04437,22.0,14.0,1,1046.54,82.389,0,High Engagement,1
CUST_04438,4.0,5.0,1,1424.12,26.1845,1,Low Engagement,0
CUST_04439,9.0,6.0,1,4798.23,39.446000000000005,1,Low Engagement,0
CUST_04440,17.0,8.0,1,1260.2,58.11300000000001,0,High Engagement,0
CUST_04441,23.0,10.0,1,2868.72,75.9955,0,High Engagement,1
CUST_04442,16.0,9.0,1,108.1,50.088,0,High Engagement,0
CUST_04443,20.0,12.0,1,171.19,68.598,0,High Engagement,1
CUST_04444,6.0,9.0,1,793.34,42.36099999999999,1,Low Engagement,0
CUST_04445,7.0,7.0,1,106.78,24.394,1,Low Engagement,0
CUST_04446,9.0,11.0,1,4699.85,61.4035,2,Medium Engagement,0
CUST_04447,11.0,12.0,1,54.17,50.92349999999999,0,High Engagement,0
CUST_04448,18.0,7.0,1,439.21,49.9215,1,Low Engagement,0
CUST_04449,4.0,11.0,1,72.08,37.059999999999995,1,Low Engagement,0
CUST_04450,11.0,12.0,1,87.08,52.4755,0,High Engagement,0
CUST_04451,13.0,12.0,1,414.45,63.659499999999994,0,High Engagement,1
CUST_04452,15.0,7.0,1,590.2,47.2265,1,Low Engagement,0
CUST_04453,15.0,8.0,1,300.12,48.6015,1,Low Engagement,0
CUST_04454,10.0,14.0,1,179.75,57.245000000000005,0,High Engagement,0
CUST_04455,20.0,8.0,1,225.4,53.317499999999995,0,High Engagement,0
CUST_04456,10.0,9.0,1,876.02,50.073499999999996,1,Low Engagement,0
CUST_04457,9.0,6.0,1,1091.11,35.686,1,Low Engagement,0
CUST_04458,15.0,6.0,1,60.74,33.1225,1,Low Engagement,0
CUST_04459,9.0,12.0,1,2073.74,62.811499999999995,0,High Engagement,1
CUST_04460,33.0,9.0,1,440.9,68.32949999999998,0,High Engagement,1
CUST_04461,15.0,11.0,1,44.31,54.245999999999995,0,High Engagement,0
CUST_04462,10.0,12.0,1,589.28,59.8295,0,High Engagement,0
CUST_04463,19.0,7.0,1,435.56,51.03450000000001,1,Low Engagement,0
CUST_04464,11.0,6.0,1,346.8,34.122,1,Low Engagement,0
CUST_04465,17.0,6.0,1,39.24,34.912,1,Low Engagement,0
CUST_04466,25.0,12.0,1,1105.45,81.45499999999998,0,High Engagement,1
CUST_04467,12.0,6.0,1,968.55,40.842999999999996,1,Low Engagement,0
CUST_04468,15.0,2.0,1,1817.03,43.141,1,Low Engagement,0
CUST_04469,4.0,8.0,1,5472.24,39.9795,2,Medium Engagement,0
CUST_04470,16.0,15.0,1,308.22,71.0315,0,High Engagement,1
CUST_04471,18.0,6.0,1,11.66,35.039500000000004,1,Low Engagement,0
CUST_04472,21.0,7.0,1,484.28,53.404999999999994,0,High Engagement,0
CUST_04473,28.0,9.0,1,376.28,66.229,0,High Engagement,1
CUST_04474,6.0,8.0,1,444.87,34.5245,1,Low Engagement,0
CUST_04475,10.0,8.0,1,123.08,35.549,1,Low Engagement,0
CUST_04476,28.0,9.0,1,592.92,68.401,0,High Engagement,1
CUST_04477,3.0,6.0,1,72.84,14.0795,1,Low Engagement,0
CUST_04478,3.0,8.0,1,286.61,28.780499999999996,1,Low Engagement,0
CUST_04479,7.0,9.0,1,26.88,30.353499999999993,1,Low Engagement,0
CUST_04480,7.0,9.0,1,2964.36,48.229499999999994,1,Low Engagement,0
CUST_04481,25.0,10.0,1,1328.34,75.2855,0,High Engagement,1
CUST_04482,35.0,8.0,1,407.62,63.409000000000006,0,High Engagement,1
CUST_04483,2.0,15.0,1,7166.35,59.287,2,Medium Engagement,0
CUST_04484,5.0,8.0,1,48.32,23.475,1,Low Engagement,0
CUST_04485,15.0,7.0,1,314.74,44.1785,1,Low Engagement,0
CUST_04486,13.0,8.0,1,118.9,40.875,1,Low Engagement,0
CUST_04487,15.0,6.0,1,1087.03,46.292500000000004,1,Low Engagement,0
CUST_04488,13.0,12.0,1,267.54,61.41549999999999,0,High Engagement,1
CUST_04489,5.0,8.0,1,240.61,30.123,1,Low Engagement,0
CUST_04490,6.0,15.0,1,278.19,52.912499999999994,0,High Engagement,0
CUST_04491,9.0,9.0,1,150.26,39.49949999999999,1,Low Engagement,0
CUST_04492,17.0,13.0,1,2856.11,79.11149999999999,0,High Engagement,1
CUST_04493,15.0,9.0,1,63.47,46.605999999999995,1,Low Engagement,0
CUST_04494,17.0,15.0,1,293.77,72.133,0,High Engagement,1
CUST_04495,13.0,6.0,1,42.27,28.957999999999995,1,Low Engagement,0
CUST_04496,29.0,9.0,1,853.04,70.4205,0,High Engagement,1
CUST_04497,55.0,13.0,1,33.87,72.894,0,High Engagement,1
CUST_04498,16.0,9.0,1,3375.04,64.46799999999999,0,High Engagement,1
CUST_04499,20.0,15.0,1,1072.64,81.5615,0,High Engagement,1
CUST_04500,22.0,6.0,1,152.22,44.763999999999996,1,Low Engagement,0
CUST_04501,14.0,9.0,1,1208.85,58.458999999999996,0,High Engagement,0
CUST_04502,24.0,8.0,1,43.65,50.082499999999996,0,High Engagement,0
CUST_04503,17.0,8.0,1,632.84,55.18500000000001,0,High Engagement,0
CUST_04504,9.0,13.0,1,90.77,50.897499999999994,0,High Engagement,0
CUST_04505,10.0,7.0,1,365.6,36.226,1,Low Engagement,0
CUST_04506,14.0,7.0,1,3361.3,51.631499999999996,1,Low Engagement,0
CUST_04507,7.0,8.0,1,240.75,33.085,1,Low Engagement,0
CUST_04508,17.0,11.0,1,67.02,58.3095,0,High Engagement,0
CUST_04509,21.0,9.0,1,1870.24,68.67649999999999,0,High Engagement,1
CUST_04510,32.0,8.0,1,113.28,56.378499999999995,0,High Engagement,0
CUST_04511,21.0,13.0,1,2824.42,83.2585,0,High Engagement,1
CUST_04512,19.0,8.0,1,55.02,46.497499999999995,1,Low Engagement,0
CUST_04513,18.0,6.0,1,59.29,37.1835,1,Low Engagement,0
CUST_04514,11.0,8.0,1,16.07,32.498999999999995,1,Low Engagement,0
CUST_04515,11.0,10.0,1,815.44,56.30599999999999,0,High Engagement,0
CUST_04516,18.0,11.0,1,174.37,63.637,0,High Engagement,1
CUST_04517,7.0,3.0,1,483.19,23.491999999999997,1,Low Engagement,0
CUST_04518,11.0,13.0,1,1151.75,66.6695,0,High Engagement,1
CUST_04519,24.0,5.0,1,774.4,51.8355,1,Low Engagement,0
CUST_04520,8.0,8.0,1,33.93,27.531499999999998,1,Low Engagement,0
CUST_04521,9.0,13.0,1,5389.48,66.60549999999999,2,Medium Engagement,0
CUST_04522,10.0,9.0,1,10.86,35.5695,1,Low Engagement,0
CUST_04523,30.0,9.0,1,749.48,70.19149999999999,0,High Engagement,1
CUST_04524,7.0,5.0,1,544.59,26.258,1,Low Engagement,0
CUST_04525,10.0,4.0,1,398.94,28.9555,1,Low Engagement,0
CUST_04526,7.0,10.0,1,2897.88,52.884,1,Low Engagement,0
CUST_04527,8.0,15.0,1,350.28,57.527499999999996,0,High Engagement,0
CUST_04528,25.0,13.0,1,194.17,75.181,0,High Engagement,1
CUST_04529,9.0,9.0,1,22.97,33.93149999999999,1,Low Engagement,0
CUST_04530,14.0,9.0,1,385.53,53.330999999999996,0,High Engagement,0
CUST_04531,15.0,8.0,1,402.01,50.0895,1,Low Engagement,0
CUST_04532,10.0,10.0,1,180.96,47.024,1,Low Engagement,0
CUST_04533,17.0,10.0,1,63.97,54.23199999999999,0,High Engagement,0
CUST_04534,10.0,10.0,1,99.34,44.16,1,Low Engagement,0
CUST_04535,8.0,13.0,1,400.67,56.174,0,High Engagement,0
CUST_04536,12.0,8.0,1,1302.23,50.388,1,Low Engagement,0
CUST_04537,27.0,7.0,1,79.36,48.7265,0,High Engagement,0
CUST_04538,9.0,10.0,1,369.6,48.722,1,Low Engagement,0
CUST_04539,12.0,9.0,1,86.0,42.7125,1,Low Engagement,0
CUST_04540,10.0,16.0,1,427.28,62.818000000000005,0,High Engagement,1
CUST_04541,13.0,10.0,1,6211.2,65.23,2,Medium Engagement,0
CUST_04542,12.0,10.0,1,580.61,56.567,0,High Engagement,0
CUST_04543,8.0,12.0,1,131.55,48.544,0,High Engagement,0
CUST_04544,18.0,13.0,1,146.8,67.791,0,High Engagement,1
CUST_04545,10.0,11.0,1,300.78,53.57350000000001,0,High Engagement,0
CUST_04546,12.0,10.0,1,636.3,57.00299999999999,0,High Engagement,0
CUST_04547,8.0,7.0,1,980.28,36.9765,1,Low Engagement,0
CUST_04548,21.0,9.0,1,2274.11,69.14049999999999,0,High Engagement,1
CUST_04549,15.0,7.0,1,951.34,49.38249999999999,1,Low Engagement,0
CUST_04550,7.0,11.0,1,615.48,51.4055,1,Low Engagement,0
CUST_04551,2.0,8.0,1,114.83,23.567,1,Low Engagement,0
CUST_04552,7.0,6.0,1,100.63,20.446,1,Low Engagement,0
CUST_04553,12.0,15.0,1,56.64,56.98399999999999,0,High Engagement,0
CUST_04554,7.0,10.0,1,145.32,40.227999999999994,1,Low Engagement,0
CUST_04555,12.0,10.0,1,776.96,57.99099999999999,0,High Engagement,0
CUST_04556,5.0,10.0,1,155.53,37.674,1,Low Engagement,0
CUST_04557,16.0,10.0,1,72.42,53.30049999999999,0,High Engagement,0
CUST_04558,14.0,7.0,1,492.87,44.847500000000004,1,Low Engagement,0
CUST_04559,8.0,8.0,1,156.1,32.7835,1,Low Engagement,0
CUST_04560,17.0,11.0,1,196.54,62.969500000000004,0,High Engagement,1
CUST_04561,27.0,10.0,1,64.1,62.380500000000005,0,High Engagement,1
CUST_04562,7.0,7.0,1,980.69,35.15,1,Low Engagement,0
CUST_04563,10.0,12.0,1,859.83,61.57749999999999,0,High Engagement,1
CUST_04564,17.0,8.0,1,547.76,54.49699999999999,0,High Engagement,0
CUST_04565,8.0,7.0,1,147.98,27.776500000000006,1,Low Engagement,0
CUST_04566,22.0,7.0,1,143.29,48.114,1,Low Engagement,0
CUST_04567,22.0,6.0,1,66.16,41.288,1,Low Engagement,0
CUST_04568,5.0,12.0,1,68.62,41.12349999999999,1,Low Engagement,0
CUST_04569,10.0,9.0,1,151.72,41.5075,1,Low Engagement,0
CUST_04570,35.0,7.0,1,3883.52,66.714,0,High Engagement,1
CUST_04571,9.0,6.0,1,71.41,23.006,1,Low Engagement,0
CUST_04572,11.0,11.0,1,45.06,47.4435,1,Low Engagement,0
CUST_04573,7.0,5.0,1,457.18,25.306,1,Low Engagement,0
CUST_04574,14.0,12.0,1,3596.75,73.043,0,High Engagement,1
CUST_04575,9.0,10.0,1,153.17,44.31,1,Low Engagement,0
CUST_04576,14.0,8.0,1,5051.42,56.926500000000004,2,Medium Engagement,0
CUST_04577,9.0,10.0,1,881.41,52.84599999999999,1,Low Engagement,0
CUST_04578,2.0,9.0,1,480.38,35.677499999999995,1,Low Engagement,0
CUST_04579,3.0,11.0,1,1050.32,48.561,1,Low Engagement,0
CUST_04580,22.0,6.0,1,1443.1,55.328,0,High Engagement,0
CUST_04581,27.0,7.0,1,773.59,59.6105,0,High Engagement,0
CUST_04582,8.0,10.0,1,141.88,41.9785,1,Low Engagement,0
CUST_04583,25.0,9.0,1,45.45,55.858999999999995,0,High Engagement,0
CUST_04584,7.0,14.0,1,99.93,48.713,0,High Engagement,0
CUST_04585,3.0,6.0,1,203.1,18.6095,1,Low Engagement,0
CUST_04586,10.0,7.0,1,82.23,29.134,1,Low Engagement,0
CUST_04587,19.0,7.0,1,259.25,48.4345,1,Low Engagement,0
CUST_04588,22.0,8.0,1,304.72,56.633,0,High Engagement,0
CUST_04589,7.0,8.0,1,230.8,32.833,1,Low Engagement,0
CUST_04590,14.0,5.0,1,697.41,40.2235,1,Low Engagement,0
CUST_04591,25.0,8.0,1,11577.04,69.23049999999999,2,Medium Engagement,0
CUST_04592,13.0,5.0,1,100.96,29.115999999999996,1,Low Engagement,0
CUST_04593,8.0,9.0,1,392.05,42.408,1,Low Engagement,0
CUST_04594,2.0,11.0,1,115.26,37.2235,1,Low Engagement,0
CUST_04595,27.0,12.0,1,182.08,73.69,0,High Engagement,1
CUST_04596,23.0,12.0,1,41.17,65.773,0,High Engagement,1
CUST_04597,8.0,8.0,1,409.98,37.6275,1,Low Engagement,0
CUST_04598,38.0,6.0,1,2425.52,62.4065,0,High Engagement,1
CUST_04599,12.0,10.0,1,135.77,49.367,1,Low Engagement,0
CUST_04600,19.0,5.0,1,32.46,34.3705,1,Low Engagement,0
CUST_04601,12.0,5.0,1,3230.4,41.876999999999995,1,Low Engagement,0
CUST_04602,3.0,5.0,1,1206.16,24.465500000000002,1,Low Engagement,0
CUST_04603,30.0,9.0,1,506.15,68.3075,0,High Engagement,1
CUST_04604,25.0,10.0,1,108.97,63.4295,0,High Engagement,1
CUST_04605,13.0,4.0,1,27.72,24.1695,1,Low Engagement,0
CUST_04606,1.0,10.0,1,133.66,33.605000000000004,1,Low Engagement,0
CUST_04607,18.0,6.0,1,360.6,45.3155,1,Low Engagement,0
CUST_04608,2.0,12.0,1,107.79,39.8195,1,Low Engagement,0
CUST_04609,7.0,13.0,1,120.01,48.363499999999995,0,High Engagement,0
CUST_04610,12.0,8.0,1,232.86,42.275999999999996,1,Low Engagement,0
CUST_04611,31.0,8.0,1,2512.78,69.664,0,High Engagement,1
CUST_04612,20.0,7.0,1,195.64,47.9705,1,Low Engagement,0
CUST_04613,7.0,8.0,1,748.28,38.673,1,Low Engagement,0
CUST_04614,24.0,6.0,1,3168.92,58.905499999999996,0,High Engagement,0
CUST_04615,3.0,6.0,1,1247.67,27.163500000000003,1,Low Engagement,0
CUST_04616,10.0,8.0,1,912.39,45.221000000000004,1,Low Engagement,0
CUST_04617,11.0,4.0,1,1212.78,35.7855,1,Low Engagement,0
CUST_04618,15.0,16.0,1,2022.53,77.9345,0,High Engagement,1
CUST_04619,3.0,9.0,1,593.61,37.33299999999999,1,Low Engagement,0
CUST_04620,8.0,14.0,1,317.54,56.279500000000006,0,High Engagement,0
CUST_04621,21.0,12.0,1,15.68,63.0125,0,High Engagement,1
CUST_04622,35.0,7.0,1,123.5,52.82599999999999,0,High Engagement,0
CUST_04623,10.0,7.0,1,4601.44,44.989999999999995,1,Low Engagement,0
CUST_04624,7.0,9.0,1,1078.25,45.253499999999995,1,Low Engagement,0
CUST_04625,8.0,8.0,1,314.68,36.2995,1,Low Engagement,0
CUST_04626,10.0,7.0,1,686.25,39.266,1,Low Engagement,0
CUST_04627,6.0,7.0,1,3781.69,37.4415,1,Low Engagement,0
CUST_04628,19.0,9.0,1,145.76,55.25399999999999,0,High Engagement,0
CUST_04629,18.0,10.0,1,217.83,60.7695,0,High Engagement,0
CUST_04630,16.0,5.0,1,118.32,34.6485,1,Low Engagement,0
CUST_04631,14.0,12.0,1,497.48,66.167,0,High Engagement,1
CUST_04632,22.0,10.0,1,52.62,58.704,0,High Engagement,0
CUST_04633,19.0,9.0,1,50.15,51.234,0,High Engagement,0
CUST_04634,37.0,7.0,1,747.12,61.8775,0,High Engagement,1
CUST_04635,16.0,9.0,1,17.23,45.93599999999999,1,Low Engagement,0
CUST_04636,14.0,10.0,1,1354.15,63.64149999999999,0,High Engagement,1
CUST_04637,11.0,12.0,1,693.74,62.4555,0,High Engagement,1
CUST_04638,15.0,4.0,1,40.32,27.988000000000003,1,Low Engagement,0
CUST_04639,5.0,8.0,1,455.4,33.263000000000005,1,Low Engagement,0
CUST_04640,10.0,9.0,1,1841.52,52.8455,1,Low Engagement,0
CUST_04641,11.0,7.0,1,704.02,41.24399999999999,1,Low Engagement,0
CUST_04642,7.0,8.0,1,3698.55,43.677,1,Low Engagement,0
CUST_04643,4.0,9.0,1,49.97,27.327999999999996,1,Low Engagement,0
CUST_04644,9.0,12.0,1,58.08,47.299499999999995,0,High Engagement,0
CUST_04645,8.0,3.0,1,178.01,20.2925,1,Low Engagement,0
CUST_04646,9.0,6.0,1,1332.53,36.466,1,Low Engagement,0
CUST_04647,14.0,8.0,1,253.64,46.1305,1,Low Engagement,0
CUST_04648,49.0,6.0,1,284.6,54.065,0,High Engagement,0
CUST_04649,12.0,6.0,1,87.97,29.410999999999998,1,Low Engagement,0
CUST_04650,4.0,4.0,1,810.96,22.407999999999998,1,Low Engagement,0
CUST_04651,14.0,10.0,1,109.11,51.7015,0,High Engagement,0
CUST_04652,10.0,6.0,1,659.13,35.416,1,Low Engagement,0
CUST_04653,8.0,13.0,1,657.67,58.550000000000004,0,High Engagement,0
CUST_04654,6.0,7.0,1,508.64,30.557500000000005,1,Low Engagement,0
CUST_04655,23.0,9.0,1,1351.08,69.26299999999999,0,High Engagement,1
CUST_04656,12.0,10.0,1,1248.37,59.875,0,High Engagement,0
CUST_04657,14.0,12.0,1,1345.94,70.50699999999999,0,High Engagement,1
CUST_04658,10.0,11.0,1,572.98,56.721500000000006,0,High Engagement,0
CUST_04659,28.0,9.0,1,44.33,57.08899999999999,0,High Engagement,0
CUST_04660,13.0,11.0,1,2684.22,67.8755,0,High Engagement,1
CUST_04661,12.0,6.0,1,43.22,27.210999999999995,1,Low Engagement,0
CUST_04662,24.0,5.0,1,153.02,43.81549999999999,1,Low Engagement,0
CUST_04663,20.0,9.0,1,9636.25,70.25399999999999,2,Medium Engagement,0
CUST_04664,11.0,8.0,1,61.98,34.69499999999999,1,Low Engagement,0
CUST_04665,10.0,7.0,1,493.06,37.75,1,Low Engagement,0
CUST_04666,23.0,5.0,1,1382.06,53.4095,1,Low Engagement,0
CUST_04667,9.0,4.0,1,882.55,30.745499999999996,1,Low Engagement,0
CUST_04668,12.0,9.0,1,173.8,45.8565,1,Low Engagement,0
CUST_04669,10.0,7.0,1,721.68,39.534000000000006,1,Low Engagement,0
CUST_04670,6.0,14.0,1,1301.56,59.30449999999999,0,High Engagement,0
CUST_04671,33.0,5.0,1,163.54,47.45,0,High Engagement,0
CUST_04672,9.0,7.0,1,438.52,35.136,1,Low Engagement,0
CUST_04673,33.0,10.0,1,1428.69,78.276,0,High Engagement,1
CUST_04674,11.0,10.0,1,317.35,51.745999999999995,1,Low Engagement,0
CUST_04675,15.0,11.0,1,682.18,66.23400000000001,0,High Engagement,1
CUST_04676,25.0,14.0,1,223.53,77.12249999999999,0,High Engagement,1
CUST_04677,4.0,14.0,1,4844.1,59.783500000000004,2,Medium Engagement,0
CUST_04678,21.0,8.0,1,1932.4,63.751999999999995,0,High Engagement,1
CUST_04679,13.0,12.0,1,105.42,56.8475,0,High Engagement,0
CUST_04680,12.0,6.0,1,1178.42,41.611,1,Low Engagement,0
CUST_04681,11.0,10.0,1,78.75,45.18999999999999,1,Low Engagement,0
CUST_04682,11.0,10.0,1,41.23,43.294,1,Low Engagement,0
CUST_04683,20.0,13.0,1,732.72,77.88,0,High Engagement,1
CUST_04684,4.0,8.0,1,466.49,32.1635,1,Low Engagement,0
CUST_04685,6.0,9.0,1,354.13,38.473,1,Low Engagement,0
CUST_04686,14.0,9.0,1,144.57,48.334999999999994,1,Low Engagement,0
CUST_04687,13.0,12.0,1,33.94,53.51949999999999,0,High Engagement,0
CUST_04688,23.0,11.0,1,184.72,68.48299999999999,0,High Engagement,1
CUST_04689,12.0,8.0,1,48.5,35.856,1,Low Engagement,0
CUST_04690,4.0,9.0,1,8033.0,45.331999999999994,2,Medium Engagement,0
CUST_04691,3.0,9.0,1,116.74,29.336999999999996,1,Low Engagement,0
CUST_04692,10.0,8.0,1,294.18,39.853,1,Low Engagement,0
CUST_04693,25.0,13.0,1,1282.2,84.085,0,High Engagement,1
CUST_04694,16.0,8.0,1,71.49,43.5555,1,Low Engagement,0
CUST_04695,27.0,12.0,1,116.49,71.59,0,High Engagement,1
CUST_04696,13.0,10.0,1,141.76,51.346000000000004,0,High Engagement,0
CUST_04697,6.0,8.0,1,376.8,33.7945,1,Low Engagement,0
CUST_04698,13.0,7.0,1,764.06,45.304,1,Low Engagement,0
CUST_04699,31.0,7.0,1,480.22,58.648999999999994,0,High Engagement,0
CUST_04700,8.0,11.0,1,19.84,40.504,1,Low Engagement,0
CUST_04701,10.0,9.0,1,978.92,50.54149999999999,1,Low Engagement,0
CUST_04702,73.0,9.0,1,287.02,67.5965,0,High Engagement,1
CUST_04703,13.0,15.0,1,150.5,62.651,0,High Engagement,1
CUST_04704,8.0,10.0,1,322.6,46.1105,1,Low Engagement,0
CUST_04705,23.0,7.0,1,22023.9,63.27349999999999,2,Medium Engagement,0
CUST_04706,5.0,5.0,1,155.52,17.048000000000002,1,Low Engagement,0
CUST_04707,8.0,7.0,1,1256.24,37.9405,1,Low Engagement,0
CUST_04708,19.0,8.0,1,108.75,48.8575,1,Low Engagement,0
CUST_04709,7.0,8.0,1,164.64,31.192999999999998,1,Low Engagement,0
CUST_04710,21.0,7.0,1,1003.22,56.737,0,High Engagement,0
CUST_04711,9.0,9.0,1,330.43,43.4875,1,Low Engagement,0
CUST_04712,22.0,12.0,1,214.58,71.3775,0,High Engagement,1
CUST_04713,25.0,4.0,1,1527.25,53.669,1,Low Engagement,0
CUST_04714,11.0,14.0,1,141.81,57.92699999999999,0,High Engagement,0
CUST_04715,16.0,13.0,1,32.61,60.23,0,High Engagement,0
CUST_04716,7.0,7.0,1,614.05,33.077999999999996,1,Low Engagement,0
CUST_04717,25.0,10.0,1,223.36,66.87349999999999,0,High Engagement,1
CUST_04718,24.0,9.0,1,1828.05,71.015,0,High Engagement,1
CUST_04719,19.0,12.0,1,1753.78,78.256,0,High Engagement,1
CUST_04720,23.0,12.0,1,125.81,69.685,0,High Engagement,1
CUST_04721,24.0,10.0,1,203.8,65.83749999999999,0,High Engagement,1
CUST_04722,12.0,8.0,1,1350.3,50.532,1,Low Engagement,0
CUST_04723,3.0,8.0,1,213.77,27.200499999999998,1,Low Engagement,0
CUST_04724,1.0,10.0,1,110.26,32.701,1,Low Engagement,0
CUST_04725,7.0,16.0,1,44.57,47.406,0,High Engagement,0
CUST_04726,17.0,8.0,1,1069.12,57.533,0,High Engagement,0
CUST_04727,15.0,8.0,1,902.56,53.837500000000006,1,Low Engagement,0
CUST_04728,29.0,5.0,1,4197.9,59.13700000000001,0,High Engagement,0
CUST_04729,20.0,12.0,1,1579.05,78.902,0,High Engagement,1
CUST_04730,13.0,11.0,1,154.07,55.7355,0,High Engagement,0
CUST_04731,23.0,9.0,1,522.0,65.113,0,High Engagement,1
CUST_04732,31.0,4.0,1,150.19,45.0705,1,Low Engagement,0
CUST_04733,5.0,8.0,1,359.96,32.167,1,Low Engagement,0
CUST_04734,13.0,10.0,1,583.87,58.39,0,High Engagement,0
CUST_04735,15.0,12.0,1,121.6,60.758,0,High Engagement,0
CUST_04736,15.0,8.0,1,1903.28,56.621500000000005,0,High Engagement,0
CUST_04737,38.0,11.0,1,407.49,77.382,0,High Engagement,1
CUST_04738,33.0,9.0,1,2590.32,75.20549999999999,0,High Engagement,1
CUST_04739,38.0,11.0,1,142.22,72.076,0,High Engagement,1
CUST_04740,6.0,8.0,1,2456.66,41.2205,1,Low Engagement,0
CUST_04741,11.0,9.0,1,81.36,40.60349999999999,1,Low Engagement,0
CUST_04742,10.0,12.0,1,2838.05,65.4455,0,High Engagement,1
CUST_04743,29.0,8.0,1,1301.64,67.152,0,High Engagement,1
CUST_04744,20.0,12.0,1,44.85,63.49,0,High Engagement,1
CUST_04745,25.0,9.0,1,1086.3,69.819,0,High Engagement,1
CUST_04746,11.0,8.0,1,237.72,40.538999999999994,1,Low Engagement,0
CUST_04747,8.0,9.0,1,253.91,40.168,1,Low Engagement,0
CUST_04748,7.0,9.0,1,447.72,41.1535,1,Low Engagement,0
CUST_04749,24.0,12.0,1,3996.69,84.30699999999999,0,High Engagement,1
CUST_04750,9.0,11.0,1,1040.1,57.4855,0,High Engagement,0
CUST_04751,3.0,10.0,1,798.37,43.439499999999995,1,Low Engagement,0
CUST_04752,8.0,9.0,1,724.23,45.364,1,Low Engagement,0
CUST_04753,15.0,5.0,1,6365.41,47.8185,2,Medium Engagement,0
CUST_04754,36.0,5.0,1,81.56,44.902499999999996,0,High Engagement,0
CUST_04755,17.0,13.0,1,85.56,64.2315,0,High Engagement,1
CUST_04756,8.0,8.0,1,36.18,27.627499999999998,1,Low Engagement,0
CUST_04757,9.0,13.0,1,87.1,50.7575,0,High Engagement,0
CUST_04758,13.0,7.0,1,13760.0,51.263999999999996,2,Medium Engagement,0
CUST_04759,31.0,14.0,1,435.73,82.75200000000001,0,High Engagement,1
CUST_04760,23.0,9.0,1,279.56,61.992999999999995,0,High Engagement,1
CUST_04761,23.0,9.0,1,24.12,53.364999999999995,0,High Engagement,0
CUST_04762,5.0,6.0,1,68.61,16.154000000000003,1,Low Engagement,0
CUST_04763,4.0,5.0,1,58.5,11.824499999999999,1,Low Engagement,0
CUST_04764,13.0,11.0,1,55.0,51.6595,0,High Engagement,0
CUST_04765,24.0,16.0,1,549.34,82.2635,0,High Engagement,1
CUST_04766,27.0,9.0,1,312.95,64.898,0,High Engagement,1
CUST_04767,4.0,8.0,1,515.28,32.6955,1,Low Engagement,0
CUST_04768,3.0,10.0,1,59.94,31.503499999999995,1,Low Engagement,0
CUST_04769,8.0,13.0,1,271.47,54.157999999999994,0,High Engagement,0
CUST_04770,19.0,12.0,1,153.16,67.126,0,High Engagement,1
CUST_04771,18.0,13.0,1,260.16,70.64699999999999,0,High Engagement,1
CUST_04772,7.0,6.0,1,13.96,16.536,1,Low Engagement,0
CUST_04773,8.0,7.0,1,457.02,33.3765,1,Low Engagement,0
CUST_04774,3.0,9.0,1,58.36,26.732999999999997,1,Low Engagement,0
CUST_04775,10.0,7.0,1,259.2,34.461999999999996,1,Low Engagement,0
CUST_04776,10.0,9.0,1,325.63,45.3615,1,Low Engagement,0
CUST_04777,6.0,8.0,1,551.96,35.6325,1,Low Engagement,0
CUST_04778,15.0,6.0,1,205.25,38.288500000000006,1,Low Engagement,0
CUST_04779,19.0,10.0,1,5250.08,73.52449999999999,2,Medium Engagement,0
CUST_04780,37.0,12.0,1,157.53,75.48499999999999,0,High Engagement,1
CUST_04781,15.0,7.0,1,115.23,39.186499999999995,1,Low Engagement,0
CUST_04782,17.0,9.0,1,789.2,61.2295,0,High Engagement,1
CUST_04783,9.0,11.0,1,273.35,51.127500000000005,0,High Engagement,0
CUST_04784,8.0,7.0,1,248.2,30.368499999999997,1,Low Engagement,0
CUST_04785,10.0,10.0,1,2637.92,58.4,0,High Engagement,0
CUST_04786,12.0,11.0,1,173.16,54.4445,0,High Engagement,0
CUST_04787,13.0,11.0,1,214.3,57.2955,0,High Engagement,0
CUST_04788,23.0,10.0,1,1467.52,74.25150000000001,0,High Engagement,1
CUST_04789,8.0,11.0,1,301.82,49.71600000000001,1,Low Engagement,0
CUST_04790,10.0,10.0,1,322.32,49.988,1,Low Engagement,0
CUST_04791,17.0,9.0,1,1991.05,64.6455,0,High Engagement,1
CUST_04792,6.0,13.0,1,2685.95,60.102999999999994,0,High Engagement,0
CUST_04793,16.0,11.0,1,323.88,64.188,0,High Engagement,1
CUST_04794,18.0,9.0,1,507.24,60.358999999999995,0,High Engagement,0
CUST_04795,6.0,12.0,1,2365.02,57.741,0,High Engagement,0
CUST_04796,4.0,10.0,1,1657.85,47.3145,1,Low Engagement,0
CUST_04797,5.0,6.0,1,138.9,19.022,1,Low Engagement,0
CUST_04798,20.0,5.0,1,764.79,48.4845,1,Low Engagement,0
CUST_04799,13.0,10.0,1,458.87,57.18599999999999,0,High Engagement,0
CUST_04800,13.0,5.0,1,50.58,26.863999999999997,1,Low Engagement,0
CUST_04801,22.0,10.0,1,2032.6,74.408,0,High Engagement,1
CUST_04802,16.0,12.0,1,53.78,59.3,0,High Engagement,0
CUST_04803,20.0,6.0,1,51.84,38.912499999999994,1,Low Engagement,0
CUST_04804,5.0,11.0,1,106.02,39.7275,1,Low Engagement,0
CUST_04805,23.0,7.0,1,94.23,47.0535,1,Low Engagement,0
CUST_04806,9.0,4.0,1,80.05,19.3375,1,Low Engagement,0
CUST_04807,27.0,12.0,1,6515.0,86.454,2,Medium Engagement,0
CUST_04808,6.0,5.0,1,60.74,14.579500000000001,1,Low Engagement,0
CUST_04809,8.0,11.0,1,337.05,50.263999999999996,1,Low Engagement,0
CUST_04810,27.0,10.0,1,521.91,72.1125,0,High Engagement,1
CUST_04811,24.0,6.0,1,167.26,46.80949999999999,1,Low Engagement,0
CUST_04812,18.0,11.0,1,479.5,68.717,0,High Engagement,1
CUST_04813,23.0,7.0,1,371.64,53.75749999999999,0,High Engagement,0
CUST_04814,3.0,11.0,1,2068.58,50.833,1,Low Engagement,0
CUST_04815,9.0,9.0,1,1188.18,49.3675,1,Low Engagement,0
CUST_04816,16.0,14.0,1,962.91,75.62349999999999,0,High Engagement,1
CUST_04817,24.0,6.0,1,111.5,44.8495,1,Low Engagement,0
CUST_04818,15.0,12.0,1,3537.72,74.578,0,High Engagement,1
CUST_04819,18.0,6.0,1,723.46,48.6915,1,Low Engagement,0
CUST_04820,9.0,4.0,1,251.52,24.617499999999996,1,Low Engagement,0
CUST_04821,28.0,9.0,1,3816.44,74.59299999999999,0,High Engagement,1
CUST_04822,25.0,8.0,1,712.15,62.994499999999995,0,High Engagement,1
CUST_04823,7.0,8.0,1,35.0,25.756999999999998,1,Low Engagement,0
CUST_04824,34.0,10.0,1,1385.6,78.3685,0,High Engagement,1
CUST_04825,15.0,10.0,1,30.71,49.6065,0,High Engagement,0
CUST_04826,11.0,8.0,1,531.71,44.63099999999999,1,Low Engagement,0
CUST_04827,6.0,5.0,1,4883.52,31.5655,1,Low Engagement,0
CUST_04828,1.0,8.0,1,393.1,29.314,1,Low Engagement,0
CUST_04829,18.0,8.0,1,42.12,44.6365,1,Low Engagement,0
CUST_04830,16.0,10.0,1,765.35,64.4265,0,High Engagement,1
CUST_04831,14.0,13.0,1,1168.95,71.989,0,High Engagement,1
CUST_04832,25.0,10.0,1,354.04,69.28949999999999,0,High Engagement,1
CUST_04833,39.0,9.0,1,144.54,63.5875,0,High Engagement,1
CUST_04834,13.0,12.0,1,285.32,61.8035,0,High Engagement,1
CUST_04835,22.0,11.0,1,281.62,69.8375,0,High Engagement,1
CUST_04836,20.0,6.0,1,1131.28,52.668499999999995,1,Low Engagement,0
CUST_04837,4.0,7.0,1,226.62,23.824499999999997,1,Low Engagement,0
CUST_04838,2.0,6.0,1,773.84,24.594,1,Low Engagement,0
CUST_04839,13.0,10.0,1,328.26,55.589999999999996,0,High Engagement,0
CUST_04840,13.0,7.0,1,1129.31,46.92799999999999,1,Low Engagement,0
CUST_04841,8.0,12.0,1,1039.25,58.504,0,High Engagement,0
CUST_04842,20.0,16.0,1,34.27,67.51849999999999,0,High Engagement,1
CUST_04843,12.0,11.0,1,91.59,51.5605,0,High Engagement,0
CUST_04844,21.0,6.0,1,587.1,50.627,1,Low Engagement,0
CUST_04845,11.0,9.0,1,1898.4,54.77949999999999,1,Low Engagement,0
CUST_04846,9.0,10.0,1,444.9,49.582,1,Low Engagement,0
CUST_04847,10.0,8.0,1,360.48,40.849,1,Low Engagement,0
CUST_04848,12.0,7.0,1,122.4,34.547,1,Low Engagement,0
CUST_04849,24.0,8.0,1,36.88,49.74249999999999,0,High Engagement,0
CUST_04850,16.0,4.0,1,43.74,29.709999999999997,1,Low Engagement,0
CUST_04851,5.0,6.0,1,222.86,21.302,1,Low Engagement,0
CUST_04852,14.0,11.0,1,667.85,64.575,0,High Engagement,1
CUST_04853,28.0,10.0,1,790.29,74.4675,0,High Engagement,1
CUST_04854,13.0,12.0,1,369.39,63.067499999999995,0,High Engagement,1
CUST_04855,6.0,10.0,1,58.54,35.0755,1,Low Engagement,0
CUST_04856,11.0,6.0,1,293.06,33.306,1,Low Engagement,0
CUST_04857,14.0,11.0,1,5080.8,70.56700000000001,2,Medium Engagement,0
CUST_04858,6.0,4.0,1,158.97,17.019000000000002,1,Low Engagement,0
CUST_04859,10.0,7.0,1,93.58,29.602,1,Low Engagement,0
CUST_04860,17.0,11.0,1,480.65,67.5055,0,High Engagement,1
CUST_04861,5.0,5.0,1,1136.45,26.540000000000003,1,Low Engagement,0
CUST_04862,13.0,7.0,1,113.52,35.907999999999994,1,Low Engagement,0
CUST_04863,14.0,11.0,1,45.91,52.783,0,High Engagement,0
CUST_04864,19.0,8.0,1,5707.95,63.9055,2,Medium Engagement,0
CUST_04865,13.0,13.0,1,306.12,64.20549999999999,0,High Engagement,1
CUST_04866,7.0,11.0,1,10141.41,58.2655,2,Medium Engagement,0
CUST_04867,22.0,12.0,1,3690.45,82.5855,0,High Engagement,1
CUST_04868,22.0,13.0,1,5238.95,85.1155,2,Medium Engagement,0
CUST_04869,17.0,7.0,1,163.96,43.77,1,Low Engagement,0
CUST_04870,16.0,10.0,1,284.44,59.602500000000006,0,High Engagement,0
CUST_04871,12.0,11.0,1,118.98,52.71649999999999,0,High Engagement,0
CUST_04872,4.0,8.0,1,117.19,25.3635,1,Low Engagement,0
CUST_04873,13.0,8.0,1,37.68,37.119,1,Low Engagement,0
CUST_04874,33.0,8.0,1,15.57,52.16499999999999,0,High Engagement,0
CUST_04875,21.0,7.0,1,1585.74,58.47699999999999,0,High Engagement,0
CUST_04876,12.0,6.0,1,875.12,40.391,1,Low Engagement,0
CUST_04877,23.0,11.0,1,231.6,69.609,0,High Engagement,1
CUST_04878,5.0,6.0,1,138.22,19.009999999999998,1,Low Engagement,0
CUST_04879,22.0,13.0,1,193.98,72.9395,0,High Engagement,1
CUST_04880,23.0,11.0,1,1955.1,79.05699999999999,0,High Engagement,1
CUST_04881,18.0,8.0,1,357.75,53.63249999999999,0,High Engagement,0
CUST_04882,10.0,11.0,1,2762.44,62.429500000000004,0,High Engagement,1
CUST_04883,13.0,13.0,1,412.6,65.7015,0,High Engagement,1
CUST_04884,30.0,5.0,1,58.72,42.56399999999999,1,Low Engagement,0
CUST_04885,11.0,3.0,1,244.9,27.593999999999998,1,Low Engagement,0
CUST_04886,10.0,11.0,1,590.88,56.8735,0,High Engagement,0
CUST_04887,13.0,6.0,1,278.26,36.669999999999995,1,Low Engagement,0
CUST_04888,5.0,9.0,1,126.89,32.0395,1,Low Engagement,0
CUST_04889,9.0,5.0,1,173.41,24.247999999999998,1,Low Engagement,0
CUST_04890,3.0,12.0,1,30.04,36.852999999999994,1,Low Engagement,0
CUST_04891,17.0,8.0,1,200.12,49.449,1,Low Engagement,0
CUST_04892,22.0,13.0,1,440.47,77.0475,0,High Engagement,1
CUST_04893,7.0,8.0,1,513.78,36.901,1,Low Engagement,0
CUST_04894,10.0,4.0,1,1399.5,34.5275,1,Low Engagement,0
CUST_04895,31.0,6.0,1,724.72,56.93900000000001,0,High Engagement,0
CUST_04896,10.0,10.0,1,769.06,54.224,0,High Engagement,0
CUST_04897,28.0,10.0,1,278.21,69.3595,0,High Engagement,1
CUST_04898,5.0,9.0,1,407.49,37.8215,1,Low Engagement,0
CUST_04899,16.0,12.0,1,69.58,60.07,0,High Engagement,0
CUST_04900,15.0,5.0,1,1148.2,43.914500000000004,1,Low Engagement,0
CUST_04901,15.0,10.0,1,71.64,51.7085,0,High Engagement,0
CUST_04902,12.0,7.0,1,31.57,30.312999999999995,1,Low Engagement,0
CUST_04903,6.0,8.0,1,210.38,30.7605,1,Low Engagement,0
CUST_04904,8.0,7.0,1,387.6,32.6845,1,Low Engagement,0
CUST_04905,12.0,5.0,1,617.18,36.277,1,Low Engagement,0
CUST_04906,14.0,13.0,1,106.35,60.544999999999995,0,High Engagement,0
CUST_04907,14.0,8.0,1,118.54,42.4585,1,Low Engagement,0
CUST_04908,18.0,9.0,1,636.0,61.437,0,High Engagement,1
CUST_04909,10.0,9.0,1,349.1,45.701499999999996,1,Low Engagement,0
CUST_04910,8.0,9.0,1,375.39,42.199999999999996,1,Low Engagement,0
CUST_04911,6.0,8.0,1,301.62,32.6565,1,Low Engagement,0
CUST_04912,34.0,12.0,1,83.59,72.24199999999999,0,High Engagement,1
CUST_04913,19.0,7.0,1,4540.08,58.93849999999999,2,Medium Engagement,0
CUST_04914,13.0,11.0,1,851.82,64.0635,0,High Engagement,1
CUST_04915,7.0,10.0,1,158.32,40.71199999999999,1,Low Engagement,0
CUST_04916,4.0,10.0,1,63.42,32.6785,1,Low Engagement,0
CUST_04917,10.0,8.0,1,678.18,43.901,1,Low Engagement,0
CUST_04918,12.0,13.0,1,2499.48,70.94649999999999,0,High Engagement,1
CUST_04919,4.0,8.0,1,21.36,20.9035,1,Low Engagement,0
CUST_04920,22.0,8.0,1,69.33,49.827,0,High Engagement,0
CUST_04921,10.0,8.0,1,4038.5,49.533,1,Low Engagement,0
CUST_04922,41.0,10.0,1,692.78,76.17399999999999,0,High Engagement,1
CUST_04923,20.0,12.0,1,1641.93,79.038,0,High Engagement,1
CUST_04924,2.0,10.0,1,156.53,34.758,1,Low Engagement,0
CUST_04925,3.0,4.0,1,288.68,16.395,1,Low Engagement,0
CUST_04926,7.0,13.0,1,2636.46,61.6475,0,High Engagement,1
CUST_04927,24.0,8.0,1,181.19,55.522499999999994,0,High Engagement,0
CUST_04928,10.0,11.0,1,213.62,51.773500000000006,0,High Engagement,0
CUST_04929,27.0,8.0,1,400.07,61.1255,0,High Engagement,0
CUST_04930,9.0,14.0,1,2098.14,66.173,0,High Engagement,1
CUST_04931,12.0,7.0,1,316.82,39.233,1,Low Engagement,0
CUST_04932,7.0,8.0,1,375.52,35.365,1,Low Engagement,0
CUST_04933,19.0,15.0,1,115.46,69.86149999999999,0,High Engagement,1
CUST_04934,7.0,5.0,1,154.65,19.982,1,Low Engagement,0
CUST_04935,22.0,8.0,1,148.62,52.961000000000006,0,High Engagement,0
CUST_04936,16.0,6.0,1,47.56,33.9785,1,Low Engagement,0
CUST_04937,15.0,9.0,1,31.47,44.96999999999999,1,Low Engagement,0
CUST_04938,33.0,9.0,1,257.84,65.64549999999998,0,High Engagement,1
CUST_04939,6.0,8.0,1,246.43,31.576500000000003,1,Low Engagement,0
CUST_04940,9.0,12.0,1,2391.42,63.119499999999995,0,High Engagement,1
CUST_04941,10.0,8.0,1,354.8,40.776999999999994,1,Low Engagement,0
CUST_04942,5.0,11.0,1,602.17,48.3415,1,Low Engagement,0
CUST_04943,6.0,4.0,1,108.54,15.146999999999998,1,Low Engagement,0
CUST_04944,6.0,9.0,1,118.2,33.041,1,Low Engagement,0
CUST_04945,9.0,7.0,1,300.53,33.308,1,Low Engagement,0
CUST_04946,8.0,3.0,1,865.33,28.018500000000003,1,Low Engagement,0
CUST_04947,16.0,10.0,1,80.85,53.6625,0,High Engagement,0
CUST_04948,4.0,4.0,1,696.12,21.69,1,Low Engagement,0
CUST_04949,4.0,9.0,1,291.6,34.882,1,Low Engagement,0
CUST_04950,5.0,8.0,1,844.88,36.235,1,Low Engagement,0
CUST_04951,20.0,11.0,1,280.56,68.136,0,High Engagement,1
CUST_04952,12.0,10.0,1,47.41,45.498999999999995,1,Low Engagement,0
CUST_04953,19.0,9.0,1,76.59,52.53399999999999,0,High Engagement,0
CUST_04954,5.0,9.0,1,359.94,37.171499999999995,1,Low Engagement,0
CUST_04955,20.0,7.0,1,749.46,54.6265,0,High Engagement,0
CUST_04956,50.0,13.0,1,164.32,78.3005,0,High Engagement,1
CUST_04957,29.0,8.0,1,315.24,60.663999999999994,0,High Engagement,0
CUST_04958,32.0,11.0,1,36.28,66.443,0,High Engagement,1
CUST_04959,14.0,8.0,1,5033.35,56.918499999999995,2,Medium Engagement,0
CUST_04960,5.0,4.0,1,1987.6,26.949500000000004,1,Low Engagement,0
CUST_04961,3.0,11.0,1,474.19,44.899,1,Low Engagement,0
CUST_04962,21.0,10.0,1,321.68,65.75099999999999,0,High Engagement,1
CUST_04963,15.0,12.0,1,64.79,58.257999999999996,0,High Engagement,0
CUST_04964,23.0,6.0,1,15.54,39.6835,1,Low Engagement,0
CUST_04965,9.0,6.0,1,768.14,34.206,1,Low Engagement,0
CUST_04966,23.0,8.0,1,4745.89,67.1645,2,Medium Engagement,0
CUST_04967,10.0,16.0,1,161.54,57.974000000000004,0,High Engagement,0
CUST_04968,18.0,9.0,1,204.46,55.797,0,High Engagement,0
CUST_04969,28.0,10.0,1,128.05,65.5555,0,High Engagement,1
CUST_04970,10.0,4.0,1,2129.52,35.7875,1,Low Engagement,0
CUST_04971,14.0,7.0,1,39.67,34.1235,1,Low Engagement,0
CUST_04972,10.0,9.0,1,3805.42,54.4535,1,Low Engagement,0
CUST_04973,18.0,11.0,1,39.23,58.141,0,High Engagement,0
CUST_04974,17.0,12.0,1,132.57,64.0655,0,High Engagement,1
CUST_04975,4.0,7.0,1,695.6,29.4245,1,Low Engagement,0
CUST_04976,26.0,17.0,1,365.47,81.65899999999999,0,High Engagement,1
CUST_04977,4.0,5.0,1,60.69,11.9445,1,Low Engagement,0
CUST_04978,29.0,8.0,1,58.38,53.147999999999996,0,High Engagement,0
CUST_04979,19.0,9.0,1,49.16,51.162,0,High Engagement,0
CUST_04980,9.0,10.0,1,230.12,46.266,1,Low Engagement,0
CUST_04981,10.0,12.0,1,6371.8,66.6775,2,Medium Engagement,0
CUST_04982,23.0,4.0,1,1682.53,52.571,1,Low Engagement,0
CUST_04983,11.0,7.0,1,196.67,34.903999999999996,1,Low Engagement,0
CUST_04984,20.0,14.0,1,1685.77,82.4415,0,High Engagement,1
CUST_04985,29.0,8.0,1,57.39,53.088,0,High Engagement,0
CUST_04986,28.0,13.0,1,352.81,79.551,0,High Engagement,1
CUST_04987,11.0,12.0,1,239.49,57.2035,0,High Engagement,0
CUST_04988,17.0,5.0,1,3355.7,49.86600000000001,1,Low Engagement,0
CUST_04989,11.0,8.0,1,1229.6,48.263,1,Low Engagement,0
CUST_04990,25.0,10.0,1,828.9,73.36149999999999,0,High Engagement,1
CUST_04991,5.0,8.0,1,182.52,28.703,1,Low Engagement,0
CUST_04992,3.0,13.0,1,77.73,41.327,1,Low Engagement,0
CUST_04993,22.0,9.0,1,618.69,65.13349999999998,0,High Engagement,1
CUST_04994,3.0,9.0,1,115.91,29.296999999999997,1,Low Engagement,0
CUST_04995,7.0,5.0,1,3066.18,32.346,1,Low Engagement,0
CUST_04996,9.0,7.0,1,129.37,29.147999999999996,1,Low Engagement,0
CUST_04997,19.0,7.0,1,2660.67,58.0025,0,High Engagement,0
CUST_04998,14.0,6.0,1,51.04,31.0535,1,Low Engagement,0
CUST_04999,7.0,18.0,1,6036.7,65.828,2,Medium Engagement,0
CUST_05000,1.0,7.0,1,28.1,14.443,1,Low Engagement,0
